<?xml version="1.0" encoding="UTF-8"?>
<Incident xmlns:xsi="http://www.w3.org/2001/XMLSchema-instance"
          xsi:noNamespaceSchemaLocation="file:///C:/DATA/EJS/SVN_Root/Ejustice/trunk/XMLTransformations/OnlineRMSInternalToIncident/IAOnlineRMSIncidentImport.xsd">
   <IncidentReportNum>2013ISP0000112</IncidentReportNum>
   <AgencyCode>D42</AgencyCode>
   <ORINum>SC0280000</ORINum>
   <ReportDate>07/12/2013 12:44:00</ReportDate>
   <ReportTime>07/12/2013 12:44:00</ReportTime>
   <StartDate>07/12/2013 12:44:00</StartDate>
   <StartTime>07/01/2013 12:44:00</StartTime>
   <CreatorId>DLIVANGOOD</CreatorId>
   <CreatorDate>07/12/2013 12:44:25</CreatorDate>
   <UpdatorId>TSTC</UpdatorId>
   <UpdatorDate>09/09/2021 18:46:24</UpdatorDate>
   <IncidentType>
      <IncidentTypeCode>AFR</IncidentTypeCode>
   </IncidentType>
   <IncidentAddress>
      <AddressId>11</AddressId>
      <City>21</City>
      <CreatorId>STATE_OFFICER13</CreatorId>
      <CreatorDate>07/12/2013 12:44:44</CreatorDate>
      <UpdatorId>STATE_OFFICER13</UpdatorId>
      <UpdatorDate>07/15/2013 15:18:14</UpdatorDate>
      <Address>
         <AddressId>11</AddressId>
         <StreetNumber>101</StreetNumber>
         <StreetDirCode>N</StreetDirCode>
         <StreetName>Main</StreetName>
         <StreetTypeCode>ST</StreetTypeCode>
         <City>INDIANAPOLIS</City>
         <CountryCode>US</CountryCode>
         <Longitude>-86.122019</Longitude>
         <Latitude>39.664968</Latitude>
      </Address>
   </IncidentAddress>
   <IncidentSupplement>
      <SupplementSequence>0</SupplementSequence>
      <IncSupplementStatusCode>A</IncSupplementStatusCode>
      <SuppReportDate>07/12/2013 12:44:25</SuppReportDate>
      <SuppReportTime>07/12/2013 12:44:25</SuppReportTime>
      <AgencyOnly>N</AgencyOnly>
      <SecurityLevel>1100</SecurityLevel>
      <SuppAgencyCode>D42</SuppAgencyCode>
      <UnknownNoOffenders>N</UnknownNoOffenders>
      <DsIcrDate>07/15/2013 15:18:28</DsIcrDate>
      <DsIcrSubmissionStatus>NOT REPORTABLE</DsIcrSubmissionStatus>
      <CreatorId>STATE_OFFICER13</CreatorId>
      <CreatorDate>07/12/2013 12:44:25</CreatorDate>
      <UpdatorId>TSTC</UpdatorId>
      <UpdatorDate>08/05/2021 17:38:16</UpdatorDate>
      <IncidentSuppNarrative>
         <NarrativeNumber>1</NarrativeNumber>
         <NarrativeTitle>Original Narrative</NarrativeTitle>
         <NarrativeText>test</NarrativeText>
         <CreatorId>STATE_OFFICER13</CreatorId>
         <CreatorDate>07/12/2013 12:48:15</CreatorDate>
         <UpdatorId>STATE_OFFICER13</UpdatorId>
         <UpdatorDate>07/12/2013 12:48:15</UpdatorDate>
      </IncidentSuppNarrative>
      <IncidentOfficer>
         <OfficerRoleCode>P</OfficerRoleCode>
         <Officer>
            <AgencyCode>D42</AgencyCode>
            <ORINumber>SC0280000</ORINumber>
            <LastName>Livangood</LastName>
            <FirstName>Derek</FirstName>
            <InternalID>1007</InternalID>
         </Officer>
      </IncidentOfficer>
      <IncidentOfficer>
         <OfficerRoleCode>P</OfficerRoleCode>
         <Officer>
            <AgencyCode>D42</AgencyCode>
            <ORINumber>SC0280000</ORINumber>
            <LastName>Ranz</LastName>
            <FirstName>Greg</FirstName>
            <InternalID>9696</InternalID>
         </Officer>
      </IncidentOfficer>
      <IncidentOfficer>
         <OfficerRoleCode>R</OfficerRoleCode>
         <Officer>
            <AgencyCode>D42</AgencyCode>
            <ORINumber>SC0280000</ORINumber>
            <LastName>Livangood</LastName>
            <FirstName>Derek</FirstName>
            <InternalID>1007</InternalID>
         </Officer>
      </IncidentOfficer>
      <IncidentPerson>
         <ApproxAge>28</ApproxAge>
         <ResidentStatusCode>R</ResidentStatusCode>
         <CreatorId>STATE_OFFICER13</CreatorId>
         <CreatorDate>07/15/2013 15:18:09</CreatorDate>
         <UpdatorId>TSTC</UpdatorId>
         <UpdatorDate>05/24/2023 12:41:15</UpdatorDate>
         <Person>
            <PersonId>31</PersonId>
            <RaceCode>I</RaceCode>
            <SexCode>M</SexCode>
            <EthnicityCode>O</EthnicityCode>
            <PersonVerified>Y</PersonVerified>
            <PersonPrimaryName>
               <LastName>Cramden HE HAS A LONG LAST NAME WHICH IS SO LONG</LastName>
               <FirstName>Ralph HE HAS A LONG FIRST NAME WHICH IS SUPER LONG</FirstName>
               <MiddleName>LONG MIDDLE NAME</MiddleName>
               <DOB>05/11/1985 00:00:00</DOB>
               <SSN>5.56787543E8</SSN>
               <DateOfInfo>01/01/2012 10:58:17</DateOfInfo>
               <SLastName>C653</SLastName>
               <SFirstName>R412</SFirstName>
            </PersonPrimaryName>
            <Alias>
               <NameTypeCode>P</NameTypeCode>
               <LastName>Cramden HE HAS A LONG LAST NAME WHICH IS SO LONG</LastName>
               <FirstName>Ralph HE HAS A LONG FIRST NAME WHICH IS SUPER LONG</FirstName>
               <MiddleName>LONG MIDDLE NAME</MiddleName>
               <DOB>05/11/1985 00:00:00</DOB>
               <SSN>5.56787543E8</SSN>
               <SLastName>C653</SLastName>
               <SFirstName>R412</SFirstName>
               <DateOfInfo>01/01/2012 10:58:17</DateOfInfo>
            </Alias>
         </Person>
         <IncidentPersonRole>
            <RoleType>CP</RoleType>
            <CreatorId>STATE_OFFICER13</CreatorId>
            <CreatorDate>07/15/2013 15:18:09</CreatorDate>
            <UpdatorId>TSTC</UpdatorId>
            <UpdatorDate>08/15/2023 20:32:19</UpdatorDate>
         </IncidentPersonRole>
         <IncidentPersonRole>
            <RoleType>S</RoleType>
            <CreatorId>STATE_OFFICER13</CreatorId>
            <CreatorDate>07/15/2013 15:21:19</CreatorDate>
            <UpdatorId>TSTC</UpdatorId>
            <UpdatorDate>08/15/2023 20:32:19</UpdatorDate>
         </IncidentPersonRole>
      </IncidentPerson>
      <IncidentProperty>
         <CreatorId>STATE_OFFICER13</CreatorId>
         <CreatorDate>07/12/2013 12:48:05</CreatorDate>
         <UpdatorId>STATE_OFFICER11</UpdatorId>
         <UpdatorDate>09/12/2017 12:12:54</UpdatorDate>
         <DateOfInfo>07/12/2013 00:00:00</DateOfInfo>
         <StatusCode>1</StatusCode>
         <DocumentTypeCode>P</DocumentTypeCode>
         <PropertyTypeCode>429</PropertyTypeCode>
         <PropertyValue>0</PropertyValue>
         <Value>0</Value>
         <Evidence>Y</Evidence>
         <EvidenceFlag>Y</EvidenceFlag>
         <ExternalEvidenceId>498</ExternalEvidenceId>
         <Property_ID>858</Property_ID>
         <Quantity>1</Quantity>
      </IncidentProperty>
   </IncidentSupplement>
</Incident>