<?xml version="1.0" encoding="UTF-8"?>
<Incident xmlns:xsi="http://www.w3.org/2001/XMLSchema-instance"
          xsi:noNamespaceSchemaLocation="file:///C:/DATA/EJS/SVN_Root/Ejustice/trunk/XMLTransformations/OnlineRMSInternalToIncident/IAOnlineRMSIncidentImport.xsd">
   <IncidentReportNum>12ISPC000142</IncidentReportNum>
   <AgencyCode>D42</AgencyCode>
   <ORINum>SC0280000</ORINum>
   <ReportDate>05/31/2012 11:00:00</ReportDate>
   <ReportTime>05/31/2012 11:00:00</ReportTime>
   <StartDate>05/31/2012 10:12:00</StartDate>
   <StartTime>06/01/2012 10:12:00</StartTime>
   <EndDate>05/31/2012 10:13:00</EndDate>
   <EndTime>06/01/2012 10:13:00</EndTime>
   <CreatorId>TSTC</CreatorId>
   <CreatorDate>05/31/2012 10:12:30</CreatorDate>
   <UpdatorId>TSTC</UpdatorId>
   <UpdatorDate>09/09/2021 18:46:20</UpdatorDate>
   <IncidentAddress>
      <AddressId>65</AddressId>
      <SubBeat>P69</SubBeat>
      <CreatorId>TSTC</CreatorId>
      <CreatorDate>05/31/2012 10:12:30</CreatorDate>
      <UpdatorId>STATE_OFFICER11</UpdatorId>
      <UpdatorDate>06/13/2012 17:39:03</UpdatorDate>
      <Address>
         <AddressId>65</AddressId>
         <StreetNumber>128</StreetNumber>
         <StreetDirCode>E</StreetDirCode>
         <StreetName>PERRY</StreetName>
         <StreetTypeCode>ST</StreetTypeCode>
         <City>VERSAILLES</City>
         <StateCode>IN</StateCode>
         <SubBeat>P69</SubBeat>
         <Longitude>-85.251184</Longitude>
         <Latitude>39.069574</Latitude>
         <AddressCommonName>
            <CommonPlaceName>TEST LOCATION INFO INCIDENT SIDE</CommonPlaceName>
         </AddressCommonName>
      </Address>
   </IncidentAddress>
   <IncidentSupplement>
      <SupplementSequence>0</SupplementSequence>
      <IncSupplementStatusCode>A</IncSupplementStatusCode>
      <SuppReportDate>05/31/2012 10:12:17</SuppReportDate>
      <SuppReportTime>05/31/2012 10:12:17</SuppReportTime>
      <AgencyOnly>N</AgencyOnly>
      <SecurityLevel>1100</SecurityLevel>
      <SuppAgencyCode>D42</SuppAgencyCode>
      <UnknownNoOffenders>N</UnknownNoOffenders>
      <DsIcrDate>06/13/2012 17:39:35</DsIcrDate>
      <DsIcrSubmissionStatus>NOT REPORTABLE</DsIcrSubmissionStatus>
      <CreatorId>STATE_DET5</CreatorId>
      <CreatorDate>05/31/2012 10:12:30</CreatorDate>
      <UpdatorId>TSTC</UpdatorId>
      <UpdatorDate>08/05/2021 17:38:13</UpdatorDate>
      <IncidentSuppNarrative>
         <NarrativeNumber>1</NarrativeNumber>
         <NarrativeTitle>Original Narrative</NarrativeTitle>
         <NarrativeText>sdhg</NarrativeText>
         <CreatorId>STATE_OFFICER11</CreatorId>
         <CreatorDate>06/13/2012 17:36:59</CreatorDate>
         <UpdatorId>STATE_OFFICER11</UpdatorId>
         <UpdatorDate>06/13/2012 17:37:12</UpdatorDate>
      </IncidentSuppNarrative>
      <IncidentOfficer>
         <OfficerRoleCode>A</OfficerRoleCode>
         <Officer>
            <AgencyCode>D34</AgencyCode>
            <ORINumber>852963741</ORINumber>
            <LastName>Savoy</LastName>
            <FirstName>Henry (officer)</FirstName>
            <InternalID>5891</InternalID>
         </Officer>
      </IncidentOfficer>
      <IncidentOfficer>
         <OfficerRoleCode>P</OfficerRoleCode>
         <Officer>
            <AgencyCode>D42</AgencyCode>
            <ORINumber>SC0280000</ORINumber>
            <LastName>Ranz</LastName>
            <FirstName>Greg</FirstName>
            <InternalID>9696</InternalID>
         </Officer>
      </IncidentOfficer>
      <IncidentOfficer>
         <OfficerRoleCode>R</OfficerRoleCode>
         <Officer>
            <AgencyCode>D42</AgencyCode>
            <ORINumber>SC0280000</ORINumber>
            <LastName>OFFICER</LastName>
            <FirstName>JOHN</FirstName>
            <InternalID>9696</InternalID>
         </Officer>
      </IncidentOfficer>
      <IncidentPerson>
         <ApproxAge>26</ApproxAge>
         <CreatorId>STATE_OFFICER11</CreatorId>
         <CreatorDate>06/13/2012 16:21:57</CreatorDate>
         <UpdatorId>TSTC</UpdatorId>
         <UpdatorDate>05/24/2023 12:41:12</UpdatorDate>
         <Person>
            <PersonId>310</PersonId>
            <RaceCode>W</RaceCode>
            <SexCode>M</SexCode>
            <PersonVerified>Y</PersonVerified>
            <PersonPrimaryName>
               <LastName>Offender</LastName>
               <FirstName>Automation</FirstName>
               <MiddleName>Testing</MiddleName>
               <DOB>12/01/1985 00:00:00</DOB>
               <DateOfInfo>06/12/2012 17:03:24</DateOfInfo>
               <SLastName>O153</SLastName>
               <SFirstName>A353</SFirstName>
            </PersonPrimaryName>
            <Alias>
               <NameTypeCode>P</NameTypeCode>
               <LastName>Offender</LastName>
               <FirstName>Automation</FirstName>
               <MiddleName>Testing</MiddleName>
               <DOB>12/01/1985 00:00:00</DOB>
               <SLastName>O153</SLastName>
               <SFirstName>A353</SFirstName>
               <DateOfInfo>06/12/2012 17:03:24</DateOfInfo>
            </Alias>
         </Person>
         <IncidentPersonRole>
            <RoleType>S</RoleType>
            <CreatorId>STATE_OFFICER11</CreatorId>
            <CreatorDate>06/13/2012 16:21:57</CreatorDate>
            <UpdatorId>TSTC</UpdatorId>
            <UpdatorDate>08/15/2023 20:32:16</UpdatorDate>
         </IncidentPersonRole>
      </IncidentPerson>
   </IncidentSupplement>
</Incident>