<?xml version="1.0" encoding="UTF-8"?>
<Incident xmlns:xsi="http://www.w3.org/2001/XMLSchema-instance"
          xsi:noNamespaceSchemaLocation="file:///C:/DATA/EJS/SVN_Root/Ejustice/trunk/XMLTransformations/OnlineRMSInternalToIncident/IAOnlineRMSIncidentImport.xsd">
   <IncidentReportNum>2013ISP0000177</IncidentReportNum>
   <AgencyCode>D42</AgencyCode>
   <ORINum>SC0280000</ORINum>
   <ReportDate>12/04/2013 16:37:00</ReportDate>
   <ReportTime>12/04/2013 16:37:00</ReportTime>
   <StartDate>12/04/2013 16:37:00</StartDate>
   <StartTime>12/01/2013 16:37:00</StartTime>
   <Summary>test</Summary>
   <CreatorId>STATE_OFFICER11</CreatorId>
   <CreatorDate>12/04/2013 16:36:41</CreatorDate>
   <UpdatorId>TSTC</UpdatorId>
   <UpdatorDate>09/09/2021 18:46:24</UpdatorDate>
   <IncidentType>
      <IncidentTypeCode>TRA</IncidentTypeCode>
   </IncidentType>
   <IncidentAddress>
      <AddressId>173</AddressId>
      <Beat>104</Beat>
      <SubBeat>West Patrol</SubBeat>
      <City>1</City>
      <CreatorId>STATE_OFFICER11</CreatorId>
      <CreatorDate>12/04/2013 16:37:53</CreatorDate>
      <UpdatorId>STATE_OFFICER11</UpdatorId>
      <UpdatorDate>12/04/2013 16:40:22</UpdatorDate>
      <Address>
         <AddressId>173</AddressId>
         <StreetNumber>911</StreetNumber>
         <StreetDirCode>E</StreetDirCode>
         <StreetName>Automation</StreetName>
         <StreetTypeCode>ST</StreetTypeCode>
         <SubTypeCode>PH</SubTypeCode>
         <City>Raleigh</City>
         <StateCode>NC</StateCode>
         <Zip5>27601</Zip5>
         <Zip4>1234</Zip4>
         <CountryCode>US</CountryCode>
         <Longitude>-78.631362</Longitude>
         <Latitude>35.77443</Latitude>
      </Address>
   </IncidentAddress>
   <IncidentSupplement>
      <SupplementSequence>0</SupplementSequence>
      <IncSupplementStatusCode>A</IncSupplementStatusCode>
      <SuppReportDate>12/04/2013 16:36:42</SuppReportDate>
      <SuppReportTime>12/04/2013 16:36:42</SuppReportTime>
      <AgencyOnly>N</AgencyOnly>
      <SecurityLevel>1201</SecurityLevel>
      <SuppAgencyCode>D42</SuppAgencyCode>
      <UnknownNoOffenders>N</UnknownNoOffenders>
      <DsIcrDate>12/04/2013 16:42:09</DsIcrDate>
      <DsIcrSubmissionStatus>NOT REPORTABLE</DsIcrSubmissionStatus>
      <CreatorId>STATE_OFFICER11</CreatorId>
      <CreatorDate>12/04/2013 16:36:42</CreatorDate>
      <UpdatorId>TSTC</UpdatorId>
      <UpdatorDate>08/05/2021 17:38:18</UpdatorDate>
      <IncidentSuppNarrative>
         <NarrativeNumber>1</NarrativeNumber>
         <NarrativeTitle>Original Narrative</NarrativeTitle>
         <NarrativeText>&amp;nbsp;test</NarrativeText>
         <CreatorId>STATE_OFFICER11</CreatorId>
         <CreatorDate>12/04/2013 16:40:34</CreatorDate>
         <UpdatorId>STATE_OFFICER11</UpdatorId>
         <UpdatorDate>12/04/2013 16:40:34</UpdatorDate>
      </IncidentSuppNarrative>
      <IncidentOfficer>
         <OfficerRoleCode>P</OfficerRoleCode>
         <Officer>
            <AgencyCode>D42</AgencyCode>
            <ORINumber>SC0280000</ORINumber>
            <LastName>Ranz</LastName>
            <FirstName>Greg</FirstName>
            <InternalID>9696</InternalID>
         </Officer>
      </IncidentOfficer>
      <IncidentOfficer>
         <OfficerRoleCode>R</OfficerRoleCode>
         <Officer>
            <AgencyCode>D42</AgencyCode>
            <ORINumber>SC0280000</ORINumber>
            <LastName>L'ivangood</LastName>
            <FirstName>D'erek</FirstName>
            <InternalID>1007</InternalID>
         </Officer>
      </IncidentOfficer>
      <IncidentProperty>
         <CreatorId>STATE_OFFICER11</CreatorId>
         <CreatorDate>12/04/2013 16:41:13</CreatorDate>
         <UpdatorId>TSTC</UpdatorId>
         <UpdatorDate>08/10/2017 23:00:40</UpdatorDate>
         <DateOfInfo>12/04/2013 00:00:00</DateOfInfo>
         <StatusCode>16</StatusCode>
         <DocumentTypeCode>P</DocumentTypeCode>
         <PropertyTypeCode>472</PropertyTypeCode>
         <PropertyValue>0</PropertyValue>
         <Value>0</Value>
         <Evidence>N</Evidence>
         <EvidenceFlag>N</EvidenceFlag>
         <Property_ID>917</Property_ID>
         <Quantity>1</Quantity>
      </IncidentProperty>
   </IncidentSupplement>
</Incident>