<?xml version="1.0" encoding="UTF-8"?>
<Incident xmlns:xsi="http://www.w3.org/2001/XMLSchema-instance"
          xsi:noNamespaceSchemaLocation="file:///C:/DATA/EJS/SVN_Root/Ejustice/trunk/XMLTransformations/OnlineRMSInternalToIncident/IAOnlineRMSIncidentImport.xsd">
   <IncidentReportNum>2014ISP0000598</IncidentReportNum>
   <AgencyCode>D42</AgencyCode>
   <ORINum>SC0280000</ORINum>
   <ReportDate>11/24/2014 11:26:00</ReportDate>
   <ReportTime>11/24/2014 11:26:00</ReportTime>
   <StartDate>11/24/2014 11:26:00</StartDate>
   <StartTime>11/01/2014 11:26:00</StartTime>
   <Summary>ttt</Summary>
   <CreatorId>STATE_OFFICER11</CreatorId>
   <CreatorDate>11/24/2014 11:26:35</CreatorDate>
   <UpdatorId>TSTC</UpdatorId>
   <UpdatorDate>09/09/2021 18:46:34</UpdatorDate>
   <IncidentType>
      <IncidentTypeCode>ESC</IncidentTypeCode>
   </IncidentType>
   <IncidentAddress>
      <AddressId>330</AddressId>
      <SubBeat>P69</SubBeat>
      <City>14</City>
      <CreatorId>STATE_OFFICER11</CreatorId>
      <CreatorDate>11/24/2014 11:26:55</CreatorDate>
      <UpdatorId>TSTC</UpdatorId>
      <UpdatorDate>11/24/2014 11:27:00</UpdatorDate>
      <Address>
         <AddressId>330</AddressId>
         <StreetNumber>468</StreetNumber>
         <StreetDirCode>E</StreetDirCode>
         <StreetName>PERRY</StreetName>
         <StreetTypeCode>ST</StreetTypeCode>
         <City>VERSAILLES</City>
         <StateCode>IN</StateCode>
         <CountryCode>US</CountryCode>
         <SubBeat>P69</SubBeat>
         <Longitude>-85.245508</Longitude>
         <Latitude>39.0693405</Latitude>
      </Address>
   </IncidentAddress>
   <IncidentSupplement>
      <SupplementSequence>0</SupplementSequence>
      <IncSupplementStatusCode>A</IncSupplementStatusCode>
      <SuppReportDate>11/24/2014 11:26:35</SuppReportDate>
      <SuppReportTime>11/24/2014 11:26:35</SuppReportTime>
      <AgencyOnly>N</AgencyOnly>
      <SecurityLevel>1100</SecurityLevel>
      <SuppAgencyCode>D42</SuppAgencyCode>
      <UnknownNoOffenders>N</UnknownNoOffenders>
      <DsIcrDate>05/22/2015 14:40:31</DsIcrDate>
      <DsIcrSubmissionStatus>NOT REPORTABLE</DsIcrSubmissionStatus>
      <CreatorId>STATE_OFFICER11</CreatorId>
      <CreatorDate>11/24/2014 11:26:35</CreatorDate>
      <UpdatorId>TSTC</UpdatorId>
      <UpdatorDate>08/05/2021 17:38:22</UpdatorDate>
      <IncidentSuppNarrative>
         <NarrativeNumber>1</NarrativeNumber>
         <NarrativeTitle>Original Narrative</NarrativeTitle>
         <NarrativeText>&amp;nbsp;ttttttt</NarrativeText>
         <CreatorId>STATE_OFFICER11</CreatorId>
         <CreatorDate>11/24/2014 11:28:01</CreatorDate>
         <UpdatorId>STATE_OFFICER11</UpdatorId>
         <UpdatorDate>11/24/2014 11:28:01</UpdatorDate>
      </IncidentSuppNarrative>
      <IncidentOfficer>
         <OfficerRoleCode>P</OfficerRoleCode>
         <Officer>
            <AgencyCode>D42</AgencyCode>
            <ORINumber>SC0280000</ORINumber>
            <LastName>Ranz</LastName>
            <FirstName>Greg</FirstName>
            <InternalID>9696</InternalID>
         </Officer>
      </IncidentOfficer>
      <IncidentOfficer>
         <OfficerRoleCode>R</OfficerRoleCode>
         <Officer>
            <AgencyCode>D42</AgencyCode>
            <ORINumber>SC0280000</ORINumber>
            <LastName>Ranz</LastName>
            <FirstName>Greg</FirstName>
            <InternalID>9696</InternalID>
         </Officer>
      </IncidentOfficer>
      <IncidentOffense>
         <IncidentId>2076</IncidentId>
         <OffenseNumber>1</OffenseNumber>
         <OffenseStatusCode>00</OffenseStatusCode>
         <OffenseCode>14-21-1-26</OffenseCode>
         <PlaceCode>44</PlaceCode>
         <BiasCode>88</BiasCode>
         <CSAUCode>C</CSAUCode>
         <SupplementSeq>0</SupplementSeq>
         <UCRNumber>1</UCRNumber>
         <OffenseStatusDate>11/24/2014 11:27:00</OffenseStatusDate>
         <AttemptedCompletedCode>C</AttemptedCompletedCode>
         <ArrestChargeCode>14-21-1-26</ArrestChargeCode>
         <CreatorId>STATE_OFFICER11</CreatorId>
         <CreatorDate>11/24/2014 11:27:22</CreatorDate>
         <UpdatorId>STATE_OFFICER11</UpdatorId>
         <UpdatorDate>11/24/2014 11:27:23</UpdatorDate>
      </IncidentOffense>
      <IncidentPerson>
         <ApproxAge>54</ApproxAge>
         <ResidentStatusCode>U</ResidentStatusCode>
         <CreatorId>STATE_OFFICER11</CreatorId>
         <CreatorDate>11/24/2014 11:27:39</CreatorDate>
         <UpdatorId>TSTC</UpdatorId>
         <UpdatorDate>05/24/2023 12:41:17</UpdatorDate>
         <Person>
            <PersonId>71</PersonId>
            <RaceCode>M</RaceCode>
            <SexCode>M</SexCode>
            <PersonVerified>Y</PersonVerified>
            <PersonPrimaryName>
               <LastName>Dean</LastName>
               <FirstName>Jimmy</FirstName>
               <MiddleName>S</MiddleName>
               <DOB>01/01/1960 00:00:00</DOB>
               <DateOfInfo>03/28/2012 15:36:13</DateOfInfo>
               <SLastName>D500</SLastName>
               <SFirstName>J500</SFirstName>
            </PersonPrimaryName>
            <PersonPrimaryName>
               <LastName>Dean</LastName>
               <FirstName>James</FirstName>
               <DateOfInfo>03/29/2012 00:00:00</DateOfInfo>
               <SLastName>D500</SLastName>
               <SFirstName>J520</SFirstName>
            </PersonPrimaryName>
            <Alias>
               <NameTypeCode>P</NameTypeCode>
               <LastName>Dean</LastName>
               <FirstName>Jimmy</FirstName>
               <MiddleName>S</MiddleName>
               <DOB>01/01/1960 00:00:00</DOB>
               <SLastName>D500</SLastName>
               <SFirstName>J500</SFirstName>
               <DateOfInfo>03/28/2012 15:36:13</DateOfInfo>
            </Alias>
            <Alias>
               <NameTypeCode>A</NameTypeCode>
               <LastName>Dean</LastName>
               <FirstName>James</FirstName>
               <SLastName>D500</SLastName>
               <SFirstName>J520</SFirstName>
               <DateOfInfo>03/29/2012 00:00:00</DateOfInfo>
            </Alias>
            <PersonAddress>
               <StreetNumber>101</StreetNumber>
               <StreetDirCode>N</StreetDirCode>
               <StreetName>Main</StreetName>
               <StreetTypeCode>ST</StreetTypeCode>
               <City>INDIANAPOLIS</City>
               <CountryCode>US</CountryCode>
               <CountyCode>3</CountyCode>
               <Longitude>-86.122019</Longitude>
               <Latitude>39.664968</Latitude>
            </PersonAddress>
            <PersonAddress>
               <StreetNumber>2924</StreetNumber>
               <StreetDirCode>E</StreetDirCode>
               <StreetName>1250</StreetName>
               <StreetSuffixCode>S</StreetSuffixCode>
               <SubTypeCode>BLDG</SubTypeCode>
               <SubNumber>99</SubNumber>
               <City>Battle Ground</City>
               <StateCode>IN</StateCode>
               <Zip5>47920</Zip5>
               <CountryCode>US</CountryCode>
               <CountyCode>NaN</CountyCode>
               <Longitude>-86.813061</Longitude>
               <Latitude>40.569043</Latitude>
            </PersonAddress>
            <PersonPhone>
               <PhoneTypeCode>CEL</PhoneTypeCode>
               <PhoneArea>309</PhoneArea>
               <PhonePrefix>562</PhonePrefix>
               <PhoneSuffix>8456</PhoneSuffix>
               <DateOfInfo>04/18/2012 00:00:00</DateOfInfo>
            </PersonPhone>
            <PersonPhone>
               <PhoneTypeCode>BUS</PhoneTypeCode>
               <PhoneArea>111</PhoneArea>
               <PhonePrefix>222</PhonePrefix>
               <PhoneSuffix>3333</PhoneSuffix>
               <DateOfInfo>05/05/2017 00:00:00</DateOfInfo>
            </PersonPhone>
            <PersonPhone>
               <PhoneTypeCode>CEL</PhoneTypeCode>
               <PhoneArea>333</PhoneArea>
               <PhonePrefix>333</PhonePrefix>
               <PhoneSuffix>3333</PhoneSuffix>
               <DateOfInfo>05/05/2017 00:00:00</DateOfInfo>
            </PersonPhone>
         </Person>
         <IncidentPersonRole>
            <RoleType>S</RoleType>
            <CreatorId>STATE_OFFICER11</CreatorId>
            <CreatorDate>11/24/2014 11:27:39</CreatorDate>
            <UpdatorId>TSTC</UpdatorId>
            <UpdatorDate>08/15/2023 20:32:19</UpdatorDate>
         </IncidentPersonRole>
      </IncidentPerson>
      <IncidentVehicle>
         <VEHICLE_ID>11</VEHICLE_ID>
         <RoleCode>AB</RoleCode>
         <CreatorId>STATE_OFFICER11</CreatorId>
         <CreatorDate>11/24/2014 11:27:53</CreatorDate>
         <UpdatorId>STATE_OFFICER11</UpdatorId>
         <UpdatorDate>11/24/2014 11:27:53</UpdatorDate>
         <DateOfInfo>03/26/2012 18:17:31</DateOfInfo>
         <StatusCode>7</StatusCode>
         <VIN>22222VIN</VIN>
         <VehicleYear>2004</VehicleYear>
         <VehicleMakeCode>FORD</VehicleMakeCode>
         <VehicleModelCode>TAU</VehicleModelCode>
         <VehicleStyleCode>SD</VehicleStyleCode>
         <VehPriColorCode>GRY</VehPriColorCode>
         <VehSecColorCode>COM</VehSecColorCode>
         <VehicleLicStateCode>PA</VehicleLicStateCode>
         <VehicleLicNumber>ABC12146</VehicleLicNumber>
         <VehicleLicYear>2011</VehicleLicYear>
         <VehicleLicMonth>2</VehicleLicMonth>
         <VehicleLicTypeCode>PC</VehicleLicTypeCode>
         <VehConditionCode>G</VehConditionCode>
         <VehicleValue>45555</VehicleValue>
      </IncidentVehicle>
   </IncidentSupplement>
   <IncidentSupplement>
      <SupplementSequence>2</SupplementSequence>
      <IncSupplementStatusCode>A</IncSupplementStatusCode>
      <SuppReportDate>05/22/2015 14:39:26</SuppReportDate>
      <SuppReportTime>05/22/2015 14:39:26</SuppReportTime>
      <AgencyOnly>N</AgencyOnly>
      <SecurityLevel>1100</SecurityLevel>
      <SuppAgencyCode>D16</SuppAgencyCode>
      <UnknownNoOffenders>N</UnknownNoOffenders>
      <DsIcrDate>05/22/2015 14:40:31</DsIcrDate>
      <DsIcrSubmissionStatus>NOT REPORTABLE</DsIcrSubmissionStatus>
      <CreatorId>STATE_CIDSUP2</CreatorId>
      <CreatorDate>05/22/2015 14:39:26</CreatorDate>
      <UpdatorId>TSTC</UpdatorId>
      <UpdatorDate>08/05/2021 17:38:24</UpdatorDate>
      <IncidentSuppNarrative>
         <NarrativeNumber>1</NarrativeNumber>
         <NarrativeTitle>Supplement#2 - Narrative</NarrativeTitle>
         <NarrativeText>&amp;nbsp;kladjasjdf</NarrativeText>
         <CreatorId>STATE_CIDSUP2</CreatorId>
         <CreatorDate>05/22/2015 14:40:01</CreatorDate>
         <UpdatorId>STATE_CIDSUP2</UpdatorId>
         <UpdatorDate>05/22/2015 14:40:01</UpdatorDate>
      </IncidentSuppNarrative>
      <IncidentOfficer>
         <OfficerRoleCode>P</OfficerRoleCode>
         <Officer>
            <AgencyCode>D42</AgencyCode>
            <ORINumber>SC0280000</ORINumber>
            <LastName>Allen</LastName>
            <FirstName>Brenda (cid super)</FirstName>
            <InternalID>20</InternalID>
         </Officer>
      </IncidentOfficer>
      <IncidentOfficer>
         <OfficerRoleCode>R</OfficerRoleCode>
         <Officer>
            <AgencyCode>D42</AgencyCode>
            <ORINumber>SC0280000</ORINumber>
            <LastName>Allen</LastName>
            <FirstName>Brenda (cid super)</FirstName>
            <InternalID>20</InternalID>
         </Officer>
      </IncidentOfficer>
   </IncidentSupplement>
</Incident>