<?xml version="1.0" encoding="UTF-8"?>
<Incident xmlns:xsi="http://www.w3.org/2001/XMLSchema-instance"
          xsi:noNamespaceSchemaLocation="file:///C:/DATA/EJS/SVN_Root/Ejustice/trunk/XMLTransformations/OnlineRMSInternalToIncident/IAOnlineRMSIncidentImport.xsd">
   <IncidentReportNum>2014ISP0000607</IncidentReportNum>
   <AgencyCode>D42</AgencyCode>
   <ORINum>SC0280000</ORINum>
   <ReportDate>12/04/2014 14:36:00</ReportDate>
   <ReportTime>12/04/2014 14:36:00</ReportTime>
   <StartDate>12/04/2014 14:36:00</StartDate>
   <StartTime>12/01/2014 14:36:00</StartTime>
   <Summary>Incident Summary</Summary>
   <CreatorId>STATE_OFFICER11</CreatorId>
   <CreatorDate>12/04/2014 14:36:37</CreatorDate>
   <UpdatorId>TSTC</UpdatorId>
   <UpdatorDate>09/09/2021 18:46:32</UpdatorDate>
   <IncidentType>
      <IncidentTypeCode>B/B</IncidentTypeCode>
   </IncidentType>
   <IncidentAddress>
      <IncAddrComment>Incident Location Remarks</IncAddrComment>
      <AddressId>486</AddressId>
      <City>1</City>
      <CreatorId>STATE_OFFICER11</CreatorId>
      <CreatorDate>12/04/2014 14:41:40</CreatorDate>
      <UpdatorId>TSTC</UpdatorId>
      <UpdatorDate>12/04/2014 14:42:04</UpdatorDate>
      <Address>
         <AddressId>486</AddressId>
         <StreetNumber>2903</StreetNumber>
         <StreetDirCode>E</StreetDirCode>
         <StreetName>Davenport</StreetName>
         <StreetTypeCode>AVE</StreetTypeCode>
         <City>ALEXANDRIA</City>
         <StateCode>IN</StateCode>
         <Zip5>85412</Zip5>
         <CountryCode>US</CountryCode>
         <Longitude>-86.142464</Longitude>
         <Latitude>39.87209</Latitude>
      </Address>
   </IncidentAddress>
   <IncidentSupplement>
      <SupplementSequence>0</SupplementSequence>
      <IncSupplementStatusCode>A</IncSupplementStatusCode>
      <SuppReportDate>12/04/2014 14:36:37</SuppReportDate>
      <SuppReportTime>12/04/2014 14:36:37</SuppReportTime>
      <AgencyOnly>N</AgencyOnly>
      <SecurityLevel>1100</SecurityLevel>
      <SuppAgencyCode>D42</SuppAgencyCode>
      <UnknownNoOffenders>N</UnknownNoOffenders>
      <DsIcrDate>02/18/2015 14:53:59</DsIcrDate>
      <DsIcrSubmissionStatus>PROCESS COMPLETE</DsIcrSubmissionStatus>
      <CreatorId>STATE_OFFICER11</CreatorId>
      <CreatorDate>12/04/2014 14:36:37</CreatorDate>
      <UpdatorId>TSTC</UpdatorId>
      <UpdatorDate>08/05/2021 17:38:23</UpdatorDate>
      <IncidentSuppNarrative>
         <NarrativeNumber>1</NarrativeNumber>
         <NarrativeTitle>Original Narrative</NarrativeTitle>
         <NarrativeText>Detailed Incident Narrative</NarrativeText>
         <CreatorId>STATE_OFFICER11</CreatorId>
         <CreatorDate>12/04/2014 15:51:09</CreatorDate>
         <UpdatorId>STATE_OFFICER11</UpdatorId>
         <UpdatorDate>12/04/2014 15:51:09</UpdatorDate>
      </IncidentSuppNarrative>
      <IncidentOfficer>
         <OfficerRoleCode>P</OfficerRoleCode>
         <Officer>
            <AgencyCode>D42</AgencyCode>
            <ORINumber>SC0280000</ORINumber>
            <LastName>Ranz</LastName>
            <FirstName>Greg</FirstName>
            <InternalID>9696</InternalID>
         </Officer>
      </IncidentOfficer>
      <IncidentOfficer>
         <OfficerRoleCode>R</OfficerRoleCode>
         <Officer>
            <AgencyCode>D42</AgencyCode>
            <ORINumber>SC0280000</ORINumber>
            <LastName>Ranz</LastName>
            <FirstName>Greg</FirstName>
            <InternalID>9696</InternalID>
         </Officer>
      </IncidentOfficer>
      <IncidentOffense>
         <IncidentId>2108</IncidentId>
         <OffenseNumber>1</OffenseNumber>
         <OffenseStatusCode>02</OffenseStatusCode>
         <OffenseCode>35-43-2-1  B08</OffenseCode>
         <PlaceCode>05</PlaceCode>
         <BiasCode>88</BiasCode>
         <CSAUCode>C</CSAUCode>
         <SupplementSeq>0</SupplementSeq>
         <UCRNumber>1</UCRNumber>
         <OffenseStatusDate>12/04/2014 14:42:00</OffenseStatusDate>
         <ForcedEntryCode>F</ForcedEntryCode>
         <Remarks>Offense Remarks</Remarks>
         <AttemptedCompletedCode>C</AttemptedCompletedCode>
         <ArrestChargeCode>35-43-2-1  B08</ArrestChargeCode>
         <CreatorId>STATE_OFFICER11</CreatorId>
         <CreatorDate>12/04/2014 14:44:44</CreatorDate>
         <UpdatorId>TSTC</UpdatorId>
         <UpdatorDate>02/25/2016 21:21:21</UpdatorDate>
      </IncidentOffense>
      <IncidentOffense>
         <IncidentId>2108</IncidentId>
         <OffenseNumber>2</OffenseNumber>
         <OffenseStatusCode>02</OffenseStatusCode>
         <OffenseCode>35-48-4-6</OffenseCode>
         <PlaceCode>05</PlaceCode>
         <BiasCode>88</BiasCode>
         <CSAUCode>C</CSAUCode>
         <SupplementSeq>0</SupplementSeq>
         <UCRNumber>2</UCRNumber>
         <OffenseStatusDate>12/04/2014 14:47:00</OffenseStatusDate>
         <Remarks>Small vile containing white powder substance.</Remarks>
         <AttemptedCompletedCode>C</AttemptedCompletedCode>
         <ArrestChargeCode>35-48-4-6</ArrestChargeCode>
         <CreatorId>STATE_OFFICER11</CreatorId>
         <CreatorDate>12/04/2014 14:50:34</CreatorDate>
         <UpdatorId>STATE_OFFICER11</UpdatorId>
         <UpdatorDate>12/04/2014 14:50:34</UpdatorDate>
      </IncidentOffense>
      <IncidentPerson>
         <ApproxAge>39</ApproxAge>
         <ResidentStatusCode>C</ResidentStatusCode>
         <CreatorId>STATE_OFFICER11</CreatorId>
         <CreatorDate>12/04/2014 15:13:44</CreatorDate>
         <UpdatorId>TSTC</UpdatorId>
         <UpdatorDate>05/24/2023 12:41:21</UpdatorDate>
         <Person>
            <PersonId>657</PersonId>
            <RaceCode>W</RaceCode>
            <SexCode>M</SexCode>
            <EthnicityCode>N</EthnicityCode>
            <PersonVerified>Y</PersonVerified>
            <PersonPrimaryName>
               <LastName>Barns</LastName>
               <FirstName>Richard</FirstName>
               <MiddleName>Frank</MiddleName>
               <DOB>11/27/1975 00:00:00</DOB>
               <SSN>1.23456789E8</SSN>
               <DateOfInfo>12/04/2014 14:55:30</DateOfInfo>
               <SLastName>B652</SLastName>
               <SFirstName>R263</SFirstName>
            </PersonPrimaryName>
            <PersonPrimaryName>
               <LastName>Barns</LastName>
               <FirstName>Vince</FirstName>
               <DOB>11/27/1975 00:00:00</DOB>
               <SSN>7.77777777E8</SSN>
               <DateOfInfo>12/04/2014 00:00:00</DateOfInfo>
               <SLastName>B652</SLastName>
               <SFirstName>V520</SFirstName>
            </PersonPrimaryName>
            <Alias>
               <NameTypeCode>P</NameTypeCode>
               <LastName>Barns</LastName>
               <FirstName>Richard</FirstName>
               <MiddleName>Frank</MiddleName>
               <DOB>11/27/1975 00:00:00</DOB>
               <SSN>1.23456789E8</SSN>
               <SLastName>B652</SLastName>
               <SFirstName>R263</SFirstName>
               <DateOfInfo>12/04/2014 14:55:30</DateOfInfo>
            </Alias>
            <Alias>
               <NameTypeCode>A</NameTypeCode>
               <LastName>Barns</LastName>
               <FirstName>Vince</FirstName>
               <DOB>11/27/1975 00:00:00</DOB>
               <SSN>7.77777777E8</SSN>
               <SLastName>B652</SLastName>
               <SFirstName>V520</SFirstName>
               <DateOfInfo>12/04/2014 00:00:00</DateOfInfo>
            </Alias>
            <PersonAddress>
               <StreetNumber>438</StreetNumber>
               <StreetDirCode>S</StreetDirCode>
               <StreetName>Tyler</StreetName>
               <StreetTypeCode>BLVD</StreetTypeCode>
               <SubTypeCode>APT</SubTypeCode>
               <SubNumber>10</SubNumber>
               <City>BEDFORD</City>
               <StateCode>IN</StateCode>
               <Zip5>56377</Zip5>
               <CountryCode>US</CountryCode>
               <CountyCode>NaN</CountyCode>
            </PersonAddress>
            <PersonPhone>
               <PhoneTypeCode>RES</PhoneTypeCode>
               <PhoneArea>111</PhoneArea>
               <PhonePrefix>222</PhonePrefix>
               <PhoneSuffix>3333</PhoneSuffix>
               <DateOfInfo>12/04/2014 00:00:00</DateOfInfo>
            </PersonPhone>
            <PersonPhone>
               <PhoneTypeCode>CEL</PhoneTypeCode>
               <PhoneArea>444</PhoneArea>
               <PhonePrefix>555</PhonePrefix>
               <PhoneSuffix>6666</PhoneSuffix>
               <DateOfInfo>12/04/2014 00:00:00</DateOfInfo>
            </PersonPhone>
         </Person>
         <IncidentPersonRole>
            <RoleType>S</RoleType>
            <CreatorId>STATE_OFFICER11</CreatorId>
            <CreatorDate>12/04/2014 15:13:44</CreatorDate>
            <UpdatorId>TSTC</UpdatorId>
            <UpdatorDate>08/15/2023 20:32:20</UpdatorDate>
         </IncidentPersonRole>
      </IncidentPerson>
      <IncidentPerson>
         <ApproxAge>49</ApproxAge>
         <ResidentStatusCode>R</ResidentStatusCode>
         <CreatorId>STATE_OFFICER11</CreatorId>
         <CreatorDate>12/04/2014 15:22:52</CreatorDate>
         <UpdatorId>TSTC</UpdatorId>
         <UpdatorDate>05/24/2023 12:41:17</UpdatorDate>
         <Person>
            <PersonId>658</PersonId>
            <RaceCode>W</RaceCode>
            <SexCode>M</SexCode>
            <PersonVerified>Y</PersonVerified>
            <PersonPrimaryName>
               <LastName>Parks</LastName>
               <FirstName>Denise</FirstName>
               <MiddleName>Amy</MiddleName>
               <DOB>05/14/1965 00:00:00</DOB>
               <SSN>6.47903873E8</SSN>
               <DateOfInfo>12/04/2014 15:17:54</DateOfInfo>
               <SLastName>P620</SLastName>
               <SFirstName>D520</SFirstName>
            </PersonPrimaryName>
            <PersonPrimaryName>
               <LastName>Parks</LastName>
               <FirstName>Dee</FirstName>
               <DateOfInfo>12/04/2014 00:00:00</DateOfInfo>
               <SLastName>P620</SLastName>
               <SFirstName>D000</SFirstName>
            </PersonPrimaryName>
            <Alias>
               <NameTypeCode>P</NameTypeCode>
               <LastName>Parks</LastName>
               <FirstName>Denise</FirstName>
               <MiddleName>Amy</MiddleName>
               <DOB>05/14/1965 00:00:00</DOB>
               <SSN>6.47903873E8</SSN>
               <SLastName>P620</SLastName>
               <SFirstName>D520</SFirstName>
               <DateOfInfo>12/04/2014 15:17:54</DateOfInfo>
            </Alias>
            <Alias>
               <NameTypeCode>A</NameTypeCode>
               <LastName>Parks</LastName>
               <FirstName>Dee</FirstName>
               <SLastName>P620</SLastName>
               <SFirstName>D000</SFirstName>
               <DateOfInfo>12/04/2014 00:00:00</DateOfInfo>
            </Alias>
            <PersonAddress>
               <StreetNumber>2639</StreetNumber>
               <StreetDirCode>W</StreetDirCode>
               <StreetName>Pontiac</StreetName>
               <StreetTypeCode>DR</StreetTypeCode>
               <City>KNOX</City>
               <StateCode>IN</StateCode>
               <Zip5>66773</Zip5>
               <CountryCode>US</CountryCode>
               <Longitude>-86.125992</Longitude>
               <Latitude>39.775332</Latitude>
            </PersonAddress>
            <PersonPhone>
               <PhoneTypeCode>CEL</PhoneTypeCode>
               <PhoneArea>458</PhoneArea>
               <PhonePrefix>741</PhonePrefix>
               <PhoneSuffix>5482</PhoneSuffix>
               <DateOfInfo>12/04/2014 00:00:00</DateOfInfo>
            </PersonPhone>
            <PersonPhone>
               <PhoneTypeCode>RES</PhoneTypeCode>
               <PhoneArea>659</PhoneArea>
               <PhonePrefix>478</PhonePrefix>
               <PhoneSuffix>4521</PhoneSuffix>
               <DateOfInfo>12/04/2014 00:00:00</DateOfInfo>
            </PersonPhone>
         </Person>
         <IncidentPersonRole>
            <RoleType>V</RoleType>
            <CreatorId>STATE_OFFICER11</CreatorId>
            <CreatorDate>12/04/2014 15:53:43</CreatorDate>
            <UpdatorId>TSTC</UpdatorId>
            <UpdatorDate>08/15/2023 20:32:20</UpdatorDate>
         </IncidentPersonRole>
      </IncidentPerson>
      <IncidentPerson>
         <ApproxAge>36</ApproxAge>
         <CreatorId>STATE_OFFICER11</CreatorId>
         <CreatorDate>12/04/2014 15:32:59</CreatorDate>
         <UpdatorId>TSTC</UpdatorId>
         <UpdatorDate>05/24/2023 12:41:19</UpdatorDate>
         <Person>
            <PersonId>659</PersonId>
            <RaceCode>H</RaceCode>
            <SexCode>M</SexCode>
            <PersonVerified>Y</PersonVerified>
            <PersonPrimaryName>
               <LastName>Taylor</LastName>
               <FirstName>Jason</FirstName>
               <MiddleName>Andrew</MiddleName>
               <DOB>05/26/1978 00:00:00</DOB>
               <SSN>3.88466354E8</SSN>
               <DateOfInfo>12/04/2014 15:27:06</DateOfInfo>
               <SLastName>T460</SLastName>
               <SFirstName>J250</SFirstName>
            </PersonPrimaryName>
            <Alias>
               <NameTypeCode>P</NameTypeCode>
               <LastName>Taylor</LastName>
               <FirstName>Jason</FirstName>
               <MiddleName>Andrew</MiddleName>
               <DOB>05/26/1978 00:00:00</DOB>
               <SSN>3.88466354E8</SSN>
               <SLastName>T460</SLastName>
               <SFirstName>J250</SFirstName>
               <DateOfInfo>12/04/2014 15:27:06</DateOfInfo>
            </Alias>
            <PersonAddress>
               <StreetNumber>652</StreetNumber>
               <StreetDirCode>E</StreetDirCode>
               <StreetName>Sherman</StreetName>
               <StreetTypeCode>LN</StreetTypeCode>
               <SubTypeCode>APT</SubTypeCode>
               <SubNumber>3</SubNumber>
               <City>LAFAYETTE</City>
               <StateCode>IN</StateCode>
               <Zip5>56447</Zip5>
               <CountryCode>US</CountryCode>
            </PersonAddress>
            <PersonPhone>
               <PhoneTypeCode>RES</PhoneTypeCode>
               <PhoneArea>562</PhoneArea>
               <PhonePrefix>448</PhonePrefix>
               <PhoneSuffix>7555</PhoneSuffix>
               <DateOfInfo>12/04/2014 00:00:00</DateOfInfo>
            </PersonPhone>
            <PersonPhone>
               <PhoneTypeCode>CEL</PhoneTypeCode>
               <PhoneArea>658</PhoneArea>
               <PhonePrefix>441</PhonePrefix>
               <PhoneSuffix>2444</PhoneSuffix>
               <DateOfInfo>12/04/2014 00:00:00</DateOfInfo>
            </PersonPhone>
         </Person>
         <IncidentPersonRole>
            <RoleType>S</RoleType>
            <CreatorId>STATE_OFFICER11</CreatorId>
            <CreatorDate>12/04/2014 15:32:59</CreatorDate>
            <UpdatorId>TSTC</UpdatorId>
            <UpdatorDate>08/15/2023 20:32:18</UpdatorDate>
         </IncidentPersonRole>
      </IncidentPerson>
      <IncidentPerson>
         <ApproxAge>30</ApproxAge>
         <ResidentStatusCode>R</ResidentStatusCode>
         <CreatorId>STATE_OFFICER11</CreatorId>
         <CreatorDate>12/04/2014 15:34:05</CreatorDate>
         <UpdatorId>TSTC</UpdatorId>
         <UpdatorDate>05/24/2023 12:41:19</UpdatorDate>
         <Person>
            <PersonId>348</PersonId>
            <RaceCode>H</RaceCode>
            <SexCode>M</SexCode>
            <PersonVerified>Y</PersonVerified>
            <PersonPrimaryName>
               <LastName>Argueta</LastName>
               <FirstName>Ricardo</FirstName>
               <MiddleName>PICTEST</MiddleName>
               <DOB>12/17/1983 00:00:00</DOB>
               <DateOfInfo>08/29/2012 12:45:28</DateOfInfo>
               <SLastName>A623</SLastName>
               <SFirstName>R263</SFirstName>
            </PersonPrimaryName>
            <PersonPrimaryName>
               <LastName>Ricardo</LastName>
               <FirstName>Riki</FirstName>
               <DateOfInfo>01/02/2013 00:00:00</DateOfInfo>
               <SLastName>R263</SLastName>
               <SFirstName>R200</SFirstName>
            </PersonPrimaryName>
            <Alias>
               <NameTypeCode>P</NameTypeCode>
               <LastName>Argueta</LastName>
               <FirstName>Ricardo</FirstName>
               <MiddleName>PICTEST</MiddleName>
               <DOB>12/17/1983 00:00:00</DOB>
               <SLastName>A623</SLastName>
               <SFirstName>R263</SFirstName>
               <DateOfInfo>08/29/2012 12:45:28</DateOfInfo>
            </Alias>
            <Alias>
               <NameTypeCode>A</NameTypeCode>
               <LastName>Ricardo</LastName>
               <FirstName>Riki</FirstName>
               <SLastName>R263</SLastName>
               <SFirstName>R200</SFirstName>
               <DateOfInfo>01/02/2013 00:00:00</DateOfInfo>
            </Alias>
         </Person>
         <IncidentPersonRole>
            <RoleType>W</RoleType>
            <CreatorId>STATE_OFFICER11</CreatorId>
            <CreatorDate>12/04/2014 15:34:05</CreatorDate>
            <UpdatorId>TSTC</UpdatorId>
            <UpdatorDate>08/15/2023 20:32:18</UpdatorDate>
         </IncidentPersonRole>
      </IncidentPerson>
      <IncidentBusiness>
         <BusinessNumber>240000001</BusinessNumber>
         <BusinessName>SOCIETY</BusinessName>
         <IncBusinessRoleCode>V</IncBusinessRoleCode>
         <CreatorId>STATE_OFFICER11</CreatorId>
         <CreatorDate>12/04/2014 14:50:35</CreatorDate>
         <UpdatorId>STATE_OFFICER11</UpdatorId>
         <UpdatorDate>12/04/2014 14:50:35</UpdatorDate>
      </IncidentBusiness>
      <IncidentVehicle>
         <VEHICLE_ID>220</VEHICLE_ID>
         <RoleCode>AR</RoleCode>
         <CreatorId>EMPLOYEE_EVID2</CreatorId>
         <CreatorDate>12/04/2014 15:53:08</CreatorDate>
         <UpdatorId>TSTC</UpdatorId>
         <UpdatorDate>07/12/2017 13:33:48</UpdatorDate>
         <DateOfInfo>12/04/2014 00:00:00</DateOfInfo>
         <StatusCode>12</StatusCode>
         <VIN>JHND89893BNI789D</VIN>
         <VehicleYear>2006</VehicleYear>
         <VehicleMakeCode>FORD</VehicleMakeCode>
         <VehicleModelCode>MUS</VehicleModelCode>
         <VehicleStyleCode>CV</VehicleStyleCode>
         <VehicleTypeCode>AT</VehicleTypeCode>
         <VehSecColorCode>BLU</VehSecColorCode>
         <VehicleLicStateCode>IN</VehicleLicStateCode>
         <VehicleLicNumber>DKN785</VehicleLicNumber>
         <VehicleLicYear>2016</VehicleLicYear>
         <VehicleLicMonth>3</VehicleLicMonth>
         <VehicleValue>10000</VehicleValue>
      </IncidentVehicle>
      <IncidentProperty>
         <RoleCode>7</RoleCode>
         <CreatorId>STATE_OFFICER11</CreatorId>
         <CreatorDate>12/04/2014 15:39:07</CreatorDate>
         <UpdatorId>TSTC</UpdatorId>
         <UpdatorDate>08/10/2017 23:00:40</UpdatorDate>
         <DateOfInfo>12/04/2014 00:00:00</DateOfInfo>
         <StatusCode>5</StatusCode>
         <DocumentTypeCode>P</DocumentTypeCode>
         <Description>CD Player</Description>
         <PropertyTypeCode>568</PropertyTypeCode>
         <PropertyValue>300</PropertyValue>
         <Value>300</Value>
         <SerialNumber>HD774HR7</SerialNumber>
         <Evidence>N</Evidence>
         <EvidenceFlag>N</EvidenceFlag>
         <Property_ID>1181</Property_ID>
         <PrimaryColor>BLK</PrimaryColor>
         <Make>Sony</Make>
         <Model>R536</Model>
         <Quantity>1</Quantity>
      </IncidentProperty>
      <IncidentProperty>
         <RoleCode>7</RoleCode>
         <CreatorId>STATE_OFFICER11</CreatorId>
         <CreatorDate>12/04/2014 15:40:46</CreatorDate>
         <UpdatorId>TSTC</UpdatorId>
         <UpdatorDate>08/10/2017 23:00:40</UpdatorDate>
         <DateOfInfo>12/04/2014 00:00:00</DateOfInfo>
         <StatusCode>5</StatusCode>
         <DocumentTypeCode>P</DocumentTypeCode>
         <PropertyTypeCode>490</PropertyTypeCode>
         <PropertyValue>500</PropertyValue>
         <Value>500</Value>
         <SerialNumber>SGGE5546</SerialNumber>
         <Evidence>N</Evidence>
         <EvidenceFlag>N</EvidenceFlag>
         <Property_ID>1182</Property_ID>
         <PrimaryColor>BLK</PrimaryColor>
         <Make>Canon</Make>
         <Model>CT245</Model>
         <Quantity>1</Quantity>
      </IncidentProperty>
      <IncidentProperty>
         <RoleCode>6</RoleCode>
         <CreatorId>STATE_OFFICER11</CreatorId>
         <CreatorDate>12/04/2014 15:43:17</CreatorDate>
         <UpdatorId>TSTC</UpdatorId>
         <UpdatorDate>08/10/2017 23:00:08</UpdatorDate>
         <DateOfInfo>12/04/2014 00:00:00</DateOfInfo>
         <StatusCode>6</StatusCode>
         <DocumentTypeCode>D</DocumentTypeCode>
         <Description>Small vial containing powder substance</Description>
         <PropertyTypeCode>560</PropertyTypeCode>
         <PropertyValue>100</PropertyValue>
         <Value>100</Value>
         <Evidence>Y</Evidence>
         <EvidenceFlag>Y</EvidenceFlag>
         <ExternalEvidenceId>609</ExternalEvidenceId>
         <Property_ID>1183</Property_ID>
         <DrugTypeCode>B</DrugTypeCode>
         <Quantity>1</Quantity>
         <QuantityUnit>GM</QuantityUnit>
      </IncidentProperty>
      <IncidentProperty>
         <RoleCode>7</RoleCode>
         <CreatorId>STATE_OFFICER11</CreatorId>
         <CreatorDate>12/04/2014 15:44:49</CreatorDate>
         <UpdatorId>TSTC</UpdatorId>
         <UpdatorDate>08/10/2017 23:00:42</UpdatorDate>
         <DateOfInfo>12/04/2014 00:00:00</DateOfInfo>
         <StatusCode>5</StatusCode>
         <DocumentTypeCode>C</DocumentTypeCode>
         <PropertyTypeCode>CSH</PropertyTypeCode>
         <PropertyValue>1000</PropertyValue>
         <Value>1000</Value>
         <Evidence>N</Evidence>
         <EvidenceFlag>N</EvidenceFlag>
         <Property_ID>1184</Property_ID>
         <Quantity>10</Quantity>
         <Amount>1000</Amount>
      </IncidentProperty>
      <IncidentProperty>
         <RoleCode>1</RoleCode>
         <CreatorId>STATE_OFFICER11</CreatorId>
         <CreatorDate>12/04/2014 15:46:18</CreatorDate>
         <UpdatorId>TSTC</UpdatorId>
         <UpdatorDate>08/10/2017 23:00:40</UpdatorDate>
         <DateOfInfo>12/04/2014 00:00:00</DateOfInfo>
         <StatusCode>1</StatusCode>
         <DocumentTypeCode>O</DocumentTypeCode>
         <Description>Current Year Statements</Description>
         <PropertyTypeCode>43</PropertyTypeCode>
         <PropertyValue>0</PropertyValue>
         <Value>0</Value>
         <Evidence>N</Evidence>
         <EvidenceFlag>N</EvidenceFlag>
         <Property_ID>1185</Property_ID>
         <AccountNumber>0</AccountNumber>
         <Amount>0</Amount>
         <Bank>Central</Bank>
      </IncidentProperty>
      <IncidentProperty>
         <CreatorId>STATE_OFFICER11</CreatorId>
         <CreatorDate>12/04/2014 15:48:57</CreatorDate>
         <UpdatorId>TSTC</UpdatorId>
         <UpdatorDate>08/10/2017 23:00:40</UpdatorDate>
         <DateOfInfo>12/04/2014 00:00:00</DateOfInfo>
         <StatusCode>15</StatusCode>
         <DocumentTypeCode>G</DocumentTypeCode>
         <PropertyTypeCode>610</PropertyTypeCode>
         <PropertyValue>400</PropertyValue>
         <Value>400</Value>
         <SerialNumber>FDT663554</SerialNumber>
         <Evidence>N</Evidence>
         <EvidenceFlag>N</EvidenceFlag>
         <Property_ID>1186</Property_ID>
         <PrimaryColor>SIL</PrimaryColor>
         <Make>glock</Make>
         <Model>21sf</Model>
         <Quantity>1</Quantity>
      </IncidentProperty>
   </IncidentSupplement>
</Incident>