<?xml version="1.0" encoding="UTF-8"?>
<Incident xmlns:xsi="http://www.w3.org/2001/XMLSchema-instance"
          xsi:noNamespaceSchemaLocation="file:///C:/DATA/EJS/SVN_Root/Ejustice/trunk/XMLTransformations/OnlineRMSInternalToIncident/IAOnlineRMSIncidentImport.xsd">
   <IncidentReportNum>2014ISP0000556</IncidentReportNum>
   <AgencyCode>D42</AgencyCode>
   <ORINum>SC0280000</ORINum>
   <ReportDate>10/21/2014 18:07:00</ReportDate>
   <ReportTime>10/21/2014 18:07:00</ReportTime>
   <StartDate>10/21/2014 18:07:00</StartDate>
   <StartTime>10/01/2014 18:07:00</StartTime>
   <CreatorId>MATT.WATSON@INTERACT911.COM</CreatorId>
   <CreatorDate>10/21/2014 18:07:32</CreatorDate>
   <UpdatorId>TSTC</UpdatorId>
   <UpdatorDate>09/09/2021 18:46:33</UpdatorDate>
   <IncidentType>
      <IncidentTypeCode>B/B</IncidentTypeCode>
   </IncidentType>
   <IncidentAddress>
      <AddressId>269</AddressId>
      <Beat>104</Beat>
      <SubBeat>West Patrol</SubBeat>
      <City>5</City>
      <CreatorId>STATE_OFFICER13</CreatorId>
      <CreatorDate>10/21/2014 18:07:38</CreatorDate>
      <UpdatorId>TSTC</UpdatorId>
      <UpdatorDate>10/21/2014 18:07:40</UpdatorDate>
      <Address>
         <AddressId>269</AddressId>
         <StreetNumber>11215</StreetNumber>
         <StreetName>DEER VALLEY</StreetName>
         <StreetTypeCode>DR</StreetTypeCode>
         <City>INDIANAPOLIS</City>
         <StateCode>IN</StateCode>
         <Zip5>46229</Zip5>
         <Beat>104</Beat>
         <SubBeat>West Patrol</SubBeat>
      </Address>
   </IncidentAddress>
   <IncidentSupplement>
      <SupplementSequence>0</SupplementSequence>
      <IncSupplementStatusCode>A</IncSupplementStatusCode>
      <SuppReportDate>10/21/2014 18:07:32</SuppReportDate>
      <SuppReportTime>10/21/2014 18:07:32</SuppReportTime>
      <AgencyOnly>N</AgencyOnly>
      <SecurityLevel>990</SecurityLevel>
      <SuppAgencyCode>D42</SuppAgencyCode>
      <UnknownNoOffenders>N</UnknownNoOffenders>
      <DsIcrDate>11/04/2014 13:24:40</DsIcrDate>
      <DsIcrSubmissionStatus>NOT REPORTABLE</DsIcrSubmissionStatus>
      <CreatorId>STATE_OFFICER13</CreatorId>
      <CreatorDate>10/21/2014 18:07:32</CreatorDate>
      <UpdatorId>TSTC</UpdatorId>
      <UpdatorDate>08/05/2021 17:38:21</UpdatorDate>
      <IncidentSuppNarrative>
         <NarrativeNumber>1</NarrativeNumber>
         <NarrativeTitle>Original Narrative</NarrativeTitle>
         <NarrativeText>etest&lt;br /&gt;</NarrativeText>
         <CreatorId>STATE_OFFICER13</CreatorId>
         <CreatorDate>10/21/2014 18:07:51</CreatorDate>
         <UpdatorId>STATE_OFFICER13</UpdatorId>
         <UpdatorDate>10/21/2014 18:07:51</UpdatorDate>
      </IncidentSuppNarrative>
      <IncidentOfficer>
         <OfficerRoleCode>P</OfficerRoleCode>
         <Officer>
            <AgencyCode>D21</AgencyCode>
            <ORINumber>901234567</ORINumber>
            <LastName>Gordmanson</LastName>
            <FirstName>Christian (osuper)</FirstName>
            <InternalID>70</InternalID>
         </Officer>
      </IncidentOfficer>
      <IncidentOfficer>
         <OfficerRoleCode>R</OfficerRoleCode>
         <Officer>
            <AgencyCode>D42</AgencyCode>
            <ORINumber>SC0280000</ORINumber>
            <LastName>L'ivangood</LastName>
            <FirstName>D'erek</FirstName>
            <InternalID>0015</InternalID>
         </Officer>
      </IncidentOfficer>
   </IncidentSupplement>
</Incident>