<?xml version="1.0" encoding="UTF-8"?>
<Incident xmlns:xsi="http://www.w3.org/2001/XMLSchema-instance"
          xsi:noNamespaceSchemaLocation="file:///C:/DATA/EJS/SVN_Root/Ejustice/trunk/XMLTransformations/OnlineRMSInternalToIncident/IAOnlineRMSIncidentImport.xsd">
   <IncidentReportNum>2014ISP0000596</IncidentReportNum>
   <AgencyCode>D42</AgencyCode>
   <ORINum>SC0280000</ORINum>
   <ReportDate>11/24/2014 11:11:00</ReportDate>
   <ReportTime>11/24/2014 11:11:00</ReportTime>
   <StartDate>11/24/2014 11:11:00</StartDate>
   <StartTime>11/01/2014 11:11:00</StartTime>
   <Summary>asdfasdf</Summary>
   <CreatorId>STATE_OFFICER11</CreatorId>
   <CreatorDate>11/24/2014 11:11:28</CreatorDate>
   <UpdatorId>TSTC</UpdatorId>
   <UpdatorDate>09/09/2021 18:46:33</UpdatorDate>
   <IncidentType>
      <IncidentTypeCode>AIR</IncidentTypeCode>
   </IncidentType>
   <IncidentAddress>
      <AddressId>276</AddressId>
      <SubBeat>P69</SubBeat>
      <City>14</City>
      <CreatorId>STATE_OFFICER11</CreatorId>
      <CreatorDate>11/24/2014 11:11:40</CreatorDate>
      <UpdatorId>TSTC</UpdatorId>
      <UpdatorDate>11/24/2014 11:11:44</UpdatorDate>
      <Address>
         <AddressId>276</AddressId>
         <StreetNumber>666</StreetNumber>
         <StreetDirCode>E</StreetDirCode>
         <StreetName>PERRY</StreetName>
         <StreetTypeCode>ST</StreetTypeCode>
         <City>VERSAILLES</City>
         <StateCode>IN</StateCode>
         <CountryCode>US</CountryCode>
         <SubBeat>P69</SubBeat>
         <Longitude>-85.2455</Longitude>
         <Latitude>39.0693238</Latitude>
      </Address>
   </IncidentAddress>
   <IncidentSupplement>
      <SupplementSequence>0</SupplementSequence>
      <IncSupplementStatusCode>A</IncSupplementStatusCode>
      <SuppReportDate>11/24/2014 11:11:28</SuppReportDate>
      <SuppReportTime>11/24/2014 11:11:28</SuppReportTime>
      <AgencyOnly>N</AgencyOnly>
      <SecurityLevel>1100</SecurityLevel>
      <SuppAgencyCode>D42</SuppAgencyCode>
      <UnknownNoOffenders>N</UnknownNoOffenders>
      <DsIcrDate>11/24/2014 11:13:21</DsIcrDate>
      <DsIcrSubmissionStatus>NOT REPORTABLE</DsIcrSubmissionStatus>
      <CreatorId>STATE_OFFICER11</CreatorId>
      <CreatorDate>11/24/2014 11:11:28</CreatorDate>
      <UpdatorId>TSTC</UpdatorId>
      <UpdatorDate>08/05/2021 17:38:22</UpdatorDate>
      <IncidentSuppNarrative>
         <NarrativeNumber>1</NarrativeNumber>
         <NarrativeTitle>Original Narrative</NarrativeTitle>
         <NarrativeText>&amp;nbsp;asdfadf</NarrativeText>
         <CreatorId>STATE_OFFICER11</CreatorId>
         <CreatorDate>11/24/2014 11:13:07</CreatorDate>
         <UpdatorId>STATE_OFFICER11</UpdatorId>
         <UpdatorDate>11/24/2014 11:13:07</UpdatorDate>
      </IncidentSuppNarrative>
      <IncidentOfficer>
         <OfficerRoleCode>P</OfficerRoleCode>
         <Officer>
            <AgencyCode>D42</AgencyCode>
            <ORINumber>SC0280000</ORINumber>
            <LastName>Ranz</LastName>
            <FirstName>Greg</FirstName>
            <InternalID>9696</InternalID>
         </Officer>
      </IncidentOfficer>
      <IncidentOfficer>
         <OfficerRoleCode>R</OfficerRoleCode>
         <Officer>
            <AgencyCode>D42</AgencyCode>
            <ORINumber>SC0280000</ORINumber>
            <LastName>Ranz</LastName>
            <FirstName>Greg</FirstName>
            <InternalID>9696</InternalID>
         </Officer>
      </IncidentOfficer>
      <IncidentOffense>
         <IncidentId>2070</IncidentId>
         <OffenseNumber>1</OffenseNumber>
         <OffenseStatusCode>00</OffenseStatusCode>
         <OffenseCode>10-14-3-29.5</OffenseCode>
         <PlaceCode>08</PlaceCode>
         <BiasCode>43</BiasCode>
         <CSAUCode>A</CSAUCode>
         <SupplementSeq>0</SupplementSeq>
         <UCRNumber>1</UCRNumber>
         <OffenseStatusDate>11/24/2014 11:11:00</OffenseStatusDate>
         <AttemptedCompletedCode>A</AttemptedCompletedCode>
         <ArrestChargeCode>10-14-3-29.5</ArrestChargeCode>
         <CreatorId>STATE_OFFICER11</CreatorId>
         <CreatorDate>11/24/2014 11:12:09</CreatorDate>
         <UpdatorId>STATE_OFFICER11</UpdatorId>
         <UpdatorDate>11/24/2014 11:12:09</UpdatorDate>
      </IncidentOffense>
      <IncidentPerson>
         <ApproxAge>71</ApproxAge>
         <ResidentStatusCode>U</ResidentStatusCode>
         <CreatorId>STATE_OFFICER11</CreatorId>
         <CreatorDate>11/24/2014 11:12:47</CreatorDate>
         <UpdatorId>TSTC</UpdatorId>
         <UpdatorDate>05/24/2023 12:41:20</UpdatorDate>
         <Person>
            <PersonId>490</PersonId>
            <RaceCode>W</RaceCode>
            <SexCode>F</SexCode>
            <PersonVerified>Y</PersonVerified>
            <PersonPrimaryName>
               <LastName>Test</LastName>
               <FirstName>Name</FirstName>
               <DateOfInfo>01/15/2014 23:27:08</DateOfInfo>
               <SLastName>T230</SLastName>
               <SFirstName>N500</SFirstName>
            </PersonPrimaryName>
            <Alias>
               <NameTypeCode>P</NameTypeCode>
               <LastName>Test</LastName>
               <FirstName>Name</FirstName>
               <SLastName>T230</SLastName>
               <SFirstName>N500</SFirstName>
               <DateOfInfo>01/15/2014 23:27:08</DateOfInfo>
            </Alias>
         </Person>
         <IncidentPersonRole>
            <RoleType>S</RoleType>
            <CreatorId>STATE_OFFICER11</CreatorId>
            <CreatorDate>11/24/2014 11:12:47</CreatorDate>
            <UpdatorId>TSTC</UpdatorId>
            <UpdatorDate>08/15/2023 20:32:18</UpdatorDate>
         </IncidentPersonRole>
      </IncidentPerson>
      <IncidentVehicle>
         <VEHICLE_ID>195</VEHICLE_ID>
         <RoleCode>PV</RoleCode>
         <CreatorId>STATE_EVID5</CreatorId>
         <CreatorDate>11/24/2014 11:13:02</CreatorDate>
         <UpdatorId>TSTC</UpdatorId>
         <UpdatorDate>07/12/2017 13:33:47</UpdatorDate>
         <DateOfInfo>02/24/2014 16:37:04</DateOfInfo>
         <DateOfInfo>05/23/2013 00:00:00</DateOfInfo>
         <StatusCode>2</StatusCode>
         <VIN>ABCDE1234FGH43555</VIN>
         <VehicleYear>1901</VehicleYear>
         <VehicleLicNumber>ABC123</VehicleLicNumber>
         <VehicleLicNumber>ABC123</VehicleLicNumber>
         <VehicleValue>12345</VehicleValue>
      </IncidentVehicle>
   </IncidentSupplement>
</Incident>