<?xml version="1.0" encoding="UTF-8"?>
<Incident xmlns:xsi="http://www.w3.org/2001/XMLSchema-instance"
          xsi:noNamespaceSchemaLocation="file:///C:/DATA/EJS/SVN_Root/Ejustice/trunk/XMLTransformations/OnlineRMSInternalToIncident/IAOnlineRMSIncidentImport.xsd">
   <IncidentReportNum>2015ROOT0170</IncidentReportNum>
   <AgencyCode>D42</AgencyCode>
   <ORINum>SC0280000</ORINum>
   <ReportDate>08/07/2015 15:05:00</ReportDate>
   <ReportTime>08/07/2015 15:05:00</ReportTime>
   <StartDate>08/07/2015 15:05:00</StartDate>
   <StartTime>08/01/2015 15:05:00</StartTime>
   <CreatorId>42CIDSUP</CreatorId>
   <CreatorDate>08/07/2015 15:05:57</CreatorDate>
   <UpdatorId>TSTC</UpdatorId>
   <UpdatorDate>09/09/2021 18:46:35</UpdatorDate>
   <IncidentType>
      <IncidentTypeCode>B/H</IncidentTypeCode>
   </IncidentType>
   <IncidentAddress>
      <AddressId>121</AddressId>
      <Beat>Test</Beat>
      <SubBeat>Area</SubBeat>
      <City>51</City>
      <CreatorId>42CIDSUP</CreatorId>
      <CreatorDate>08/07/2015 15:06:44</CreatorDate>
      <UpdatorId>TSTC</UpdatorId>
      <UpdatorDate>08/07/2015 15:11:28</UpdatorDate>
      <Address>
         <AddressId>121</AddressId>
         <StreetNumber>103</StreetNumber>
         <StreetDirCode>W</StreetDirCode>
         <StreetName>Front</StreetName>
         <City>INDIANAPOLIS</City>
         <StateCode>IN</StateCode>
         <CountryCode>US</CountryCode>
         <Beat>Test</Beat>
         <SubBeat>Area</SubBeat>
         <AddressCommonName>
            <CommonPlaceName>Dead strip</CommonPlaceName>
         </AddressCommonName>
         <AddressCommonName>
            <CommonPlaceName>hotspot</CommonPlaceName>
         </AddressCommonName>
         <AddressCommonName>
            <CommonPlaceName>Outside Store</CommonPlaceName>
         </AddressCommonName>
      </Address>
   </IncidentAddress>
   <IncidentSupplement>
      <SupplementSequence>0</SupplementSequence>
      <IncSupplementStatusCode>A</IncSupplementStatusCode>
      <SuppReportDate>08/07/2015 15:05:57</SuppReportDate>
      <SuppReportTime>08/07/2015 15:05:57</SuppReportTime>
      <AgencyOnly>N</AgencyOnly>
      <SecurityLevel>1100</SecurityLevel>
      <SuppAgencyCode>D42</SuppAgencyCode>
      <UnknownNoOffenders>N</UnknownNoOffenders>
      <DsIcrDate>08/07/2015 15:14:53</DsIcrDate>
      <DsIcrSubmissionStatus>SENT WAITING FOR RESPONSE</DsIcrSubmissionStatus>
      <CreatorId>CSAUR1</CreatorId>
      <CreatorDate>08/07/2015 15:05:57</CreatorDate>
      <UpdatorId>TSTC</UpdatorId>
      <UpdatorDate>08/05/2021 17:38:23</UpdatorDate>
      <IncidentSuppNarrative>
         <NarrativeNumber>1</NarrativeNumber>
         <NarrativeTitle>Original Narrative</NarrativeTitle>
         <NarrativeText>&amp;nbsp;test</NarrativeText>
         <CreatorId>42CIDSUP</CreatorId>
         <CreatorDate>08/07/2015 15:13:22</CreatorDate>
         <UpdatorId>42CIDSUP</UpdatorId>
         <UpdatorDate>08/07/2015 15:13:22</UpdatorDate>
      </IncidentSuppNarrative>
      <IncidentOfficer>
         <OfficerRoleCode>P</OfficerRoleCode>
         <Officer>
            <AgencyCode>D22</AgencyCode>
            <ORINumber>147258369</ORINumber>
            <LastName>Collins</LastName>
            <FirstName>Sgt.</FirstName>
            <InternalID>5513</InternalID>
         </Officer>
      </IncidentOfficer>
      <IncidentOfficer>
         <OfficerRoleCode>R</OfficerRoleCode>
         <Officer>
            <AgencyCode>D22</AgencyCode>
            <ORINumber>147258369</ORINumber>
            <LastName>Collins</LastName>
            <FirstName>Sgt.</FirstName>
            <InternalID>5513</InternalID>
         </Officer>
      </IncidentOfficer>
      <IncidentOffense>
         <IncidentId>2352</IncidentId>
         <OffenseNumber>1</OffenseNumber>
         <OffenseStatusCode>00</OffenseStatusCode>
         <OffenseCode>35-42-2-1  B07</OffenseCode>
         <PlaceCode>01</PlaceCode>
         <BiasCode>88</BiasCode>
         <CSAUCode>C</CSAUCode>
         <SupplementSeq>0</SupplementSeq>
         <UCRNumber>1</UCRNumber>
         <OffenseStatusDate>08/07/2015 15:05:00</OffenseStatusDate>
         <AttemptedCompletedCode>C</AttemptedCompletedCode>
         <ArrestChargeCode>35-42-2-1  B07</ArrestChargeCode>
         <CreatorId>42CIDSUP</CreatorId>
         <CreatorDate>08/07/2015 15:12:02</CreatorDate>
         <UpdatorId>42CIDSUP</UpdatorId>
         <UpdatorDate>08/07/2015 15:14:32</UpdatorDate>
      </IncidentOffense>
      <IncidentPerson>
         <ApproxAge>35</ApproxAge>
         <ResidentStatusCode>R</ResidentStatusCode>
         <CreatorId>42CIDSUP</CreatorId>
         <CreatorDate>08/07/2015 15:12:29</CreatorDate>
         <UpdatorId>TSTC</UpdatorId>
         <UpdatorDate>05/24/2023 12:41:20</UpdatorDate>
         <Person>
            <PersonId>710</PersonId>
            <RaceCode>A</RaceCode>
            <SexCode>M</SexCode>
            <PersonVerified>Y</PersonVerified>
            <PersonPrimaryName>
               <LastName>Smith</LastName>
               <FirstName>BOb</FirstName>
               <DateOfInfo>04/20/2015 09:52:54</DateOfInfo>
               <SLastName>S530</SLastName>
               <SFirstName>B100</SFirstName>
            </PersonPrimaryName>
            <Alias>
               <NameTypeCode>P</NameTypeCode>
               <LastName>Smith</LastName>
               <FirstName>BOb</FirstName>
               <SLastName>S530</SLastName>
               <SFirstName>B100</SFirstName>
               <DateOfInfo>04/20/2015 09:52:54</DateOfInfo>
            </Alias>
            <PersonAddress>
               <StreetNumber>456</StreetNumber>
               <StreetDirCode>W</StreetDirCode>
               <StreetName>Automation</StreetName>
               <StreetTypeCode>WAY</StreetTypeCode>
               <SubTypeCode>APT</SubTypeCode>
               <City>Greensboro</City>
               <StateCode>NC</StateCode>
               <Zip5>27401</Zip5>
               <CountryCode>US</CountryCode>
               <Longitude>-79.75681</Longitude>
               <Latitude>36.067604</Latitude>
               <Beat>104</Beat>
               <SubBeat>West Patrol</SubBeat>
            </PersonAddress>
         </Person>
         <IncidentPersonRole>
            <RoleType>S</RoleType>
            <CreatorId>GRANZ</CreatorId>
            <CreatorDate>08/07/2015 15:12:29</CreatorDate>
            <UpdatorId>TSTC</UpdatorId>
            <UpdatorDate>08/15/2023 20:32:21</UpdatorDate>
         </IncidentPersonRole>
      </IncidentPerson>
      <IncidentPerson>
         <ApproxAge>04</ApproxAge>
         <ResidentStatusCode>R</ResidentStatusCode>
         <CreatorId>42CIDSUP</CreatorId>
         <CreatorDate>08/07/2015 15:13:12</CreatorDate>
         <UpdatorId>TSTC</UpdatorId>
         <UpdatorDate>05/24/2023 12:41:19</UpdatorDate>
         <Person>
            <PersonId>173</PersonId>
            <RaceCode>W</RaceCode>
            <SexCode>M</SexCode>
            <PersonVerified>Y</PersonVerified>
            <PersonPrimaryName>
               <LastName>ALEXANDERRRRR</LastName>
               <FirstName>KAREN</FirstName>
               <MiddleName>A</MiddleName>
               <DOB>08/01/2011 00:00:00</DOB>
               <SSN>1.23456789E8</SSN>
               <DateOfInfo>06/06/2012 13:56:20</DateOfInfo>
               <SLastName>A425</SLastName>
               <SFirstName>K650</SFirstName>
            </PersonPrimaryName>
            <Alias>
               <NameTypeCode>P</NameTypeCode>
               <LastName>ALEXANDERRRRR</LastName>
               <FirstName>KAREN</FirstName>
               <MiddleName>A</MiddleName>
               <DOB>08/01/2011 00:00:00</DOB>
               <SSN>1.23456789E8</SSN>
               <SLastName>A425</SLastName>
               <SFirstName>K650</SFirstName>
               <DateOfInfo>06/06/2012 13:56:20</DateOfInfo>
            </Alias>
            <PersonAddress>
               <StreetNumber>123</StreetNumber>
               <StreetName>Main</StreetName>
               <StreetTypeCode>ST</StreetTypeCode>
               <City>Bloomington</City>
               <StateCode>NY</StateCode>
               <Zip5>12411</Zip5>
               <CountryCode>US</CountryCode>
            </PersonAddress>
            <PersonPhone>
               <PhoneTypeCode>CEL</PhoneTypeCode>
               <PhoneArea>217</PhoneArea>
               <PhonePrefix>654</PhonePrefix>
               <PhoneSuffix>1248</PhoneSuffix>
               <DateOfInfo>07/08/2013 00:00:00</DateOfInfo>
            </PersonPhone>
         </Person>
         <IncidentPersonRole>
            <RoleType>V</RoleType>
            <CreatorId>42CIDSUP</CreatorId>
            <CreatorDate>08/07/2015 15:13:12</CreatorDate>
            <UpdatorId>TSTC</UpdatorId>
            <UpdatorDate>08/15/2023 20:32:21</UpdatorDate>
         </IncidentPersonRole>
      </IncidentPerson>
   </IncidentSupplement>
</Incident>