<?xml version="1.0" encoding="UTF-8"?>
<Incident xmlns:xsi="http://www.w3.org/2001/XMLSchema-instance"
          xsi:noNamespaceSchemaLocation="file:///C:/DATA/EJS/SVN_Root/Ejustice/trunk/XMLTransformations/OnlineRMSInternalToIncident/IAOnlineRMSIncidentImport.xsd">
   <IncidentReportNum>2014ISP0000532</IncidentReportNum>
   <AgencyCode>D42</AgencyCode>
   <ORINum>SC0280000</ORINum>
   <ReportDate>10/01/2014 11:06:00</ReportDate>
   <ReportTime>10/01/2014 11:06:00</ReportTime>
   <StartDate>09/01/2014 11:06:00</StartDate>
   <StartTime>10/01/2014 11:06:00</StartTime>
   <CreatorId>STATE_OFFICER11</CreatorId>
   <CreatorDate>10/01/2014 11:06:52</CreatorDate>
   <UpdatorId>TSTC</UpdatorId>
   <UpdatorDate>09/09/2021 18:46:35</UpdatorDate>
   <IncidentType>
      <IncidentTypeCode>B/B</IncidentTypeCode>
   </IncidentType>
   <IncidentAddress>
      <AddressId>236</AddressId>
      <City>1</City>
      <CreatorId>STATE_OFFICER6</CreatorId>
      <CreatorDate>10/01/2014 11:07:17</CreatorDate>
      <UpdatorId>TSTC</UpdatorId>
      <UpdatorDate>07/12/2017 13:33:38</UpdatorDate>
      <Address>
         <AddressId>236</AddressId>
         <StreetNumber>660</StreetNumber>
         <StreetName>ABERFOIL</StreetName>
         <StreetTypeCode>RD</StreetTypeCode>
         <City>UNION SPRINGS</City>
         <StateCode>AL</StateCode>
         <Zip5>36089</Zip5>
         <Longitude>148.305505</Longitude>
         <Latitude>38.80212</Latitude>
      </Address>
   </IncidentAddress>
   <IncidentSupplement>
      <SupplementSequence>0</SupplementSequence>
      <IncSupplementStatusCode>A</IncSupplementStatusCode>
      <SuppReportDate>10/01/2014 11:06:52</SuppReportDate>
      <SuppReportTime>10/01/2014 11:06:52</SuppReportTime>
      <AgencyOnly>N</AgencyOnly>
      <SecurityLevel>1201</SecurityLevel>
      <SuppAgencyCode>D42</SuppAgencyCode>
      <UnknownNoOffenders>N</UnknownNoOffenders>
      <DsIcrDate>10/13/2014 16:43:53</DsIcrDate>
      <DsIcrSubmissionStatus>FAILED VALIDATION</DsIcrSubmissionStatus>
      <CreatorId>DEREK.LIVANGOOD@INTERACT911.COM</CreatorId>
      <CreatorDate>10/01/2014 11:06:52</CreatorDate>
      <UpdatorId>TSTC</UpdatorId>
      <UpdatorDate>08/05/2021 17:38:22</UpdatorDate>
      <IncidentSuppNarrative>
         <NarrativeNumber>1</NarrativeNumber>
         <NarrativeTitle>Original Narrative</NarrativeTitle>
         <NarrativeText>&amp;nbsp;Test</NarrativeText>
         <CreatorId>STATE_OFFICER11</CreatorId>
         <CreatorDate>10/13/2014 10:51:15</CreatorDate>
         <UpdatorId>STATE_OFFICER11</UpdatorId>
         <UpdatorDate>10/13/2014 10:51:15</UpdatorDate>
      </IncidentSuppNarrative>
      <IncidentOfficer>
         <OfficerRoleCode>P</OfficerRoleCode>
         <Officer>
            <AgencyCode>D42</AgencyCode>
            <ORINumber>SC0280000</ORINumber>
            <LastName>Ranz</LastName>
            <FirstName>Greg</FirstName>
            <InternalID>9696</InternalID>
         </Officer>
      </IncidentOfficer>
      <IncidentOfficer>
         <OfficerRoleCode>R</OfficerRoleCode>
         <Officer>
            <AgencyCode>D42</AgencyCode>
            <ORINumber>SC0280000</ORINumber>
            <LastName>Ranz</LastName>
            <FirstName>Greg</FirstName>
            <InternalID>9696</InternalID>
         </Officer>
      </IncidentOfficer>
      <IncidentOffense>
         <IncidentId>1945</IncidentId>
         <OffenseNumber>1</OffenseNumber>
         <OffenseStatusCode>06</OffenseStatusCode>
         <OffenseCode>35-43-2-1  B02</OffenseCode>
         <PlaceCode>20</PlaceCode>
         <BiasCode>88</BiasCode>
         <CSAUCode>C</CSAUCode>
         <SupplementSeq>0</SupplementSeq>
         <UCRNumber>1</UCRNumber>
         <OffenseStatusDate>10/01/2014 11:07:00</OffenseStatusDate>
         <ForcedEntryCode>F</ForcedEntryCode>
         <AttemptedCompletedCode>C</AttemptedCompletedCode>
         <ArrestChargeCode>35-43-2-1  B02</ArrestChargeCode>
         <CreatorId>STATE_OFFICER11</CreatorId>
         <CreatorDate>10/01/2014 11:08:15</CreatorDate>
         <UpdatorId>TSTC</UpdatorId>
         <UpdatorDate>02/25/2016 21:21:21</UpdatorDate>
      </IncidentOffense>
      <IncidentPerson>
         <ApproxAge>44</ApproxAge>
         <ResidentStatusCode>R</ResidentStatusCode>
         <CreatorId>FREEBIRD</CreatorId>
         <CreatorDate>10/13/2014 10:51:44</CreatorDate>
         <UpdatorId>TSTC</UpdatorId>
         <UpdatorDate>05/24/2023 12:41:19</UpdatorDate>
         <Person>
            <PersonId>165</PersonId>
            <RaceCode>U</RaceCode>
            <SexCode>M</SexCode>
            <PersonVerified>Y</PersonVerified>
            <PersonPrimaryName>
               <LastName>SANTHANAM</LastName>
               <FirstName>HARISH</FirstName>
               <MiddleName>K</MiddleName>
               <DOB>09/08/1969 00:00:00</DOB>
               <DateOfInfo>06/06/2012 13:56:15</DateOfInfo>
               <SLastName>S535</SLastName>
               <SFirstName>H620</SFirstName>
            </PersonPrimaryName>
            <Alias>
               <NameTypeCode>P</NameTypeCode>
               <LastName>SANTHANAM</LastName>
               <FirstName>HARISH</FirstName>
               <MiddleName>K</MiddleName>
               <DOB>09/08/1969 00:00:00</DOB>
               <SLastName>S535</SLastName>
               <SFirstName>H620</SFirstName>
               <DateOfInfo>06/06/2012 13:56:15</DateOfInfo>
            </Alias>
         </Person>
         <IncidentPersonRole>
            <RoleType>V</RoleType>
            <CreatorId>STATE_OFFICER11</CreatorId>
            <CreatorDate>10/13/2014 10:51:44</CreatorDate>
            <UpdatorId>TSTC</UpdatorId>
            <UpdatorDate>08/15/2023 20:32:18</UpdatorDate>
         </IncidentPersonRole>
      </IncidentPerson>
      <IncidentPerson>
         <ApproxAge>64</ApproxAge>
         <CreatorId>STATE_OFFICER11</CreatorId>
         <CreatorDate>10/13/2014 10:52:03</CreatorDate>
         <UpdatorId>TSTC</UpdatorId>
         <UpdatorDate>05/24/2023 12:41:18</UpdatorDate>
         <Person>
            <PersonId>507</PersonId>
            <RaceCode>W</RaceCode>
            <SexCode>M</SexCode>
            <PersonVerified>Y</PersonVerified>
            <PersonPrimaryName>
               <LastName>James</LastName>
               <FirstName>John</FirstName>
               <MiddleName>Jimmy</MiddleName>
               <DOB>02/02/1950 00:00:00</DOB>
               <SSN>2.54875497E8</SSN>
               <DateOfInfo>03/15/2014 15:01:03</DateOfInfo>
               <SLastName>J520</SLastName>
               <SFirstName>J500</SFirstName>
            </PersonPrimaryName>
            <Alias>
               <NameTypeCode>P</NameTypeCode>
               <LastName>James</LastName>
               <FirstName>John</FirstName>
               <MiddleName>Jimmy</MiddleName>
               <DOB>02/02/1950 00:00:00</DOB>
               <SSN>2.54875497E8</SSN>
               <SLastName>J520</SLastName>
               <SFirstName>J500</SFirstName>
               <DateOfInfo>03/15/2014 15:01:03</DateOfInfo>
            </Alias>
         </Person>
         <IncidentPersonRole>
            <RoleType>S</RoleType>
            <CreatorId>STATE_OFFICER11</CreatorId>
            <CreatorDate>10/13/2014 10:52:03</CreatorDate>
            <UpdatorId>TSTC</UpdatorId>
            <UpdatorDate>08/15/2023 20:32:21</UpdatorDate>
         </IncidentPersonRole>
      </IncidentPerson>
      <IncidentProperty>
         <RoleCode>7</RoleCode>
         <CreatorId>STATE_OFFICER11</CreatorId>
         <CreatorDate>10/01/2014 11:09:11</CreatorDate>
         <UpdatorId>TSTC</UpdatorId>
         <UpdatorDate>08/10/2017 23:00:06</UpdatorDate>
         <DateOfInfo>10/01/2014 00:00:00</DateOfInfo>
         <StatusCode>7</StatusCode>
         <DocumentTypeCode>P</DocumentTypeCode>
         <PropertyTypeCode>652</PropertyTypeCode>
         <PropertyValue>1000</PropertyValue>
         <Value>1000</Value>
         <Evidence>Y</Evidence>
         <EvidenceFlag>Y</EvidenceFlag>
         <ExternalEvidenceId>595</ExternalEvidenceId>
         <Property_ID>1106</Property_ID>
         <Quantity>1</Quantity>
      </IncidentProperty>
      <IncidentProperty>
         <RoleCode>7</RoleCode>
         <CreatorId>STATE_OFFICER11</CreatorId>
         <CreatorDate>10/01/2014 11:15:11</CreatorDate>
         <UpdatorId>TSTC</UpdatorId>
         <UpdatorDate>08/10/2017 23:00:06</UpdatorDate>
         <DateOfInfo>10/01/2014 00:00:00</DateOfInfo>
         <StatusCode>5</StatusCode>
         <DocumentTypeCode>P</DocumentTypeCode>
         <PropertyTypeCode>502</PropertyTypeCode>
         <PropertyValue>50</PropertyValue>
         <Value>50</Value>
         <SerialNumber>A12345</SerialNumber>
         <Evidence>Y</Evidence>
         <EvidenceFlag>Y</EvidenceFlag>
         <ExternalEvidenceId>594</ExternalEvidenceId>
         <ExternalEvidenceId>669</ExternalEvidenceId>
         <Property_ID>1108</Property_ID>
         <PrimaryColor>GLD</PrimaryColor>
         <SecondaryColor>GLD</SecondaryColor>
         <Make>CUFF123</Make>
         <Model>ABC</Model>
         <Quantity>1</Quantity>
      </IncidentProperty>
      <IncidentProperty>
         <RoleCode>7</RoleCode>
         <CreatorId>STATE_OFFICER11</CreatorId>
         <CreatorDate>10/01/2014 11:17:56</CreatorDate>
         <UpdatorId>TSTC</UpdatorId>
         <UpdatorDate>08/10/2017 23:00:06</UpdatorDate>
         <DateOfInfo>10/01/2014 00:00:00</DateOfInfo>
         <StatusCode>5</StatusCode>
         <DocumentTypeCode>D</DocumentTypeCode>
         <PropertyTypeCode>560</PropertyTypeCode>
         <PropertyValue>10000</PropertyValue>
         <Value>10000</Value>
         <Evidence>Y</Evidence>
         <EvidenceFlag>Y</EvidenceFlag>
         <ExternalEvidenceId>596</ExternalEvidenceId>
         <Property_ID>1109</Property_ID>
         <Quantity>0</Quantity>
      </IncidentProperty>
   </IncidentSupplement>
</Incident>