<?xml version="1.0" encoding="UTF-8"?>
<Incident xmlns:xsi="http://www.w3.org/2001/XMLSchema-instance"
          xsi:noNamespaceSchemaLocation="file:///C:/DATA/EJS/SVN_Root/Ejustice/trunk/XMLTransformations/OnlineRMSInternalToIncident/IAOnlineRMSIncidentImport.xsd">
   <IncidentReportNum>2015ROOT0160</IncidentReportNum>
   <AgencyCode>D42</AgencyCode>
   <ORINum>SC0280000</ORINum>
   <ReportDate>08/03/2015 16:24:00</ReportDate>
   <ReportTime>08/03/2015 16:24:00</ReportTime>
   <StartDate>08/03/2015 16:24:00</StartDate>
   <StartTime>10/01/2015 16:24:00</StartTime>
   <Summary>test</Summary>
   <CreatorId>42CIDSUP</CreatorId>
   <CreatorDate>07/27/2015 13:26:33</CreatorDate>
   <UpdatorId>TSTC</UpdatorId>
   <UpdatorDate>09/09/2021 18:46:36</UpdatorDate>
   <IncidentType>
      <IncidentTypeCode>AIR</IncidentTypeCode>
   </IncidentType>
   <IncidentAddress>
      <AddressId>457</AddressId>
      <Beat>Test</Beat>
      <SubBeat>Area</SubBeat>
      <City>4</City>
      <CreatorId>42CIDSUP</CreatorId>
      <CreatorDate>08/03/2015 16:25:09</CreatorDate>
      <UpdatorId>TSTC</UpdatorId>
      <UpdatorDate>10/20/2015 15:40:10</UpdatorDate>
      <Address>
         <AddressId>457</AddressId>
         <StreetNumber>126</StreetNumber>
         <StreetDirCode>N</StreetDirCode>
         <StreetName>750</StreetName>
         <StreetSuffixCode>W</StreetSuffixCode>
         <StateCode>IN</StateCode>
         <CountryCode>US</CountryCode>
         <Beat>D2</Beat>
         <SubBeat>Sub D2</SubBeat>
         <Longitude>-85.39604</Longitude>
         <Latitude>39.07748</Latitude>
         <AddressCommonName>
            <CommonPlaceName>Test 3</CommonPlaceName>
         </AddressCommonName>
         <AddressCommonName>
            <CommonPlaceName>Test 1</CommonPlaceName>
         </AddressCommonName>
         <AddressCommonName>
            <CommonPlaceName>Test 2</CommonPlaceName>
         </AddressCommonName>
      </Address>
   </IncidentAddress>
   <IncidentSupplement>
      <SupplementSequence>0</SupplementSequence>
      <IncSupplementStatusCode>A</IncSupplementStatusCode>
      <SuppReportDate>07/27/2015 13:26:33</SuppReportDate>
      <SuppReportTime>07/27/2015 13:26:33</SuppReportTime>
      <AgencyOnly>N</AgencyOnly>
      <SecurityLevel>1201</SecurityLevel>
      <SuppAgencyCode>D42</SuppAgencyCode>
      <UnknownNoOffenders>N</UnknownNoOffenders>
      <DsIcrDate>10/20/2015 15:43:14</DsIcrDate>
      <DsIcrSubmissionStatus>SENT WAITING FOR RESPONSE</DsIcrSubmissionStatus>
      <CreatorId>CSAUR1</CreatorId>
      <CreatorDate>07/27/2015 13:26:33</CreatorDate>
      <UpdatorId>TSTC</UpdatorId>
      <UpdatorDate>08/05/2021 17:38:22</UpdatorDate>
      <IncidentSuppNarrative>
         <NarrativeNumber>1</NarrativeNumber>
         <NarrativeTitle>Original Narrative</NarrativeTitle>
         <NarrativeText>&amp;nbsp;test</NarrativeText>
         <CreatorId>42CIDSUP</CreatorId>
         <CreatorDate>10/20/2015 15:42:48</CreatorDate>
         <UpdatorId>42CIDSUP</UpdatorId>
         <UpdatorDate>10/20/2015 15:42:48</UpdatorDate>
      </IncidentSuppNarrative>
      <IncidentOfficer>
         <OfficerRoleCode>P</OfficerRoleCode>
         <Officer>
            <AgencyCode>D22</AgencyCode>
            <ORINumber>147258369</ORINumber>
            <LastName>Collins</LastName>
            <FirstName>Sgt.</FirstName>
            <InternalID>5513</InternalID>
         </Officer>
      </IncidentOfficer>
      <IncidentOfficer>
         <OfficerRoleCode>R</OfficerRoleCode>
         <Officer>
            <AgencyCode>D22</AgencyCode>
            <ORINumber>147258369</ORINumber>
            <LastName>Collins</LastName>
            <FirstName>Sgt.</FirstName>
            <InternalID>5513</InternalID>
         </Officer>
      </IncidentOfficer>
      <IncidentOffense>
         <IncidentId>2338</IncidentId>
         <OffenseNumber>1</OffenseNumber>
         <OffenseStatusCode>00</OffenseStatusCode>
         <OffenseCode>35-43-4-2.5 V02</OffenseCode>
         <PlaceCode>40</PlaceCode>
         <BiasCode>88</BiasCode>
         <CSAUCode>C</CSAUCode>
         <SupplementSeq>0</SupplementSeq>
         <UCRNumber>1</UCRNumber>
         <OffenseStatusDate>08/03/2015 16:24:00</OffenseStatusDate>
         <AttemptedCompletedCode>C</AttemptedCompletedCode>
         <ArrestChargeCode>35-43-4-2.5 V02</ArrestChargeCode>
         <CreatorId>42CIDSUP</CreatorId>
         <CreatorDate>10/20/2015 15:41:12</CreatorDate>
         <UpdatorId>42CIDSUP</UpdatorId>
         <UpdatorDate>10/20/2015 15:41:12</UpdatorDate>
      </IncidentOffense>
      <IncidentPerson>
         <ApproxAge>46</ApproxAge>
         <ResidentStatusCode>R</ResidentStatusCode>
         <CreatorId>STATE_OSUPER5</CreatorId>
         <CreatorDate>07/27/2015 13:27:39</CreatorDate>
         <UpdatorId>TSTC</UpdatorId>
         <UpdatorDate>05/24/2023 12:41:20</UpdatorDate>
         <Person>
            <PersonId>614</PersonId>
            <RaceCode>B</RaceCode>
            <SexCode>M</SexCode>
            <PersonVerified>Y</PersonVerified>
            <PersonPrimaryName>
               <LastName>Smith</LastName>
               <FirstName>Willard</FirstName>
               <MiddleName>Carroll</MiddleName>
               <DOB>09/25/1968 00:00:00</DOB>
               <DateOfInfo>10/24/2014 17:16:14</DateOfInfo>
               <SLastName>S530</SLastName>
               <SFirstName>W463</SFirstName>
            </PersonPrimaryName>
            <Alias>
               <NameTypeCode>P</NameTypeCode>
               <LastName>Smith</LastName>
               <FirstName>Willard</FirstName>
               <MiddleName>Carroll</MiddleName>
               <DOB>09/25/1968 00:00:00</DOB>
               <SLastName>S530</SLastName>
               <SFirstName>W463</SFirstName>
               <DateOfInfo>10/24/2014 17:16:14</DateOfInfo>
            </Alias>
            <PersonAddress>
               <StreetNumber>428</StreetNumber>
               <StreetName>Grand</StreetName>
               <StreetTypeCode>AVE</StreetTypeCode>
               <City>Brooklyn</City>
               <StateCode>NY</StateCode>
               <Zip5>11238</Zip5>
               <CountryCode>US</CountryCode>
               <Longitude>-73.962135</Longitude>
               <Latitude>40.683561</Latitude>
               <Beat>Test</Beat>
               <SubBeat>Area</SubBeat>
            </PersonAddress>
         </Person>
         <IncidentPersonRole>
            <RoleType>S</RoleType>
            <CreatorId>42CIDSUP</CreatorId>
            <CreatorDate>10/20/2015 15:42:02</CreatorDate>
            <UpdatorId>TSTC</UpdatorId>
            <UpdatorDate>08/15/2023 20:32:22</UpdatorDate>
         </IncidentPersonRole>
      </IncidentPerson>
      <IncidentPerson>
         <ApproxAge>95</ApproxAge>
         <ResidentStatusCode>R</ResidentStatusCode>
         <CreatorId>DLIVANGOOD</CreatorId>
         <CreatorDate>10/20/2015 15:41:40</CreatorDate>
         <UpdatorId>TSTC</UpdatorId>
         <UpdatorDate>05/24/2023 12:41:22</UpdatorDate>
         <Person>
            <PersonId>528</PersonId>
            <RaceCode>W</RaceCode>
            <SexCode>M</SexCode>
            <EthnicityCode>O</EthnicityCode>
            <PersonVerified>Y</PersonVerified>
            <PersonPrimaryName>
               <LastName>Cousteau</LastName>
               <FirstName>Jacques</FirstName>
               <MiddleName>Yves</MiddleName>
               <DOB>06/11/1920 00:00:00</DOB>
               <DateOfInfo>03/26/2014 16:10:19</DateOfInfo>
               <SLastName>C230</SLastName>
               <SFirstName>J220</SFirstName>
            </PersonPrimaryName>
            <Alias>
               <NameTypeCode>P</NameTypeCode>
               <LastName>Cousteau</LastName>
               <FirstName>Jacques</FirstName>
               <MiddleName>Yves</MiddleName>
               <DOB>06/11/1920 00:00:00</DOB>
               <SLastName>C230</SLastName>
               <SFirstName>J220</SFirstName>
               <DateOfInfo>03/26/2014 16:10:19</DateOfInfo>
            </Alias>
            <PersonAddress>
               <StreetNumber>123</StreetNumber>
               <StreetDirCode>N</StreetDirCode>
               <StreetName>Automation</StreetName>
               <StreetTypeCode>RD</StreetTypeCode>
               <SubTypeCode>TRLR</SubTypeCode>
               <CountryCode>US</CountryCode>
               <Beat>104</Beat>
               <SubBeat>West Patrol</SubBeat>
            </PersonAddress>
         </Person>
         <IncidentPersonRole>
            <RoleType>V</RoleType>
            <CreatorId>42CIDSUP</CreatorId>
            <CreatorDate>10/20/2015 15:41:40</CreatorDate>
            <UpdatorId>TSTC</UpdatorId>
            <UpdatorDate>08/15/2023 20:32:22</UpdatorDate>
         </IncidentPersonRole>
      </IncidentPerson>
      <IncidentVehicle>
         <VEHICLE_ID>146</VEHICLE_ID>
         <RoleCode>ST</RoleCode>
         <CreatorId>42CIDSUP</CreatorId>
         <CreatorDate>10/20/2015 15:42:38</CreatorDate>
         <UpdatorId>42CIDSUP</UpdatorId>
         <UpdatorDate>10/20/2015 15:42:38</UpdatorDate>
         <DateOfInfo>09/13/2012 11:14:23</DateOfInfo>
         <DateOfInfo>07/22/2012 00:00:00</DateOfInfo>
         <StatusCode>7</StatusCode>
         <VIN>2HGES25774H500726</VIN>
         <VehicleYear>2004</VehicleYear>
         <VehicleMakeCode>HOND</VehicleMakeCode>
         <VehSecColorCode>SIL</VehSecColorCode>
         <VehSecColorCode>SIL</VehSecColorCode>
         <VehicleLicStateCode>IN</VehicleLicStateCode>
         <VehicleLicStateCode>IN</VehicleLicStateCode>
         <VehicleLicNumber>RKD392</VehicleLicNumber>
         <VehicleLicNumber>RKD392</VehicleLicNumber>
         <VehicleLicYear>2015</VehicleLicYear>
         <VehicleLicYear>2015</VehicleLicYear>
         <VehicleLicMonth>3</VehicleLicMonth>
         <VehicleLicMonth>3</VehicleLicMonth>
         <VehicleValue>5000</VehicleValue>
      </IncidentVehicle>
   </IncidentSupplement>
</Incident>