<?xml version="1.0" encoding="UTF-8"?>
<Incident xmlns:xsi="http://www.w3.org/2001/XMLSchema-instance"
          xsi:noNamespaceSchemaLocation="file:///C:/DATA/EJS/SVN_Root/Ejustice/trunk/XMLTransformations/OnlineRMSInternalToIncident/IAOnlineRMSIncidentImport.xsd">
   <IncidentReportNum>2017D4210094</IncidentReportNum>
   <AgencyCode>D42</AgencyCode>
   <ORINum>SC0280000</ORINum>
   <ReportDate>07/01/2016 11:34:00</ReportDate>
   <ReportTime>07/01/2016 11:34:00</ReportTime>
   <StartDate>07/01/2016 11:34:00</StartDate>
   <StartTime>07/01/2017 11:34:00</StartTime>
   <Summary>Possible arson crime.</Summary>
   <CreatorId>STATE_OFFICER11</CreatorId>
   <CreatorDate>07/05/2017 11:34:21</CreatorDate>
   <UpdatorId>TSTC</UpdatorId>
   <UpdatorDate>09/09/2021 18:46:39</UpdatorDate>
   <IncidentType>
      <IncidentTypeCode>FI</IncidentTypeCode>
   </IncidentType>
   <IncidentAddress>
      <AddressId>430</AddressId>
      <Beat>D2</Beat>
      <SubBeat>Sub D2</SubBeat>
      <City>18</City>
      <CreatorId>STATE_OFFICER11</CreatorId>
      <CreatorDate>07/05/2017 11:35:58</CreatorDate>
      <UpdatorId>TSTC</UpdatorId>
      <UpdatorDate>07/05/2017 11:36:08</UpdatorDate>
      <Address>
         <AddressId>430</AddressId>
         <StreetNumber>24</StreetNumber>
         <StreetName>Blue Ridge</StreetName>
         <StreetTypeCode>RD</StreetTypeCode>
         <City>Indianapolis</City>
         <StateCode>IN</StateCode>
         <Zip5>46208</Zip5>
         <Zip4>8888</Zip4>
         <CountryCode>US</CountryCode>
         <Beat>D2</Beat>
         <SubBeat>Sub D2</SubBeat>
         <Longitude>-86.159319</Longitude>
         <Latitude>39.837572</Latitude>
         <AddressCommonName>
            <CommonPlaceName>Health Center</CommonPlaceName>
         </AddressCommonName>
      </Address>
   </IncidentAddress>
   <IncidentSupplement>
      <SupplementSequence>0</SupplementSequence>
      <IncSupplementStatusCode>A</IncSupplementStatusCode>
      <SuppReportDate>07/05/2017 11:34:22</SuppReportDate>
      <SuppReportTime>07/05/2017 11:34:22</SuppReportTime>
      <AgencyOnly>N</AgencyOnly>
      <SecurityLevel>1201</SecurityLevel>
      <SuppAgencyCode>D42</SuppAgencyCode>
      <UnknownNoOffenders>N</UnknownNoOffenders>
      <DsIcrDate>07/05/2017 11:40:44</DsIcrDate>
      <DsIcrSubmissionStatus>SENT WAITING FOR RESPONSE</DsIcrSubmissionStatus>
      <CreatorId>STATE_OFFICER11</CreatorId>
      <CreatorDate>07/05/2017 11:34:22</CreatorDate>
      <UpdatorId>TSTC</UpdatorId>
      <UpdatorDate>08/05/2021 17:38:27</UpdatorDate>
      <IncidentSuppNarrative>
         <NarrativeNumber>1</NarrativeNumber>
         <NarrativeTitle>Original Narrative</NarrativeTitle>
         <NarrativeText>&amp;nbsp;Offender xxxxx confessed to starting a fire in the victim's backyard.</NarrativeText>
         <CreatorId>STATE_OFFICER11</CreatorId>
         <CreatorDate>07/05/2017 12:22:56</CreatorDate>
         <UpdatorId>STATE_OFFICER11</UpdatorId>
         <UpdatorDate>07/05/2017 12:22:56</UpdatorDate>
      </IncidentSuppNarrative>
      <IncidentOfficer>
         <OfficerRoleCode>P</OfficerRoleCode>
         <Officer>
            <AgencyCode>D42</AgencyCode>
            <ORINumber>SC0280000</ORINumber>
            <LastName>Ranz</LastName>
            <FirstName>Greg</FirstName>
            <InternalID>9696</InternalID>
         </Officer>
      </IncidentOfficer>
      <IncidentOfficer>
         <OfficerRoleCode>R</OfficerRoleCode>
         <Officer>
            <AgencyCode>D42</AgencyCode>
            <ORINumber>SC0280000</ORINumber>
            <LastName>Ranz</LastName>
            <FirstName>Greg</FirstName>
            <InternalID>9696</InternalID>
         </Officer>
      </IncidentOfficer>
      <IncidentOffense>
         <IncidentId>2740</IncidentId>
         <OffenseNumber>1</OffenseNumber>
         <OffenseStatusCode>00</OffenseStatusCode>
         <OffenseCode>35-43-1-1A(2)</OffenseCode>
         <PlaceCode>03</PlaceCode>
         <BiasCode>88</BiasCode>
         <CSAUCode>C</CSAUCode>
         <SupplementSeq>0</SupplementSeq>
         <UCRNumber>1</UCRNumber>
         <OffenseStatusDate>07/01/2016 11:34:00</OffenseStatusDate>
         <AttemptedCompletedCode>C</AttemptedCompletedCode>
         <ArrestChargeCode>35-43-1-1A(2)</ArrestChargeCode>
         <CreatorId>STATE_OFFICER11</CreatorId>
         <CreatorDate>07/05/2017 11:36:35</CreatorDate>
         <UpdatorId>STATE_OFFICER11</UpdatorId>
         <UpdatorDate>07/05/2017 11:36:35</UpdatorDate>
      </IncidentOffense>
      <IncidentPerson>
         <ApproxAge>47</ApproxAge>
         <ResidentStatusCode>R</ResidentStatusCode>
         <CreatorId>STATE_OFFICER11</CreatorId>
         <CreatorDate>07/05/2017 11:37:23</CreatorDate>
         <UpdatorId>TSTC</UpdatorId>
         <UpdatorDate>05/24/2023 12:41:22</UpdatorDate>
         <Person>
            <PersonId>20</PersonId>
            <RaceCode>W</RaceCode>
            <SexCode>U</SexCode>
            <PersonVerified>Y</PersonVerified>
            <PersonPrimaryName>
               <LastName>Thompson</LastName>
               <FirstName>Terry</FirstName>
               <DateOfInfo>02/18/2012 18:48:11</DateOfInfo>
               <SLastName>T512</SLastName>
               <SFirstName>T600</SFirstName>
            </PersonPrimaryName>
            <PersonPrimaryName>
               <LastName>Thompsonsen</LastName>
               <FirstName>Theodore</FirstName>
               <DateOfInfo>03/01/2013 00:00:00</DateOfInfo>
               <SLastName>T512</SLastName>
               <SFirstName>T360</SFirstName>
            </PersonPrimaryName>
            <Alias>
               <NameTypeCode>A</NameTypeCode>
               <LastName>Thompson</LastName>
               <FirstName>Terry</FirstName>
               <SLastName>T512</SLastName>
               <SFirstName>T600</SFirstName>
               <DateOfInfo>02/18/2012 18:48:11</DateOfInfo>
            </Alias>
            <Alias>
               <NameTypeCode>P</NameTypeCode>
               <LastName>Thompsonsen</LastName>
               <FirstName>Theodore</FirstName>
               <SLastName>T512</SLastName>
               <SFirstName>T360</SFirstName>
               <DateOfInfo>03/01/2013 00:00:00</DateOfInfo>
            </Alias>
            <PersonAddress>
               <StreetNumber>752</StreetNumber>
               <StreetDirCode>E</StreetDirCode>
               <StreetName>Coil</StreetName>
               <StreetTypeCode>APTS</StreetTypeCode>
               <SubTypeCode>BSMT</SubTypeCode>
               <City>INDIANAPOLIS</City>
               <StateCode>IN</StateCode>
               <Zip5>43221</Zip5>
               <Zip4>5</Zip4>
               <CountryCode>US</CountryCode>
               <CountyCode>27</CountyCode>
               <Longitude>-86.14465</Longitude>
               <Latitude>39.874427</Latitude>
               <Beat>Test</Beat>
               <SubBeat>Area</SubBeat>
            </PersonAddress>
         </Person>
         <IncidentPersonRole>
            <RoleType>V</RoleType>
            <CreatorId>TADMIN</CreatorId>
            <CreatorDate>07/05/2017 11:37:23</CreatorDate>
            <UpdatorId>TSTC</UpdatorId>
            <UpdatorDate>08/15/2023 20:32:22</UpdatorDate>
         </IncidentPersonRole>
      </IncidentPerson>
      <IncidentVehicle>
         <VEHICLE_ID>202</VEHICLE_ID>
         <RoleCode>OT</RoleCode>
         <CreatorId>STATE_OFFICER11</CreatorId>
         <CreatorDate>07/05/2017 11:39:22</CreatorDate>
         <UpdatorId>STATE_OFFICER11</UpdatorId>
         <UpdatorDate>07/05/2017 11:39:22</UpdatorDate>
         <DateOfInfo>12/26/2013 00:00:00</DateOfInfo>
         <DateOfInfo>05/10/2016 23:21:31</DateOfInfo>
         <StatusCode>16</StatusCode>
         <VIN>XE4567FDGHJKYU</VIN>
         <VehicleYear>2014</VehicleYear>
         <VehicleMakeCode>JEP</VehicleMakeCode>
         <VehicleModelCode>TK</VehicleModelCode>
         <VehicleTypeCode>TK</VehicleTypeCode>
         <VehPriColorCode>SIL</VehPriColorCode>
         <VehPriColorCode>SIL</VehPriColorCode>
         <VehSecColorCode>SIL</VehSecColorCode>
         <VehSecColorCode>SIL</VehSecColorCode>
         <VehicleLicStateCode>CO</VehicleLicStateCode>
         <VehicleLicStateCode>CO</VehicleLicStateCode>
         <VehicleLicNumber>855 UVB</VehicleLicNumber>
         <VehicleLicNumber>855 UVB</VehicleLicNumber>
         <VehicleLicYear>2014</VehicleLicYear>
         <VehicleLicYear>2014</VehicleLicYear>
         <VehicleLicMonth>6</VehicleLicMonth>
         <VehicleLicMonth>6</VehicleLicMonth>
         <VehicleValue>5000</VehicleValue>
      </IncidentVehicle>
      <IncidentProperty>
         <RoleCode>2</RoleCode>
         <CreatorId>STATE_OFFICER12</CreatorId>
         <CreatorDate>07/05/2017 11:38:26</CreatorDate>
         <UpdatorId>TSTC</UpdatorId>
         <UpdatorDate>08/10/2017 23:00:52</UpdatorDate>
         <DateOfInfo>07/05/2017 00:00:00</DateOfInfo>
         <StatusCode>2</StatusCode>
         <DocumentTypeCode>P</DocumentTypeCode>
         <PropertyTypeCode>654</PropertyTypeCode>
         <PropertyValue>500</PropertyValue>
         <Value>500</Value>
         <SerialNumber>4K2K9</SerialNumber>
         <Evidence>N</Evidence>
         <EvidenceFlag>N</EvidenceFlag>
         <Property_ID>1619</Property_ID>
         <PrimaryColor>BLK</PrimaryColor>
         <Make>Weber</Make>
         <Quantity>1</Quantity>
      </IncidentProperty>
   </IncidentSupplement>
</Incident>