<?xml version="1.0" encoding="UTF-8"?>
<Incident xmlns:xsi="http://www.w3.org/2001/XMLSchema-instance"
          xsi:noNamespaceSchemaLocation="file:///C:/DATA/EJS/SVN_Root/Ejustice/trunk/XMLTransformations/OnlineRMSInternalToIncident/IAOnlineRMSIncidentImport.xsd">
   <IncidentReportNum>2015ROOT0222</IncidentReportNum>
   <AgencyCode>D42</AgencyCode>
   <ORINum>SC0280000</ORINum>
   <ReportDate>08/23/2016 14:29:00</ReportDate>
   <ReportTime>08/23/2016 14:29:00</ReportTime>
   <StartDate>08/23/2016 14:29:00</StartDate>
   <StartTime>08/01/2016 14:29:00</StartTime>
   <CreatorId>42CIDSUP</CreatorId>
   <CreatorDate>11/12/2015 09:14:10</CreatorDate>
   <UpdatorId>TSTC</UpdatorId>
   <UpdatorDate>09/09/2021 18:46:37</UpdatorDate>
   <IncidentType>
      <IncidentTypeCode>FV</IncidentTypeCode>
   </IncidentType>
   <IncidentAddress>
      <AddressId>430</AddressId>
      <Beat>D2</Beat>
      <SubBeat>Sub D2</SubBeat>
      <City>51</City>
      <CreatorId>42CIDSUP</CreatorId>
      <CreatorDate>08/23/2016 14:30:09</CreatorDate>
      <UpdatorId>TSTC</UpdatorId>
      <UpdatorDate>08/23/2016 14:31:20</UpdatorDate>
      <Address>
         <AddressId>430</AddressId>
         <StreetNumber>24</StreetNumber>
         <StreetName>Blue Ridge</StreetName>
         <StreetTypeCode>RD</StreetTypeCode>
         <City>Indianapolis</City>
         <StateCode>IN</StateCode>
         <Zip5>46208</Zip5>
         <Zip4>8888</Zip4>
         <CountryCode>US</CountryCode>
         <Beat>D2</Beat>
         <SubBeat>Sub D2</SubBeat>
         <Longitude>-86.159319</Longitude>
         <Latitude>39.837572</Latitude>
         <AddressCommonName>
            <CommonPlaceName>Health Center</CommonPlaceName>
         </AddressCommonName>
      </Address>
   </IncidentAddress>
   <IncidentSupplement>
      <SupplementSequence>0</SupplementSequence>
      <IncSupplementStatusCode>A</IncSupplementStatusCode>
      <SuppReportDate>11/12/2015 09:14:10</SuppReportDate>
      <SuppReportTime>11/12/2015 09:14:10</SuppReportTime>
      <AgencyOnly>N</AgencyOnly>
      <SecurityLevel>1100</SecurityLevel>
      <SuppAgencyCode>D42</SuppAgencyCode>
      <UnknownNoOffenders>N</UnknownNoOffenders>
      <DsIcrDate>08/23/2016 14:36:15</DsIcrDate>
      <DsIcrSubmissionStatus>SENT WAITING FOR RESPONSE</DsIcrSubmissionStatus>
      <CreatorId>42CIDSUP</CreatorId>
      <CreatorDate>11/12/2015 09:14:10</CreatorDate>
      <UpdatorId>TSTC</UpdatorId>
      <UpdatorDate>08/05/2021 17:38:24</UpdatorDate>
      <IncidentSuppNarrative>
         <NarrativeNumber>1</NarrativeNumber>
         <NarrativeTitle>Original Narrative</NarrativeTitle>
         <NarrativeText>&amp;nbsp;test</NarrativeText>
         <CreatorId>42CIDSUP</CreatorId>
         <CreatorDate>08/23/2016 14:35:24</CreatorDate>
         <UpdatorId>42CIDSUP</UpdatorId>
         <UpdatorDate>08/23/2016 14:35:24</UpdatorDate>
      </IncidentSuppNarrative>
      <IncidentOfficer>
         <OfficerRoleCode>P</OfficerRoleCode>
         <Officer>
            <AgencyCode>D22</AgencyCode>
            <ORINumber>147258369</ORINumber>
            <LastName>Collins</LastName>
            <FirstName>Sgt.</FirstName>
            <InternalID>5513</InternalID>
         </Officer>
      </IncidentOfficer>
      <IncidentOfficer>
         <OfficerRoleCode>R</OfficerRoleCode>
         <Officer>
            <AgencyCode>D22</AgencyCode>
            <ORINumber>147258369</ORINumber>
            <LastName>Collins</LastName>
            <FirstName>Sgt.</FirstName>
            <InternalID>5513</InternalID>
         </Officer>
      </IncidentOfficer>
      <IncidentOffense>
         <IncidentId>2411</IncidentId>
         <OffenseNumber>1</OffenseNumber>
         <OffenseStatusCode>00</OffenseStatusCode>
         <OffenseCode>35-42-2-1  B08</OffenseCode>
         <PlaceCode>01</PlaceCode>
         <BiasCode>88</BiasCode>
         <CSAUCode>C</CSAUCode>
         <SupplementSeq>0</SupplementSeq>
         <UCRNumber>1</UCRNumber>
         <OffenseStatusDate>08/23/2016 14:29:00</OffenseStatusDate>
         <AttemptedCompletedCode>C</AttemptedCompletedCode>
         <ArrestChargeCode>35-42-2-1  B08</ArrestChargeCode>
         <CreatorId>42CIDSUP</CreatorId>
         <CreatorDate>08/23/2016 14:33:16</CreatorDate>
         <UpdatorId>42CIDSUP</UpdatorId>
         <UpdatorDate>08/23/2016 14:33:16</UpdatorDate>
      </IncidentOffense>
      <IncidentPerson>
         <ApproxAge>49</ApproxAge>
         <ResidentStatusCode>R</ResidentStatusCode>
         <CreatorId>42CIDSUP</CreatorId>
         <CreatorDate>08/23/2016 14:34:06</CreatorDate>
         <UpdatorId>TSTC</UpdatorId>
         <UpdatorDate>05/24/2023 12:41:22</UpdatorDate>
         <Person>
            <PersonId>40</PersonId>
            <RaceCode>W</RaceCode>
            <SexCode>F</SexCode>
            <PersonVerified>Y</PersonVerified>
            <PersonPrimaryName>
               <LastName>Smith</LastName>
               <FirstName>Lori</FirstName>
               <DOB>01/01/1967 00:00:00</DOB>
               <DateOfInfo>03/15/2012 10:29:31</DateOfInfo>
               <SLastName>S530</SLastName>
               <SFirstName>L600</SFirstName>
            </PersonPrimaryName>
            <Alias>
               <NameTypeCode>P</NameTypeCode>
               <LastName>Smith</LastName>
               <FirstName>Lori</FirstName>
               <DOB>01/01/1967 00:00:00</DOB>
               <SLastName>S530</SLastName>
               <SFirstName>L600</SFirstName>
               <DateOfInfo>03/15/2012 10:29:31</DateOfInfo>
            </Alias>
            <PersonAddress>
               <StreetNumber>123</StreetNumber>
               <StreetDirCode>E</StreetDirCode>
               <StreetName>SCHOOL</StreetName>
               <StreetTypeCode>ST</StreetTypeCode>
               <City>SAINT PAUL</City>
               <StateCode>IN</StateCode>
               <Zip5>21354</Zip5>
               <Zip4>1354</Zip4>
               <CountryCode>US</CountryCode>
               <CountyCode>NaN</CountyCode>
               <Longitude>-85.626937</Longitude>
               <Latitude>39.430871</Latitude>
               <SubBeat>P16</SubBeat>
            </PersonAddress>
         </Person>
         <IncidentPersonRole>
            <RoleType>S</RoleType>
            <CreatorId>42CIDSUP</CreatorId>
            <CreatorDate>08/23/2016 14:34:07</CreatorDate>
            <UpdatorId>TSTC</UpdatorId>
            <UpdatorDate>08/15/2023 20:32:23</UpdatorDate>
         </IncidentPersonRole>
      </IncidentPerson>
      <IncidentPerson>
         <ApproxAge>48</ApproxAge>
         <ResidentStatusCode>R</ResidentStatusCode>
         <CreatorId>42CIDSUP</CreatorId>
         <CreatorDate>08/23/2016 14:34:50</CreatorDate>
         <UpdatorId>TSTC</UpdatorId>
         <UpdatorDate>05/24/2023 12:41:22</UpdatorDate>
         <Person>
            <PersonId>803</PersonId>
            <RaceCode>P</RaceCode>
            <SexCode>M</SexCode>
            <PersonVerified>Y</PersonVerified>
            <PersonPrimaryName>
               <LastName>Williams</LastName>
               <FirstName>Sonny</FirstName>
               <MiddleName>Bill</MiddleName>
               <DateOfInfo>11/23/2015 10:33:49</DateOfInfo>
               <SLastName>W452</SLastName>
               <SFirstName>S500</SFirstName>
            </PersonPrimaryName>
            <Alias>
               <NameTypeCode>P</NameTypeCode>
               <LastName>Williams</LastName>
               <FirstName>Sonny</FirstName>
               <MiddleName>Bill</MiddleName>
               <SLastName>W452</SLastName>
               <SFirstName>S500</SFirstName>
               <DateOfInfo>11/23/2015 10:33:49</DateOfInfo>
            </Alias>
            <PersonAddress>
               <StreetNumber>3722</StreetNumber>
               <StreetDirCode>E</StreetDirCode>
               <StreetName>Cactus Creek</StreetName>
               <StreetTypeCode>CT</StreetTypeCode>
               <City>Highlands Ranch</City>
               <StateCode>CO</StateCode>
               <Zip5>80126</Zip5>
               <CountryCode>US</CountryCode>
               <Longitude>-104.945016</Longitude>
               <Latitude>39.565181</Latitude>
            </PersonAddress>
            <PersonPhone>
               <PhoneTypeCode>RES</PhoneTypeCode>
               <PhoneArea>649</PhoneArea>
               <PhonePrefix>521</PhonePrefix>
               <PhoneSuffix>5850</PhoneSuffix>
               <DateOfInfo>11/23/2015 00:00:00</DateOfInfo>
            </PersonPhone>
            <PersonPhone>
               <PhoneTypeCode>CEL</PhoneTypeCode>
               <PhoneArea>123</PhoneArea>
               <PhonePrefix>566</PhonePrefix>
               <PhoneSuffix>799</PhoneSuffix>
               <DateOfInfo>02/01/2016 00:00:00</DateOfInfo>
            </PersonPhone>
         </Person>
         <IncidentPersonRole>
            <RoleType>V</RoleType>
            <CreatorId>42CIDSUP</CreatorId>
            <CreatorDate>08/23/2016 14:34:50</CreatorDate>
            <UpdatorId>TSTC</UpdatorId>
            <UpdatorDate>08/15/2023 20:32:23</UpdatorDate>
         </IncidentPersonRole>
      </IncidentPerson>
   </IncidentSupplement>
</Incident>