<?xml version="1.0" encoding="UTF-8"?>
<Incident xmlns:xsi="http://www.w3.org/2001/XMLSchema-instance"
          xsi:noNamespaceSchemaLocation="file:///C:/DATA/EJS/SVN_Root/Ejustice/trunk/XMLTransformations/OnlineRMSInternalToIncident/IAOnlineRMSIncidentImport.xsd">
   <IncidentReportNum>2017D4210095</IncidentReportNum>
   <AgencyCode>D42</AgencyCode>
   <ORINum>SC0280000</ORINum>
   <ReportDate>07/06/2017 10:41:00</ReportDate>
   <ReportTime>07/06/2017 10:41:00</ReportTime>
   <StartDate>07/06/2017 10:41:00</StartDate>
   <StartTime>07/01/2017 10:41:00</StartTime>
   <CreatorId>PDPD1</CreatorId>
   <CreatorDate>07/06/2017 10:41:34</CreatorDate>
   <UpdatorId>TSTC</UpdatorId>
   <UpdatorDate>09/09/2021 18:46:39</UpdatorDate>
   <IncidentType>
      <IncidentTypeCode>B/V</IncidentTypeCode>
   </IncidentType>
   <IncidentAddress>
      <AddressId>485</AddressId>
      <CreatorId>STATE_OFFICER11</CreatorId>
      <CreatorDate>07/06/2017 10:42:14</CreatorDate>
      <UpdatorId>TSTC</UpdatorId>
      <UpdatorDate>07/06/2017 10:42:18</UpdatorDate>
      <Address>
         <AddressId>485</AddressId>
         <StreetNumber>400</StreetNumber>
         <StreetDirCode>S</StreetDirCode>
         <StreetName>Cottage</StreetName>
         <StreetTypeCode>AVE</StreetTypeCode>
         <StreetSuffixCode>NE</StreetSuffixCode>
         <SubTypeCode>BLDG</SubTypeCode>
         <SubNumber>36</SubNumber>
         <City>Miles City</City>
         <StateCode>MT</StateCode>
         <Zip5>59301</Zip5>
         <Zip4>1231</Zip4>
         <CountryCode>US</CountryCode>
         <Longitude>-105.839552</Longitude>
         <Latitude>46.404496</Latitude>
         <AddressCommonName>
            <CommonPlaceName>Health Center</CommonPlaceName>
         </AddressCommonName>
      </Address>
   </IncidentAddress>
   <IncidentSupplement>
      <SupplementSequence>0</SupplementSequence>
      <IncSupplementStatusCode>A</IncSupplementStatusCode>
      <SuppReportDate>07/06/2017 10:41:34</SuppReportDate>
      <SuppReportTime>07/06/2017 10:41:34</SuppReportTime>
      <AgencyOnly>N</AgencyOnly>
      <SecurityLevel>1201</SecurityLevel>
      <SuppAgencyCode>D42</SuppAgencyCode>
      <UnknownNoOffenders>N</UnknownNoOffenders>
      <DsIcrDate>07/06/2017 10:49:40</DsIcrDate>
      <DsIcrSubmissionStatus>NOT REPORTABLE</DsIcrSubmissionStatus>
      <CreatorId>STATE_OFFICER11</CreatorId>
      <CreatorDate>07/06/2017 10:41:34</CreatorDate>
      <UpdatorId>TSTC</UpdatorId>
      <UpdatorDate>08/05/2021 17:38:27</UpdatorDate>
      <IncidentSuppNarrative>
         <NarrativeNumber>1</NarrativeNumber>
         <NarrativeTitle>Original Narrative</NarrativeTitle>
         <NarrativeText>asdfasdf</NarrativeText>
         <CreatorId>STATE_OFFICER11</CreatorId>
         <CreatorDate>07/06/2017 10:42:26</CreatorDate>
         <UpdatorId>STATE_OFFICER11</UpdatorId>
         <UpdatorDate>07/06/2017 10:42:26</UpdatorDate>
      </IncidentSuppNarrative>
      <IncidentOfficer>
         <OfficerRoleCode>P</OfficerRoleCode>
         <Officer>
            <AgencyCode>D42</AgencyCode>
            <ORINumber>SC0280000</ORINumber>
            <LastName>Ranz</LastName>
            <FirstName>Greg</FirstName>
            <InternalID>9696</InternalID>
         </Officer>
      </IncidentOfficer>
      <IncidentOfficer>
         <OfficerRoleCode>R</OfficerRoleCode>
         <Officer>
            <AgencyCode>D42</AgencyCode>
            <ORINumber>SC0280000</ORINumber>
            <LastName>Ranz</LastName>
            <FirstName>Greg</FirstName>
            <InternalID>9696</InternalID>
         </Officer>
      </IncidentOfficer>
   </IncidentSupplement>
</Incident>