<?xml version="1.0" encoding="UTF-8"?>
<Incident xmlns:xsi="http://www.w3.org/2001/XMLSchema-instance"
          xsi:noNamespaceSchemaLocation="file:///C:/DATA/EJS/SVN_Root/Ejustice/trunk/XMLTransformations/OnlineRMSInternalToIncident/IAOnlineRMSIncidentImport.xsd">
   <IncidentReportNum>2015ROOT0212</IncidentReportNum>
   <AgencyCode>D42</AgencyCode>
   <ORINum>SC0280000</ORINum>
   <ReportDate>10/29/2015 16:36:00</ReportDate>
   <ReportTime>10/29/2015 16:36:00</ReportTime>
   <StartDate>10/29/2015 16:36:00</StartDate>
   <StartTime>10/01/2015 16:36:00</StartTime>
   <Summary>asdfas</Summary>
   <CreatorId>STATE_OFFICER11</CreatorId>
   <CreatorDate>10/29/2015 16:35:59</CreatorDate>
   <UpdatorId>TSTC</UpdatorId>
   <UpdatorDate>09/09/2021 18:46:37</UpdatorDate>
   <IncidentType>
      <IncidentTypeCode>B/V</IncidentTypeCode>
   </IncidentType>
   <IncidentAddress>
      <AddressId>365</AddressId>
      <Beat>Test</Beat>
      <SubBeat>Area</SubBeat>
      <City>6</City>
      <CreatorId>STATE_OFFICER11</CreatorId>
      <CreatorDate>10/29/2015 16:36:31</CreatorDate>
      <UpdatorId>TSTC</UpdatorId>
      <UpdatorDate>10/29/2015 16:36:48</UpdatorDate>
      <Address>
         <AddressId>365</AddressId>
         <StreetNumber>369</StreetNumber>
         <StreetDirCode>E</StreetDirCode>
         <StreetName>Frontage</StreetName>
         <StreetTypeCode>RD</StreetTypeCode>
         <CountryCode>US</CountryCode>
         <Beat>Test</Beat>
         <SubBeat>Area</SubBeat>
         <AddressCommonName>
            <CommonPlaceName>District 42 test</CommonPlaceName>
         </AddressCommonName>
      </Address>
   </IncidentAddress>
   <IncidentSupplement>
      <SupplementSequence>0</SupplementSequence>
      <IncSupplementStatusCode>A</IncSupplementStatusCode>
      <SuppReportDate>10/29/2015 16:36:00</SuppReportDate>
      <SuppReportTime>10/29/2015 16:36:00</SuppReportTime>
      <AgencyOnly>N</AgencyOnly>
      <SecurityLevel>1201</SecurityLevel>
      <SuppAgencyCode>D42</SuppAgencyCode>
      <UnknownNoOffenders>N</UnknownNoOffenders>
      <DsIcrDate>10/29/2015 16:44:03</DsIcrDate>
      <DsIcrSubmissionStatus>SENT WAITING FOR RESPONSE</DsIcrSubmissionStatus>
      <CreatorId>STATE_OFFICER11</CreatorId>
      <CreatorDate>10/29/2015 16:36:00</CreatorDate>
      <UpdatorId>TSTC</UpdatorId>
      <UpdatorDate>08/05/2021 17:38:24</UpdatorDate>
      <IncidentSuppNarrative>
         <NarrativeNumber>1</NarrativeNumber>
         <NarrativeTitle>Original Narrative</NarrativeTitle>
         <NarrativeText>&amp;nbsp;asdfasdfa</NarrativeText>
         <CreatorId>STATE_OFFICER11</CreatorId>
         <CreatorDate>10/29/2015 16:39:35</CreatorDate>
         <UpdatorId>STATE_OFFICER11</UpdatorId>
         <UpdatorDate>10/29/2015 16:39:35</UpdatorDate>
      </IncidentSuppNarrative>
      <IncidentOfficer>
         <OfficerRoleCode>P</OfficerRoleCode>
         <Officer>
            <AgencyCode>D42</AgencyCode>
            <ORINumber>SC0280000</ORINumber>
            <LastName>Ranz</LastName>
            <FirstName>Greg</FirstName>
            <InternalID>9696</InternalID>
         </Officer>
      </IncidentOfficer>
      <IncidentOfficer>
         <OfficerRoleCode>R</OfficerRoleCode>
         <Officer>
            <AgencyCode>D42</AgencyCode>
            <ORINumber>SC0280000</ORINumber>
            <LastName>Ranz</LastName>
            <FirstName>Greg</FirstName>
            <InternalID>9696</InternalID>
         </Officer>
      </IncidentOfficer>
      <IncidentOffense>
         <IncidentId>2400</IncidentId>
         <OffenseNumber>1</OffenseNumber>
         <OffenseStatusCode>00</OffenseStatusCode>
         <OffenseCode>35-43-4-2  T07</OffenseCode>
         <PlaceCode>44</PlaceCode>
         <BiasCode>24</BiasCode>
         <CSAUCode>A</CSAUCode>
         <SupplementSeq>0</SupplementSeq>
         <UCRNumber>1</UCRNumber>
         <OffenseStatusDate>10/29/2015 16:36:00</OffenseStatusDate>
         <AttemptedCompletedCode>A</AttemptedCompletedCode>
         <CreatorId>STATE_OFFICER11</CreatorId>
         <CreatorDate>10/29/2015 16:37:13</CreatorDate>
         <UpdatorId>STATE_OFFICER11</UpdatorId>
         <UpdatorDate>10/29/2015 16:37:13</UpdatorDate>
      </IncidentOffense>
      <IncidentPerson>
         <ApproxAge>52</ApproxAge>
         <ResidentStatusCode>R</ResidentStatusCode>
         <CreatorId>STATE_OFFICER11</CreatorId>
         <CreatorDate>10/29/2015 16:37:56</CreatorDate>
         <UpdatorId>TSTC</UpdatorId>
         <UpdatorDate>05/24/2023 12:41:23</UpdatorDate>
         <Person>
            <PersonId>609</PersonId>
            <RaceCode>W</RaceCode>
            <SexCode>M</SexCode>
            <PersonVerified>Y</PersonVerified>
            <PersonPrimaryName>
               <LastName>Tarantino</LastName>
               <FirstName>Quentin</FirstName>
               <MiddleName>Jerome</MiddleName>
               <DOB>03/27/1963 00:00:00</DOB>
               <DateOfInfo>10/24/2014 16:46:30</DateOfInfo>
               <SLastName>T653</SLastName>
               <SFirstName>Q535</SFirstName>
            </PersonPrimaryName>
            <Alias>
               <NameTypeCode>P</NameTypeCode>
               <LastName>Tarantino</LastName>
               <FirstName>Quentin</FirstName>
               <MiddleName>Jerome</MiddleName>
               <DOB>03/27/1963 00:00:00</DOB>
               <SLastName>T653</SLastName>
               <SFirstName>Q535</SFirstName>
               <DateOfInfo>10/24/2014 16:46:30</DateOfInfo>
            </Alias>
            <PersonAddress>
               <StreetNumber>88A</StreetNumber>
               <StreetName>Quincy</StreetName>
               <StreetTypeCode>ST</StreetTypeCode>
               <City>Brooklyn</City>
               <StateCode>NY</StateCode>
               <Zip5>11238</Zip5>
               <CountryCode>US</CountryCode>
               <Longitude>-73.957668</Longitude>
               <Latitude>40.685905</Latitude>
            </PersonAddress>
            <PersonAddress>
               <StreetNumber>45</StreetNumber>
               <StreetName>Rockefeller</StreetName>
               <StreetTypeCode>PLZ</StreetTypeCode>
               <City>Manhattan</City>
               <StateCode>NY</StateCode>
               <Zip5>10011</Zip5>
               <CountryCode>US</CountryCode>
               <Longitude>-73.977732</Longitude>
               <Latitude>40.759209</Latitude>
            </PersonAddress>
         </Person>
         <IncidentPersonRole>
            <RoleType>S</RoleType>
            <CreatorId>STATE_OFFICER11</CreatorId>
            <CreatorDate>10/29/2015 16:37:56</CreatorDate>
            <UpdatorId>TSTC</UpdatorId>
            <UpdatorDate>08/15/2023 20:32:22</UpdatorDate>
         </IncidentPersonRole>
      </IncidentPerson>
      <IncidentPerson>
         <ApproxAge>18</ApproxAge>
         <ResidentStatusCode>R</ResidentStatusCode>
         <CreatorId>STATE_OFFICER11</CreatorId>
         <CreatorDate>10/29/2015 16:38:51</CreatorDate>
         <UpdatorId>TSTC</UpdatorId>
         <UpdatorDate>05/24/2023 12:41:23</UpdatorDate>
         <Person>
            <PersonId>575</PersonId>
            <RaceCode>W</RaceCode>
            <SexCode>M</SexCode>
            <EthnicityCode>U</EthnicityCode>
            <PersonVerified>Y</PersonVerified>
            <PersonPrimaryName>
               <LastName>Random</LastName>
               <FirstName>Guy</FirstName>
               <MiddleName>Joseph</MiddleName>
               <DOB>06/01/1997 00:00:00</DOB>
               <SSN>9.89898989E8</SSN>
               <TitleCode>IV</TitleCode>
               <DateOfInfo>07/22/2014 16:51:52</DateOfInfo>
               <SLastName>R535</SLastName>
               <SFirstName>G000</SFirstName>
            </PersonPrimaryName>
            <Alias>
               <NameTypeCode>P</NameTypeCode>
               <LastName>Random</LastName>
               <FirstName>Guy</FirstName>
               <MiddleName>Joseph</MiddleName>
               <DOB>06/01/1997 00:00:00</DOB>
               <SSN>9.89898989E8</SSN>
               <TitleCode>IV</TitleCode>
               <SLastName>R535</SLastName>
               <SFirstName>G000</SFirstName>
               <DateOfInfo>07/22/2014 16:51:52</DateOfInfo>
            </Alias>
         </Person>
         <IncidentPersonRole>
            <RoleType>V</RoleType>
            <CreatorId>STATE_OFFICER11</CreatorId>
            <CreatorDate>10/29/2015 16:38:51</CreatorDate>
            <UpdatorId>TSTC</UpdatorId>
            <UpdatorDate>08/15/2023 20:32:22</UpdatorDate>
         </IncidentPersonRole>
      </IncidentPerson>
      <IncidentProperty>
         <RoleCode>1</RoleCode>
         <CreatorId>STATE_OFFICER4</CreatorId>
         <CreatorDate>10/29/2015 16:39:28</CreatorDate>
         <UpdatorId>TSTC</UpdatorId>
         <UpdatorDate>08/10/2017 23:00:49</UpdatorDate>
         <DateOfInfo>10/29/2015 00:00:00</DateOfInfo>
         <StatusCode>1</StatusCode>
         <DocumentTypeCode>P</DocumentTypeCode>
         <PropertyTypeCode>508</PropertyTypeCode>
         <PropertyValue>20</PropertyValue>
         <Value>20</Value>
         <SerialNumber>123</SerialNumber>
         <Evidence>N</Evidence>
         <EvidenceFlag>N</EvidenceFlag>
         <Property_ID>1411</Property_ID>
         <Quantity>1</Quantity>
      </IncidentProperty>
   </IncidentSupplement>
   <IncidentSupplement>
      <SupplementSequence>1</SupplementSequence>
      <IncSupplementStatusCode>A</IncSupplementStatusCode>
      <SuppReportDate>10/29/2015 16:40:16</SuppReportDate>
      <SuppReportTime>10/29/2015 16:40:16</SuppReportTime>
      <AgencyOnly>N</AgencyOnly>
      <SecurityLevel>1201</SecurityLevel>
      <SuppAgencyCode>D42</SuppAgencyCode>
      <UnknownNoOffenders>N</UnknownNoOffenders>
      <DsIcrDate>10/29/2015 16:44:03</DsIcrDate>
      <DsIcrSubmissionStatus>SENT WAITING FOR RESPONSE</DsIcrSubmissionStatus>
      <CreatorId>STATE_OFFICER11</CreatorId>
      <CreatorDate>10/29/2015 16:40:16</CreatorDate>
      <UpdatorId>TSTC</UpdatorId>
      <UpdatorDate>08/05/2021 17:38:24</UpdatorDate>
      <IncidentSuppNarrative>
         <NarrativeNumber>1</NarrativeNumber>
         <NarrativeTitle>Supplement#1 - Narrative</NarrativeTitle>
         <NarrativeText>&amp;nbsp;asdfasdf</NarrativeText>
         <CreatorId>STATE_OFFICER11</CreatorId>
         <CreatorDate>10/29/2015 16:43:53</CreatorDate>
         <UpdatorId>STATE_OFFICER11</UpdatorId>
         <UpdatorDate>10/29/2015 16:43:53</UpdatorDate>
      </IncidentSuppNarrative>
      <IncidentOfficer>
         <OfficerRoleCode>P</OfficerRoleCode>
         <Officer>
            <AgencyCode>D42</AgencyCode>
            <ORINumber>SC0280000</ORINumber>
            <LastName>Ranz</LastName>
            <FirstName>Greg</FirstName>
            <InternalID>9696</InternalID>
         </Officer>
      </IncidentOfficer>
      <IncidentOfficer>
         <OfficerRoleCode>R</OfficerRoleCode>
         <Officer>
            <AgencyCode>D42</AgencyCode>
            <ORINumber>SC0280000</ORINumber>
            <LastName>Ranz</LastName>
            <FirstName>Greg</FirstName>
            <InternalID>9696</InternalID>
         </Officer>
      </IncidentOfficer>
      <IncidentOffense>
         <IncidentId>2400</IncidentId>
         <OffenseNumber>2</OffenseNumber>
         <OffenseStatusCode>00</OffenseStatusCode>
         <OffenseCode>35-43-4-2  T09</OffenseCode>
         <PlaceCode>44</PlaceCode>
         <BiasCode>21</BiasCode>
         <CSAUCode>C</CSAUCode>
         <SupplementSeq>1</SupplementSeq>
         <UCRNumber>2</UCRNumber>
         <OffenseStatusDate>10/29/2015 16:36:00</OffenseStatusDate>
         <AttemptedCompletedCode>C</AttemptedCompletedCode>
         <ArrestChargeCode>35-43-4-2  T09</ArrestChargeCode>
         <CreatorId>STATE_OFFICER11</CreatorId>
         <CreatorDate>10/29/2015 16:42:34</CreatorDate>
         <UpdatorId>STATE_OFFICER11</UpdatorId>
         <UpdatorDate>10/29/2015 16:42:34</UpdatorDate>
      </IncidentOffense>
      <IncidentProperty>
         <RoleCode>1</RoleCode>
         <CreatorId>STATE_OFFICER11</CreatorId>
         <CreatorDate>10/29/2015 16:40:28</CreatorDate>
         <UpdatorId>TSTC</UpdatorId>
         <UpdatorDate>08/10/2017 23:00:46</UpdatorDate>
         <DateOfInfo>10/29/2015 00:00:00</DateOfInfo>
         <StatusCode>1</StatusCode>
         <DocumentTypeCode>P</DocumentTypeCode>
         <PropertyTypeCode>508</PropertyTypeCode>
         <PropertyValue>20</PropertyValue>
         <Value>20</Value>
         <SerialNumber>123</SerialNumber>
         <Evidence>N</Evidence>
         <EvidenceFlag>N</EvidenceFlag>
         <Property_ID>1411</Property_ID>
         <Quantity>1</Quantity>
      </IncidentProperty>
      <IncidentProperty>
         <RoleCode>7</RoleCode>
         <CreatorId>STATE_OFFICER11</CreatorId>
         <CreatorDate>10/29/2015 16:43:43</CreatorDate>
         <UpdatorId>TSTC</UpdatorId>
         <UpdatorDate>08/10/2017 23:00:46</UpdatorDate>
         <DateOfInfo>10/29/2015 00:00:00</DateOfInfo>
         <StatusCode>7</StatusCode>
         <DocumentTypeCode>P</DocumentTypeCode>
         <PropertyTypeCode>472</PropertyTypeCode>
         <PropertyValue>100</PropertyValue>
         <Value>100</Value>
         <Evidence>N</Evidence>
         <EvidenceFlag>N</EvidenceFlag>
         <Property_ID>1412</Property_ID>
         <Quantity>1</Quantity>
      </IncidentProperty>
   </IncidentSupplement>
</Incident>