<?xml version="1.0" encoding="UTF-8"?>
<Incident xmlns:xsi="http://www.w3.org/2001/XMLSchema-instance"
          xsi:noNamespaceSchemaLocation="file:///C:/DATA/EJS/SVN_Root/Ejustice/trunk/XMLTransformations/OnlineRMSInternalToIncident/IAOnlineRMSIncidentImport.xsd">
   <IncidentReportNum>2017D4210119</IncidentReportNum>
   <AgencyCode>D42</AgencyCode>
   <ORINum>SC0280000</ORINum>
   <ReportDate>08/15/2017 08:00:00</ReportDate>
   <ReportTime>08/15/2017 08:00:00</ReportTime>
   <StartDate>08/14/2017 12:22:00</StartDate>
   <StartTime>08/14/2017 12:22:00</StartTime>
   <Summary>security testing</Summary>
   <CreatorId>CSAUR</CreatorId>
   <CreatorDate>08/15/2017 12:22:47</CreatorDate>
   <UpdatorId>STATE_OFFICER11</UpdatorId>
   <UpdatorDate>09/13/2023 13:01:57</UpdatorDate>
   <IncidentType>
      <IncidentTypeCode>B/B</IncidentTypeCode>
   </IncidentType>
   <IncidentAddress>
      <AddressId>307</AddressId>
      <Beat>Test</Beat>
      <SubBeat>Area</SubBeat>
      <City>5</City>
      <CreatorId>CSAUR</CreatorId>
      <CreatorDate>08/15/2017 12:27:17</CreatorDate>
      <UpdatorId>TSTC</UpdatorId>
      <UpdatorDate>09/13/2023 11:07:58</UpdatorDate>
      <Address>
         <AddressId>307</AddressId>
         <StreetNumber>439</StreetNumber>
         <StreetDirCode>NE</StreetDirCode>
         <StreetName>ASHWOOD</StreetName>
         <StreetTypeCode>LN</StreetTypeCode>
         <StreetSuffixCode>N</StreetSuffixCode>
         <City>DILLON</City>
         <StateCode>SC</StateCode>
         <CountryCode>US</CountryCode>
         <CrossStreetNumber>123</CrossStreetNumber>
         <CrossStreetDirCode>N</CrossStreetDirCode>
         <CrossStreetTypeCode>ACRE</CrossStreetTypeCode>
         <Beat>Test</Beat>
         <SubBeat>Area</SubBeat>
         <Longitude>-79.516913</Longitude>
         <Latitude>34.3197153</Latitude>
         <AddressCommonName>
            <CommonPlaceName>MICHAELS PLACE</CommonPlaceName>
         </AddressCommonName>
         <AddressCommonName>
            <CommonPlaceName>Michael's Place</CommonPlaceName>
         </AddressCommonName>
      </Address>
   </IncidentAddress>
   <IncidentSupplement>
      <SupplementSequence>0</SupplementSequence>
      <IncSupplementStatusCode>A</IncSupplementStatusCode>
      <SuppReportDate>08/15/2017 12:22:47</SuppReportDate>
      <SuppReportTime>08/15/2017 12:22:47</SuppReportTime>
      <AgencyOnly>N</AgencyOnly>
      <SecurityLevel>1201</SecurityLevel>
      <SuppAgencyCode>D42</SuppAgencyCode>
      <UnknownNoOffenders>N</UnknownNoOffenders>
      <DsIcrDate>09/05/2017 15:19:25</DsIcrDate>
      <DsIcrSubmissionStatus>SENT WAITING FOR RESPONSE</DsIcrSubmissionStatus>
      <CreatorId>CSAUR</CreatorId>
      <CreatorDate>08/15/2017 12:22:47</CreatorDate>
      <UpdatorId>STATE_OFFICER11</UpdatorId>
      <UpdatorDate>09/13/2023 13:01:54</UpdatorDate>
      <IncidentSuppNarrative>
         <NarrativeNumber>1</NarrativeNumber>
         <NarrativeTitle>Original Narrative</NarrativeTitle>
         <NarrativeText>Name: WILLIAMS JONES Sex: Male Race: Hispanic DOB: 03/03/1965</NarrativeText>
         <CreatorId>CSAUR</CreatorId>
         <CreatorDate>08/15/2017 18:00:04</CreatorDate>
         <UpdatorId>CSAUR</UpdatorId>
         <UpdatorDate>08/15/2017 19:14:08</UpdatorDate>
      </IncidentSuppNarrative>
      <IncidentOfficer>
         <OfficerRoleCode>P</OfficerRoleCode>
         <Officer>
            <AgencyCode>D42</AgencyCode>
            <ORINumber>SC0280000</ORINumber>
            <LastName>Saur</LastName>
            <FirstName>Christine</FirstName>
            <InternalID>SAUR111</InternalID>
         </Officer>
      </IncidentOfficer>
      <IncidentOfficer>
         <OfficerRoleCode>R</OfficerRoleCode>
         <Officer>
            <AgencyCode>D42</AgencyCode>
            <ORINumber>SC0280000</ORINumber>
            <LastName>Saur</LastName>
            <FirstName>Christine</FirstName>
            <InternalID>SAUR111</InternalID>
         </Officer>
      </IncidentOfficer>
      <IncidentOfficer>
         <OfficerRoleCode>X</OfficerRoleCode>
         <Officer>
            <AgencyCode>D42</AgencyCode>
            <ORINumber>SC0280000</ORINumber>
            <LastName>Saur</LastName>
            <FirstName>Christine</FirstName>
            <InternalID>SAUR111</InternalID>
         </Officer>
      </IncidentOfficer>
      <IncidentOffense>
         <IncidentId>2881</IncidentId>
         <OffenseNumber>1</OffenseNumber>
         <OffenseStatusCode>00</OffenseStatusCode>
         <OffenseCode>35-43-2-2  C04</OffenseCode>
         <PlaceCode>20</PlaceCode>
         <BiasCode>88</BiasCode>
         <CSAUCode>A</CSAUCode>
         <SupplementSeq>0</SupplementSeq>
         <UCRNumber>1</UCRNumber>
         <OffenseStatusDate>08/15/2017 17:00:00</OffenseStatusDate>
         <Remarks>Trespass.</Remarks>
         <AttemptedCompletedCode>A</AttemptedCompletedCode>
         <ArrestChargeCode>35-43-2-2  C04</ArrestChargeCode>
         <CreatorId>CSAUR</CreatorId>
         <CreatorDate>08/15/2017 12:27:17</CreatorDate>
         <UpdatorId>CSAUR</UpdatorId>
         <UpdatorDate>08/16/2017 11:24:18</UpdatorDate>
      </IncidentOffense>
      <IncidentOffense>
         <IncidentId>2881</IncidentId>
         <OffenseNumber>2</OffenseNumber>
         <OffenseStatusCode>00</OffenseStatusCode>
         <OffenseCode>35-43-2-1  B08</OffenseCode>
         <PlaceCode>03</PlaceCode>
         <BiasCode>88</BiasCode>
         <CSAUCode>A</CSAUCode>
         <SupplementSeq>0</SupplementSeq>
         <UCRNumber>2</UCRNumber>
         <OffenseStatusDate>08/14/2017 12:22:00</OffenseStatusDate>
         <ForcedEntryCode>N</ForcedEntryCode>
         <AttemptedCompletedCode>A</AttemptedCompletedCode>
         <CreatorId>CSAUR</CreatorId>
         <CreatorDate>08/15/2017 12:46:26</CreatorDate>
         <UpdatorId>CSAUR</UpdatorId>
         <UpdatorDate>08/16/2017 11:21:13</UpdatorDate>
      </IncidentOffense>
      <IncidentPerson>
         <ApproxAge>52</ApproxAge>
         <ClearMultiArrestCode>N</ClearMultiArrestCode>
         <CreatorId>CSAUR</CreatorId>
         <CreatorDate>08/15/2017 12:27:17</CreatorDate>
         <UpdatorId>TSTC</UpdatorId>
         <UpdatorDate>09/13/2023 11:07:57</UpdatorDate>
         <Person>
            <PersonId>396</PersonId>
            <RaceCode>W</RaceCode>
            <SexCode>M</SexCode>
            <EthnicityCode>N</EthnicityCode>
            <PersonVerified>Y</PersonVerified>
            <PersonPrimaryName>
               <LastName>JONES</LastName>
               <FirstName>WILLIAMS</FirstName>
               <DOB>03/03/1965 00:00:00</DOB>
               <DateOfInfo>09/12/2012 20:15:04</DateOfInfo>
               <SLastName>J520</SLastName>
               <SFirstName>W452</SFirstName>
            </PersonPrimaryName>
            <PersonPrimaryName>
               <FirstName>Willy</FirstName>
               <DateOfInfo>07/19/2017 00:00:00</DateOfInfo>
               <SFirstName>W400</SFirstName>
            </PersonPrimaryName>
            <Alias>
               <NameTypeCode>P</NameTypeCode>
               <LastName>JONES</LastName>
               <FirstName>WILLIAMS</FirstName>
               <DOB>03/03/1965 00:00:00</DOB>
               <SLastName>J520</SLastName>
               <SFirstName>W452</SFirstName>
               <DateOfInfo>09/12/2012 20:15:04</DateOfInfo>
            </Alias>
            <Alias>
               <NameTypeCode>A</NameTypeCode>
               <FirstName>Willy</FirstName>
               <SFirstName>W400</SFirstName>
               <DateOfInfo>07/19/2017 00:00:00</DateOfInfo>
            </Alias>
            <PersonAddress>
               <StreetNumber>126</StreetNumber>
               <StreetDirCode>N</StreetDirCode>
               <StreetName>750</StreetName>
               <StreetSuffixCode>W</StreetSuffixCode>
               <StateCode>IN</StateCode>
               <CountryCode>US</CountryCode>
               <Longitude>-85.39604</Longitude>
               <Latitude>39.07748</Latitude>
               <Beat>D2</Beat>
               <SubBeat>Sub D2</SubBeat>
            </PersonAddress>
            <PersonPhone>
               <PhoneTypeCode>VOC</PhoneTypeCode>
               <PhoneArea>805</PhoneArea>
               <PhonePrefix>684</PhonePrefix>
               <PhoneSuffix>1542</PhoneSuffix>
               <DateOfInfo>08/03/2017 00:00:00</DateOfInfo>
            </PersonPhone>
         </Person>
         <IncidentPersonRole>
            <RoleType>A</RoleType>
            <CreatorId>CSAUR</CreatorId>
            <CreatorDate>08/15/2017 12:27:18</CreatorDate>
            <UpdatorId>TSTC</UpdatorId>
            <UpdatorDate>08/15/2023 20:32:23</UpdatorDate>
         </IncidentPersonRole>
         <IncidentPersonRole>
            <RoleType>S</RoleType>
            <CreatorId>CSAUR</CreatorId>
            <CreatorDate>08/15/2017 12:27:18</CreatorDate>
            <UpdatorId>TSTC</UpdatorId>
            <UpdatorDate>08/15/2023 20:32:23</UpdatorDate>
         </IncidentPersonRole>
      </IncidentPerson>
      <IncidentPerson>
         <ApproxAge>28</ApproxAge>
         <ResidentStatusCode>U</ResidentStatusCode>
         <CreatorId>CSAUR</CreatorId>
         <CreatorDate>08/16/2017 11:19:49</CreatorDate>
         <UpdatorId>TSTC</UpdatorId>
         <UpdatorDate>09/13/2023 12:59:45</UpdatorDate>
         <Person>
            <PersonId>89</PersonId>
            <RaceCode>B</RaceCode>
            <SexCode>M</SexCode>
            <EthnicityCode>U</EthnicityCode>
            <PersonVerified>Y</PersonVerified>
            <PersonPrimaryName>
               <LastName>Brown</LastName>
               <FirstName>LeRoy</FirstName>
               <MiddleName>A</MiddleName>
               <DOB>08/16/1988 00:00:00</DOB>
               <SSN>2.22334444E8</SSN>
               <DateOfInfo>04/05/2012 16:14:53</DateOfInfo>
               <SLastName>B650</SLastName>
               <SFirstName>L600</SFirstName>
            </PersonPrimaryName>
            <Alias>
               <NameTypeCode>P</NameTypeCode>
               <LastName>Brown</LastName>
               <FirstName>LeRoy</FirstName>
               <MiddleName>A</MiddleName>
               <DOB>08/16/1988 00:00:00</DOB>
               <SSN>2.22334444E8</SSN>
               <SLastName>B650</SLastName>
               <SFirstName>L600</SFirstName>
               <DateOfInfo>04/05/2012 16:14:53</DateOfInfo>
            </Alias>
            <PersonAddress>
               <StreetName>Horton</StreetName>
               <StreetTypeCode>RD</StreetTypeCode>
               <City>Sheridan</City>
               <StateCode>IN</StateCode>
               <Zip5>46069</Zip5>
               <CountryCode>US</CountryCode>
               <CountyCode>NaN</CountyCode>
               <Longitude>-86.160912</Longitude>
               <Latitude>40.086174</Latitude>
            </PersonAddress>
            <PersonAddress>
               <StreetNumber>2740</StreetNumber>
               <StreetDirCode>N</StreetDirCode>
               <StreetName>ADDISON MEADOWS</StreetName>
               <StreetTypeCode>LN</StreetTypeCode>
               <SubTypeCode>BSMT</SubTypeCode>
               <City>INDIANAPOLIS</City>
               <StateCode>PA</StateCode>
               <Zip5>46203</Zip5>
               <Zip4>5555</Zip4>
               <Longitude>-86.059884</Longitude>
               <Latitude>39.728722</Latitude>
               <Beat>Test</Beat>
               <SubBeat>Area</SubBeat>
            </PersonAddress>
         </Person>
         <IncidentPersonRole>
            <RoleType>V</RoleType>
            <CreatorId>CSAUR</CreatorId>
            <CreatorDate>08/16/2017 11:19:49</CreatorDate>
            <UpdatorId>TSTC</UpdatorId>
            <UpdatorDate>08/15/2023 20:32:22</UpdatorDate>
         </IncidentPersonRole>
      </IncidentPerson>
      <IncidentProperty>
         <RoleCode>8</RoleCode>
         <CreatorId>CSAUR</CreatorId>
         <CreatorDate>08/15/2017 17:53:55</CreatorDate>
         <UpdatorId>CSAUR</UpdatorId>
         <UpdatorDate>08/15/2017 17:53:55</UpdatorDate>
         <DateOfInfo>08/15/2017 00:00:00</DateOfInfo>
         <StatusCode>8</StatusCode>
         <DocumentTypeCode>P</DocumentTypeCode>
         <Description>Signed by Cubs player Rizzo.</Description>
         <PropertyTypeCode>587</PropertyTypeCode>
         <PropertyValue>5000</PropertyValue>
         <Value>5000</Value>
         <Evidence>N</Evidence>
         <EvidenceFlag>N</EvidenceFlag>
         <Property_ID>1628</Property_ID>
         <Quantity>1</Quantity>
      </IncidentProperty>
   </IncidentSupplement>
   <IncidentSupplement>
      <SupplementSequence>1</SupplementSequence>
      <IncSupplementStatusCode>A</IncSupplementStatusCode>
      <SuppReportDate>05/04/2018 09:49:52</SuppReportDate>
      <SuppReportTime>05/04/2018 09:49:52</SuppReportTime>
      <AgencyOnly>N</AgencyOnly>
      <SecurityLevel>1700</SecurityLevel>
      <SuppAgencyCode>D42</SuppAgencyCode>
      <UnknownNoOffenders>N</UnknownNoOffenders>
      <DsIcrDate>09/13/2023 11:12:21</DsIcrDate>
      <DsIcrSubmissionStatus>DATASET_INSERT_PENDING</DsIcrSubmissionStatus>
      <CreatorId>STATE_OFFICER11</CreatorId>
      <CreatorDate>05/04/2018 09:49:52</CreatorDate>
      <UpdatorId>STATE_OFFICER11</UpdatorId>
      <UpdatorDate>09/13/2023 13:01:54</UpdatorDate>
      <IncidentSuppNarrative>
         <NarrativeNumber>1</NarrativeNumber>
         <NarrativeTitle>Supplement #1 Narrative</NarrativeTitle>
         <NarrativeText>test 1234dsadsa</NarrativeText>
         <CreatorId>STATE_OFFICER11</CreatorId>
         <CreatorDate>05/04/2018 09:50:37</CreatorDate>
         <UpdatorId>STATE_OFFICER11</UpdatorId>
         <UpdatorDate>05/04/2018 09:50:56</UpdatorDate>
      </IncidentSuppNarrative>
      <IncidentSuppNarrative>
         <NarrativeNumber>2</NarrativeNumber>
         <NarrativeTitle>Supplement #1 Narrative</NarrativeTitle>
         <NarrativeText>this is my 3rd narrative! is this gonna work?</NarrativeText>
         <CreatorId>STATE_OFFICER11</CreatorId>
         <CreatorDate>05/22/2018 14:06:42</CreatorDate>
         <UpdatorId>STATE_OFFICER11</UpdatorId>
         <UpdatorDate>05/22/2018 14:06:42</UpdatorDate>
      </IncidentSuppNarrative>
      <IncidentSuppNarrative>
         <NarrativeNumber>3</NarrativeNumber>
         <NarrativeTitle>Supplement #1 Narrative</NarrativeTitle>
         <NarrativeText>dsadsadsa</NarrativeText>
         <CreatorId>STATE_OFFICER11</CreatorId>
         <CreatorDate>05/22/2018 14:06:51</CreatorDate>
         <UpdatorId>STATE_OFFICER11</UpdatorId>
         <UpdatorDate>05/22/2018 14:06:51</UpdatorDate>
      </IncidentSuppNarrative>
      <IncidentOfficer>
         <OfficerRoleCode>P</OfficerRoleCode>
         <Officer>
            <AgencyCode>D42</AgencyCode>
            <ORINumber>SC0280000</ORINumber>
            <LastName>Simpson</LastName>
            <FirstName>Homer</FirstName>
            <InternalID>9696</InternalID>
         </Officer>
      </IncidentOfficer>
      <IncidentOfficer>
         <OfficerRoleCode>R</OfficerRoleCode>
         <Officer>
            <AgencyCode>D42</AgencyCode>
            <ORINumber>SC0280000</ORINumber>
            <LastName>Ranz</LastName>
            <FirstName>Greg</FirstName>
            <InternalID>9696</InternalID>
         </Officer>
      </IncidentOfficer>
      <IncidentOffense>
         <IncidentId>2881</IncidentId>
         <OffenseNumber>3</OffenseNumber>
         <OffenseStatusCode>00</OffenseStatusCode>
         <OffenseCode>35-43-2-1  B02</OffenseCode>
         <PlaceCode>25</PlaceCode>
         <BiasCode>88</BiasCode>
         <CSAUCode>C</CSAUCode>
         <SupplementSeq>1</SupplementSeq>
         <UCRNumber>3</UCRNumber>
         <OffenseStatusDate>08/14/2017 12:22:00</OffenseStatusDate>
         <ForcedEntryCode>N</ForcedEntryCode>
         <AttemptedCompletedCode>C</AttemptedCompletedCode>
         <ArrestChargeCode>35-43-2-1  B02</ArrestChargeCode>
         <CreatorId>STATE_OFFICER11</CreatorId>
         <CreatorDate>09/13/2023 11:08:47</CreatorDate>
         <UpdatorId>STATE_OFFICER11</UpdatorId>
         <UpdatorDate>09/13/2023 11:08:47</UpdatorDate>
      </IncidentOffense>
      <IncidentPerson>
         <ApproxAge>68</ApproxAge>
         <ResidentStatusCode>R</ResidentStatusCode>
         <CreatorId>STATE_OFFICER11</CreatorId>
         <CreatorDate>05/22/2018 15:41:07</CreatorDate>
         <UpdatorId>TSTC</UpdatorId>
         <UpdatorDate>09/13/2023 11:07:57</UpdatorDate>
         <Person>
            <PersonId>549</PersonId>
            <RaceCode>B</RaceCode>
            <SexCode>F</SexCode>
            <EthnicityCode>U</EthnicityCode>
            <PersonVerified>Y</PersonVerified>
            <PersonPrimaryName>
               <LastName>Anderson</LastName>
               <FirstName>Alore</FirstName>
               <MiddleName>Samuel</MiddleName>
               <DOB>07/06/1949 00:00:00</DOB>
               <TitleCode>I</TitleCode>
               <DateOfInfo>04/25/2014 14:53:26</DateOfInfo>
               <SLastName>A536</SLastName>
               <SFirstName>A460</SFirstName>
            </PersonPrimaryName>
            <Alias>
               <NameTypeCode>P</NameTypeCode>
               <LastName>Anderson</LastName>
               <FirstName>Alore</FirstName>
               <MiddleName>Samuel</MiddleName>
               <DOB>07/06/1949 00:00:00</DOB>
               <TitleCode>I</TitleCode>
               <SLastName>A536</SLastName>
               <SFirstName>A460</SFirstName>
               <DateOfInfo>04/25/2014 14:53:26</DateOfInfo>
            </Alias>
            <PersonAddress>
               <StreetNumber>52400</StreetNumber>
               <StreetDirCode>E</StreetDirCode>
               <StreetName>County Road 17</StreetName>
               <City>Bristol</City>
               <StateCode>IN</StateCode>
               <CountryCode>US</CountryCode>
               <CountyCode>20</CountyCode>
               <Longitude>-85.888474</Longitude>
               <Latitude>41.732221</Latitude>
            </PersonAddress>
            <PersonAddress>
               <StreetNumber>1238</StreetNumber>
               <StreetDirCode>E</StreetDirCode>
               <StreetName>Calrson</StreetName>
               <StreetTypeCode>LN</StreetTypeCode>
               <City>ABBOTT</City>
               <StateCode>AL</StateCode>
               <Zip5>24334</Zip5>
               <Zip4>2344</Zip4>
               <CountryCode>US</CountryCode>
               <CountyCode>1</CountyCode>
            </PersonAddress>
            <PersonAddress>
               <StreetNumber>100</StreetNumber>
               <StreetName>Apple</StreetName>
               <StreetTypeCode>BLF</StreetTypeCode>
               <City>Greenfield</City>
               <StateCode>IN</StateCode>
               <Zip5>46140</Zip5>
               <CountryCode>US</CountryCode>
            </PersonAddress>
            <PersonPhone>
               <PhoneTypeCode>RES</PhoneTypeCode>
               <PhoneArea>321</PhoneArea>
               <PhonePrefix>312</PhonePrefix>
               <PhoneSuffix>3213</PhoneSuffix>
               <DateOfInfo>05/07/2014 00:00:00</DateOfInfo>
            </PersonPhone>
            <PersonPhone>
               <PhoneTypeCode>CEL</PhoneTypeCode>
               <PhoneArea>222</PhoneArea>
               <PhonePrefix>222</PhonePrefix>
               <PhoneSuffix>2222</PhoneSuffix>
               <DateOfInfo>06/28/2017 00:00:00</DateOfInfo>
            </PersonPhone>
         </Person>
         <IncidentPersonRole>
            <RoleType>S</RoleType>
            <CreatorId>STATE_OFFICER11</CreatorId>
            <CreatorDate>05/22/2018 15:41:07</CreatorDate>
            <UpdatorId>TSTC</UpdatorId>
            <UpdatorDate>08/15/2023 20:32:23</UpdatorDate>
         </IncidentPersonRole>
      </IncidentPerson>
      <IncidentProperty>
         <RoleCode>1</RoleCode>
         <CreatorId>STATE_OFFICER11</CreatorId>
         <CreatorDate>09/13/2023 11:11:25</CreatorDate>
         <UpdatorId>STATE_OFFICER11</UpdatorId>
         <UpdatorDate>09/13/2023 11:11:25</UpdatorDate>
         <DateOfInfo>09/13/2023 00:00:00</DateOfInfo>
         <StatusCode>1</StatusCode>
         <DocumentTypeCode>P</DocumentTypeCode>
         <Description>table and chairs</Description>
         <PropertyTypeCode>671</PropertyTypeCode>
         <PropertyValue>500</PropertyValue>
         <Value>500</Value>
         <SerialNumber>234</SerialNumber>
         <Evidence>N</Evidence>
         <EvidenceFlag>N</EvidenceFlag>
         <Property_ID>2148</Property_ID>
         <Quantity>1</Quantity>
      </IncidentProperty>
      <IncidentProperty>
         <RoleCode>7</RoleCode>
         <CreatorId>STATE_OFFICER11</CreatorId>
         <CreatorDate>09/13/2023 11:11:26</CreatorDate>
         <UpdatorId>STATE_OFFICER11</UpdatorId>
         <UpdatorDate>09/13/2023 11:11:26</UpdatorDate>
         <DateOfInfo>09/13/2023 00:00:00</DateOfInfo>
         <StatusCode>7</StatusCode>
         <DocumentTypeCode>P</DocumentTypeCode>
         <Description>table and chairs</Description>
         <PropertyTypeCode>671</PropertyTypeCode>
         <PropertyValue>500</PropertyValue>
         <Value>500</Value>
         <SerialNumber>234</SerialNumber>
         <Evidence>N</Evidence>
         <EvidenceFlag>N</EvidenceFlag>
         <Property_ID>2148</Property_ID>
         <Quantity>1</Quantity>
      </IncidentProperty>
   </IncidentSupplement>
   <IncidentSupplement>
      <SupplementSequence>2</SupplementSequence>
      <IncSupplementStatusCode>A</IncSupplementStatusCode>
      <SuppReportDate>09/13/2023 12:15:49</SuppReportDate>
      <SuppReportTime>09/13/2023 12:15:49</SuppReportTime>
      <AgencyOnly>N</AgencyOnly>
      <SecurityLevel>1100</SecurityLevel>
      <SuppAgencyCode>D21</SuppAgencyCode>
      <UnknownNoOffenders>N</UnknownNoOffenders>
      <DsIcrDate>09/13/2023 12:23:43</DsIcrDate>
      <DsIcrSubmissionStatus>DATASET_INSERT_PENDING</DsIcrSubmissionStatus>
      <CreatorId>D21_USER</CreatorId>
      <CreatorDate>09/13/2023 12:15:49</CreatorDate>
      <UpdatorId>STATE_OFFICER11</UpdatorId>
      <UpdatorDate>09/13/2023 13:01:54</UpdatorDate>
      <IncidentSuppNarrative>
         <NarrativeNumber>1</NarrativeNumber>
         <NarrativeTitle>Supplement #2 Narrative</NarrativeTitle>
         <NarrativeText>from another agency</NarrativeText>
         <CreatorId>D21_USER</CreatorId>
         <CreatorDate>09/13/2023 12:20:02</CreatorDate>
         <UpdatorId>D21_USER</UpdatorId>
         <UpdatorDate>09/13/2023 12:20:02</UpdatorDate>
      </IncidentSuppNarrative>
      <IncidentOfficer>
         <OfficerRoleCode>R</OfficerRoleCode>
         <Officer>
            <AgencyCode>D42</AgencyCode>
            <ORINumber>SC0280000</ORINumber>
            <LastName>Simpson</LastName>
            <FirstName>Homer</FirstName>
            <InternalID>9696</InternalID>
         </Officer>
      </IncidentOfficer>
      <IncidentPerson>
         <ApproxAge>17</ApproxAge>
         <CreatorId>D21_USER</CreatorId>
         <CreatorDate>09/13/2023 12:22:06</CreatorDate>
         <UpdatorId>TSTC</UpdatorId>
         <UpdatorDate>09/13/2023 12:22:06</UpdatorDate>
         <Person>
            <PersonId>800</PersonId>
            <RaceCode>W</RaceCode>
            <SexCode>M</SexCode>
            <EthnicityCode>U</EthnicityCode>
            <PersonVerified>Y</PersonVerified>
            <PersonPrimaryName>
               <LastName>Carter</LastName>
               <FirstName>Dan</FirstName>
               <DOB>05/01/2000 00:00:00</DOB>
               <DateOfInfo>11/20/2015 16:26:45</DateOfInfo>
               <SLastName>C636</SLastName>
               <SFirstName>D500</SFirstName>
            </PersonPrimaryName>
            <Alias>
               <NameTypeCode>P</NameTypeCode>
               <LastName>Carter</LastName>
               <FirstName>Dan</FirstName>
               <DOB>05/01/2000 00:00:00</DOB>
               <SLastName>C636</SLastName>
               <SFirstName>D500</SFirstName>
               <DateOfInfo>11/20/2015 16:26:45</DateOfInfo>
            </Alias>
            <PersonAddress>
               <StreetNumber>175</StreetNumber>
               <StreetDirCode>E</StreetDirCode>
               <StreetName>4th</StreetName>
               <StreetTypeCode>ST</StreetTypeCode>
               <City>Manhattan</City>
               <StateCode>NY</StateCode>
               <Zip5>10009</Zip5>
               <CountryCode>US</CountryCode>
               <Longitude>-73.985407</Longitude>
               <Latitude>40.724738</Latitude>
            </PersonAddress>
            <PersonAddress>
               <StreetNumber>8</StreetNumber>
               <StreetName>Tall</StreetName>
               <StreetTypeCode>STCT</StreetTypeCode>
               <City>Denver</City>
               <StateCode>CA</StateCode>
               <Zip5>12345</Zip5>
               <CountryCode>US</CountryCode>
            </PersonAddress>
            <PersonPhone>
               <PhoneTypeCode>BUS</PhoneTypeCode>
               <PhoneArea>888</PhoneArea>
               <PhonePrefix>888</PhonePrefix>
               <PhoneSuffix>8888</PhoneSuffix>
               <DateOfInfo>04/11/2015 00:00:00</DateOfInfo>
            </PersonPhone>
            <PersonPhone>
               <PhoneTypeCode>CEL</PhoneTypeCode>
               <PhoneArea>777</PhoneArea>
               <PhonePrefix>777</PhonePrefix>
               <PhoneSuffix>7777</PhoneSuffix>
               <DateOfInfo>04/11/2016 00:00:00</DateOfInfo>
            </PersonPhone>
         </Person>
         <IncidentPersonRole>
            <RoleType>S</RoleType>
            <CreatorId>D21_USER</CreatorId>
            <CreatorDate>09/13/2023 12:22:06</CreatorDate>
            <UpdatorId>D21_USER</UpdatorId>
            <UpdatorDate>09/13/2023 12:22:06</UpdatorDate>
         </IncidentPersonRole>
      </IncidentPerson>
   </IncidentSupplement>
   <IncidentSupplement>
      <SupplementSequence>3</SupplementSequence>
      <IncSupplementStatusCode>A</IncSupplementStatusCode>
      <SuppReportDate>09/13/2023 12:58:33</SuppReportDate>
      <SuppReportTime>09/13/2023 12:58:33</SuppReportTime>
      <AgencyOnly>N</AgencyOnly>
      <SecurityLevel>1100</SecurityLevel>
      <SuppAgencyCode>D42</SuppAgencyCode>
      <UnknownNoOffenders>N</UnknownNoOffenders>
      <DsIcrDate>09/13/2023 13:01:54</DsIcrDate>
      <DsIcrSubmissionStatus>DATASET_INSERT_PENDING</DsIcrSubmissionStatus>
      <CreatorId>STATE_OFFICER11</CreatorId>
      <CreatorDate>09/13/2023 12:58:33</CreatorDate>
      <UpdatorId>STATE_OFFICER11</UpdatorId>
      <UpdatorDate>09/13/2023 13:01:54</UpdatorDate>
      <IncidentSuppNarrative>
         <NarrativeNumber>1</NarrativeNumber>
         <NarrativeTitle>Supplement #3 Narrative</NarrativeTitle>
         <NarrativeText>jdfjdfjfdjfdjfd</NarrativeText>
         <CreatorId>STATE_OFFICER11</CreatorId>
         <CreatorDate>09/13/2023 13:00:14</CreatorDate>
         <UpdatorId>STATE_OFFICER11</UpdatorId>
         <UpdatorDate>09/13/2023 13:00:14</UpdatorDate>
      </IncidentSuppNarrative>
      <IncidentOfficer>
         <OfficerRoleCode>P</OfficerRoleCode>
         <Officer>
            <AgencyCode>D42</AgencyCode>
            <ORINumber>SC0280000</ORINumber>
            <LastName>Simpson</LastName>
            <FirstName>Homer</FirstName>
            <InternalID>9696</InternalID>
         </Officer>
      </IncidentOfficer>
      <IncidentOfficer>
         <OfficerRoleCode>R</OfficerRoleCode>
         <Officer>
            <AgencyCode>D42</AgencyCode>
            <ORINumber>SC0280000</ORINumber>
            <LastName>Simpson</LastName>
            <FirstName>Homer</FirstName>
            <InternalID>9696</InternalID>
         </Officer>
      </IncidentOfficer>
      <IncidentPerson>
         <ApproxAge>33</ApproxAge>
         <CreatorId>STATE_OFFICER11</CreatorId>
         <CreatorDate>09/13/2023 12:59:19</CreatorDate>
         <UpdatorId>STATE_OFFICER11</UpdatorId>
         <UpdatorDate>09/13/2023 12:59:19</UpdatorDate>
         <Person>
            <PersonId>1244</PersonId>
            <RaceCode>A</RaceCode>
            <SexCode>M</SexCode>
            <EthnicityCode>U</EthnicityCode>
            <PersonVerified>Y</PersonVerified>
            <PersonPrimaryName>
               <DateOfInfo>09/13/2023 12:59:19</DateOfInfo>
            </PersonPrimaryName>
            <Alias>
               <NameTypeCode>P</NameTypeCode>
               <DateOfInfo>09/13/2023 12:59:19</DateOfInfo>
            </Alias>
         </Person>
         <IncidentPersonRole>
            <RoleType>S</RoleType>
            <CreatorId>STATE_OFFICER11</CreatorId>
            <CreatorDate>09/13/2023 12:59:19</CreatorDate>
            <UpdatorId>STATE_OFFICER11</UpdatorId>
            <UpdatorDate>09/13/2023 12:59:19</UpdatorDate>
         </IncidentPersonRole>
      </IncidentPerson>
   </IncidentSupplement>
</Incident>