<?xml version="1.0" encoding="UTF-8"?>
<Incident xmlns:xsi="http://www.w3.org/2001/XMLSchema-instance"
          xsi:noNamespaceSchemaLocation="file:///C:/DATA/EJS/SVN_Root/Ejustice/trunk/XMLTransformations/OnlineRMSInternalToIncident/IAOnlineRMSIncidentImport.xsd">
   <IncidentReportNum>2018D4210170</IncidentReportNum>
   <AgencyCode>D42</AgencyCode>
   <ORINum>SC0280000</ORINum>
   <ReportDate>06/07/2018 15:19:00</ReportDate>
   <ReportTime>06/07/2018 15:19:00</ReportTime>
   <StartDate>06/07/2018 15:19:00</StartDate>
   <StartTime>06/01/2018 15:19:00</StartTime>
   <Summary>asdf</Summary>
   <CreatorId>STATE_OFFICER11</CreatorId>
   <CreatorDate>06/07/2018 15:19:43</CreatorDate>
   <UpdatorId>TSTC</UpdatorId>
   <UpdatorDate>09/09/2021 18:46:41</UpdatorDate>
   <IncidentType>
      <IncidentTypeCode>CAD</IncidentTypeCode>
   </IncidentType>
   <IncidentAddress>
      <AddressId>1560</AddressId>
      <City>7</City>
      <CreatorId>STATE_OFFICER11</CreatorId>
      <CreatorDate>06/30/2018 00:22:24</CreatorDate>
      <UpdatorId>TSTC</UpdatorId>
      <UpdatorDate>06/30/2018 00:22:34</UpdatorDate>
      <Address>
         <AddressId>1560</AddressId>
         <StreetNumber>500</StreetNumber>
         <StreetName>Center Lake Water Tower-Clubhouse-Librar</StreetName>
         <StreetTypeCode>RD</StreetTypeCode>
         <SubTypeCode>APT</SubTypeCode>
         <SubNumber>ZZ</SubNumber>
         <StateCode>IN</StateCode>
         <CountryCode>US</CountryCode>
      </Address>
   </IncidentAddress>
   <IncidentSupplement>
      <SupplementSequence>0</SupplementSequence>
      <IncSupplementStatusCode>A</IncSupplementStatusCode>
      <SuppReportDate>06/07/2018 15:19:43</SuppReportDate>
      <SuppReportTime>06/07/2018 15:19:43</SuppReportTime>
      <AgencyOnly>N</AgencyOnly>
      <SecurityLevel>1100</SecurityLevel>
      <SuppAgencyCode>D42</SuppAgencyCode>
      <UnknownNoOffenders>N</UnknownNoOffenders>
      <DsIcrDate>06/30/2018 00:34:02</DsIcrDate>
      <DsIcrSubmissionStatus>SENT WAITING FOR RESPONSE</DsIcrSubmissionStatus>
      <CreatorId>STATE_OFFICER11</CreatorId>
      <CreatorDate>06/07/2018 15:19:43</CreatorDate>
      <UpdatorId>TSTC</UpdatorId>
      <UpdatorDate>08/05/2021 17:38:25</UpdatorDate>
      <IncidentSuppNarrative>
         <NarrativeNumber>1</NarrativeNumber>
         <NarrativeTitle>Original Narrative</NarrativeTitle>
         <NarrativeText>asdfadf</NarrativeText>
         <CreatorId>STATE_OFFICER11</CreatorId>
         <CreatorDate>06/30/2018 00:25:27</CreatorDate>
         <UpdatorId>STATE_OFFICER11</UpdatorId>
         <UpdatorDate>06/30/2018 00:25:27</UpdatorDate>
      </IncidentSuppNarrative>
      <IncidentOfficer>
         <OfficerRoleCode>P</OfficerRoleCode>
         <Officer>
            <AgencyCode>D42</AgencyCode>
            <ORINumber>SC0280000</ORINumber>
            <LastName>Wright</LastName>
            <FirstName>Greg</FirstName>
            <InternalID>9696</InternalID>
         </Officer>
      </IncidentOfficer>
      <IncidentOfficer>
         <OfficerRoleCode>R</OfficerRoleCode>
         <Officer>
            <AgencyCode>D42</AgencyCode>
            <ORINumber>SC0280000</ORINumber>
            <LastName>Ranz</LastName>
            <FirstName>Greg</FirstName>
            <InternalID>9696</InternalID>
         </Officer>
      </IncidentOfficer>
      <IncidentOffense>
         <IncidentId>3153</IncidentId>
         <OffenseNumber>1</OffenseNumber>
         <OffenseStatusCode>00</OffenseStatusCode>
         <OffenseCode>35-43-4-2  T01</OffenseCode>
         <PlaceCode>44</PlaceCode>
         <BiasCode>21</BiasCode>
         <CSAUCode>C</CSAUCode>
         <SupplementSeq>0</SupplementSeq>
         <UCRNumber>1</UCRNumber>
         <OffenseStatusDate>06/07/2018 15:19:00</OffenseStatusDate>
         <AttemptedCompletedCode>C</AttemptedCompletedCode>
         <ArrestChargeCode>35-43-4-2  T01</ArrestChargeCode>
         <CreatorId>STATE_OFFICER11</CreatorId>
         <CreatorDate>06/13/2018 11:38:20</CreatorDate>
         <UpdatorId>STATE_OFFICER11</UpdatorId>
         <UpdatorDate>06/13/2018 11:38:20</UpdatorDate>
      </IncidentOffense>
      <IncidentPerson>
         <ApproxAge>68</ApproxAge>
         <ResidentStatusCode>S</ResidentStatusCode>
         <CreatorId>STATE_OFFICER11</CreatorId>
         <CreatorDate>06/13/2018 11:44:32</CreatorDate>
         <UpdatorId>TSTC</UpdatorId>
         <UpdatorDate>05/24/2023 12:41:23</UpdatorDate>
         <Person>
            <PersonId>549</PersonId>
            <RaceCode>B</RaceCode>
            <SexCode>F</SexCode>
            <EthnicityCode>U</EthnicityCode>
            <PersonVerified>Y</PersonVerified>
            <PersonPrimaryName>
               <LastName>Anderson</LastName>
               <FirstName>Alore</FirstName>
               <MiddleName>Samuel</MiddleName>
               <DOB>07/06/1949 00:00:00</DOB>
               <TitleCode>I</TitleCode>
               <DateOfInfo>04/25/2014 14:53:26</DateOfInfo>
               <SLastName>A536</SLastName>
               <SFirstName>A460</SFirstName>
            </PersonPrimaryName>
            <Alias>
               <NameTypeCode>P</NameTypeCode>
               <LastName>Anderson</LastName>
               <FirstName>Alore</FirstName>
               <MiddleName>Samuel</MiddleName>
               <DOB>07/06/1949 00:00:00</DOB>
               <TitleCode>I</TitleCode>
               <SLastName>A536</SLastName>
               <SFirstName>A460</SFirstName>
               <DateOfInfo>04/25/2014 14:53:26</DateOfInfo>
            </Alias>
            <PersonAddress>
               <StreetNumber>52400</StreetNumber>
               <StreetDirCode>E</StreetDirCode>
               <StreetName>County Road 17</StreetName>
               <City>Bristol</City>
               <StateCode>IN</StateCode>
               <CountryCode>US</CountryCode>
               <CountyCode>20</CountyCode>
               <Longitude>-85.888474</Longitude>
               <Latitude>41.732221</Latitude>
            </PersonAddress>
            <PersonAddress>
               <StreetNumber>1238</StreetNumber>
               <StreetDirCode>E</StreetDirCode>
               <StreetName>Calrson</StreetName>
               <StreetTypeCode>LN</StreetTypeCode>
               <City>ABBOTT</City>
               <StateCode>AL</StateCode>
               <Zip5>24334</Zip5>
               <Zip4>2344</Zip4>
               <CountryCode>US</CountryCode>
               <CountyCode>1</CountyCode>
            </PersonAddress>
            <PersonAddress>
               <StreetNumber>100</StreetNumber>
               <StreetName>Apple</StreetName>
               <StreetTypeCode>BLF</StreetTypeCode>
               <City>Greenfield</City>
               <StateCode>IN</StateCode>
               <Zip5>46140</Zip5>
               <CountryCode>US</CountryCode>
            </PersonAddress>
            <PersonPhone>
               <PhoneTypeCode>RES</PhoneTypeCode>
               <PhoneArea>321</PhoneArea>
               <PhonePrefix>312</PhonePrefix>
               <PhoneSuffix>3213</PhoneSuffix>
               <DateOfInfo>05/07/2014 00:00:00</DateOfInfo>
            </PersonPhone>
            <PersonPhone>
               <PhoneTypeCode>CEL</PhoneTypeCode>
               <PhoneArea>222</PhoneArea>
               <PhonePrefix>222</PhonePrefix>
               <PhoneSuffix>2222</PhoneSuffix>
               <DateOfInfo>06/28/2017 00:00:00</DateOfInfo>
            </PersonPhone>
         </Person>
         <IncidentPersonRole>
            <RoleType>D</RoleType>
            <CreatorId>STATE_OFFICER11</CreatorId>
            <CreatorDate>06/13/2018 11:44:32</CreatorDate>
            <UpdatorId>TSTC</UpdatorId>
            <UpdatorDate>08/15/2023 20:32:24</UpdatorDate>
         </IncidentPersonRole>
      </IncidentPerson>
      <IncidentPerson>
         <ApproxAge>51</ApproxAge>
         <CreatorId>STATE_OFFICER11</CreatorId>
         <CreatorDate>06/13/2018 14:57:47</CreatorDate>
         <UpdatorId>TSTC</UpdatorId>
         <UpdatorDate>05/24/2023 12:41:23</UpdatorDate>
         <Person>
            <PersonId>83</PersonId>
            <RaceCode>W</RaceCode>
            <SexCode>M</SexCode>
            <PersonVerified>Y</PersonVerified>
            <PersonPrimaryName>
               <LastName>Baker</LastName>
               <FirstName>John</FirstName>
               <DOB>01/01/1967 00:00:00</DOB>
               <TitleCode>II</TitleCode>
               <DateOfInfo>04/03/2012 10:55:14</DateOfInfo>
               <SLastName>B260</SLastName>
               <SFirstName>J500</SFirstName>
            </PersonPrimaryName>
            <Alias>
               <NameTypeCode>P</NameTypeCode>
               <LastName>Baker</LastName>
               <FirstName>John</FirstName>
               <DOB>01/01/1967 00:00:00</DOB>
               <TitleCode>II</TitleCode>
               <SLastName>B260</SLastName>
               <SFirstName>J500</SFirstName>
               <DateOfInfo>04/03/2012 10:55:14</DateOfInfo>
            </Alias>
            <PersonAddress>
               <StreetNumber>1355</StreetNumber>
               <StreetDirCode>W</StreetDirCode>
               <StreetName>COUNTY LINE</StreetName>
               <StreetTypeCode>RD</StreetTypeCode>
               <StreetSuffixCode>N</StreetSuffixCode>
               <SubTypeCode>APT</SubTypeCode>
               <SubNumber>A100</SubNumber>
               <City>DILLON</City>
               <StateCode>CO</StateCode>
               <Zip5>80302</Zip5>
               <Beat>104</Beat>
               <SubBeat>West Patrol</SubBeat>
            </PersonAddress>
            <PersonAddress>
               <StreetNumber>100</StreetNumber>
               <StreetName>MAIN</StreetName>
               <StreetTypeCode>ST</StreetTypeCode>
               <City>CRESTONE</City>
               <StateCode>AR</StateCode>
            </PersonAddress>
            <PersonPhone>
               <PhoneTypeCode>RES</PhoneTypeCode>
               <PhoneArea>356</PhoneArea>
               <PhonePrefix>365</PhonePrefix>
               <PhoneSuffix>3774</PhoneSuffix>
               <DateOfInfo>10/17/2013 00:00:00</DateOfInfo>
            </PersonPhone>
            <PersonPhone>
               <PhoneTypeCode>CEL</PhoneTypeCode>
               <PhoneArea>457</PhoneArea>
               <PhonePrefix>345</PhonePrefix>
               <PhoneSuffix>2476</PhoneSuffix>
               <DateOfInfo>10/17/2013 00:00:00</DateOfInfo>
            </PersonPhone>
         </Person>
         <IncidentPersonRole>
            <RoleType>S</RoleType>
            <CreatorId>STATE_OFFICER11</CreatorId>
            <CreatorDate>06/30/2018 00:23:30</CreatorDate>
            <UpdatorId>TSTC</UpdatorId>
            <UpdatorDate>08/15/2023 20:32:24</UpdatorDate>
         </IncidentPersonRole>
      </IncidentPerson>
      <IncidentPerson>
         <ApproxAge>00</ApproxAge>
         <CreatorId>STATE_OFFICER11</CreatorId>
         <CreatorDate>06/20/2018 08:41:47</CreatorDate>
         <UpdatorId>TSTC</UpdatorId>
         <UpdatorDate>05/24/2023 12:41:22</UpdatorDate>
         <Person>
            <PersonId>953</PersonId>
            <RaceCode>B</RaceCode>
            <SexCode>M</SexCode>
            <EthnicityCode>U</EthnicityCode>
            <PersonVerified>Y</PersonVerified>
            <PersonPrimaryName>
               <DateOfInfo>06/20/2018 08:41:47</DateOfInfo>
            </PersonPrimaryName>
            <Alias>
               <NameTypeCode>P</NameTypeCode>
               <DateOfInfo>06/20/2018 08:41:47</DateOfInfo>
            </Alias>
         </Person>
         <IncidentPersonRole>
            <RoleType>S</RoleType>
            <CreatorId>STATE_OFFICER11</CreatorId>
            <CreatorDate>06/20/2018 08:41:48</CreatorDate>
            <UpdatorId>TSTC</UpdatorId>
            <UpdatorDate>08/15/2023 20:32:23</UpdatorDate>
         </IncidentPersonRole>
      </IncidentPerson>
      <IncidentProperty>
         <RoleCode>7</RoleCode>
         <CreatorId>STATE_OFFICER11</CreatorId>
         <CreatorDate>06/30/2018 00:25:16</CreatorDate>
         <UpdatorId>STATE_OFFICER11</UpdatorId>
         <UpdatorDate>06/30/2018 00:25:16</UpdatorDate>
         <DateOfInfo>06/29/2018 00:00:00</DateOfInfo>
         <StatusCode>7</StatusCode>
         <DocumentTypeCode>P</DocumentTypeCode>
         <PropertyTypeCode>470</PropertyTypeCode>
         <PropertyValue>80</PropertyValue>
         <Value>80</Value>
         <Evidence>N</Evidence>
         <EvidenceFlag>N</EvidenceFlag>
         <Property_ID>1799</Property_ID>
         <Quantity>1</Quantity>
      </IncidentProperty>
   </IncidentSupplement>
   <IncidentSupplement>
      <SupplementSequence>1</SupplementSequence>
      <IncSupplementStatusCode>A</IncSupplementStatusCode>
      <SuppReportDate>06/30/2018 00:29:51</SuppReportDate>
      <SuppReportTime>06/30/2018 00:29:51</SuppReportTime>
      <AgencyOnly>N</AgencyOnly>
      <SecurityLevel>1100</SecurityLevel>
      <SuppAgencyCode>D42</SuppAgencyCode>
      <UnknownNoOffenders>N</UnknownNoOffenders>
      <DsIcrDate>06/30/2018 00:34:02</DsIcrDate>
      <DsIcrSubmissionStatus>SENT WAITING FOR RESPONSE</DsIcrSubmissionStatus>
      <CreatorId>STATE_OFFICER11</CreatorId>
      <CreatorDate>06/30/2018 00:29:51</CreatorDate>
      <UpdatorId>TSTC</UpdatorId>
      <UpdatorDate>08/05/2021 17:38:27</UpdatorDate>
      <IncidentSuppNarrative>
         <NarrativeNumber>1</NarrativeNumber>
         <NarrativeTitle>Supplement #1 Narrative</NarrativeTitle>
         <NarrativeText>asdfasd</NarrativeText>
         <CreatorId>STATE_OFFICER11</CreatorId>
         <CreatorDate>06/30/2018 00:32:12</CreatorDate>
         <UpdatorId>STATE_OFFICER11</UpdatorId>
         <UpdatorDate>06/30/2018 00:32:12</UpdatorDate>
      </IncidentSuppNarrative>
      <IncidentOfficer>
         <OfficerRoleCode>P</OfficerRoleCode>
         <Officer>
            <AgencyCode>D42</AgencyCode>
            <ORINumber>SC0280000</ORINumber>
            <LastName>Wright</LastName>
            <FirstName>Greg</FirstName>
            <InternalID>9696</InternalID>
         </Officer>
      </IncidentOfficer>
      <IncidentOfficer>
         <OfficerRoleCode>R</OfficerRoleCode>
         <Officer>
            <AgencyCode>D42</AgencyCode>
            <ORINumber>SC0280000</ORINumber>
            <LastName>Wright</LastName>
            <FirstName>Greg</FirstName>
            <InternalID>9696</InternalID>
         </Officer>
      </IncidentOfficer>
      <IncidentOffense>
         <IncidentId>3153</IncidentId>
         <OffenseNumber>1</OffenseNumber>
         <OffenseStatusCode>00</OffenseStatusCode>
         <OffenseCode>35-43-4-2  T01</OffenseCode>
         <PlaceCode>44</PlaceCode>
         <BiasCode>21</BiasCode>
         <CSAUCode>C</CSAUCode>
         <SupplementSeq>1</SupplementSeq>
         <UCRNumber>1</UCRNumber>
         <OffenseStatusDate>06/30/2018 00:30:00</OffenseStatusDate>
         <AttemptedCompletedCode>C</AttemptedCompletedCode>
         <ArrestChargeCode>35-43-4-2  T01</ArrestChargeCode>
         <CreatorId>STATE_OFFICER11</CreatorId>
         <CreatorDate>06/30/2018 00:30:02</CreatorDate>
         <UpdatorId>STATE_OFFICER11</UpdatorId>
         <UpdatorDate>06/30/2018 00:30:24</UpdatorDate>
      </IncidentOffense>
   </IncidentSupplement>
</Incident>