<?xml version="1.0" encoding="UTF-8"?>
<Incident xmlns:xsi="http://www.w3.org/2001/XMLSchema-instance"
          xsi:noNamespaceSchemaLocation="file:///C:/DATA/EJS/SVN_Root/Ejustice/trunk/XMLTransformations/OnlineRMSInternalToIncident/IAOnlineRMSIncidentImport.xsd">
   <IncidentReportNum>2020D4210254</IncidentReportNum>
   <AgencyCode>D42</AgencyCode>
   <ORINum>SC0280000</ORINum>
   <ReportDate>05/26/2020 10:58:00</ReportDate>
   <ReportTime>05/26/2020 10:58:00</ReportTime>
   <StartDate>03/10/2020 14:39:00</StartDate>
   <StartTime>03/10/2020 14:39:00</StartTime>
   <Summary>abc</Summary>
   <CreatorId>STATE_OFFICER14</CreatorId>
   <CreatorDate>05/26/2020 10:58:21</CreatorDate>
   <UpdatorId>TSTC</UpdatorId>
   <UpdatorDate>09/09/2021 18:46:42</UpdatorDate>
   <IncidentType>
      <IncidentTypeCode>AIR</IncidentTypeCode>
   </IncidentType>
   <IncidentAddress>
      <AddressId>1707</AddressId>
      <City>3</City>
      <CreatorId>STATE_OFFICER14</CreatorId>
      <CreatorDate>09/03/2020 12:56:59</CreatorDate>
      <UpdatorId>TSTC</UpdatorId>
      <UpdatorDate>09/03/2020 12:57:06</UpdatorDate>
      <Address>
         <AddressId>1707</AddressId>
         <StreetNumber>87</StreetNumber>
         <StreetName>Arthur</StreetName>
         <City>WEST LAFAYETTE</City>
         <StateCode>IN</StateCode>
         <Zip5>12345</Zip5>
      </Address>
   </IncidentAddress>
   <IncidentSupplement>
      <SupplementSequence>0</SupplementSequence>
      <IncSupplementStatusCode>A</IncSupplementStatusCode>
      <SuppReportDate>05/26/2020 10:58:21</SuppReportDate>
      <SuppReportTime>05/26/2020 10:58:21</SuppReportTime>
      <AgencyOnly>N</AgencyOnly>
      <SecurityLevel>990</SecurityLevel>
      <SuppAgencyCode>D42</SuppAgencyCode>
      <UnknownNoOffenders>N</UnknownNoOffenders>
      <DsIcrDate>09/03/2020 13:00:24</DsIcrDate>
      <DsIcrSubmissionStatus>READY TO BE PROCESSED-ORIGINAL</DsIcrSubmissionStatus>
      <CreatorId>STATE_OFFICER14</CreatorId>
      <CreatorDate>05/26/2020 10:58:21</CreatorDate>
      <UpdatorId>TSTC</UpdatorId>
      <UpdatorDate>08/05/2021 17:38:28</UpdatorDate>
      <IncidentSuppNarrative>
         <NarrativeNumber>1</NarrativeNumber>
         <NarrativeTitle>Original Narrative</NarrativeTitle>
         <NarrativeText>asdsad</NarrativeText>
         <CreatorId>STATE_OFFICER14</CreatorId>
         <CreatorDate>09/03/2020 12:59:44</CreatorDate>
         <UpdatorId>STATE_OFFICER14</UpdatorId>
         <UpdatorDate>09/03/2020 12:59:44</UpdatorDate>
      </IncidentSuppNarrative>
      <IncidentOfficer>
         <OfficerRoleCode>P</OfficerRoleCode>
         <Officer>
            <AgencyCode>D42</AgencyCode>
            <ORINumber>SC0280000</ORINumber>
            <LastName>Smith</LastName>
            <FirstName>Charles</FirstName>
            <InternalID>2014</InternalID>
         </Officer>
      </IncidentOfficer>
      <IncidentOfficer>
         <OfficerRoleCode>R</OfficerRoleCode>
         <Officer>
            <AgencyCode>D42</AgencyCode>
            <ORINumber>SC0280000</ORINumber>
            <LastName>Smith</LastName>
            <FirstName>Charles</FirstName>
            <InternalID>2014</InternalID>
         </Officer>
      </IncidentOfficer>
      <IncidentOfficer>
         <OfficerRoleCode>X</OfficerRoleCode>
         <Officer>
            <AgencyCode>D42</AgencyCode>
            <ORINumber>SC0280000</ORINumber>
            <LastName>Smith</LastName>
            <FirstName>Charles</FirstName>
            <InternalID>2014</InternalID>
         </Officer>
      </IncidentOfficer>
      <IncidentOffense>
         <IncidentId>3246</IncidentId>
         <OffenseNumber>1</OffenseNumber>
         <OffenseStatusCode>00</OffenseStatusCode>
         <OffenseCode>25-2.1-13-3</OffenseCode>
         <PlaceCode>25</PlaceCode>
         <BiasCode>88</BiasCode>
         <SupplementSeq>0</SupplementSeq>
         <UCRNumber>1</UCRNumber>
         <OffenseStatusDate>03/11/2020 12:57:00</OffenseStatusDate>
         <CreatorId>STATE_OFFICER14</CreatorId>
         <CreatorDate>05/26/2020 10:58:43</CreatorDate>
         <UpdatorId>STATE_OFFICER14</UpdatorId>
         <UpdatorDate>09/03/2020 12:57:46</UpdatorDate>
      </IncidentOffense>
      <IncidentPerson>
         <ApproxAge>19</ApproxAge>
         <ResidentStatusCode>C</ResidentStatusCode>
         <ClearMultiArrestCode>N</ClearMultiArrestCode>
         <CreatorId>STATE_OFFICER14</CreatorId>
         <CreatorDate>05/26/2020 10:58:43</CreatorDate>
         <UpdatorId>TSTC</UpdatorId>
         <UpdatorDate>05/24/2023 12:41:24</UpdatorDate>
         <Person>
            <PersonId>800</PersonId>
            <RaceCode>W</RaceCode>
            <SexCode>M</SexCode>
            <EthnicityCode>U</EthnicityCode>
            <PersonVerified>Y</PersonVerified>
            <PersonPrimaryName>
               <LastName>Carter</LastName>
               <FirstName>Dan</FirstName>
               <DOB>05/01/2000 00:00:00</DOB>
               <DateOfInfo>11/20/2015 16:26:45</DateOfInfo>
               <SLastName>C636</SLastName>
               <SFirstName>D500</SFirstName>
            </PersonPrimaryName>
            <Alias>
               <NameTypeCode>P</NameTypeCode>
               <LastName>Carter</LastName>
               <FirstName>Dan</FirstName>
               <DOB>05/01/2000 00:00:00</DOB>
               <SLastName>C636</SLastName>
               <SFirstName>D500</SFirstName>
               <DateOfInfo>11/20/2015 16:26:45</DateOfInfo>
            </Alias>
            <PersonAddress>
               <StreetNumber>175</StreetNumber>
               <StreetDirCode>E</StreetDirCode>
               <StreetName>4th</StreetName>
               <StreetTypeCode>ST</StreetTypeCode>
               <City>Manhattan</City>
               <StateCode>NY</StateCode>
               <Zip5>10009</Zip5>
               <CountryCode>US</CountryCode>
               <Longitude>-73.985407</Longitude>
               <Latitude>40.724738</Latitude>
            </PersonAddress>
            <PersonAddress>
               <StreetNumber>8</StreetNumber>
               <StreetName>Tall</StreetName>
               <StreetTypeCode>STCT</StreetTypeCode>
               <City>Denver</City>
               <StateCode>CA</StateCode>
               <Zip5>12345</Zip5>
               <CountryCode>US</CountryCode>
            </PersonAddress>
            <PersonPhone>
               <PhoneTypeCode>BUS</PhoneTypeCode>
               <PhoneArea>888</PhoneArea>
               <PhonePrefix>888</PhonePrefix>
               <PhoneSuffix>8888</PhoneSuffix>
               <DateOfInfo>04/11/2015 00:00:00</DateOfInfo>
            </PersonPhone>
            <PersonPhone>
               <PhoneTypeCode>CEL</PhoneTypeCode>
               <PhoneArea>777</PhoneArea>
               <PhonePrefix>777</PhonePrefix>
               <PhoneSuffix>7777</PhoneSuffix>
               <DateOfInfo>04/11/2016 00:00:00</DateOfInfo>
            </PersonPhone>
         </Person>
         <IncidentPersonRole>
            <RoleType>S</RoleType>
            <CreatorId>STATE_OFFICER14</CreatorId>
            <CreatorDate>09/03/2020 12:58:43</CreatorDate>
            <UpdatorId>TSTC</UpdatorId>
            <UpdatorDate>08/15/2023 20:32:24</UpdatorDate>
         </IncidentPersonRole>
         <IncidentPersonRole>
            <RoleType>A</RoleType>
            <CreatorId>STATE_OFFICER14</CreatorId>
            <CreatorDate>09/03/2020 12:58:43</CreatorDate>
            <UpdatorId>TSTC</UpdatorId>
            <UpdatorDate>08/15/2023 20:32:24</UpdatorDate>
         </IncidentPersonRole>
      </IncidentPerson>
      <IncidentPerson>
         <ApproxAge>42</ApproxAge>
         <ResidentStatusCode>R</ResidentStatusCode>
         <CreatorId>STATE_OFFICER14</CreatorId>
         <CreatorDate>09/03/2020 12:56:12</CreatorDate>
         <UpdatorId>TSTC</UpdatorId>
         <UpdatorDate>05/24/2023 12:41:24</UpdatorDate>
         <Person>
            <PersonId>1056</PersonId>
            <RaceCode>W</RaceCode>
            <SexCode>M</SexCode>
            <EthnicityCode>U</EthnicityCode>
            <PersonVerified>Y</PersonVerified>
            <PersonPrimaryName>
               <LastName>Smith</LastName>
               <FirstName>Tom</FirstName>
               <DOB>05/04/1977 00:00:00</DOB>
               <SSN>1.11111111E8</SSN>
               <DateOfInfo>09/02/2020 16:42:00</DateOfInfo>
               <SLastName>S530</SLastName>
               <SFirstName>T500</SFirstName>
            </PersonPrimaryName>
            <Alias>
               <NameTypeCode>P</NameTypeCode>
               <LastName>Smith</LastName>
               <FirstName>Tom</FirstName>
               <DOB>05/04/1977 00:00:00</DOB>
               <SSN>1.11111111E8</SSN>
               <SLastName>S530</SLastName>
               <SFirstName>T500</SFirstName>
               <DateOfInfo>09/02/2020 16:42:00</DateOfInfo>
            </Alias>
         </Person>
         <IncidentPersonRole>
            <RoleType>V</RoleType>
            <CreatorId>STATE_OFFICER14</CreatorId>
            <CreatorDate>09/03/2020 12:58:17</CreatorDate>
            <UpdatorId>TSTC</UpdatorId>
            <UpdatorDate>08/15/2023 20:32:25</UpdatorDate>
         </IncidentPersonRole>
      </IncidentPerson>
   </IncidentSupplement>
</Incident>