<?xml version="1.0" encoding="UTF-8"?>
<Incident xmlns:xsi="http://www.w3.org/2001/XMLSchema-instance"
          xsi:noNamespaceSchemaLocation="file:///C:/DATA/EJS/SVN_Root/Ejustice/trunk/XMLTransformations/OnlineRMSInternalToIncident/IAOnlineRMSIncidentImport.xsd">
   <IncidentReportNum>2022D424444</IncidentReportNum>
   <AgencyCode>D42</AgencyCode>
   <ORINum>SC0280000</ORINum>
   <ReportDate>01/27/2022 22:40:00</ReportDate>
   <ReportTime>01/27/2022 22:40:00</ReportTime>
   <StartDate>01/27/2022 22:40:00</StartDate>
   <StartTime>01/27/2022 22:40:00</StartTime>
   <Summary>rrrrr</Summary>
   <CreatorId>STATE_OFFICER11</CreatorId>
   <CreatorDate>01/27/2022 22:40:05</CreatorDate>
   <UpdatorId>STATE_OFFICER11</UpdatorId>
   <UpdatorDate>04/04/2022 11:30:40</UpdatorDate>
   <IncidentType>
      <IncidentTypeCode>EXP</IncidentTypeCode>
   </IncidentType>
   <IncidentAddress>
      <AddressId>1519</AddressId>
      <City>22</City>
      <CreatorId>STATE_OFFICER11</CreatorId>
      <CreatorDate>04/04/2022 11:28:04</CreatorDate>
      <UpdatorId>TSTC</UpdatorId>
      <UpdatorDate>04/04/2022 11:28:21</UpdatorDate>
      <Address>
         <AddressId>1519</AddressId>
         <StreetNumber>12</StreetNumber>
         <StreetDirCode>N</StreetDirCode>
         <StreetName>Main</StreetName>
         <StreetTypeCode>ACRE</StreetTypeCode>
         <StreetSuffixCode>BLK</StreetSuffixCode>
         <SubTypeCode>APT</SubTypeCode>
         <SubNumber>123</SubNumber>
         <City>Mobile</City>
         <StateCode>AL</StateCode>
         <Zip5>11111</Zip5>
         <Zip4>2222</Zip4>
         <CountryCode>US</CountryCode>
         <CrossStreetNumber>12</CrossStreetNumber>
         <CrossStreetDirCode>BLK</CrossStreetDirCode>
         <CrossStreetTypeCode>ACRE</CrossStreetTypeCode>
         <CrossStreetSuffixCode>BLK</CrossStreetSuffixCode>
         <Distance>12</Distance>
         <DistanceUnits>F</DistanceUnits>
      </Address>
   </IncidentAddress>
   <IncidentSupplement>
      <SupplementSequence>0</SupplementSequence>
      <IncSupplementStatusCode>A</IncSupplementStatusCode>
      <SuppReportDate>01/27/2022 22:40:07</SuppReportDate>
      <SuppReportTime>01/27/2022 22:40:07</SuppReportTime>
      <AgencyOnly>N</AgencyOnly>
      <SecurityLevel>1100</SecurityLevel>
      <SuppAgencyCode>D42</SuppAgencyCode>
      <UnknownNoOffenders>N</UnknownNoOffenders>
      <DsIcrDate>04/04/2022 11:30:49</DsIcrDate>
      <DsIcrSubmissionStatus>NOT REPORTABLE</DsIcrSubmissionStatus>
      <CreatorId>STATE_OFFICER11</CreatorId>
      <CreatorDate>01/27/2022 22:40:07</CreatorDate>
      <UpdatorId>TSTC</UpdatorId>
      <UpdatorDate>04/04/2022 11:30:49</UpdatorDate>
      <IncidentSuppNarrative>
         <NarrativeNumber>1</NarrativeNumber>
         <NarrativeTitle>Original Narrative</NarrativeTitle>
         <NarrativeText>sdfasdadf</NarrativeText>
         <CreatorId>STATE_OFFICER11</CreatorId>
         <CreatorDate>04/04/2022 11:29:54</CreatorDate>
         <UpdatorId>STATE_OFFICER11</UpdatorId>
         <UpdatorDate>04/04/2022 11:29:54</UpdatorDate>
      </IncidentSuppNarrative>
      <IncidentOfficer>
         <OfficerRoleCode>P</OfficerRoleCode>
         <Officer>
            <AgencyCode>D42</AgencyCode>
            <ORINumber>SC0280000</ORINumber>
            <LastName>Simpson</LastName>
            <FirstName>Homer</FirstName>
            <InternalID>9696</InternalID>
         </Officer>
      </IncidentOfficer>
      <IncidentOfficer>
         <OfficerRoleCode>R</OfficerRoleCode>
         <Officer>
            <AgencyCode>D42</AgencyCode>
            <ORINumber>SC0280000</ORINumber>
            <LastName>Simpson</LastName>
            <FirstName>Homer</FirstName>
            <InternalID>9696</InternalID>
         </Officer>
      </IncidentOfficer>
      <IncidentOffense>
         <IncidentId>3380</IncidentId>
         <OffenseNumber>1</OffenseNumber>
         <OffenseStatusCode>04</OffenseStatusCode>
         <OffenseCode>0001</OffenseCode>
         <PlaceCode>01</PlaceCode>
         <BiasCode>27</BiasCode>
         <CSAUCode>C</CSAUCode>
         <SupplementSeq>0</SupplementSeq>
         <UCRNumber>1</UCRNumber>
         <OffenseStatusDate>01/27/2022 22:40:00</OffenseStatusDate>
         <AttemptedCompletedCode>C</AttemptedCompletedCode>
         <CreatorId>STATE_OFFICER11</CreatorId>
         <CreatorDate>02/25/2022 10:19:01</CreatorDate>
         <UpdatorId>STATE_OFFICER11</UpdatorId>
         <UpdatorDate>02/25/2022 10:19:01</UpdatorDate>
      </IncidentOffense>
      <IncidentPerson>
         <ApproxAge>37</ApproxAge>
         <CreatorId>STATE_OFFICER11</CreatorId>
         <CreatorDate>04/04/2022 11:29:32</CreatorDate>
         <UpdatorId>TSTC</UpdatorId>
         <UpdatorDate>05/24/2023 12:41:25</UpdatorDate>
         <Person>
            <PersonId>1183</PersonId>
            <RaceCode>W</RaceCode>
            <SexCode>M</SexCode>
            <EthnicityCode>U</EthnicityCode>
            <PersonVerified>Y</PersonVerified>
            <PersonPrimaryName>
               <LastName>ALLEN</LastName>
               <FirstName>DONALD</FirstName>
               <DOB>10/24/1984 00:00:00</DOB>
               <SSN>1.11223333E8</SSN>
               <DateOfInfo>03/29/2022 18:57:26</DateOfInfo>
               <SLastName>A450</SLastName>
               <SFirstName>D543</SFirstName>
            </PersonPrimaryName>
            <Alias>
               <NameTypeCode>P</NameTypeCode>
               <LastName>ALLEN</LastName>
               <FirstName>DONALD</FirstName>
               <DOB>10/24/1984 00:00:00</DOB>
               <SSN>1.11223333E8</SSN>
               <SLastName>A450</SLastName>
               <SFirstName>D543</SFirstName>
               <DateOfInfo>03/29/2022 18:57:26</DateOfInfo>
            </Alias>
            <PersonAddress>
               <StreetNumber>4</StreetNumber>
               <StateCode>DE</StateCode>
               <Zip5>11111</Zip5>
            </PersonAddress>
         </Person>
         <IncidentPersonRole>
            <RoleType>S</RoleType>
            <CreatorId>STATE_OFFICER11</CreatorId>
            <CreatorDate>04/04/2022 11:29:32</CreatorDate>
            <UpdatorId>TSTC</UpdatorId>
            <UpdatorDate>08/15/2023 20:32:25</UpdatorDate>
         </IncidentPersonRole>
      </IncidentPerson>
      <IncidentVehicle>
         <VEHICLE_ID>757</VEHICLE_ID>
         <RoleCode>AB</RoleCode>
         <CreatorId>STATE_OFFICER11</CreatorId>
         <CreatorDate>03/01/2022 11:13:47</CreatorDate>
         <UpdatorId>STATE_OFFICER11</UpdatorId>
         <UpdatorDate>03/01/2022 11:13:47</UpdatorDate>
         <DateOfInfo>10/01/2018 00:00:00</DateOfInfo>
         <DateOfInfo>07/10/2020 14:59:55</DateOfInfo>
         <DateOfInfo>08/03/2021 11:29:01</DateOfInfo>
         <StatusCode>10</StatusCode>
         <VIN>2FM2A58244BA70351</VIN>
         <VehicleYear>2004</VehicleYear>
         <VehicleMakeCode>AM</VehicleMakeCode>
         <VehPriColorCode>BLU</VehPriColorCode>
         <VehPriColorCode>BLU</VehPriColorCode>
         <VehPriColorCode>BLU</VehPriColorCode>
         <VehicleLicStateCode>IN</VehicleLicStateCode>
         <VehicleLicStateCode>IN</VehicleLicStateCode>
         <VehicleLicStateCode>IN</VehicleLicStateCode>
         <VehicleLicNumber>246EEI</VehicleLicNumber>
         <VehicleLicNumber>246EEI</VehicleLicNumber>
         <VehicleLicNumber>246EEI</VehicleLicNumber>
         <VehicleLicYear>2017</VehicleLicYear>
         <VehicleLicYear>2017</VehicleLicYear>
         <VehicleLicYear>2017</VehicleLicYear>
         <VehicleLicMonth>4</VehicleLicMonth>
         <VehicleLicMonth>4</VehicleLicMonth>
         <VehicleLicMonth>4</VehicleLicMonth>
         <VehicleValue>15000</VehicleValue>
      </IncidentVehicle>
   </IncidentSupplement>
</Incident>