<?xml version="1.0" encoding="UTF-8"?>
<Incident xmlns:xsi="http://www.w3.org/2001/XMLSchema-instance"
          xsi:noNamespaceSchemaLocation="file:///C:/DATA/EJS/SVN_Root/Ejustice/trunk/XMLTransformations/OnlineRMSInternalToIncident/IAOnlineRMSIncidentImport.xsd">
   <IncidentReportNum>2022D4210420</IncidentReportNum>
   <AgencyCode>D42</AgencyCode>
   <ORINum>SC0280000</ORINum>
   <ReportDate>12/16/2022 10:39:00</ReportDate>
   <ReportTime>12/16/2022 10:39:00</ReportTime>
   <StartDate>12/16/2022 10:39:00</StartDate>
   <StartTime>12/16/2022 10:39:00</StartTime>
   <Summary>narrative testing</Summary>
   <CreatorId>STATE_OFFICER14</CreatorId>
   <CreatorDate>12/16/2022 10:39:54</CreatorDate>
   <UpdatorId>STATE_OFFICER14</UpdatorId>
   <UpdatorDate>01/31/2023 11:59:20</UpdatorDate>
   <IncidentType>
      <IncidentTypeCode>CDT</IncidentTypeCode>
   </IncidentType>
   <IncidentAddress>
      <AddressId>1502</AddressId>
      <City>1</City>
      <CreatorId>STATE_OFFICER14</CreatorId>
      <CreatorDate>12/16/2022 10:41:14</CreatorDate>
      <UpdatorId>TSTC</UpdatorId>
      <UpdatorDate>12/16/2022 10:41:30</UpdatorDate>
      <Address>
         <AddressId>1502</AddressId>
         <StreetNumber>600</StreetNumber>
         <StreetName>Apple</StreetName>
         <StreetTypeCode>ST</StreetTypeCode>
         <SubTypeCode>APT</SubTypeCode>
         <SubNumber>44</SubNumber>
         <City>Greenfield</City>
         <StateCode>IN</StateCode>
         <Zip5>46140</Zip5>
         <CountryCode>US</CountryCode>
         <Longitude>-85.75562936605276</Longitude>
         <Latitude>39.79132762038773</Latitude>
      </Address>
   </IncidentAddress>
   <IncidentSupplement>
      <SupplementSequence>0</SupplementSequence>
      <IncSupplementStatusCode>A</IncSupplementStatusCode>
      <SuppReportDate>12/16/2022 10:39:56</SuppReportDate>
      <SuppReportTime>12/16/2022 10:39:56</SuppReportTime>
      <AgencyOnly>N</AgencyOnly>
      <SecurityLevel>990</SecurityLevel>
      <SuppAgencyCode>D42</SuppAgencyCode>
      <UnknownNoOffenders>N</UnknownNoOffenders>
      <DsIcrDate>01/31/2023 11:59:29</DsIcrDate>
      <DsIcrSubmissionStatus>READY TO BE PROCESSED-ORIGINAL</DsIcrSubmissionStatus>
      <CreatorId>STATE_OFFICER14</CreatorId>
      <CreatorDate>12/16/2022 10:39:56</CreatorDate>
      <UpdatorId>STATE_OFFICER14</UpdatorId>
      <UpdatorDate>01/31/2023 11:59:29</UpdatorDate>
      <IncidentSuppNarrative>
         <NarrativeNumber>1</NarrativeNumber>
         <NarrativeTitle>Original Narrative</NarrativeTitle>
         <NarrativeText>testing</NarrativeText>
         <CreatorId>STATE_OFFICER14</CreatorId>
         <CreatorDate>12/16/2022 10:47:41</CreatorDate>
         <UpdatorId>STATE_OFFICER14</UpdatorId>
         <UpdatorDate>12/16/2022 10:47:41</UpdatorDate>
      </IncidentSuppNarrative>
      <IncidentOfficer>
         <OfficerRoleCode>B</OfficerRoleCode>
         <Officer>
            <AgencyCode>SAPD</AgencyCode>
            <ORINumber>IN0570000</ORINumber>
            <LastName>Collins</LastName>
            <FirstName>timmy</FirstName>
            <InternalID>997</InternalID>
         </Officer>
      </IncidentOfficer>
      <IncidentOfficer>
         <OfficerRoleCode>P</OfficerRoleCode>
         <Officer>
            <AgencyCode>D42</AgencyCode>
            <ORINumber>SC0280000</ORINumber>
            <LastName>Smith</LastName>
            <FirstName>Charles</FirstName>
            <InternalID>2014</InternalID>
         </Officer>
      </IncidentOfficer>
      <IncidentOfficer>
         <OfficerRoleCode>R</OfficerRoleCode>
         <Officer>
            <AgencyCode>D42</AgencyCode>
            <ORINumber>SC0280000</ORINumber>
            <LastName>Smith</LastName>
            <FirstName>Charles</FirstName>
            <InternalID>2014</InternalID>
         </Officer>
      </IncidentOfficer>
      <IncidentOffense>
         <IncidentId>3427</IncidentId>
         <OffenseNumber>1</OffenseNumber>
         <OffenseStatusCode>00</OffenseStatusCode>
         <OffenseCode>35-42-2-1  B04</OffenseCode>
         <PlaceCode>25</PlaceCode>
         <BiasCode>88</BiasCode>
         <CSAUCode>C</CSAUCode>
         <SupplementSeq>0</SupplementSeq>
         <UCRNumber>1</UCRNumber>
         <OffenseStatusDate>12/16/2022 10:39:00</OffenseStatusDate>
         <AttemptedCompletedCode>C</AttemptedCompletedCode>
         <CreatorId>STATE_OFFICER14</CreatorId>
         <CreatorDate>12/16/2022 10:42:56</CreatorDate>
         <UpdatorId>STATE_OFFICER14</UpdatorId>
         <UpdatorDate>12/16/2022 10:42:56</UpdatorDate>
      </IncidentOffense>
      <IncidentPerson>
         <ApproxAge>54</ApproxAge>
         <CreatorId>STATE_OFFICER14</CreatorId>
         <CreatorDate>12/16/2022 10:45:48</CreatorDate>
         <UpdatorId>TSTC</UpdatorId>
         <UpdatorDate>05/24/2023 12:41:25</UpdatorDate>
         <Person>
            <PersonId>1030</PersonId>
            <RaceCode>W</RaceCode>
            <SexCode>F</SexCode>
            <PersonVerified>Y</PersonVerified>
            <PersonPrimaryName>
               <LastName>Smithson</LastName>
               <FirstName>Susan</FirstName>
               <MiddleName>Marie</MiddleName>
               <DateOfInfo>03/10/2020 14:01:38</DateOfInfo>
               <SLastName>S532</SLastName>
               <SFirstName>S250</SFirstName>
            </PersonPrimaryName>
            <Alias>
               <NameTypeCode>P</NameTypeCode>
               <LastName>Smithson</LastName>
               <FirstName>Susan</FirstName>
               <MiddleName>Marie</MiddleName>
               <SLastName>S532</SLastName>
               <SFirstName>S250</SFirstName>
               <DateOfInfo>03/10/2020 14:01:38</DateOfInfo>
            </Alias>
         </Person>
         <IncidentPersonRole>
            <RoleType>S</RoleType>
            <CreatorId>STATE_OFFICER14</CreatorId>
            <CreatorDate>12/16/2022 10:45:48</CreatorDate>
            <UpdatorId>TSTC</UpdatorId>
            <UpdatorDate>08/15/2023 20:32:24</UpdatorDate>
         </IncidentPersonRole>
      </IncidentPerson>
      <IncidentPerson>
         <ApproxAge>45</ApproxAge>
         <ResidentStatusCode>R</ResidentStatusCode>
         <CreatorId>STATE_OFFICER14</CreatorId>
         <CreatorDate>12/16/2022 10:46:44</CreatorDate>
         <UpdatorId>TSTC</UpdatorId>
         <UpdatorDate>05/24/2023 12:41:25</UpdatorDate>
         <Person>
            <PersonId>1065</PersonId>
            <RaceCode>W</RaceCode>
            <SexCode>M</SexCode>
            <PersonVerified>Y</PersonVerified>
            <PersonPrimaryName>
               <LastName>Jackson</LastName>
               <FirstName>Matthew</FirstName>
               <DOB>06/05/1977 00:00:00</DOB>
               <DateOfInfo>09/10/2020 15:16:50</DateOfInfo>
               <SLastName>J250</SLastName>
               <SFirstName>M300</SFirstName>
            </PersonPrimaryName>
            <Alias>
               <NameTypeCode>P</NameTypeCode>
               <LastName>Jackson</LastName>
               <FirstName>Matthew</FirstName>
               <DOB>06/05/1977 00:00:00</DOB>
               <SLastName>J250</SLastName>
               <SFirstName>M300</SFirstName>
               <DateOfInfo>09/10/2020 15:16:50</DateOfInfo>
            </Alias>
            <PersonAddress>
               <StreetNumber>1665</StreetNumber>
               <StreetName>Wellington</StreetName>
               <StreetTypeCode>ST</StreetTypeCode>
               <City>CARMEL</City>
               <StateCode>IN</StateCode>
               <Zip5>41212</Zip5>
            </PersonAddress>
         </Person>
         <IncidentPersonRole>
            <RoleType>V</RoleType>
            <CreatorId>STATE_OFFICER14</CreatorId>
            <CreatorDate>12/16/2022 10:46:44</CreatorDate>
            <UpdatorId>TSTC</UpdatorId>
            <UpdatorDate>08/15/2023 20:32:24</UpdatorDate>
         </IncidentPersonRole>
      </IncidentPerson>
   </IncidentSupplement>
   <IncidentSupplement>
      <SupplementSequence>1</SupplementSequence>
      <IncSupplementStatusCode>A</IncSupplementStatusCode>
      <SuppReportDate>12/16/2022 10:58:32</SuppReportDate>
      <SuppReportTime>12/16/2022 10:58:32</SuppReportTime>
      <AgencyOnly>N</AgencyOnly>
      <SecurityLevel>1700</SecurityLevel>
      <SuppAgencyCode>D42</SuppAgencyCode>
      <UnknownNoOffenders>N</UnknownNoOffenders>
      <DsIcrDate>01/31/2023 11:59:29</DsIcrDate>
      <DsIcrSubmissionStatus>READY TO BE PROCESSED-ORIGINAL</DsIcrSubmissionStatus>
      <CreatorId>STATE_OFFICER11</CreatorId>
      <CreatorDate>12/16/2022 10:58:32</CreatorDate>
      <UpdatorId>STATE_OFFICER14</UpdatorId>
      <UpdatorDate>01/31/2023 11:59:29</UpdatorDate>
      <IncidentSuppNarrative>
         <NarrativeNumber>1</NarrativeNumber>
         <NarrativeTitle>Supplement #1 Narrative</NarrativeTitle>
         <NarrativeText>Address: 9808 Sunningdale Boulevard Lone Tree, CO 80124-3124&lt;br /&gt; Officer: Charles Smith Title: Chief Badge #: 2014&lt;br /&gt; Offense: 35-43-2-2 C03 - CRIMINAL TRESPASS- PROPERTY&lt;br /&gt; &amp;nbsp;</NarrativeText>
         <CreatorId>STATE_OFFICER11</CreatorId>
         <CreatorDate>12/16/2022 11:02:38</CreatorDate>
         <UpdatorId>STATE_OFFICER11</UpdatorId>
         <UpdatorDate>12/16/2022 11:14:33</UpdatorDate>
      </IncidentSuppNarrative>
      <IncidentOfficer>
         <OfficerRoleCode>P</OfficerRoleCode>
         <Officer>
            <AgencyCode>D42</AgencyCode>
            <ORINumber>SC0280000</ORINumber>
            <LastName>Simpson</LastName>
            <FirstName>Homer</FirstName>
            <InternalID>9696</InternalID>
         </Officer>
      </IncidentOfficer>
      <IncidentOfficer>
         <OfficerRoleCode>R</OfficerRoleCode>
         <Officer>
            <AgencyCode>D42</AgencyCode>
            <ORINumber>SC0280000</ORINumber>
            <LastName>Simpson</LastName>
            <FirstName>Homer</FirstName>
            <InternalID>9696</InternalID>
         </Officer>
      </IncidentOfficer>
      <IncidentOffense>
         <IncidentId>3427</IncidentId>
         <OffenseNumber>2</OffenseNumber>
         <OffenseStatusCode>00</OffenseStatusCode>
         <OffenseCode>35-43-2-2  C03</OffenseCode>
         <PlaceCode>25</PlaceCode>
         <BiasCode>88</BiasCode>
         <CSAUCode>C</CSAUCode>
         <SupplementSeq>1</SupplementSeq>
         <UCRNumber>2</UCRNumber>
         <OffenseStatusDate>12/16/2022 10:39:00</OffenseStatusDate>
         <AttemptedCompletedCode>C</AttemptedCompletedCode>
         <CreatorId>STATE_OFFICER11</CreatorId>
         <CreatorDate>12/16/2022 10:59:55</CreatorDate>
         <UpdatorId>STATE_OFFICER11</UpdatorId>
         <UpdatorDate>12/16/2022 10:59:55</UpdatorDate>
      </IncidentOffense>
      <IncidentBusiness>
         <BusinessNumber>240000001</BusinessNumber>
         <BusinessName>SOCIETY</BusinessName>
         <IncBusinessRoleCode>V</IncBusinessRoleCode>
         <CreatorId>STATE_OFFICER11</CreatorId>
         <CreatorDate>12/16/2022 10:59:55</CreatorDate>
         <UpdatorId>STATE_OFFICER11</UpdatorId>
         <UpdatorDate>12/16/2022 10:59:55</UpdatorDate>
      </IncidentBusiness>
   </IncidentSupplement>
   <IncidentSupplement>
      <SupplementSequence>2</SupplementSequence>
      <IncSupplementStatusCode>A</IncSupplementStatusCode>
      <SuppReportDate>12/16/2022 11:19:19</SuppReportDate>
      <SuppReportTime>12/16/2022 11:19:19</SuppReportTime>
      <AgencyOnly>N</AgencyOnly>
      <SecurityLevel>1100</SecurityLevel>
      <SuppAgencyCode>D42</SuppAgencyCode>
      <UnknownNoOffenders>N</UnknownNoOffenders>
      <DsIcrDate>01/31/2023 11:59:29</DsIcrDate>
      <DsIcrSubmissionStatus>READY TO BE PROCESSED-ORIGINAL</DsIcrSubmissionStatus>
      <CreatorId>STATE_OFFICER14</CreatorId>
      <CreatorDate>12/16/2022 11:19:19</CreatorDate>
      <UpdatorId>STATE_OFFICER14</UpdatorId>
      <UpdatorDate>01/31/2023 11:59:29</UpdatorDate>
      <IncidentSuppNarrative>
         <NarrativeNumber>1</NarrativeNumber>
         <NarrativeTitle>Supplement #2 Narrative</NarrativeTitle>
         <NarrativeText>Address: 600 Apple Street Apartment #44 Greenfield, IN 46140</NarrativeText>
         <CreatorId>STATE_OFFICER14</CreatorId>
         <CreatorDate>12/16/2022 11:21:12</CreatorDate>
         <UpdatorId>STATE_OFFICER14</UpdatorId>
         <UpdatorDate>12/16/2022 11:21:12</UpdatorDate>
      </IncidentSuppNarrative>
      <IncidentOfficer>
         <OfficerRoleCode>P</OfficerRoleCode>
         <Officer>
            <AgencyCode>D42</AgencyCode>
            <ORINumber>SC0280000</ORINumber>
            <LastName>Smith</LastName>
            <FirstName>Charles</FirstName>
            <InternalID>2014</InternalID>
         </Officer>
      </IncidentOfficer>
      <IncidentOfficer>
         <OfficerRoleCode>R</OfficerRoleCode>
         <Officer>
            <AgencyCode>D42</AgencyCode>
            <ORINumber>SC0280000</ORINumber>
            <LastName>Smith</LastName>
            <FirstName>Charles</FirstName>
            <InternalID>2014</InternalID>
         </Officer>
      </IncidentOfficer>
      <IncidentProperty>
         <CreatorId>STATE_OFFICER14</CreatorId>
         <CreatorDate>01/31/2023 11:55:14</CreatorDate>
         <UpdatorId>STATE_OFFICER14</UpdatorId>
         <UpdatorDate>01/31/2023 11:55:58</UpdatorDate>
         <DateOfInfo>01/31/2023 00:00:00</DateOfInfo>
         <StatusCode>8</StatusCode>
         <DocumentTypeCode>P</DocumentTypeCode>
         <PropertyTypeCode>702</PropertyTypeCode>
         <PropertyValue>10</PropertyValue>
         <Value>10</Value>
         <SerialNumber>a1</SerialNumber>
         <Evidence>Y</Evidence>
         <EvidenceFlag>Y</EvidenceFlag>
         <ExternalEvidenceId>858</ExternalEvidenceId>
         <Property_ID>2129</Property_ID>
         <PrimaryColor>BLK</PrimaryColor>
         <Make>a</Make>
         <Model>b</Model>
         <Quantity>1</Quantity>
      </IncidentProperty>
      <IncidentProperty>
         <CreatorId>STATE_OFFICER14</CreatorId>
         <CreatorDate>01/31/2023 11:55:14</CreatorDate>
         <UpdatorId>STATE_OFFICER14</UpdatorId>
         <UpdatorDate>01/31/2023 11:55:59</UpdatorDate>
         <DateOfInfo>01/31/2023 00:00:00</DateOfInfo>
         <StatusCode>8</StatusCode>
         <DocumentTypeCode>P</DocumentTypeCode>
         <PropertyTypeCode>509</PropertyTypeCode>
         <PropertyValue>20</PropertyValue>
         <Value>20</Value>
         <SerialNumber>a2</SerialNumber>
         <Evidence>Y</Evidence>
         <EvidenceFlag>Y</EvidenceFlag>
         <ExternalEvidenceId>859</ExternalEvidenceId>
         <Property_ID>2130</Property_ID>
         <PrimaryColor>BLK</PrimaryColor>
         <Make>a</Make>
         <Model>b</Model>
         <Quantity>2</Quantity>
      </IncidentProperty>
      <IncidentProperty>
         <CreatorId>STATE_OFFICER14</CreatorId>
         <CreatorDate>01/31/2023 11:55:15</CreatorDate>
         <UpdatorId>STATE_OFFICER14</UpdatorId>
         <UpdatorDate>01/31/2023 11:55:59</UpdatorDate>
         <DateOfInfo>01/31/2023 00:00:00</DateOfInfo>
         <StatusCode>8</StatusCode>
         <DocumentTypeCode>P</DocumentTypeCode>
         <PropertyTypeCode>822</PropertyTypeCode>
         <PropertyValue>30</PropertyValue>
         <Value>30</Value>
         <SerialNumber>a3</SerialNumber>
         <Evidence>Y</Evidence>
         <EvidenceFlag>Y</EvidenceFlag>
         <ExternalEvidenceId>860</ExternalEvidenceId>
         <Property_ID>2131</Property_ID>
         <PrimaryColor>BLK</PrimaryColor>
         <Make>a</Make>
         <Model>b</Model>
         <Quantity>3</Quantity>
      </IncidentProperty>
      <IncidentProperty>
         <CreatorId>STATE_OFFICER14</CreatorId>
         <CreatorDate>01/31/2023 11:55:15</CreatorDate>
         <UpdatorId>STATE_OFFICER14</UpdatorId>
         <UpdatorDate>01/31/2023 11:55:59</UpdatorDate>
         <DateOfInfo>01/31/2023 00:00:00</DateOfInfo>
         <StatusCode>8</StatusCode>
         <DocumentTypeCode>P</DocumentTypeCode>
         <PropertyTypeCode>510</PropertyTypeCode>
         <PropertyValue>40</PropertyValue>
         <Value>40</Value>
         <SerialNumber>a4</SerialNumber>
         <Evidence>Y</Evidence>
         <EvidenceFlag>Y</EvidenceFlag>
         <ExternalEvidenceId>861</ExternalEvidenceId>
         <Property_ID>2132</Property_ID>
         <PrimaryColor>BLK</PrimaryColor>
         <Make>a</Make>
         <Model>b</Model>
         <Quantity>4</Quantity>
      </IncidentProperty>
      <IncidentProperty>
         <CreatorId>STATE_OFFICER14</CreatorId>
         <CreatorDate>01/31/2023 11:55:15</CreatorDate>
         <UpdatorId>STATE_OFFICER14</UpdatorId>
         <UpdatorDate>01/31/2023 11:56:00</UpdatorDate>
         <DateOfInfo>01/31/2023 00:00:00</DateOfInfo>
         <StatusCode>8</StatusCode>
         <DocumentTypeCode>P</DocumentTypeCode>
         <PropertyTypeCode>578</PropertyTypeCode>
         <PropertyValue>50</PropertyValue>
         <Value>50</Value>
         <SerialNumber>a5</SerialNumber>
         <Evidence>Y</Evidence>
         <EvidenceFlag>Y</EvidenceFlag>
         <ExternalEvidenceId>862</ExternalEvidenceId>
         <Property_ID>2133</Property_ID>
         <PrimaryColor>BLK</PrimaryColor>
         <Make>a</Make>
         <Model>b</Model>
         <Quantity>5</Quantity>
      </IncidentProperty>
      <IncidentProperty>
         <CreatorId>STATE_OFFICER14</CreatorId>
         <CreatorDate>01/31/2023 11:56:55</CreatorDate>
         <UpdatorId>STATE_OFFICER14</UpdatorId>
         <UpdatorDate>01/31/2023 11:57:22</UpdatorDate>
         <DateOfInfo>01/31/2023 00:00:00</DateOfInfo>
         <StatusCode>15</StatusCode>
         <DocumentTypeCode>D</DocumentTypeCode>
         <PropertyTypeCode>561</PropertyTypeCode>
         <PropertyValue>500</PropertyValue>
         <Value>500</Value>
         <Evidence>Y</Evidence>
         <EvidenceFlag>Y</EvidenceFlag>
         <ExternalEvidenceId>863</ExternalEvidenceId>
         <Property_ID>2134</Property_ID>
         <DrugTypeCode>N</DrugTypeCode>
         <Quantity>10</Quantity>
         <QuantityUnit>GM</QuantityUnit>
      </IncidentProperty>
   </IncidentSupplement>
</Incident>