<?xml version="1.0" encoding="UTF-8"?>
<Incident xmlns:xsi="http://www.w3.org/2001/XMLSchema-instance"
          xsi:noNamespaceSchemaLocation="file:///C:/DATA/EJS/SVN_Root/Ejustice/trunk/XMLTransformations/OnlineRMSInternalToIncident/IAOnlineRMSIncidentImport.xsd">
   <IncidentReportNum>2020D4210270</IncidentReportNum>
   <AgencyCode>D42</AgencyCode>
   <ORINum>SC0280000</ORINum>
   <ReportDate>07/08/2020 14:24:00</ReportDate>
   <ReportTime>07/08/2020 14:24:00</ReportTime>
   <StartDate>07/08/2020 14:24:00</StartDate>
   <StartTime>07/08/2020 14:24:00</StartTime>
   <Summary>aaaaaa</Summary>
   <CreatorId>STATE_OFFICER11</CreatorId>
   <CreatorDate>07/08/2020 14:24:59</CreatorDate>
   <UpdatorId>TSTC</UpdatorId>
   <UpdatorDate>09/09/2021 18:46:43</UpdatorDate>
   <IncidentType>
      <IncidentTypeCode>B/B</IncidentTypeCode>
   </IncidentType>
   <IncidentAddress>
      <AddressId>1699</AddressId>
      <City>6</City>
      <CreatorId>STATE_OFFICER11</CreatorId>
      <CreatorDate>07/08/2020 14:26:19</CreatorDate>
      <UpdatorId>TSTC</UpdatorId>
      <UpdatorDate>07/08/2020 14:26:29</UpdatorDate>
      <Address>
         <AddressId>1699</AddressId>
         <StreetNumber>9650</StreetNumber>
         <StreetDirCode>E</StreetDirCode>
         <StreetName>Washington</StreetName>
         <StreetTypeCode>ST</StreetTypeCode>
         <SubNumber>Suite 100</SubNumber>
         <City>Indianapolis</City>
         <StateCode>IN</StateCode>
         <Zip5>46229</Zip5>
         <CountryCode>US</CountryCode>
         <Distance>0</Distance>
         <Longitude>-85.994568</Longitude>
         <Latitude>39.776458</Latitude>
      </Address>
   </IncidentAddress>
   <IncidentSupplement>
      <SupplementSequence>0</SupplementSequence>
      <IncSupplementStatusCode>A</IncSupplementStatusCode>
      <SuppReportDate>07/08/2020 14:24:59</SuppReportDate>
      <SuppReportTime>07/08/2020 14:24:59</SuppReportTime>
      <AgencyOnly>N</AgencyOnly>
      <SecurityLevel>1100</SecurityLevel>
      <SuppAgencyCode>D42</SuppAgencyCode>
      <UnknownNoOffenders>N</UnknownNoOffenders>
      <DsIcrDate>07/08/2020 14:31:51</DsIcrDate>
      <DsIcrSubmissionStatus>NOT REPORTABLE</DsIcrSubmissionStatus>
      <CreatorId>STATE_OFFICER11</CreatorId>
      <CreatorDate>07/08/2020 14:24:59</CreatorDate>
      <UpdatorId>TSTC</UpdatorId>
      <UpdatorDate>08/05/2021 17:38:28</UpdatorDate>
      <IncidentSuppNarrative>
         <NarrativeNumber>1</NarrativeNumber>
         <NarrativeTitle>Original Narrative</NarrativeTitle>
         <NarrativeText>asdasdasd</NarrativeText>
         <CreatorId>STATE_OFFICER11</CreatorId>
         <CreatorDate>07/08/2020 14:30:48</CreatorDate>
         <UpdatorId>STATE_OFFICER11</UpdatorId>
         <UpdatorDate>07/08/2020 14:30:48</UpdatorDate>
      </IncidentSuppNarrative>
      <IncidentOfficer>
         <OfficerRoleCode>P</OfficerRoleCode>
         <Officer>
            <AgencyCode>D42</AgencyCode>
            <ORINumber>SC0280000</ORINumber>
            <LastName>Wright</LastName>
            <FirstName>Greg</FirstName>
            <InternalID>9696</InternalID>
         </Officer>
      </IncidentOfficer>
      <IncidentOfficer>
         <OfficerRoleCode>R</OfficerRoleCode>
         <Officer>
            <AgencyCode>D42</AgencyCode>
            <ORINumber>SC0280000</ORINumber>
            <LastName>Wright</LastName>
            <FirstName>Greg</FirstName>
            <InternalID>9696</InternalID>
         </Officer>
      </IncidentOfficer>
      <IncidentPerson>
         <ApproxAge>22</ApproxAge>
         <CreatorId>STATE_OFFICER11</CreatorId>
         <CreatorDate>07/08/2020 14:27:55</CreatorDate>
         <UpdatorId>TSTC</UpdatorId>
         <UpdatorDate>05/24/2023 12:41:22</UpdatorDate>
         <Person>
            <PersonId>969</PersonId>
            <RaceCode>W</RaceCode>
            <SexCode>M</SexCode>
            <PersonVerified>Y</PersonVerified>
            <PersonPrimaryName>
               <LastName>BEERTZER</LastName>
               <FirstName>HANK</FirstName>
               <MiddleName>AUSTIN JAMES</MiddleName>
               <DOB>10/24/1997 00:00:00</DOB>
               <SSN>4.82001223E8</SSN>
               <DateOfInfo>10/01/2018 11:26:54</DateOfInfo>
               <SLastName>B632</SLastName>
               <SFirstName>H520</SFirstName>
            </PersonPrimaryName>
            <PersonPrimaryName>
               <LastName>B</LastName>
               <MiddleName>HENRY</MiddleName>
               <DateOfInfo>10/01/2018 00:00:00</DateOfInfo>
               <SLastName>B000</SLastName>
            </PersonPrimaryName>
            <PersonPrimaryName>
               <LastName>B</LastName>
               <FirstName>AA</FirstName>
               <MiddleName>HARLY</MiddleName>
               <DateOfInfo>10/01/2018 00:00:00</DateOfInfo>
               <SLastName>B000</SLastName>
               <SFirstName>A000</SFirstName>
            </PersonPrimaryName>
            <Alias>
               <NameTypeCode>P</NameTypeCode>
               <LastName>BEERTZER</LastName>
               <FirstName>HANK</FirstName>
               <MiddleName>AUSTIN JAMES</MiddleName>
               <DOB>10/24/1997 00:00:00</DOB>
               <SSN>4.82001223E8</SSN>
               <SLastName>B632</SLastName>
               <SFirstName>H520</SFirstName>
               <DateOfInfo>10/01/2018 11:26:54</DateOfInfo>
            </Alias>
            <Alias>
               <NameTypeCode>A</NameTypeCode>
               <LastName>B</LastName>
               <MiddleName>HENRY</MiddleName>
               <SLastName>B000</SLastName>
               <DateOfInfo>10/01/2018 00:00:00</DateOfInfo>
            </Alias>
            <Alias>
               <NameTypeCode>A</NameTypeCode>
               <LastName>B</LastName>
               <FirstName>AA</FirstName>
               <MiddleName>HARLY</MiddleName>
               <SLastName>B000</SLastName>
               <SFirstName>A000</SFirstName>
               <DateOfInfo>10/01/2018 00:00:00</DateOfInfo>
            </Alias>
            <PersonAddress>
               <StreetNumber>4060</StreetNumber>
               <StreetDirCode>N</StreetDirCode>
               <StreetName>150</StreetName>
               <StreetSuffixCode>W</StreetSuffixCode>
               <SubTypeCode>APT</SubTypeCode>
               <SubNumber>E2</SubNumber>
               <City>COLUMBUS</City>
               <StateCode>IN</StateCode>
               <Zip5>47201</Zip5>
               <CountryCode>US</CountryCode>
               <CountyCode>NaN</CountyCode>
               <Longitude>-85.9419319</Longitude>
               <Latitude>39.2406334</Latitude>
            </PersonAddress>
         </Person>
         <IncidentPersonRole>
            <RoleType>S</RoleType>
            <CreatorId>STATE_OFFICER11</CreatorId>
            <CreatorDate>07/08/2020 14:27:55</CreatorDate>
            <UpdatorId>TSTC</UpdatorId>
            <UpdatorDate>08/15/2023 20:32:25</UpdatorDate>
         </IncidentPersonRole>
      </IncidentPerson>
      <IncidentPerson>
         <ApproxAge>34</ApproxAge>
         <ResidentStatusCode>R</ResidentStatusCode>
         <CreatorId>STATE_OFFICER11</CreatorId>
         <CreatorDate>07/08/2020 14:28:50</CreatorDate>
         <UpdatorId>TSTC</UpdatorId>
         <UpdatorDate>05/24/2023 12:41:25</UpdatorDate>
         <Person>
            <PersonId>355</PersonId>
            <RaceCode>U</RaceCode>
            <SexCode>M</SexCode>
            <PersonVerified>Y</PersonVerified>
            <PersonPrimaryName>
               <LastName>ARNEY</LastName>
               <FirstName>DUSTIN</FirstName>
               <DOB>10/10/1985 00:00:00</DOB>
               <DateOfInfo>09/05/2012 14:13:45</DateOfInfo>
               <SLastName>A650</SLastName>
               <SFirstName>D235</SFirstName>
            </PersonPrimaryName>
            <Alias>
               <NameTypeCode>P</NameTypeCode>
               <LastName>ARNEY</LastName>
               <FirstName>DUSTIN</FirstName>
               <DOB>10/10/1985 00:00:00</DOB>
               <SLastName>A650</SLastName>
               <SFirstName>D235</SFirstName>
               <DateOfInfo>09/05/2012 14:13:45</DateOfInfo>
            </Alias>
            <PersonAddress>
               <StreetNumber>8230</StreetNumber>
               <StreetName>HARRIS</StreetName>
               <StreetTypeCode>RD</StreetTypeCode>
               <City>POLAND</City>
               <StateCode>IN</StateCode>
               <Zip5>47868</Zip5>
            </PersonAddress>
         </Person>
         <IncidentPersonRole>
            <RoleType>V</RoleType>
            <CreatorId>STATE_OFFICER11</CreatorId>
            <CreatorDate>07/08/2020 14:28:51</CreatorDate>
            <UpdatorId>TSTC</UpdatorId>
            <UpdatorDate>08/15/2023 20:32:23</UpdatorDate>
         </IncidentPersonRole>
      </IncidentPerson>
      <IncidentPerson>
         <ApproxAge>48</ApproxAge>
         <ResidentStatusCode>R</ResidentStatusCode>
         <CreatorId>STATE_OFFICER11</CreatorId>
         <CreatorDate>07/08/2020 14:29:34</CreatorDate>
         <UpdatorId>TSTC</UpdatorId>
         <UpdatorDate>05/24/2023 12:41:22</UpdatorDate>
         <Person>
            <PersonId>874</PersonId>
            <RaceCode>W</RaceCode>
            <SexCode>M</SexCode>
            <EthnicityCode>U</EthnicityCode>
            <PersonVerified>Y</PersonVerified>
            <PersonPrimaryName>
               <LastName>America</LastName>
               <FirstName>Captain</FirstName>
               <DOB>05/01/1973 00:00:00</DOB>
               <SSN>9.99999999E8</SSN>
               <DateOfInfo>05/23/2017 00:00:00</DateOfInfo>
               <SLastName>A562</SLastName>
               <SFirstName>C135</SFirstName>
            </PersonPrimaryName>
            <PersonPrimaryName>
               <LastName>Bacon</LastName>
               <FirstName>Chrispy</FirstName>
               <DateOfInfo>06/05/2017 00:00:00</DateOfInfo>
               <SLastName>B250</SLastName>
               <SFirstName>C621</SFirstName>
            </PersonPrimaryName>
            <PersonPrimaryName>
               <LastName>Evans</LastName>
               <FirstName>Christopher</FirstName>
               <MiddleName>P</MiddleName>
               <DOB>05/01/1972 00:00:00</DOB>
               <SSN>2.22222222E8</SSN>
               <DateOfInfo>05/23/2017 14:25:25</DateOfInfo>
               <SLastName>E152</SLastName>
               <SFirstName>C623</SFirstName>
            </PersonPrimaryName>
            <Alias>
               <NameTypeCode>A</NameTypeCode>
               <LastName>America</LastName>
               <FirstName>Captain</FirstName>
               <DOB>05/01/1973 00:00:00</DOB>
               <SSN>9.99999999E8</SSN>
               <SLastName>A562</SLastName>
               <SFirstName>C135</SFirstName>
               <DateOfInfo>05/23/2017 00:00:00</DateOfInfo>
            </Alias>
            <Alias>
               <NameTypeCode>A</NameTypeCode>
               <LastName>Bacon</LastName>
               <FirstName>Chrispy</FirstName>
               <SLastName>B250</SLastName>
               <SFirstName>C621</SFirstName>
               <DateOfInfo>06/05/2017 00:00:00</DateOfInfo>
            </Alias>
            <Alias>
               <NameTypeCode>P</NameTypeCode>
               <LastName>Evans</LastName>
               <FirstName>Christopher</FirstName>
               <MiddleName>P</MiddleName>
               <DOB>05/01/1972 00:00:00</DOB>
               <SSN>2.22222222E8</SSN>
               <SLastName>E152</SLastName>
               <SFirstName>C623</SFirstName>
               <DateOfInfo>05/23/2017 14:25:25</DateOfInfo>
            </Alias>
            <PersonAddress>
               <StreetNumber>200</StreetNumber>
               <StreetDirCode>W</StreetDirCode>
               <StreetName>Ash</StreetName>
               <StreetTypeCode>ST</StreetTypeCode>
               <City>Lebanon</City>
               <StateCode>IN</StateCode>
               <Zip5>46052</Zip5>
               <CountryCode>US</CountryCode>
               <CountyCode>33</CountyCode>
               <Beat>104</Beat>
               <SubBeat>West Patrol</SubBeat>
            </PersonAddress>
            <PersonPhone>
               <PhoneTypeCode>RES</PhoneTypeCode>
               <PhoneArea>303</PhoneArea>
               <PhonePrefix>222</PhonePrefix>
               <PhoneSuffix>2222</PhoneSuffix>
               <DateOfInfo>05/23/2017 00:00:00</DateOfInfo>
            </PersonPhone>
            <PersonPhone>
               <PhoneTypeCode>CEL</PhoneTypeCode>
               <PhoneArea>720</PhoneArea>
               <PhonePrefix>222</PhonePrefix>
               <PhoneSuffix>2222</PhoneSuffix>
               <DateOfInfo>05/23/2017 00:00:00</DateOfInfo>
            </PersonPhone>
         </Person>
         <IncidentPersonRole>
            <RoleType>FF</RoleType>
            <CreatorId>STATE_OFFICER11</CreatorId>
            <CreatorDate>07/08/2020 14:29:34</CreatorDate>
            <UpdatorId>TSTC</UpdatorId>
            <UpdatorDate>08/15/2023 20:32:25</UpdatorDate>
         </IncidentPersonRole>
      </IncidentPerson>
      <IncidentPerson>
         <ApproxAge>34</ApproxAge>
         <CreatorId>STATE_OFFICER11</CreatorId>
         <CreatorDate>07/08/2020 14:30:09</CreatorDate>
         <UpdatorId>TSTC</UpdatorId>
         <UpdatorDate>05/24/2023 12:41:22</UpdatorDate>
         <Person>
            <PersonId>882</PersonId>
            <RaceCode>W</RaceCode>
            <SexCode>M</SexCode>
            <EthnicityCode>O</EthnicityCode>
            <PersonVerified>Y</PersonVerified>
            <PersonPrimaryName>
               <LastName>Brown</LastName>
               <FirstName>Charles</FirstName>
               <DateOfInfo>06/06/2017 12:44:57</DateOfInfo>
               <SLastName>B650</SLastName>
               <SFirstName>C642</SFirstName>
            </PersonPrimaryName>
            <PersonPrimaryName>
               <LastName>Brown</LastName>
               <FirstName>Chuck</FirstName>
               <DOB>06/01/1990 00:00:00</DOB>
               <DateOfInfo>06/06/2017 00:00:00</DateOfInfo>
               <SLastName>B650</SLastName>
               <SFirstName>C200</SFirstName>
            </PersonPrimaryName>
            <PersonPrimaryName>
               <LastName>Brown</LastName>
               <FirstName>Chunky</FirstName>
               <DOB>06/06/2017 00:00:00</DOB>
               <DateOfInfo>06/06/2017 00:00:00</DateOfInfo>
               <SLastName>B650</SLastName>
               <SFirstName>C520</SFirstName>
            </PersonPrimaryName>
            <Alias>
               <NameTypeCode>P</NameTypeCode>
               <LastName>Brown</LastName>
               <FirstName>Charles</FirstName>
               <SLastName>B650</SLastName>
               <SFirstName>C642</SFirstName>
               <DateOfInfo>06/06/2017 12:44:57</DateOfInfo>
            </Alias>
            <Alias>
               <NameTypeCode>N</NameTypeCode>
               <LastName>Brown</LastName>
               <FirstName>Chuck</FirstName>
               <DOB>06/01/1990 00:00:00</DOB>
               <SLastName>B650</SLastName>
               <SFirstName>C200</SFirstName>
               <DateOfInfo>06/06/2017 00:00:00</DateOfInfo>
            </Alias>
            <Alias>
               <NameTypeCode>A</NameTypeCode>
               <LastName>Brown</LastName>
               <FirstName>Chunky</FirstName>
               <DOB>06/06/2017 00:00:00</DOB>
               <SLastName>B650</SLastName>
               <SFirstName>C520</SFirstName>
               <DateOfInfo>06/06/2017 00:00:00</DateOfInfo>
            </Alias>
         </Person>
         <IncidentPersonRole>
            <RoleType>DR</RoleType>
            <CreatorId>STATE_OFFICER11</CreatorId>
            <CreatorDate>07/08/2020 14:30:09</CreatorDate>
            <UpdatorId>TSTC</UpdatorId>
            <UpdatorDate>08/15/2023 20:32:25</UpdatorDate>
         </IncidentPersonRole>
      </IncidentPerson>
   </IncidentSupplement>
</Incident>