<?xml version="1.0" encoding="UTF-8"?>
<Incident xmlns:xsi="http://www.w3.org/2001/XMLSchema-instance"
          xsi:noNamespaceSchemaLocation="file:///C:/DATA/EJS/SVN_Root/Ejustice/trunk/XMLTransformations/OnlineRMSInternalToIncident/IAOnlineRMSIncidentImport.xsd">
   <IncidentReportNum>2019D4210216</IncidentReportNum>
   <AgencyCode>D42</AgencyCode>
   <ORINum>SC0280000</ORINum>
   <ReportDate>03/04/2019 11:42:00</ReportDate>
   <ReportTime>03/04/2019 11:42:00</ReportTime>
   <StartDate>03/04/2019 11:42:00</StartDate>
   <StartTime>03/04/2019 11:42:00</StartTime>
   <Summary>asdf</Summary>
   <CreatorId>STATE_OFFICER11</CreatorId>
   <CreatorDate>03/04/2019 11:42:54</CreatorDate>
   <UpdatorId>TSTC</UpdatorId>
   <UpdatorDate>09/09/2021 18:46:43</UpdatorDate>
   <IncidentType>
      <IncidentTypeCode>AIR</IncidentTypeCode>
   </IncidentType>
   <IncidentAddress>
      <AddressId>1529</AddressId>
      <City>18</City>
      <CreatorId>STATE_OFFICER11</CreatorId>
      <CreatorDate>03/04/2019 11:43:19</CreatorDate>
      <UpdatorId>TSTC</UpdatorId>
      <UpdatorDate>03/04/2019 11:43:35</UpdatorDate>
      <Address>
         <AddressId>1529</AddressId>
         <StreetNumber>700</StreetNumber>
         <StreetDirCode>N</StreetDirCode>
         <StreetName>Broadway</StreetName>
         <StreetTypeCode>ST</StreetTypeCode>
         <City>Greenfield</City>
         <StateCode>IN</StateCode>
         <CountryCode>US</CountryCode>
         <Longitude>-85.78072189725906</Longitude>
         <Latitude>39.79039012854021</Latitude>
         <AddressCommonName>
            <CommonPlaceName>GREENFIELD CENTRAL EDUCATIONAL SERVICES CENTER</CommonPlaceName>
         </AddressCommonName>
      </Address>
   </IncidentAddress>
   <IncidentSupplement>
      <SupplementSequence>0</SupplementSequence>
      <IncSupplementStatusCode>A</IncSupplementStatusCode>
      <SuppReportDate>03/04/2019 11:42:55</SuppReportDate>
      <SuppReportTime>03/04/2019 11:42:55</SuppReportTime>
      <AgencyOnly>N</AgencyOnly>
      <SecurityLevel>1100</SecurityLevel>
      <SuppAgencyCode>D42</SuppAgencyCode>
      <UnknownNoOffenders>N</UnknownNoOffenders>
      <DsIcrDate>03/04/2019 11:47:01</DsIcrDate>
      <DsIcrSubmissionStatus>NOT REPORTABLE</DsIcrSubmissionStatus>
      <CreatorId>STATE_OFFICER11</CreatorId>
      <CreatorDate>03/04/2019 11:42:55</CreatorDate>
      <UpdatorId>TSTC</UpdatorId>
      <UpdatorDate>08/05/2021 17:38:28</UpdatorDate>
      <IncidentSuppNarrative>
         <NarrativeNumber>1</NarrativeNumber>
         <NarrativeTitle>Original Narrative</NarrativeTitle>
         <NarrativeText>asdfadf</NarrativeText>
         <CreatorId>STATE_OFFICER11</CreatorId>
         <CreatorDate>03/04/2019 11:46:33</CreatorDate>
         <UpdatorId>STATE_OFFICER11</UpdatorId>
         <UpdatorDate>03/04/2019 11:46:33</UpdatorDate>
      </IncidentSuppNarrative>
      <IncidentOfficer>
         <OfficerRoleCode>P</OfficerRoleCode>
         <Officer>
            <AgencyCode>D42</AgencyCode>
            <ORINumber>SC0280000</ORINumber>
            <LastName>Wright</LastName>
            <FirstName>Greg</FirstName>
            <InternalID>9696</InternalID>
         </Officer>
      </IncidentOfficer>
      <IncidentOfficer>
         <OfficerRoleCode>R</OfficerRoleCode>
         <Officer>
            <AgencyCode>D42</AgencyCode>
            <ORINumber>SC0280000</ORINumber>
            <LastName>Wright</LastName>
            <FirstName>Greg</FirstName>
            <InternalID>9696</InternalID>
         </Officer>
      </IncidentOfficer>
      <IncidentOffense>
         <IncidentId>3205</IncidentId>
         <OffenseNumber>1</OffenseNumber>
         <OffenseStatusCode>00</OffenseStatusCode>
         <OffenseCode>35-43-2-2  C01</OffenseCode>
         <PlaceCode>48</PlaceCode>
         <BiasCode>13</BiasCode>
         <CSAUCode>C</CSAUCode>
         <SupplementSeq>0</SupplementSeq>
         <UCRNumber>1</UCRNumber>
         <OffenseStatusDate>03/04/2019 11:42:00</OffenseStatusDate>
         <AttemptedCompletedCode>C</AttemptedCompletedCode>
         <CreatorId>STATE_OFFICER11</CreatorId>
         <CreatorDate>03/04/2019 11:44:40</CreatorDate>
         <UpdatorId>STATE_OFFICER11</UpdatorId>
         <UpdatorDate>03/04/2019 11:44:40</UpdatorDate>
      </IncidentOffense>
      <IncidentPerson>
         <ApproxAge>41</ApproxAge>
         <CreatorId>STATE_OFFICER11</CreatorId>
         <CreatorDate>03/04/2019 11:46:20</CreatorDate>
         <UpdatorId>TSTC</UpdatorId>
         <UpdatorDate>05/24/2023 12:41:22</UpdatorDate>
         <Person>
            <PersonId>921</PersonId>
            <RaceCode>B</RaceCode>
            <SexCode>M</SexCode>
            <PersonVerified>Y</PersonVerified>
            <PersonPrimaryName>
               <LastName>THOMAS</LastName>
               <FirstName>ANDREZ</FirstName>
               <MiddleName>JOSE</MiddleName>
               <DOB>04/21/1977 00:00:00</DOB>
               <SSN>5.93127942E8</SSN>
               <DateOfInfo>11/07/2017 14:09:55</DateOfInfo>
               <SLastName>T520</SLastName>
               <SFirstName>A536</SFirstName>
            </PersonPrimaryName>
            <Alias>
               <NameTypeCode>A</NameTypeCode>
               <LastName>THOMAS</LastName>
               <FirstName>ANDREZ</FirstName>
               <MiddleName>JOSE</MiddleName>
               <DOB>04/21/1977 00:00:00</DOB>
               <SSN>5.93127942E8</SSN>
               <SLastName>T520</SLastName>
               <SFirstName>A536</SFirstName>
               <DateOfInfo>11/07/2017 14:09:55</DateOfInfo>
            </Alias>
            <PersonAddress>
               <StreetNumber>500</StreetNumber>
               <StreetName>Center Lake Water Tower-Clubhouse-Librar</StreetName>
               <StreetTypeCode>RD</StreetTypeCode>
               <StateCode>IN</StateCode>
               <CountryCode>US</CountryCode>
            </PersonAddress>
         </Person>
         <IncidentPersonRole>
            <RoleType>S</RoleType>
            <CreatorId>STATE_OFFICER11</CreatorId>
            <CreatorDate>03/04/2019 11:46:22</CreatorDate>
            <UpdatorId>TSTC</UpdatorId>
            <UpdatorDate>08/15/2023 20:32:24</UpdatorDate>
         </IncidentPersonRole>
      </IncidentPerson>
      <IncidentBusiness>
         <BusinessNumber>240000001</BusinessNumber>
         <BusinessName>SOCIETY</BusinessName>
         <IncBusinessRoleCode>V</IncBusinessRoleCode>
         <CreatorId>STATE_OFFICER11</CreatorId>
         <CreatorDate>03/04/2019 11:44:42</CreatorDate>
         <UpdatorId>STATE_OFFICER11</UpdatorId>
         <UpdatorDate>03/04/2019 11:44:42</UpdatorDate>
      </IncidentBusiness>
   </IncidentSupplement>
</Incident>