<?xml version="1.0" encoding="UTF-8"?>
<Incident xmlns:xsi="http://www.w3.org/2001/XMLSchema-instance"
          xsi:noNamespaceSchemaLocation="file:///C:/DATA/EJS/SVN_Root/Ejustice/trunk/XMLTransformations/OnlineRMSInternalToIncident/IAOnlineRMSIncidentImport.xsd">
   <IncidentReportNum>2020D4210311</IncidentReportNum>
   <AgencyCode>D42</AgencyCode>
   <ORINum>SC0280000</ORINum>
   <ReportDate>10/07/2020 13:49:00</ReportDate>
   <ReportTime>10/07/2020 13:49:00</ReportTime>
   <StartDate>10/07/2020 10:00:00</StartDate>
   <StartTime>10/07/2020 10:00:00</StartTime>
   <Summary>Create Incident test</Summary>
   <InternalIncident>N</InternalIncident>
   <CreatorId>STATE_OFFICER11</CreatorId>
   <CreatorDate>10/07/2020 13:50:18</CreatorDate>
   <UpdatorId>STATE_OFFICER11</UpdatorId>
   <UpdatorDate>08/09/2022 13:56:19</UpdatorDate>
   <IncidentType>
      <IncidentTypeCode>CITREP</IncidentTypeCode>
   </IncidentType>
   <IncidentAddress>
      <AddressId>666</AddressId>
      <City>4</City>
      <CreatorId>STATE_OFFICER11</CreatorId>
      <CreatorDate>08/09/2022 13:49:37</CreatorDate>
      <UpdatorId>TSTC</UpdatorId>
      <UpdatorDate>08/09/2022 13:53:46</UpdatorDate>
      <Address>
         <AddressId>666</AddressId>
         <StreetNumber>10</StreetNumber>
         <StreetDirCode>S</StreetDirCode>
         <StreetName>State</StreetName>
         <StreetTypeCode>AVE</StreetTypeCode>
         <City>Indianapolis</City>
         <StateCode>IN</StateCode>
         <Zip5>46201</Zip5>
         <CountryCode>US</CountryCode>
         <Longitude>-86.13065</Longitude>
         <Latitude>39.767034</Latitude>
      </Address>
   </IncidentAddress>
   <IncidentSupplement>
      <SupplementSequence>0</SupplementSequence>
      <IncSupplementStatusCode>A</IncSupplementStatusCode>
      <SuppReportDate>10/07/2020 13:50:19</SuppReportDate>
      <SuppReportTime>10/07/2020 13:50:19</SuppReportTime>
      <AgencyOnly>N</AgencyOnly>
      <SecurityLevel>1100</SecurityLevel>
      <SuppAgencyCode>D42</SuppAgencyCode>
      <UnknownNoOffenders>N</UnknownNoOffenders>
      <DsIcrDate>08/09/2022 13:56:23</DsIcrDate>
      <DsIcrSubmissionStatus>READY TO BE PROCESSED-ORIGINAL</DsIcrSubmissionStatus>
      <CreatorId>STATE_OFFICER11</CreatorId>
      <CreatorDate>10/07/2020 13:50:19</CreatorDate>
      <UpdatorId>STATE_OFFICER11</UpdatorId>
      <UpdatorDate>08/09/2022 13:56:23</UpdatorDate>
      <IncidentSuppNarrative>
         <NarrativeNumber>1</NarrativeNumber>
         <NarrativeTitle>Original Narrative</NarrativeTitle>
         <NarrativeText>sdfsdf</NarrativeText>
         <CreatorId>STATE_OFFICER11</CreatorId>
         <CreatorDate>08/09/2022 13:53:18</CreatorDate>
         <UpdatorId>STATE_OFFICER11</UpdatorId>
         <UpdatorDate>08/09/2022 13:53:18</UpdatorDate>
      </IncidentSuppNarrative>
      <IncidentOfficer>
         <OfficerRoleCode>P</OfficerRoleCode>
         <Officer>
            <AgencyCode>D42</AgencyCode>
            <ORINumber>SC0280000</ORINumber>
            <LastName>Simpson</LastName>
            <FirstName>Homer</FirstName>
            <InternalID>9696</InternalID>
         </Officer>
      </IncidentOfficer>
      <IncidentOfficer>
         <OfficerRoleCode>R</OfficerRoleCode>
         <Officer>
            <AgencyCode>D42</AgencyCode>
            <ORINumber>SC0280000</ORINumber>
            <LastName>Simpson</LastName>
            <FirstName>Homer</FirstName>
            <InternalID>9696</InternalID>
         </Officer>
      </IncidentOfficer>
      <IncidentOffense>
         <IncidentId>3305</IncidentId>
         <OffenseNumber>1</OffenseNumber>
         <OffenseStatusCode>00</OffenseStatusCode>
         <OffenseCode>35-43-2-1  B05</OffenseCode>
         <PlaceCode>25</PlaceCode>
         <BiasCode>88</BiasCode>
         <CSAUCode>C</CSAUCode>
         <SupplementSeq>0</SupplementSeq>
         <UCRNumber>1</UCRNumber>
         <OffenseStatusDate>04/05/2021 13:09:00</OffenseStatusDate>
         <ForcedEntryCode>F</ForcedEntryCode>
         <AttemptedCompletedCode>C</AttemptedCompletedCode>
         <CreatorId>STATE_OFFICER11</CreatorId>
         <CreatorDate>04/05/2021 13:10:07</CreatorDate>
         <UpdatorId>STATE_OFFICER11</UpdatorId>
         <UpdatorDate>04/05/2021 13:10:07</UpdatorDate>
      </IncidentOffense>
      <IncidentPerson>
         <ApproxAge>60</ApproxAge>
         <CreatorId>STATE_OFFICER11</CreatorId>
         <CreatorDate>08/09/2022 13:51:46</CreatorDate>
         <UpdatorId>TSTC</UpdatorId>
         <UpdatorDate>05/24/2023 12:41:25</UpdatorDate>
         <Person>
            <PersonId>53</PersonId>
            <RaceCode>W</RaceCode>
            <SexCode>F</SexCode>
            <PersonVerified>Y</PersonVerified>
            <PersonPrimaryName>
               <LastName>Turnbull</LastName>
               <FirstName>Jane</FirstName>
               <DOB>01/01/1960 00:00:00</DOB>
               <DateOfInfo>03/20/2012 10:02:26</DateOfInfo>
               <SLastName>T651</SLastName>
               <SFirstName>J500</SFirstName>
            </PersonPrimaryName>
            <Alias>
               <NameTypeCode>P</NameTypeCode>
               <LastName>Turnbull</LastName>
               <FirstName>Jane</FirstName>
               <DOB>01/01/1960 00:00:00</DOB>
               <SLastName>T651</SLastName>
               <SFirstName>J500</SFirstName>
               <DateOfInfo>03/20/2012 10:02:26</DateOfInfo>
            </Alias>
         </Person>
         <IncidentPersonRole>
            <RoleType>S</RoleType>
            <CreatorId>STATE_OFFICER11</CreatorId>
            <CreatorDate>08/09/2022 13:51:46</CreatorDate>
            <UpdatorId>TSTC</UpdatorId>
            <UpdatorDate>08/15/2023 20:32:24</UpdatorDate>
         </IncidentPersonRole>
      </IncidentPerson>
      <IncidentPerson>
         <ApproxAge>21</ApproxAge>
         <ResidentStatusCode>R</ResidentStatusCode>
         <CreatorId>STATE_OFFICER11</CreatorId>
         <CreatorDate>08/09/2022 13:52:16</CreatorDate>
         <UpdatorId>TSTC</UpdatorId>
         <UpdatorDate>05/24/2023 12:41:25</UpdatorDate>
         <Person>
            <PersonId>804</PersonId>
            <RaceCode>W</RaceCode>
            <SexCode>M</SexCode>
            <EthnicityCode>O</EthnicityCode>
            <PersonVerified>Y</PersonVerified>
            <PersonPrimaryName>
               <LastName>White</LastName>
               <FirstName>Charlie</FirstName>
               <DOB>06/07/2016 00:00:00</DOB>
               <DateOfInfo>06/06/2017 00:00:00</DateOfInfo>
               <SLastName>W300</SLastName>
               <SFirstName>C640</SFirstName>
            </PersonPrimaryName>
            <PersonPrimaryName>
               <LastName>Brown</LastName>
               <FirstName>Charlie</FirstName>
               <MiddleName>Snoops</MiddleName>
               <DOB>05/04/1999 00:00:00</DOB>
               <DateOfInfo>12/10/2015 15:16:50</DateOfInfo>
               <SLastName>B650</SLastName>
               <SFirstName>C640</SFirstName>
            </PersonPrimaryName>
            <PersonPrimaryName>
               <LastName>Brown</LastName>
               <FirstName>Charlies</FirstName>
               <DOB>06/01/1980 00:00:00</DOB>
               <DateOfInfo>06/06/2017 00:00:00</DateOfInfo>
               <SLastName>B650</SLastName>
               <SFirstName>C642</SFirstName>
            </PersonPrimaryName>
            <Alias>
               <NameTypeCode>M</NameTypeCode>
               <LastName>White</LastName>
               <FirstName>Charlie</FirstName>
               <DOB>06/07/2016 00:00:00</DOB>
               <SLastName>W300</SLastName>
               <SFirstName>C640</SFirstName>
               <DateOfInfo>06/06/2017 00:00:00</DateOfInfo>
            </Alias>
            <Alias>
               <NameTypeCode>P</NameTypeCode>
               <LastName>Brown</LastName>
               <FirstName>Charlie</FirstName>
               <MiddleName>Snoops</MiddleName>
               <DOB>05/04/1999 00:00:00</DOB>
               <SLastName>B650</SLastName>
               <SFirstName>C640</SFirstName>
               <DateOfInfo>12/10/2015 15:16:50</DateOfInfo>
            </Alias>
            <Alias>
               <NameTypeCode>T</NameTypeCode>
               <LastName>Brown</LastName>
               <FirstName>Charlies</FirstName>
               <DOB>06/01/1980 00:00:00</DOB>
               <SLastName>B650</SLastName>
               <SFirstName>C642</SFirstName>
               <DateOfInfo>06/06/2017 00:00:00</DateOfInfo>
            </Alias>
            <PersonAddress>
               <StreetNumber>300</StreetNumber>
               <StreetDirCode>E</StreetDirCode>
               <StreetName>200</StreetName>
               <StreetSuffixCode>E</StreetSuffixCode>
               <SubTypeCode>APT</SubTypeCode>
               <City>Lebanon</City>
               <StateCode>IN</StateCode>
               <Zip5>46052</Zip5>
               <CountryCode>US</CountryCode>
               <CountyCode>NaN</CountyCode>
               <Longitude>-86.36852515301796</Longitude>
               <Latitude>39.73382972861548</Latitude>
               <Beat>Test</Beat>
               <SubBeat>Area</SubBeat>
            </PersonAddress>
         </Person>
         <IncidentPersonRole>
            <RoleType>V</RoleType>
            <CreatorId>STATE_OFFICER11</CreatorId>
            <CreatorDate>08/09/2022 13:52:17</CreatorDate>
            <UpdatorId>TSTC</UpdatorId>
            <UpdatorDate>08/15/2023 20:32:24</UpdatorDate>
         </IncidentPersonRole>
      </IncidentPerson>
      <IncidentProperty>
         <RoleCode>1</RoleCode>
         <CreatorId>STATE_OFFICER11</CreatorId>
         <CreatorDate>08/09/2022 13:53:05</CreatorDate>
         <UpdatorId>STATE_OFFICER11</UpdatorId>
         <UpdatorDate>08/09/2022 13:53:05</UpdatorDate>
         <DateOfInfo>08/09/2022 00:00:00</DateOfInfo>
         <StatusCode>1</StatusCode>
         <DocumentTypeCode>P</DocumentTypeCode>
         <PropertyTypeCode>531</PropertyTypeCode>
         <PropertyValue>0</PropertyValue>
         <Value>0</Value>
         <SerialNumber>WERWER</SerialNumber>
         <Evidence>N</Evidence>
         <EvidenceFlag>N</EvidenceFlag>
         <Property_ID>2107</Property_ID>
         <Quantity>1</Quantity>
      </IncidentProperty>
   </IncidentSupplement>
</Incident>