<?xml version="1.0" encoding="UTF-8"?>
<Incident xmlns:xsi="http://www.w3.org/2001/XMLSchema-instance"
          xsi:noNamespaceSchemaLocation="file:///C:/DATA/EJS/SVN_Root/Ejustice/trunk/XMLTransformations/OnlineRMSInternalToIncident/IAOnlineRMSIncidentImport.xsd">
   <IncidentReportNum>2013ISP0000145</IncidentReportNum>
   <AgencyCode>D42</AgencyCode>
   <ORINum>SC0280000</ORINum>
   <ReportDate>09/10/2013 12:33:00</ReportDate>
   <ReportTime>09/10/2013 12:33:00</ReportTime>
   <StartDate>09/10/2013 12:33:00</StartDate>
   <StartTime>09/01/2013 12:33:00</StartTime>
   <CreatorId>STATE_OFFICER13</CreatorId>
   <CreatorDate>09/10/2013 12:33:45</CreatorDate>
   <UpdatorId>TSTC</UpdatorId>
   <UpdatorDate>09/09/2021 18:46:27</UpdatorDate>
   <IncidentType>
      <IncidentTypeCode>DC</IncidentTypeCode>
   </IncidentType>
   <IncidentAddress>
      <AddressId>267</AddressId>
      <City>4</City>
      <CreatorId>STATE_OFFICER13</CreatorId>
      <CreatorDate>09/10/2013 12:36:33</CreatorDate>
      <UpdatorId>TSTC</UpdatorId>
      <UpdatorDate>09/10/2013 12:36:36</UpdatorDate>
      <Address>
         <AddressId>267</AddressId>
         <StreetNumber>5037</StreetNumber>
         <StreetName>SEERLEY CREEK</StreetName>
         <StreetTypeCode>RD</StreetTypeCode>
         <City>INDPLS</City>
         <StateCode>IN</StateCode>
         <Zip5>46241</Zip5>
      </Address>
   </IncidentAddress>
</Incident>