<?xml version="1.0" encoding="UTF-8"?>
<Incident xmlns:xsi="http://www.w3.org/2001/XMLSchema-instance"
          xsi:noNamespaceSchemaLocation="file:///C:/DATA/EJS/SVN_Root/Ejustice/trunk/XMLTransformations/OnlineRMSInternalToIncident/IAOnlineRMSIncidentImport.xsd">
   <IncidentReportNum>2013ISP0000164</IncidentReportNum>
   <AgencyCode>D42</AgencyCode>
   <ORINum>SC0280000</ORINum>
   <ReportDate>11/21/2013 17:26:00</ReportDate>
   <ReportTime>11/21/2013 17:26:00</ReportTime>
   <StartDate>11/21/2013 17:26:00</StartDate>
   <StartTime>11/01/2013 17:26:00</StartTime>
   <Summary>test include narrative</Summary>
   <CreatorId>STATE_OFFICER11</CreatorId>
   <CreatorDate>11/08/2013 11:17:34</CreatorDate>
   <UpdatorId>TSTC</UpdatorId>
   <UpdatorDate>09/09/2021 18:46:24</UpdatorDate>
   <IncidentType>
      <IncidentTypeCode>CAD</IncidentTypeCode>
   </IncidentType>
   <IncidentAddress>
      <AddressId>333</AddressId>
      <Beat>Test</Beat>
      <SubBeat>Area</SubBeat>
      <City>1</City>
      <CreatorId>STATE_OFFICER13</CreatorId>
      <CreatorDate>11/21/2013 17:26:53</CreatorDate>
      <UpdatorId>TSTC</UpdatorId>
      <UpdatorDate>11/21/2013 17:26:59</UpdatorDate>
      <Address>
         <AddressId>333</AddressId>
         <StreetNumber>123</StreetNumber>
         <StreetDirCode>N</StreetDirCode>
         <StreetName>Automation</StreetName>
         <StreetTypeCode>RD</StreetTypeCode>
         <SubTypeCode>TRLR</SubTypeCode>
         <CountryCode>US</CountryCode>
         <Beat>104</Beat>
         <SubBeat>West Patrol</SubBeat>
         <AddressCommonName>
            <CommonPlaceName>Dead strip</CommonPlaceName>
         </AddressCommonName>
      </Address>
   </IncidentAddress>
   <IncidentSupplement>
      <SupplementSequence>0</SupplementSequence>
      <IncSupplementStatusCode>A</IncSupplementStatusCode>
      <SuppReportDate>11/08/2013 11:17:36</SuppReportDate>
      <SuppReportTime>11/08/2013 11:17:36</SuppReportTime>
      <AgencyOnly>N</AgencyOnly>
      <SecurityLevel>1201</SecurityLevel>
      <SuppAgencyCode>D42</SuppAgencyCode>
      <UnknownNoOffenders>N</UnknownNoOffenders>
      <DsIcrDate>04/02/2014 12:30:12</DsIcrDate>
      <DsIcrSubmissionStatus>NOT REPORTABLE</DsIcrSubmissionStatus>
      <CreatorId>OFFICER_AA</CreatorId>
      <CreatorDate>11/08/2013 11:17:36</CreatorDate>
      <UpdatorId>TSTC</UpdatorId>
      <UpdatorDate>08/05/2021 17:38:17</UpdatorDate>
      <IncidentSuppNarrative>
         <NarrativeNumber>1</NarrativeNumber>
         <NarrativeTitle>Original Narrative</NarrativeTitle>
         <NarrativeText>&amp;nbsp;adsf</NarrativeText>
         <CreatorId>STATE_OFFICER13</CreatorId>
         <CreatorDate>11/21/2013 17:27:14</CreatorDate>
         <UpdatorId>STATE_OFFICER13</UpdatorId>
         <UpdatorDate>11/21/2013 17:27:14</UpdatorDate>
      </IncidentSuppNarrative>
      <IncidentOfficer>
         <OfficerRoleCode>P</OfficerRoleCode>
         <Officer>
            <AgencyCode>D42</AgencyCode>
            <ORINumber>SC0280000</ORINumber>
            <LastName>Ranz</LastName>
            <FirstName>Greg</FirstName>
            <InternalID>9696</InternalID>
         </Officer>
      </IncidentOfficer>
      <IncidentOfficer>
         <OfficerRoleCode>R</OfficerRoleCode>
         <Officer>
            <AgencyCode>D42</AgencyCode>
            <ORINumber>SC0280000</ORINumber>
            <LastName>L'ivangood</LastName>
            <FirstName>D'erek</FirstName>
            <InternalID>1007</InternalID>
         </Officer>
      </IncidentOfficer>
   </IncidentSupplement>
</Incident>