<?xml version="1.0" encoding="UTF-8"?>
<Incident xmlns:xsi="http://www.w3.org/2001/XMLSchema-instance"
          xsi:noNamespaceSchemaLocation="file:///C:/DATA/EJS/SVN_Root/Ejustice/trunk/XMLTransformations/OnlineRMSInternalToIncident/IAOnlineRMSIncidentImport.xsd">
   <IncidentReportNum>2014ISP0000183</IncidentReportNum>
   <AgencyCode>D42</AgencyCode>
   <ORINum>SC0280000</ORINum>
   <ReportDate>01/17/2014 13:34:00</ReportDate>
   <ReportTime>01/17/2014 13:34:00</ReportTime>
   <StartDate>01/17/2014 13:34:00</StartDate>
   <StartTime>01/01/2014 13:34:00</StartTime>
   <Summary>bla</Summary>
   <CreatorId>STATE_OFFICER11</CreatorId>
   <CreatorDate>01/17/2014 13:34:07</CreatorDate>
   <UpdatorId>TSTC</UpdatorId>
   <UpdatorDate>09/09/2021 18:46:26</UpdatorDate>
   <IncidentType>
      <IncidentTypeCode>HC</IncidentTypeCode>
   </IncidentType>
   <IncidentAddress>
      <AddressId>120</AddressId>
      <Beat>Test</Beat>
      <SubBeat>Area</SubBeat>
      <City>13</City>
      <CreatorId>STATE_OFFICER11</CreatorId>
      <CreatorDate>01/17/2014 13:35:37</CreatorDate>
      <UpdatorId>TSTC</UpdatorId>
      <UpdatorDate>01/17/2014 13:36:23</UpdatorDate>
      <Address>
         <AddressId>120</AddressId>
         <StreetNumber>100</StreetNumber>
         <StreetName>Ash</StreetName>
         <StreetTypeCode>ST</StreetTypeCode>
         <City>INDIANAPOLIS</City>
         <StateCode>IN</StateCode>
         <Zip5>01234</Zip5>
         <Zip4>7777</Zip4>
         <CountryCode>US</CountryCode>
         <Beat>Test</Beat>
         <SubBeat>Area</SubBeat>
         <Longitude>-86.26354</Longitude>
         <Latitude>39.95494</Latitude>
         <AddressCommonName>
            <CommonPlaceName>Health Center</CommonPlaceName>
         </AddressCommonName>
      </Address>
   </IncidentAddress>
   <IncidentSupplement>
      <SupplementSequence>0</SupplementSequence>
      <IncSupplementStatusCode>A</IncSupplementStatusCode>
      <SuppReportDate>01/17/2014 13:34:08</SuppReportDate>
      <SuppReportTime>01/17/2014 13:34:08</SuppReportTime>
      <AgencyOnly>N</AgencyOnly>
      <SecurityLevel>1201</SecurityLevel>
      <SuppAgencyCode>D42</SuppAgencyCode>
      <UnknownNoOffenders>N</UnknownNoOffenders>
      <DsIcrDate>02/06/2014 13:31:40</DsIcrDate>
      <DsIcrSubmissionStatus>FAILED VALIDATION</DsIcrSubmissionStatus>
      <CreatorId>STATE_OSUPER10</CreatorId>
      <CreatorDate>01/17/2014 13:34:08</CreatorDate>
      <UpdatorId>TSTC</UpdatorId>
      <UpdatorDate>08/05/2021 17:38:18</UpdatorDate>
      <IncidentSuppNarrative>
         <NarrativeNumber>1</NarrativeNumber>
         <NarrativeTitle>Original Narrative</NarrativeTitle>
         <NarrativeText>&amp;nbsp;azsdgf</NarrativeText>
         <CreatorId>STATE_OFFICER11</CreatorId>
         <CreatorDate>02/06/2014 13:15:23</CreatorDate>
         <UpdatorId>STATE_OFFICER11</UpdatorId>
         <UpdatorDate>02/06/2014 13:15:23</UpdatorDate>
      </IncidentSuppNarrative>
      <IncidentOfficer>
         <OfficerRoleCode>P</OfficerRoleCode>
         <Officer>
            <AgencyCode>D42</AgencyCode>
            <ORINumber>SC0280000</ORINumber>
            <LastName>Ranz</LastName>
            <FirstName>Greg</FirstName>
            <InternalID>9696</InternalID>
         </Officer>
      </IncidentOfficer>
      <IncidentOfficer>
         <OfficerRoleCode>R</OfficerRoleCode>
         <Officer>
            <AgencyCode>D42</AgencyCode>
            <ORINumber>SC0280000</ORINumber>
            <LastName>L'ivangood</LastName>
            <FirstName>D'erek</FirstName>
            <InternalID>1007</InternalID>
         </Officer>
      </IncidentOfficer>
      <IncidentOffense>
         <IncidentId>1369</IncidentId>
         <OffenseNumber>1</OffenseNumber>
         <OffenseStatusCode>00</OffenseStatusCode>
         <OffenseCode>35-45-1-3</OffenseCode>
         <PlaceCode>01</PlaceCode>
         <BiasCode>88</BiasCode>
         <CSAUCode>C</CSAUCode>
         <SupplementSeq>0</SupplementSeq>
         <UCRNumber>1</UCRNumber>
         <OffenseStatusDate>02/06/2014 13:15:00</OffenseStatusDate>
         <AttemptedCompletedCode>C</AttemptedCompletedCode>
         <ArrestChargeCode>35-45-1-3</ArrestChargeCode>
         <CreatorId>STATE_OFFICER11</CreatorId>
         <CreatorDate>02/06/2014 13:15:17</CreatorDate>
         <UpdatorId>STATE_OFFICER11</UpdatorId>
         <UpdatorDate>02/06/2014 13:15:17</UpdatorDate>
      </IncidentOffense>
      <IncidentPerson>
         <ApproxAge>01</ApproxAge>
         <ResidentStatusCode>U</ResidentStatusCode>
         <ClearMultiArrestCode>N</ClearMultiArrestCode>
         <CreatorId>STATE_OFFICER11</CreatorId>
         <CreatorDate>02/06/2014 13:15:39</CreatorDate>
         <UpdatorId>TSTC</UpdatorId>
         <UpdatorDate>05/24/2023 12:41:16</UpdatorDate>
         <Person>
            <PersonId>463</PersonId>
            <RaceCode>U</RaceCode>
            <SexCode>M</SexCode>
            <PersonVerified>Y</PersonVerified>
            <PersonPrimaryName>
               <LastName>AutomationGuy</LastName>
               <FirstName>Johnny</FirstName>
               <MiddleName>Smith</MiddleName>
               <DOB>01/01/2013 00:00:00</DOB>
               <DateOfInfo>06/18/2013 12:24:48</DateOfInfo>
               <SLastName>A353</SLastName>
               <SFirstName>J500</SFirstName>
            </PersonPrimaryName>
            <Alias>
               <NameTypeCode>P</NameTypeCode>
               <LastName>AutomationGuy</LastName>
               <FirstName>Johnny</FirstName>
               <MiddleName>Smith</MiddleName>
               <DOB>01/01/2013 00:00:00</DOB>
               <SLastName>A353</SLastName>
               <SFirstName>J500</SFirstName>
               <DateOfInfo>06/18/2013 12:24:48</DateOfInfo>
            </Alias>
            <PersonPhone>
               <PhoneTypeCode>CEL</PhoneTypeCode>
               <PhoneArea>555</PhoneArea>
               <PhonePrefix>444</PhonePrefix>
               <PhoneSuffix>7890</PhoneSuffix>
               <DateOfInfo>06/18/2013 00:00:00</DateOfInfo>
            </PersonPhone>
         </Person>
         <IncidentPersonRole>
            <RoleType>S</RoleType>
            <CreatorId>STATE_OFFICER11</CreatorId>
            <CreatorDate>02/06/2014 13:15:39</CreatorDate>
            <UpdatorId>TSTC</UpdatorId>
            <UpdatorDate>08/15/2023 20:32:17</UpdatorDate>
         </IncidentPersonRole>
         <IncidentPersonRole>
            <RoleType>A</RoleType>
            <CreatorId>STATE_OFFICER11</CreatorId>
            <CreatorDate>02/06/2014 13:15:39</CreatorDate>
            <UpdatorId>TSTC</UpdatorId>
            <UpdatorDate>08/15/2023 20:32:17</UpdatorDate>
         </IncidentPersonRole>
      </IncidentPerson>
      <IncidentBusiness>
         <BusinessNumber>240000001</BusinessNumber>
         <BusinessName>SOCIETY</BusinessName>
         <IncBusinessRoleCode>V</IncBusinessRoleCode>
         <CreatorId>STATE_OFFICER11</CreatorId>
         <CreatorDate>02/06/2014 13:15:18</CreatorDate>
         <UpdatorId>STATE_OFFICER11</UpdatorId>
         <UpdatorDate>02/06/2014 13:15:18</UpdatorDate>
      </IncidentBusiness>
   </IncidentSupplement>
</Incident>