<?xml version="1.0" encoding="UTF-8"?>
<Incident xmlns:xsi="http://www.w3.org/2001/XMLSchema-instance"
          xsi:noNamespaceSchemaLocation="file:///C:/DATA/EJS/SVN_Root/Ejustice/trunk/XMLTransformations/OnlineRMSInternalToIncident/IAOnlineRMSIncidentImport.xsd">
   <IncidentReportNum>2014ISP0000400</IncidentReportNum>
   <AgencyCode>D42</AgencyCode>
   <ORINum>SC0280000</ORINum>
   <ReportDate>05/22/2014 12:47:00</ReportDate>
   <ReportTime>05/22/2014 12:47:00</ReportTime>
   <StartDate>05/22/2014 12:47:00</StartDate>
   <StartTime>05/01/2014 12:47:00</StartTime>
   <CreatorId>STATE_OFFICER11</CreatorId>
   <CreatorDate>05/22/2014 11:40:36</CreatorDate>
   <UpdatorId>TSTC</UpdatorId>
   <UpdatorDate>09/09/2021 18:46:31</UpdatorDate>
   <IncidentType>
      <IncidentTypeCode>AIR</IncidentTypeCode>
   </IncidentType>
   <IncidentAddress>
      <AddressId>240</AddressId>
      <Beat>Test</Beat>
      <SubBeat>Area</SubBeat>
      <City>2</City>
      <CreatorId>STATE_OFFICER11</CreatorId>
      <CreatorDate>05/22/2014 12:48:09</CreatorDate>
      <UpdatorId>STATE_OFFICER11</UpdatorId>
      <UpdatorDate>05/22/2014 12:48:18</UpdatorDate>
      <Address>
         <AddressId>240</AddressId>
         <StreetNumber>699</StreetNumber>
         <StreetDirCode>BLK</StreetDirCode>
         <StreetName>ANDERSON</StreetName>
         <StreetTypeCode>AVE</StreetTypeCode>
         <SubTypeCode>BOX</SubTypeCode>
         <City>HOLLAND</City>
         <StateCode>MI</StateCode>
         <Zip5>49423</Zip5>
         <Beat>Test</Beat>
         <SubBeat>Area</SubBeat>
         <AddressCommonName>
            <CommonPlaceName>Dead strip</CommonPlaceName>
         </AddressCommonName>
      </Address>
   </IncidentAddress>
   <IncidentSupplement>
      <SupplementSequence>0</SupplementSequence>
      <IncSupplementStatusCode>A</IncSupplementStatusCode>
      <SuppReportDate>05/22/2014 11:40:37</SuppReportDate>
      <SuppReportTime>05/22/2014 11:40:37</SuppReportTime>
      <AgencyOnly>N</AgencyOnly>
      <SecurityLevel>1201</SecurityLevel>
      <SuppAgencyCode>D42</SuppAgencyCode>
      <UnknownNoOffenders>N</UnknownNoOffenders>
      <DsIcrDate>05/22/2014 12:49:42</DsIcrDate>
      <DsIcrSubmissionStatus>NOT REPORTABLE</DsIcrSubmissionStatus>
      <CreatorId>STATE_OFFICER11</CreatorId>
      <CreatorDate>05/22/2014 11:40:37</CreatorDate>
      <UpdatorId>TSTC</UpdatorId>
      <UpdatorDate>08/05/2021 17:38:20</UpdatorDate>
      <IncidentSuppNarrative>
         <NarrativeNumber>1</NarrativeNumber>
         <NarrativeTitle>Original Narrative</NarrativeTitle>
         <NarrativeText>test</NarrativeText>
         <CreatorId>STATE_OFFICER11</CreatorId>
         <CreatorDate>05/22/2014 12:48:29</CreatorDate>
         <UpdatorId>STATE_OFFICER11</UpdatorId>
         <UpdatorDate>05/22/2014 12:48:29</UpdatorDate>
      </IncidentSuppNarrative>
      <IncidentOfficer>
         <OfficerRoleCode>P</OfficerRoleCode>
         <Officer>
            <AgencyCode>D42</AgencyCode>
            <ORINumber>SC0280000</ORINumber>
            <LastName>Ranz</LastName>
            <FirstName>Greg</FirstName>
            <InternalID>9696</InternalID>
         </Officer>
      </IncidentOfficer>
      <IncidentOfficer>
         <OfficerRoleCode>R</OfficerRoleCode>
         <Officer>
            <AgencyCode>D42</AgencyCode>
            <ORINumber>SC0280000</ORINumber>
            <LastName>Ranz</LastName>
            <FirstName>Greg</FirstName>
            <InternalID>9696</InternalID>
         </Officer>
      </IncidentOfficer>
      <IncidentOffense>
         <IncidentId>1727</IncidentId>
         <OffenseNumber>1</OffenseNumber>
         <OffenseStatusCode>00</OffenseStatusCode>
         <OffenseCode>13-30-10-5</OffenseCode>
         <PlaceCode>40</PlaceCode>
         <BiasCode>88</BiasCode>
         <CSAUCode>C</CSAUCode>
         <SupplementSeq>0</SupplementSeq>
         <UCRNumber>1</UCRNumber>
         <OffenseStatusDate>05/22/2014 12:49:00</OffenseStatusDate>
         <AttemptedCompletedCode>C</AttemptedCompletedCode>
         <ArrestChargeCode>13-30-10-5</ArrestChargeCode>
         <CreatorId>STATE_OFFICER11</CreatorId>
         <CreatorDate>05/22/2014 12:49:22</CreatorDate>
         <UpdatorId>STATE_OFFICER11</UpdatorId>
         <UpdatorDate>05/22/2014 12:49:24</UpdatorDate>
      </IncidentOffense>
      <IncidentBusiness>
         <BusinessNumber>240000006</BusinessNumber>
         <BusinessName>Automation Incorporated</BusinessName>
         <IncBusinessRoleCode>O</IncBusinessRoleCode>
         <CreatorId>STATE_OFFICER11</CreatorId>
         <CreatorDate>05/22/2014 12:47:48</CreatorDate>
         <UpdatorId>STATE_OFFICER11</UpdatorId>
         <UpdatorDate>05/22/2014 12:47:48</UpdatorDate>
         <BusinessAddress>
            <AddressId>290</AddressId>
            <StreetNumber>122</StreetNumber>
            <StreetDirCode>W</StreetDirCode>
            <StreetName>Elm</StreetName>
            <StreetTypeCode>ST</StreetTypeCode>
            <City>Chicago</City>
            <StateCode>IL</StateCode>
            <Zip5>60610</Zip5>
            <Zip4>1</Zip4>
            <CountryCode>US</CountryCode>
            <CountyCode>1</CountyCode>
            <Longitude>-87.632329</Longitude>
            <Latitude>41.903126</Latitude>
         </BusinessAddress>
      </IncidentBusiness>
      <IncidentBusiness>
         <BusinessNumber>240000062</BusinessNumber>
         <BusinessName>Collapse Org</BusinessName>
         <IncBusinessRoleCode>I</IncBusinessRoleCode>
         <CreatorId>TSTC</CreatorId>
         <CreatorDate>11/20/2015 15:03:41</CreatorDate>
         <UpdatorId>TSTC</UpdatorId>
         <UpdatorDate>11/20/2015 15:03:41</UpdatorDate>
         <BusinessAddress>
            <AddressId>173</AddressId>
            <StreetNumber>911</StreetNumber>
            <StreetDirCode>E</StreetDirCode>
            <StreetName>Automation</StreetName>
            <StreetTypeCode>ST</StreetTypeCode>
            <SubTypeCode>PH</SubTypeCode>
            <City>Raleigh</City>
            <StateCode>NC</StateCode>
            <Zip5>27601</Zip5>
            <Zip4>1234</Zip4>
            <CountryCode>US</CountryCode>
            <Longitude>-78.631362</Longitude>
            <Latitude>35.77443</Latitude>
            <BusinessPhone>
               <PhoneTypeCode>BUS</PhoneTypeCode>
               <PhoneArea>800</PhoneArea>
               <PhonePrefix>222</PhonePrefix>
               <PhoneSuffix>3333</PhoneSuffix>
               <DateOfInfo>10/17/2013 00:00:00</DateOfInfo>
            </BusinessPhone>
         </BusinessAddress>
      </IncidentBusiness>
   </IncidentSupplement>
</Incident>