<?xml version="1.0" encoding="UTF-8"?>
<Incident xmlns:xsi="http://www.w3.org/2001/XMLSchema-instance"
          xsi:noNamespaceSchemaLocation="file:///C:/DATA/EJS/SVN_Root/Ejustice/trunk/XMLTransformations/OnlineRMSInternalToIncident/IAOnlineRMSIncidentImport.xsd">
   <IncidentReportNum>2014ISP0000304</IncidentReportNum>
   <AgencyCode>D42</AgencyCode>
   <ORINum>SC0280000</ORINum>
   <ReportDate>04/24/2014 13:00:00</ReportDate>
   <ReportTime>04/24/2014 13:00:00</ReportTime>
   <StartDate>04/24/2014 13:00:00</StartDate>
   <StartTime>04/01/2014 13:00:00</StartTime>
   <CreatorId>STATE_OFFICER11</CreatorId>
   <CreatorDate>04/24/2014 13:00:30</CreatorDate>
   <UpdatorId>TSTC</UpdatorId>
   <UpdatorDate>09/09/2021 18:46:30</UpdatorDate>
   <IncidentType>
      <IncidentTypeCode>CCD</IncidentTypeCode>
   </IncidentType>
   <IncidentAddress>
      <AddressId>22</AddressId>
      <Beat>104</Beat>
      <SubBeat>West Patrol</SubBeat>
      <City>14</City>
      <CreatorId>STATE_OFFICER11</CreatorId>
      <CreatorDate>04/24/2014 13:00:42</CreatorDate>
      <UpdatorId>STATE_OFFICER11</UpdatorId>
      <UpdatorDate>04/24/2014 13:01:07</UpdatorDate>
      <Address>
         <AddressId>22</AddressId>
         <StreetNumber>1355</StreetNumber>
         <StreetDirCode>W</StreetDirCode>
         <StreetName>COUNTY LINE</StreetName>
         <StreetTypeCode>RD</StreetTypeCode>
         <StreetSuffixCode>N</StreetSuffixCode>
         <SubTypeCode>APT</SubTypeCode>
         <SubNumber>A100</SubNumber>
         <City>DILLON</City>
         <StateCode>CO</StateCode>
         <Zip5>80302</Zip5>
         <Beat>104</Beat>
         <SubBeat>West Patrol</SubBeat>
         <AddressCommonName>
            <CommonPlaceName>Outside Store</CommonPlaceName>
         </AddressCommonName>
      </Address>
   </IncidentAddress>
   <IncidentSupplement>
      <SupplementSequence>0</SupplementSequence>
      <IncSupplementStatusCode>A</IncSupplementStatusCode>
      <SuppReportDate>04/24/2014 13:00:30</SuppReportDate>
      <SuppReportTime>04/24/2014 13:00:30</SuppReportTime>
      <AgencyOnly>N</AgencyOnly>
      <SecurityLevel>1201</SecurityLevel>
      <SuppAgencyCode>D42</SuppAgencyCode>
      <UnknownNoOffenders>N</UnknownNoOffenders>
      <DsIcrDate>04/24/2014 13:02:14</DsIcrDate>
      <DsIcrSubmissionStatus>NOT REPORTABLE</DsIcrSubmissionStatus>
      <CreatorId>STATE_OFFICER11</CreatorId>
      <CreatorDate>04/24/2014 13:00:30</CreatorDate>
      <UpdatorId>TSTC</UpdatorId>
      <UpdatorDate>08/05/2021 17:38:21</UpdatorDate>
      <IncidentSuppNarrative>
         <NarrativeNumber>1</NarrativeNumber>
         <NarrativeTitle>Original Narrative</NarrativeTitle>
         <NarrativeText>test&lt;br /&gt;</NarrativeText>
         <CreatorId>STATE_OFFICER11</CreatorId>
         <CreatorDate>04/24/2014 13:00:52</CreatorDate>
         <UpdatorId>STATE_OFFICER11</UpdatorId>
         <UpdatorDate>04/24/2014 13:00:52</UpdatorDate>
      </IncidentSuppNarrative>
      <IncidentOfficer>
         <OfficerRoleCode>P</OfficerRoleCode>
         <Officer>
            <AgencyCode>D42</AgencyCode>
            <ORINumber>SC0280000</ORINumber>
            <LastName>Ranz</LastName>
            <FirstName>Greg</FirstName>
            <InternalID>9696</InternalID>
         </Officer>
      </IncidentOfficer>
      <IncidentOfficer>
         <OfficerRoleCode>R</OfficerRoleCode>
         <Officer>
            <AgencyCode>D42</AgencyCode>
            <ORINumber>SC0280000</ORINumber>
            <LastName>Ranz</LastName>
            <FirstName>Greg</FirstName>
            <InternalID>9696</InternalID>
         </Officer>
      </IncidentOfficer>
   </IncidentSupplement>
</Incident>