<?xml version="1.0" encoding="UTF-8"?>
<Incident xmlns:xsi="http://www.w3.org/2001/XMLSchema-instance"
          xsi:noNamespaceSchemaLocation="file:///C:/DATA/EJS/SVN_Root/Ejustice/trunk/XMLTransformations/OnlineRMSInternalToIncident/IAOnlineRMSIncidentImport.xsd">
   <IncidentReportNum>2014ISP0000544</IncidentReportNum>
   <AgencyCode>D42</AgencyCode>
   <ORINum>SC0280000</ORINum>
   <ReportDate>10/08/2014 11:25:00</ReportDate>
   <ReportTime>10/08/2014 11:25:00</ReportTime>
   <StartDate>10/08/2014 11:25:00</StartDate>
   <StartTime>10/01/2014 11:25:00</StartTime>
   <Summary>BAIR test again</Summary>
   <CreatorId>TEST_AGENCY_ADMIN</CreatorId>
   <CreatorDate>10/08/2014 11:25:52</CreatorDate>
   <UpdatorId>TSTC</UpdatorId>
   <UpdatorDate>09/09/2021 18:46:35</UpdatorDate>
   <IncidentType>
      <IncidentTypeCode>GMB</IncidentTypeCode>
   </IncidentType>
   <IncidentAddress>
      <AddressId>25</AddressId>
      <City>16</City>
      <CreatorId>STATE_OFFICER11</CreatorId>
      <CreatorDate>10/08/2014 11:26:18</CreatorDate>
      <UpdatorId>TSTC</UpdatorId>
      <UpdatorDate>10/08/2014 11:26:29</UpdatorDate>
      <Address>
         <AddressId>25</AddressId>
         <StreetNumber>555</StreetNumber>
         <StreetName>Wyandotte</StreetName>
         <City>INDIANAPOLIS</City>
         <StateCode>IN</StateCode>
         <CountryCode>US</CountryCode>
         <Longitude>-86.104993</Longitude>
         <Latitude>39.895696</Latitude>
         <AddressCommonName>
            <CommonPlaceName>Dead strip</CommonPlaceName>
         </AddressCommonName>
      </Address>
   </IncidentAddress>
   <IncidentSupplement>
      <SupplementSequence>0</SupplementSequence>
      <IncSupplementStatusCode>A</IncSupplementStatusCode>
      <SuppReportDate>10/08/2014 11:25:52</SuppReportDate>
      <SuppReportTime>10/08/2014 11:25:52</SuppReportTime>
      <AgencyOnly>N</AgencyOnly>
      <SecurityLevel>1100</SecurityLevel>
      <SuppAgencyCode>D42</SuppAgencyCode>
      <UnknownNoOffenders>N</UnknownNoOffenders>
      <DsIcrDate>03/12/2015 13:54:17</DsIcrDate>
      <DsIcrSubmissionStatus>PROCESS COMPLETE</DsIcrSubmissionStatus>
      <CreatorId>STATE_OFFICER11</CreatorId>
      <CreatorDate>10/08/2014 11:25:52</CreatorDate>
      <UpdatorId>TSTC</UpdatorId>
      <UpdatorDate>08/05/2021 17:38:22</UpdatorDate>
      <IncidentSuppNarrative>
         <NarrativeNumber>1</NarrativeNumber>
         <NarrativeTitle>Original Narrative</NarrativeTitle>
         <NarrativeText>&amp;nbsp;bair test</NarrativeText>
         <CreatorId>STATE_OFFICER11</CreatorId>
         <CreatorDate>10/08/2014 11:29:28</CreatorDate>
         <UpdatorId>STATE_OFFICER11</UpdatorId>
         <UpdatorDate>10/08/2014 11:29:28</UpdatorDate>
      </IncidentSuppNarrative>
      <IncidentOfficer>
         <OfficerRoleCode>P</OfficerRoleCode>
         <Officer>
            <AgencyCode>D42</AgencyCode>
            <ORINumber>SC0280000</ORINumber>
            <LastName>Ranz</LastName>
            <FirstName>Greg</FirstName>
            <InternalID>9696</InternalID>
         </Officer>
      </IncidentOfficer>
      <IncidentOfficer>
         <OfficerRoleCode>R</OfficerRoleCode>
         <Officer>
            <AgencyCode>D42</AgencyCode>
            <ORINumber>SC0280000</ORINumber>
            <LastName>Ranz</LastName>
            <FirstName>Greg</FirstName>
            <InternalID>9696</InternalID>
         </Officer>
      </IncidentOfficer>
      <IncidentOfficer>
         <OfficerRoleCode>X</OfficerRoleCode>
         <Officer>
            <AgencyCode>D42</AgencyCode>
            <ORINumber>SC0280000</ORINumber>
            <LastName>Smith</LastName>
            <FirstName>Charles</FirstName>
            <InternalID>2014</InternalID>
         </Officer>
      </IncidentOfficer>
      <IncidentOffense>
         <IncidentId>1958</IncidentId>
         <OffenseNumber>1</OffenseNumber>
         <OffenseStatusCode>00</OffenseStatusCode>
         <OffenseCode>35-43-4-2  T05</OffenseCode>
         <PlaceCode>44</PlaceCode>
         <BiasCode>88</BiasCode>
         <CSAUCode>C</CSAUCode>
         <SupplementSeq>0</SupplementSeq>
         <UCRNumber>1</UCRNumber>
         <OffenseStatusDate>10/08/2014 11:26:00</OffenseStatusDate>
         <AttemptedCompletedCode>C</AttemptedCompletedCode>
         <ArrestChargeCode>35-43-4-2  T05</ArrestChargeCode>
         <CreatorId>STATE_OFFICER11</CreatorId>
         <CreatorDate>10/08/2014 11:27:17</CreatorDate>
         <UpdatorId>STATE_OFFICER11</UpdatorId>
         <UpdatorDate>10/08/2014 11:27:18</UpdatorDate>
      </IncidentOffense>
      <IncidentPerson>
         <ApproxAge>65</ApproxAge>
         <CreatorId>STATE_OFFICER11</CreatorId>
         <CreatorDate>10/08/2014 11:28:08</CreatorDate>
         <UpdatorId>TSTC</UpdatorId>
         <UpdatorDate>05/24/2023 12:41:20</UpdatorDate>
         <Person>
            <PersonId>549</PersonId>
            <RaceCode>B</RaceCode>
            <SexCode>F</SexCode>
            <EthnicityCode>U</EthnicityCode>
            <PersonVerified>Y</PersonVerified>
            <PersonPrimaryName>
               <LastName>Anderson</LastName>
               <FirstName>Alore</FirstName>
               <MiddleName>Samuel</MiddleName>
               <DOB>07/06/1949 00:00:00</DOB>
               <TitleCode>I</TitleCode>
               <DateOfInfo>04/25/2014 14:53:26</DateOfInfo>
               <SLastName>A536</SLastName>
               <SFirstName>A460</SFirstName>
            </PersonPrimaryName>
            <Alias>
               <NameTypeCode>P</NameTypeCode>
               <LastName>Anderson</LastName>
               <FirstName>Alore</FirstName>
               <MiddleName>Samuel</MiddleName>
               <DOB>07/06/1949 00:00:00</DOB>
               <TitleCode>I</TitleCode>
               <SLastName>A536</SLastName>
               <SFirstName>A460</SFirstName>
               <DateOfInfo>04/25/2014 14:53:26</DateOfInfo>
            </Alias>
            <PersonAddress>
               <StreetNumber>52400</StreetNumber>
               <StreetDirCode>E</StreetDirCode>
               <StreetName>County Road 17</StreetName>
               <City>Bristol</City>
               <StateCode>IN</StateCode>
               <CountryCode>US</CountryCode>
               <CountyCode>20</CountyCode>
               <Longitude>-85.888474</Longitude>
               <Latitude>41.732221</Latitude>
            </PersonAddress>
            <PersonAddress>
               <StreetNumber>1238</StreetNumber>
               <StreetDirCode>E</StreetDirCode>
               <StreetName>Calrson</StreetName>
               <StreetTypeCode>LN</StreetTypeCode>
               <City>ABBOTT</City>
               <StateCode>AL</StateCode>
               <Zip5>24334</Zip5>
               <Zip4>2344</Zip4>
               <CountryCode>US</CountryCode>
               <CountyCode>1</CountyCode>
            </PersonAddress>
            <PersonAddress>
               <StreetNumber>100</StreetNumber>
               <StreetName>Apple</StreetName>
               <StreetTypeCode>BLF</StreetTypeCode>
               <City>Greenfield</City>
               <StateCode>IN</StateCode>
               <Zip5>46140</Zip5>
               <CountryCode>US</CountryCode>
            </PersonAddress>
            <PersonPhone>
               <PhoneTypeCode>RES</PhoneTypeCode>
               <PhoneArea>321</PhoneArea>
               <PhonePrefix>312</PhonePrefix>
               <PhoneSuffix>3213</PhoneSuffix>
               <DateOfInfo>05/07/2014 00:00:00</DateOfInfo>
            </PersonPhone>
            <PersonPhone>
               <PhoneTypeCode>CEL</PhoneTypeCode>
               <PhoneArea>222</PhoneArea>
               <PhonePrefix>222</PhonePrefix>
               <PhoneSuffix>2222</PhoneSuffix>
               <DateOfInfo>06/28/2017 00:00:00</DateOfInfo>
            </PersonPhone>
         </Person>
         <IncidentPersonRole>
            <RoleType>S</RoleType>
            <CreatorId>STATE_OFFICER11</CreatorId>
            <CreatorDate>10/08/2014 11:28:08</CreatorDate>
            <UpdatorId>TSTC</UpdatorId>
            <UpdatorDate>08/15/2023 20:32:19</UpdatorDate>
         </IncidentPersonRole>
      </IncidentPerson>
      <IncidentPerson>
         <ApproxAge>38</ApproxAge>
         <ResidentStatusCode>R</ResidentStatusCode>
         <CreatorId>STATE_OFFICER11</CreatorId>
         <CreatorDate>10/08/2014 11:28:44</CreatorDate>
         <UpdatorId>TSTC</UpdatorId>
         <UpdatorDate>05/24/2023 12:41:20</UpdatorDate>
         <Person>
            <PersonId>59</PersonId>
            <RaceCode>W</RaceCode>
            <SexCode>M</SexCode>
            <EthnicityCode>U</EthnicityCode>
            <PersonVerified>Y</PersonVerified>
            <PersonPrimaryName>
               <LastName>Testtttttttttttttttttttttttttttttttttttttttttttttttttttttttttt</LastName>
               <FirstName>Jailllllllllllllllllllllllllllllllllllllllllllllll</FirstName>
               <MiddleName>CleanGuylllllllllllllllllllllllllllllllllllllllllllllllllllllllllll</MiddleName>
               <DOB>03/01/1976 00:00:00</DOB>
               <SSN>6.54549874E8</SSN>
               <DateOfInfo>03/22/2012 10:24:37</DateOfInfo>
               <SLastName>T230</SLastName>
               <SFirstName>J400</SFirstName>
            </PersonPrimaryName>
            <Alias>
               <NameTypeCode>P</NameTypeCode>
               <LastName>Testtttttttttttttttttttttttttttttttttttttttttttttttttttttttttt</LastName>
               <FirstName>Jailllllllllllllllllllllllllllllllllllllllllllllll</FirstName>
               <MiddleName>CleanGuylllllllllllllllllllllllllllllllllllllllllllllllllllllllllll</MiddleName>
               <DOB>03/01/1976 00:00:00</DOB>
               <SSN>6.54549874E8</SSN>
               <SLastName>T230</SLastName>
               <SFirstName>J400</SFirstName>
               <DateOfInfo>03/22/2012 10:24:37</DateOfInfo>
            </Alias>
         </Person>
         <IncidentPersonRole>
            <RoleType>V</RoleType>
            <CreatorId>STATE_OFFICER11</CreatorId>
            <CreatorDate>10/08/2014 11:28:44</CreatorDate>
            <UpdatorId>TSTC</UpdatorId>
            <UpdatorDate>08/15/2023 20:32:19</UpdatorDate>
         </IncidentPersonRole>
      </IncidentPerson>
      <IncidentVehicle>
         <VEHICLE_ID>77</VEHICLE_ID>
         <RoleCode>OT</RoleCode>
         <CreatorId>STATE_OFFICER11</CreatorId>
         <CreatorDate>10/08/2014 11:29:58</CreatorDate>
         <UpdatorId>STATE_OFFICER11</UpdatorId>
         <UpdatorDate>10/08/2014 11:29:58</UpdatorDate>
         <DateOfInfo>05/14/2012 13:31:41</DateOfInfo>
         <DateOfInfo>01/25/2013 13:31:52</DateOfInfo>
         <StatusCode>1</StatusCode>
         <VIN>THISISVIN456</VIN>
         <VehicleYear>2009</VehicleYear>
         <VehicleMakeCode>HOND</VehicleMakeCode>
         <VehicleModelCode>ELE</VehicleModelCode>
         <VehicleLicStateCode>CO</VehicleLicStateCode>
         <VehicleLicStateCode>CO</VehicleLicStateCode>
         <VehicleLicNumber>PLATE5898</VehicleLicNumber>
         <VehicleLicNumber>PLATE5898</VehicleLicNumber>
         <VehConditionCode>G</VehConditionCode>
         <VehicleValue>6000</VehicleValue>
      </IncidentVehicle>
      <IncidentProperty>
         <RoleCode>7</RoleCode>
         <CreatorId>STATE_OFFICER11</CreatorId>
         <CreatorDate>10/08/2014 11:29:21</CreatorDate>
         <UpdatorId>TSTC</UpdatorId>
         <UpdatorDate>08/10/2017 23:00:44</UpdatorDate>
         <DateOfInfo>10/08/2014 00:00:00</DateOfInfo>
         <StatusCode>7</StatusCode>
         <DocumentTypeCode>P</DocumentTypeCode>
         <PropertyTypeCode>429</PropertyTypeCode>
         <PropertyValue>200</PropertyValue>
         <Value>200</Value>
         <Evidence>N</Evidence>
         <EvidenceFlag>N</EvidenceFlag>
         <Property_ID>1125</Property_ID>
         <PrimaryColor>BGE</PrimaryColor>
         <Model>ttetasd</Model>
         <Quantity>1</Quantity>
      </IncidentProperty>
   </IncidentSupplement>
</Incident>