<?xml version="1.0" encoding="UTF-8"?>
<Incident xmlns:xsi="http://www.w3.org/2001/XMLSchema-instance"
          xsi:noNamespaceSchemaLocation="file:///C:/DATA/EJS/SVN_Root/Ejustice/trunk/XMLTransformations/OnlineRMSInternalToIncident/IAOnlineRMSIncidentImport.xsd">
   <IncidentReportNum>2015ROOT0214</IncidentReportNum>
   <AgencyCode>D42</AgencyCode>
   <ORINum>SC0280000</ORINum>
   <ReportDate>10/29/2015 23:17:00</ReportDate>
   <ReportTime>10/29/2015 23:17:00</ReportTime>
   <StartDate>10/29/2015 23:17:00</StartDate>
   <StartTime>10/01/2015 23:17:00</StartTime>
   <Summary>jira test</Summary>
   <CreatorId>STATE_OFFICER11</CreatorId>
   <CreatorDate>10/29/2015 23:17:40</CreatorDate>
   <UpdatorId>TSTC</UpdatorId>
   <UpdatorDate>09/09/2021 18:46:36</UpdatorDate>
   <IncidentType>
      <IncidentTypeCode>CAB</IncidentTypeCode>
   </IncidentType>
   <IncidentAddress>
      <AddressId>443</AddressId>
      <City>18</City>
      <CreatorId>STATE_OFFICER11</CreatorId>
      <CreatorDate>10/29/2015 23:18:04</CreatorDate>
      <UpdatorId>TSTC</UpdatorId>
      <UpdatorDate>10/29/2015 23:18:13</UpdatorDate>
      <Address>
         <AddressId>443</AddressId>
         <StreetNumber>2560</StreetNumber>
         <StreetName>Interlocken</StreetName>
         <City>Indianapolis</City>
         <StateCode>IN</StateCode>
         <CountryCode>US</CountryCode>
         <AddressCommonName>
            <CommonPlaceName>District 42 test</CommonPlaceName>
         </AddressCommonName>
      </Address>
   </IncidentAddress>
   <IncidentSupplement>
      <SupplementSequence>0</SupplementSequence>
      <IncSupplementStatusCode>A</IncSupplementStatusCode>
      <SuppReportDate>10/29/2015 23:17:40</SuppReportDate>
      <SuppReportTime>10/29/2015 23:17:40</SuppReportTime>
      <AgencyOnly>N</AgencyOnly>
      <SecurityLevel>1201</SecurityLevel>
      <SuppAgencyCode>D42</SuppAgencyCode>
      <UnknownNoOffenders>N</UnknownNoOffenders>
      <DsIcrDate>10/29/2015 23:21:22</DsIcrDate>
      <DsIcrSubmissionStatus>SENT WAITING FOR RESPONSE</DsIcrSubmissionStatus>
      <CreatorId>STATE_EVID2</CreatorId>
      <CreatorDate>10/29/2015 23:17:40</CreatorDate>
      <UpdatorId>TSTC</UpdatorId>
      <UpdatorDate>08/05/2021 17:38:25</UpdatorDate>
      <IncidentSuppNarrative>
         <NarrativeNumber>1</NarrativeNumber>
         <NarrativeTitle>Original Narrative</NarrativeTitle>
         <NarrativeText>&amp;nbsp;asdasdf</NarrativeText>
         <CreatorId>STATE_OFFICER11</CreatorId>
         <CreatorDate>10/29/2015 23:20:57</CreatorDate>
         <UpdatorId>STATE_OFFICER11</UpdatorId>
         <UpdatorDate>10/29/2015 23:20:57</UpdatorDate>
      </IncidentSuppNarrative>
      <IncidentOfficer>
         <OfficerRoleCode>P</OfficerRoleCode>
         <Officer>
            <AgencyCode>D42</AgencyCode>
            <ORINumber>SC0280000</ORINumber>
            <LastName>Ranz</LastName>
            <FirstName>Greg</FirstName>
            <InternalID>9696</InternalID>
         </Officer>
      </IncidentOfficer>
      <IncidentOfficer>
         <OfficerRoleCode>R</OfficerRoleCode>
         <Officer>
            <AgencyCode>D42</AgencyCode>
            <ORINumber>SC0280000</ORINumber>
            <LastName>Ranz</LastName>
            <FirstName>Greg</FirstName>
            <InternalID>9696</InternalID>
         </Officer>
      </IncidentOfficer>
      <IncidentOffense>
         <IncidentId>2402</IncidentId>
         <OffenseNumber>1</OffenseNumber>
         <OffenseStatusCode>00</OffenseStatusCode>
         <OffenseCode>35-43-2-1  B06</OffenseCode>
         <PlaceCode>08</PlaceCode>
         <BiasCode>88</BiasCode>
         <CSAUCode>C</CSAUCode>
         <SupplementSeq>0</SupplementSeq>
         <UCRNumber>1</UCRNumber>
         <OffenseStatusDate>10/29/2015 23:17:00</OffenseStatusDate>
         <ForcedEntryCode>N</ForcedEntryCode>
         <AttemptedCompletedCode>C</AttemptedCompletedCode>
         <CreatorId>702</CreatorId>
         <CreatorDate>10/29/2015 23:18:43</CreatorDate>
         <UpdatorId>TSTC</UpdatorId>
         <UpdatorDate>07/12/2017 13:27:24</UpdatorDate>
      </IncidentOffense>
      <IncidentOffense>
         <IncidentId>2402</IncidentId>
         <OffenseNumber>2</OffenseNumber>
         <OffenseStatusCode>00</OffenseStatusCode>
         <OffenseCode>35-43-4-2  T09</OffenseCode>
         <PlaceCode>38</PlaceCode>
         <BiasCode>88</BiasCode>
         <CSAUCode>C</CSAUCode>
         <SupplementSeq>0</SupplementSeq>
         <UCRNumber>2</UCRNumber>
         <OffenseStatusDate>10/29/2015 23:17:00</OffenseStatusDate>
         <AttemptedCompletedCode>C</AttemptedCompletedCode>
         <ArrestChargeCode>35-43-4-2  T09</ArrestChargeCode>
         <CreatorId>STATE_OFFICER11</CreatorId>
         <CreatorDate>10/29/2015 23:19:27</CreatorDate>
         <UpdatorId>STATE_OFFICER11</UpdatorId>
         <UpdatorDate>10/29/2015 23:19:27</UpdatorDate>
      </IncidentOffense>
      <IncidentPerson>
         <ApproxAge>18</ApproxAge>
         <ResidentStatusCode>R</ResidentStatusCode>
         <CreatorId>STATE_OFFICER11</CreatorId>
         <CreatorDate>10/29/2015 23:19:48</CreatorDate>
         <UpdatorId>TSTC</UpdatorId>
         <UpdatorDate>05/24/2023 12:41:23</UpdatorDate>
         <Person>
            <PersonId>563</PersonId>
            <RaceCode>W</RaceCode>
            <SexCode>M</SexCode>
            <PersonVerified>Y</PersonVerified>
            <PersonPrimaryName>
               <LastName>Hedges</LastName>
               <FirstName>Joe</FirstName>
               <DOB>08/05/1997 00:00:00</DOB>
               <DateOfInfo>06/23/2014 13:26:01</DateOfInfo>
               <SLastName>H322</SLastName>
               <SFirstName>J000</SFirstName>
            </PersonPrimaryName>
            <Alias>
               <NameTypeCode>P</NameTypeCode>
               <LastName>Hedges</LastName>
               <FirstName>Joe</FirstName>
               <DOB>08/05/1997 00:00:00</DOB>
               <SLastName>H322</SLastName>
               <SFirstName>J000</SFirstName>
               <DateOfInfo>06/23/2014 13:26:01</DateOfInfo>
            </Alias>
         </Person>
         <IncidentPersonRole>
            <RoleType>S</RoleType>
            <CreatorId>STATE_OFFICER11</CreatorId>
            <CreatorDate>10/29/2015 23:19:48</CreatorDate>
            <UpdatorId>TSTC</UpdatorId>
            <UpdatorDate>08/15/2023 20:32:22</UpdatorDate>
         </IncidentPersonRole>
      </IncidentPerson>
      <IncidentPerson>
         <ApproxAge>23</ApproxAge>
         <ResidentStatusCode>R</ResidentStatusCode>
         <CreatorId>STATE_OFFICER11</CreatorId>
         <CreatorDate>10/29/2015 23:20:14</CreatorDate>
         <UpdatorId>TSTC</UpdatorId>
         <UpdatorDate>05/24/2023 12:41:21</UpdatorDate>
         <Person>
            <PersonId>373</PersonId>
            <RaceCode>W</RaceCode>
            <SexCode>M</SexCode>
            <EthnicityCode>A</EthnicityCode>
            <PersonVerified>Y</PersonVerified>
            <PersonPrimaryName>
               <LastName>BEAVER</LastName>
               <FirstName>TYLER</FirstName>
               <DOB>07/24/1992 00:00:00</DOB>
               <DateOfInfo>09/05/2012 14:14:09</DateOfInfo>
               <SLastName>B160</SLastName>
               <SFirstName>T460</SFirstName>
            </PersonPrimaryName>
            <PersonPrimaryName>
               <LastName>Beaver</LastName>
               <FirstName>Tyler</FirstName>
               <MiddleName>Joseph</MiddleName>
               <DOB>07/24/1992 00:00:00</DOB>
               <SSN>1.07241992E8</SSN>
               <TitleCode>JR</TitleCode>
               <DateOfInfo>02/06/2014 00:00:00</DateOfInfo>
               <SLastName>B160</SLastName>
               <SFirstName>T460</SFirstName>
            </PersonPrimaryName>
            <Alias>
               <NameTypeCode>A</NameTypeCode>
               <LastName>BEAVER</LastName>
               <FirstName>TYLER</FirstName>
               <DOB>07/24/1992 00:00:00</DOB>
               <SLastName>B160</SLastName>
               <SFirstName>T460</SFirstName>
               <DateOfInfo>09/05/2012 14:14:09</DateOfInfo>
            </Alias>
            <Alias>
               <NameTypeCode>P</NameTypeCode>
               <LastName>Beaver</LastName>
               <FirstName>Tyler</FirstName>
               <MiddleName>Joseph</MiddleName>
               <DOB>07/24/1992 00:00:00</DOB>
               <SSN>1.07241992E8</SSN>
               <TitleCode>JR</TitleCode>
               <SLastName>B160</SLastName>
               <SFirstName>T460</SFirstName>
               <DateOfInfo>02/06/2014 00:00:00</DateOfInfo>
            </Alias>
            <PersonAddress>
               <StreetNumber>20755</StreetNumber>
               <StreetName>RIVERWOOD</StreetName>
               <StreetTypeCode>AVE</StreetTypeCode>
               <City>NOBLESVILLE</City>
               <StateCode>IN</StateCode>
               <Zip5>46062</Zip5>
            </PersonAddress>
         </Person>
         <IncidentPersonRole>
            <RoleType>V</RoleType>
            <CreatorId>PDPD10</CreatorId>
            <CreatorDate>10/29/2015 23:20:14</CreatorDate>
            <UpdatorId>TSTC</UpdatorId>
            <UpdatorDate>08/15/2023 20:32:22</UpdatorDate>
         </IncidentPersonRole>
      </IncidentPerson>
      <IncidentProperty>
         <RoleCode>7</RoleCode>
         <CreatorId>STATE_OFFICER11</CreatorId>
         <CreatorDate>10/29/2015 23:20:48</CreatorDate>
         <UpdatorId>TSTC</UpdatorId>
         <UpdatorDate>08/10/2017 23:00:44</UpdatorDate>
         <DateOfInfo>10/29/2015 00:00:00</DateOfInfo>
         <StatusCode>7</StatusCode>
         <DocumentTypeCode>P</DocumentTypeCode>
         <PropertyTypeCode>472</PropertyTypeCode>
         <PropertyValue>100</PropertyValue>
         <Value>100</Value>
         <Evidence>N</Evidence>
         <EvidenceFlag>N</EvidenceFlag>
         <Property_ID>1413</Property_ID>
         <Quantity>1</Quantity>
      </IncidentProperty>
      <IncidentProperty>
         <RoleCode>7</RoleCode>
         <CreatorId>STATE_OFFICER11</CreatorId>
         <CreatorDate>10/29/2015 23:20:48</CreatorDate>
         <UpdatorId>TSTC</UpdatorId>
         <UpdatorDate>08/10/2017 23:00:45</UpdatorDate>
         <DateOfInfo>10/29/2015 00:00:00</DateOfInfo>
         <StatusCode>7</StatusCode>
         <DocumentTypeCode>P</DocumentTypeCode>
         <PropertyTypeCode>472</PropertyTypeCode>
         <PropertyValue>100</PropertyValue>
         <Value>100</Value>
         <Evidence>N</Evidence>
         <EvidenceFlag>N</EvidenceFlag>
         <Property_ID>1413</Property_ID>
         <Quantity>1</Quantity>
      </IncidentProperty>
   </IncidentSupplement>
</Incident>