<?xml version="1.0" encoding="UTF-8"?>
<Incident xmlns:xsi="http://www.w3.org/2001/XMLSchema-instance"
          xsi:noNamespaceSchemaLocation="file:///C:/DATA/EJS/SVN_Root/Ejustice/trunk/XMLTransformations/OnlineRMSInternalToIncident/IAOnlineRMSIncidentImport.xsd">
   <IncidentReportNum>2015ROOT0157</IncidentReportNum>
   <AgencyCode>D42</AgencyCode>
   <ORINum>SC0280000</ORINum>
   <ReportDate>07/22/2015 19:58:00</ReportDate>
   <ReportTime>07/22/2015 19:58:00</ReportTime>
   <StartDate>07/22/2015 19:58:00</StartDate>
   <StartTime>07/01/2015 19:58:00</StartTime>
   <CreatorId>STATE_OFFICER11</CreatorId>
   <CreatorDate>07/22/2015 19:58:23</CreatorDate>
   <UpdatorId>TSTC</UpdatorId>
   <UpdatorDate>09/09/2021 18:46:36</UpdatorDate>
   <IncidentType>
      <IncidentTypeCode>CAB</IncidentTypeCode>
   </IncidentType>
   <IncidentAddress>
      <AddressId>35</AddressId>
      <City>19</City>
      <CreatorId>STATE_OFFICER11</CreatorId>
      <CreatorDate>07/22/2015 19:58:43</CreatorDate>
      <UpdatorId>TSTC</UpdatorId>
      <UpdatorDate>07/22/2015 19:58:48</UpdatorDate>
      <Address>
         <AddressId>35</AddressId>
         <StreetNumber>453</StreetNumber>
         <StreetName>Laporte</StreetName>
         <StreetTypeCode>AVE</StreetTypeCode>
         <City>INDIANAPOLIS</City>
         <StateCode>IN</StateCode>
         <Zip5>66625</Zip5>
         <CountryCode>US</CountryCode>
         <Beat>Test</Beat>
         <SubBeat>Area</SubBeat>
         <Longitude>-86.86879</Longitude>
         <Latitude>41.738426</Latitude>
         <AddressCommonName>
            <CommonPlaceName>Dead strip</CommonPlaceName>
         </AddressCommonName>
      </Address>
   </IncidentAddress>
   <IncidentSupplement>
      <SupplementSequence>0</SupplementSequence>
      <IncSupplementStatusCode>A</IncSupplementStatusCode>
      <SuppReportDate>07/22/2015 19:58:23</SuppReportDate>
      <SuppReportTime>07/22/2015 19:58:23</SuppReportTime>
      <AgencyOnly>N</AgencyOnly>
      <SecurityLevel>1900</SecurityLevel>
      <SuppAgencyCode>D42</SuppAgencyCode>
      <UnknownNoOffenders>N</UnknownNoOffenders>
      <DsIcrDate>07/22/2015 20:04:29</DsIcrDate>
      <DsIcrSubmissionStatus>SENT WAITING FOR RESPONSE</DsIcrSubmissionStatus>
      <CreatorId>STATE_OFFICER11</CreatorId>
      <CreatorDate>07/22/2015 19:58:23</CreatorDate>
      <UpdatorId>TSTC</UpdatorId>
      <UpdatorDate>08/05/2021 17:38:23</UpdatorDate>
      <IncidentSuppNarrative>
         <NarrativeNumber>1</NarrativeNumber>
         <NarrativeTitle>Original Narrative</NarrativeTitle>
         <NarrativeText>&amp;nbsp;Casino Chip stolen</NarrativeText>
         <CreatorId>STATE_CIDSUP1</CreatorId>
         <CreatorDate>07/22/2015 20:03:35</CreatorDate>
         <UpdatorId>TSTC</UpdatorId>
         <UpdatorDate>07/12/2017 12:54:33</UpdatorDate>
      </IncidentSuppNarrative>
      <IncidentOfficer>
         <OfficerRoleCode>P</OfficerRoleCode>
         <Officer>
            <AgencyCode>D42</AgencyCode>
            <ORINumber>SC0280000</ORINumber>
            <LastName>Ranz</LastName>
            <FirstName>Greg</FirstName>
            <InternalID>9696</InternalID>
         </Officer>
      </IncidentOfficer>
      <IncidentOfficer>
         <OfficerRoleCode>R</OfficerRoleCode>
         <Officer>
            <AgencyCode>D42</AgencyCode>
            <ORINumber>SC0280000</ORINumber>
            <LastName>Ranz</LastName>
            <FirstName>Greg</FirstName>
            <InternalID>9696</InternalID>
         </Officer>
      </IncidentOfficer>
      <IncidentOffense>
         <IncidentId>2335</IncidentId>
         <OffenseNumber>1</OffenseNumber>
         <OffenseStatusCode>00</OffenseStatusCode>
         <OffenseCode>35-43-4-2  T19</OffenseCode>
         <PlaceCode>38</PlaceCode>
         <BiasCode>88</BiasCode>
         <CSAUCode>C</CSAUCode>
         <SupplementSeq>0</SupplementSeq>
         <UCRNumber>1</UCRNumber>
         <OffenseStatusDate>07/22/2015 19:58:00</OffenseStatusDate>
         <AttemptedCompletedCode>C</AttemptedCompletedCode>
         <CreatorId>STATE_OFFICER11</CreatorId>
         <CreatorDate>07/22/2015 20:01:35</CreatorDate>
         <UpdatorId>STATE_OFFICER11</UpdatorId>
         <UpdatorDate>07/22/2015 20:01:35</UpdatorDate>
      </IncidentOffense>
      <IncidentPerson>
         <ApproxAge>44</ApproxAge>
         <ResidentStatusCode>R</ResidentStatusCode>
         <CreatorId>MMOUSE@GMAIL.COM</CreatorId>
         <CreatorDate>07/22/2015 20:02:15</CreatorDate>
         <UpdatorId>TSTC</UpdatorId>
         <UpdatorDate>05/24/2023 12:41:19</UpdatorDate>
         <Person>
            <PersonId>677</PersonId>
            <RaceCode>W</RaceCode>
            <SexCode>M</SexCode>
            <EthnicityCode>N</EthnicityCode>
            <PersonVerified>Y</PersonVerified>
            <PersonPrimaryName>
               <LastName>Renner</LastName>
               <FirstName>Jeremy</FirstName>
               <MiddleName>Lee</MiddleName>
               <DOB>01/07/1971 00:00:00</DOB>
               <SSN>5.37369533E8</SSN>
               <DateOfInfo>01/19/2015 12:27:46</DateOfInfo>
               <SLastName>R560</SLastName>
               <SFirstName>J650</SFirstName>
            </PersonPrimaryName>
            <Alias>
               <NameTypeCode>P</NameTypeCode>
               <LastName>Renner</LastName>
               <FirstName>Jeremy</FirstName>
               <MiddleName>Lee</MiddleName>
               <DOB>01/07/1971 00:00:00</DOB>
               <SSN>5.37369533E8</SSN>
               <SLastName>R560</SLastName>
               <SFirstName>J650</SFirstName>
               <DateOfInfo>01/19/2015 12:27:46</DateOfInfo>
            </Alias>
            <PersonAddress>
               <StreetNumber>1242</StreetNumber>
               <StreetDirCode>N</StreetDirCode>
               <StreetName>Crescent Heights</StreetName>
               <StreetTypeCode>BLVD</StreetTypeCode>
               <StreetSuffixCode>N</StreetSuffixCode>
               <SubTypeCode>PH</SubTypeCode>
               <SubNumber>123</SubNumber>
               <City>West Hollywood</City>
               <StateCode>CA</StateCode>
               <Zip5>90046</Zip5>
               <CountryCode>US</CountryCode>
               <CountyCode>1</CountyCode>
               <Longitude>-118.365477</Longitude>
               <Latitude>34.093056</Latitude>
               <Beat>Test</Beat>
               <SubBeat>Area</SubBeat>
            </PersonAddress>
            <PersonPhone>
               <PhoneTypeCode>RES</PhoneTypeCode>
               <PhoneArea>537</PhoneArea>
               <PhonePrefix>369</PhonePrefix>
               <PhoneSuffix>5337</PhoneSuffix>
               <DateOfInfo>01/19/2015 00:00:00</DateOfInfo>
            </PersonPhone>
            <PersonPhone>
               <PhoneTypeCode>CEL</PhoneTypeCode>
               <PhoneArea>733</PhoneArea>
               <PhonePrefix>596</PhonePrefix>
               <PhoneSuffix>3735</PhoneSuffix>
               <DateOfInfo>01/19/2015 00:00:00</DateOfInfo>
            </PersonPhone>
            <PersonPhone>
               <PhoneTypeCode>RES</PhoneTypeCode>
               <PhoneArea>212</PhoneArea>
               <PhonePrefix>589</PhonePrefix>
               <PhoneSuffix>8745</PhoneSuffix>
               <DateOfInfo>01/28/2016 00:00:00</DateOfInfo>
            </PersonPhone>
            <PersonPhone>
               <PhoneTypeCode>CEL</PhoneTypeCode>
               <PhoneArea>555</PhoneArea>
               <PhonePrefix>555</PhonePrefix>
               <PhoneSuffix>5555</PhoneSuffix>
               <DateOfInfo>01/29/2016 00:00:00</DateOfInfo>
            </PersonPhone>
         </Person>
         <IncidentPersonRole>
            <RoleType>V</RoleType>
            <CreatorId>STATE_OFFICER11</CreatorId>
            <CreatorDate>07/22/2015 20:02:15</CreatorDate>
            <UpdatorId>TSTC</UpdatorId>
            <UpdatorDate>08/15/2023 20:32:21</UpdatorDate>
         </IncidentPersonRole>
      </IncidentPerson>
      <IncidentProperty>
         <RoleCode>7</RoleCode>
         <CreatorId>STATE_OFFICER11</CreatorId>
         <CreatorDate>07/22/2015 20:03:20</CreatorDate>
         <UpdatorId>TSTC</UpdatorId>
         <UpdatorDate>08/10/2017 23:00:44</UpdatorDate>
         <DateOfInfo>07/22/2015 00:00:00</DateOfInfo>
         <StatusCode>7</StatusCode>
         <DocumentTypeCode>P</DocumentTypeCode>
         <Description>Casino Chip</Description>
         <PropertyTypeCode>999</PropertyTypeCode>
         <PropertyValue>600</PropertyValue>
         <Value>600</Value>
         <Evidence>N</Evidence>
         <EvidenceFlag>N</EvidenceFlag>
         <Property_ID>1300</Property_ID>
         <Quantity>1</Quantity>
      </IncidentProperty>
   </IncidentSupplement>
</Incident>