<?xml version="1.0" encoding="UTF-8"?>
<Incident xmlns:xsi="http://www.w3.org/2001/XMLSchema-instance"
          xsi:noNamespaceSchemaLocation="file:///C:/DATA/EJS/SVN_Root/Ejustice/trunk/XMLTransformations/OnlineRMSInternalToIncident/IAOnlineRMSIncidentImport.xsd">
   <IncidentReportNum>2015ROOT0058</IncidentReportNum>
   <AgencyCode>D42</AgencyCode>
   <ORINum>SC0280000</ORINum>
   <ReportDate>02/17/2015 12:23:00</ReportDate>
   <ReportTime>02/17/2015 12:23:00</ReportTime>
   <StartDate>02/17/2015 12:23:00</StartDate>
   <StartTime>02/01/2015 12:23:00</StartTime>
   <Summary>test</Summary>
   <CreatorId>STATE_OFFICER13</CreatorId>
   <CreatorDate>02/17/2015 12:22:55</CreatorDate>
   <UpdatorId>TSTC</UpdatorId>
   <UpdatorDate>09/09/2021 18:46:36</UpdatorDate>
   <IncidentType>
      <IncidentTypeCode>CAD</IncidentTypeCode>
   </IncidentType>
   <IncidentAddress>
      <AddressId>479</AddressId>
      <Beat>Test</Beat>
      <SubBeat>Area</SubBeat>
      <City>1</City>
      <CreatorId>STATE_OFFICER13</CreatorId>
      <CreatorDate>02/17/2015 12:24:02</CreatorDate>
      <UpdatorId>TSTC</UpdatorId>
      <UpdatorDate>02/17/2015 12:24:05</UpdatorDate>
      <Address>
         <AddressId>479</AddressId>
         <StreetNumber>123</StreetNumber>
         <StreetName>Central Park</StreetName>
         <City>Manhattan</City>
         <StateCode>NY</StateCode>
         <CountryCode>US</CountryCode>
         <Beat>Test</Beat>
         <SubBeat>Area</SubBeat>
         <Longitude>-73.959722</Longitude>
         <Latitude>40.790278</Latitude>
         <AddressCommonName>
            <CommonPlaceName>Dead strip</CommonPlaceName>
         </AddressCommonName>
      </Address>
   </IncidentAddress>
   <IncidentSupplement>
      <SupplementSequence>0</SupplementSequence>
      <IncSupplementStatusCode>A</IncSupplementStatusCode>
      <SuppReportDate>02/17/2015 12:22:56</SuppReportDate>
      <SuppReportTime>02/17/2015 12:22:56</SuppReportTime>
      <AgencyOnly>N</AgencyOnly>
      <SecurityLevel>990</SecurityLevel>
      <SuppAgencyCode>D42</SuppAgencyCode>
      <UnknownNoOffenders>N</UnknownNoOffenders>
      <DsIcrDate>02/17/2015 12:31:11</DsIcrDate>
      <DsIcrSubmissionStatus>FAILED VALIDATION</DsIcrSubmissionStatus>
      <CreatorId>STATE_OFFICER13</CreatorId>
      <CreatorDate>02/17/2015 12:22:56</CreatorDate>
      <UpdatorId>TSTC</UpdatorId>
      <UpdatorDate>08/05/2021 17:38:24</UpdatorDate>
      <IncidentSuppNarrative>
         <NarrativeNumber>1</NarrativeNumber>
         <NarrativeTitle>Original Narrative</NarrativeTitle>
         <NarrativeText>test&lt;br /&gt;</NarrativeText>
         <CreatorId>STATE_OFFICER13</CreatorId>
         <CreatorDate>02/17/2015 12:30:44</CreatorDate>
         <UpdatorId>STATE_OFFICER13</UpdatorId>
         <UpdatorDate>02/17/2015 12:30:44</UpdatorDate>
      </IncidentSuppNarrative>
      <IncidentOfficer>
         <OfficerRoleCode>P</OfficerRoleCode>
         <Officer>
            <AgencyCode>D42</AgencyCode>
            <ORINumber>SC0280000</ORINumber>
            <LastName>Livangood</LastName>
            <FirstName>Derek</FirstName>
            <InternalID>0015</InternalID>
         </Officer>
      </IncidentOfficer>
      <IncidentOfficer>
         <OfficerRoleCode>R</OfficerRoleCode>
         <Officer>
            <AgencyCode>D42</AgencyCode>
            <ORINumber>SC0280000</ORINumber>
            <LastName>Livangood</LastName>
            <FirstName>Derek</FirstName>
            <InternalID>0015</InternalID>
         </Officer>
      </IncidentOfficer>
      <IncidentOffense>
         <IncidentId>2198</IncidentId>
         <OffenseNumber>1</OffenseNumber>
         <OffenseStatusCode>00</OffenseStatusCode>
         <OffenseCode>35-42-1-1  M01        </OffenseCode>
         <PlaceCode>10</PlaceCode>
         <BiasCode>11</BiasCode>
         <CSAUCode>C</CSAUCode>
         <SupplementSeq>0</SupplementSeq>
         <UCRNumber>1</UCRNumber>
         <OffenseStatusDate>02/17/2015 12:24:00</OffenseStatusDate>
         <AttemptedCompletedCode>C</AttemptedCompletedCode>
         <CreatorId>STATE_OFFICER13</CreatorId>
         <CreatorDate>02/17/2015 12:24:31</CreatorDate>
         <UpdatorId>STATE_OFFICER13</UpdatorId>
         <UpdatorDate>02/17/2015 12:24:31</UpdatorDate>
      </IncidentOffense>
      <IncidentPerson>
         <ApproxAge>55</ApproxAge>
         <ResidentStatusCode>R</ResidentStatusCode>
         <CreatorId>STATE_OFFICER13</CreatorId>
         <CreatorDate>02/17/2015 12:29:49</CreatorDate>
         <UpdatorId>TSTC</UpdatorId>
         <UpdatorDate>05/24/2023 12:41:20</UpdatorDate>
         <Person>
            <PersonId>87</PersonId>
            <RaceCode>W</RaceCode>
            <SexCode>M</SexCode>
            <PersonVerified>Y</PersonVerified>
            <PersonPrimaryName>
               <LastName>Baker</LastName>
               <FirstName>Jon-o</FirstName>
               <DOB>01/01/1960 00:00:00</DOB>
               <SSN>8.88888887E8</SSN>
               <DateOfInfo>04/05/2012 15:30:33</DateOfInfo>
               <SLastName>B260</SLastName>
               <SFirstName>J500</SFirstName>
            </PersonPrimaryName>
            <Alias>
               <NameTypeCode>P</NameTypeCode>
               <LastName>Baker</LastName>
               <FirstName>Jon-o</FirstName>
               <DOB>01/01/1960 00:00:00</DOB>
               <SSN>8.88888887E8</SSN>
               <SLastName>B260</SLastName>
               <SFirstName>J500</SFirstName>
               <DateOfInfo>04/05/2012 15:30:33</DateOfInfo>
            </Alias>
            <PersonAddress>
               <StreetNumber>699</StreetNumber>
               <StreetDirCode>BLK</StreetDirCode>
               <StreetName>ANDERSON</StreetName>
               <StreetTypeCode>AVE</StreetTypeCode>
               <SubTypeCode>BOX</SubTypeCode>
               <City>HOLLAND</City>
               <StateCode>MI</StateCode>
               <Zip5>49423</Zip5>
               <Beat>Test</Beat>
               <SubBeat>Area</SubBeat>
            </PersonAddress>
         </Person>
         <IncidentPersonRole>
            <RoleType>S</RoleType>
            <CreatorId>STATE_OFFICER13</CreatorId>
            <CreatorDate>02/17/2015 12:29:49</CreatorDate>
            <UpdatorId>TSTC</UpdatorId>
            <UpdatorDate>08/15/2023 20:32:21</UpdatorDate>
         </IncidentPersonRole>
      </IncidentPerson>
      <IncidentPerson>
         <ApproxAge>16</ApproxAge>
         <ResidentStatusCode>R</ResidentStatusCode>
         <CreatorId>STATE_OFFICER13</CreatorId>
         <CreatorDate>02/17/2015 12:30:13</CreatorDate>
         <UpdatorId>TSTC</UpdatorId>
         <UpdatorDate>05/24/2023 12:41:20</UpdatorDate>
         <Person>
            <PersonId>68</PersonId>
            <RaceCode>U</RaceCode>
            <SexCode>F</SexCode>
            <EthnicityCode>U</EthnicityCode>
            <PersonVerified>Y</PersonVerified>
            <PersonPrimaryName>
               <LastName>Collins</LastName>
               <FirstName>Marie</FirstName>
               <MiddleName>Louise</MiddleName>
               <DOB>09/29/1998 00:00:00</DOB>
               <DateOfInfo>03/28/2012 11:26:36</DateOfInfo>
               <SLastName>C452</SLastName>
               <SFirstName>M600</SFirstName>
            </PersonPrimaryName>
            <Alias>
               <NameTypeCode>P</NameTypeCode>
               <LastName>Collins</LastName>
               <FirstName>Marie</FirstName>
               <MiddleName>Louise</MiddleName>
               <DOB>09/29/1998 00:00:00</DOB>
               <SLastName>C452</SLastName>
               <SFirstName>M600</SFirstName>
               <DateOfInfo>03/28/2012 11:26:36</DateOfInfo>
            </Alias>
            <PersonAddress>
               <StreetNumber>2200</StreetNumber>
               <StreetName>Jackson</StreetName>
               <StreetTypeCode>ST</StreetTypeCode>
               <City>Gary</City>
               <StateCode>IN</StateCode>
               <Zip5>46407</Zip5>
               <CountryCode>US</CountryCode>
               <CountyCode>NaN</CountyCode>
               <Longitude>-87.3441</Longitude>
               <Latitude>41.578624</Latitude>
            </PersonAddress>
         </Person>
         <IncidentPersonRole>
            <RoleType>V</RoleType>
            <CreatorId>STATE_OFFICER13</CreatorId>
            <CreatorDate>02/17/2015 12:30:13</CreatorDate>
            <UpdatorId>TSTC</UpdatorId>
            <UpdatorDate>08/15/2023 20:32:20</UpdatorDate>
         </IncidentPersonRole>
      </IncidentPerson>
   </IncidentSupplement>
</Incident>