<?xml version="1.0" encoding="UTF-8"?>
<Incident xmlns:xsi="http://www.w3.org/2001/XMLSchema-instance"
          xsi:noNamespaceSchemaLocation="file:///C:/DATA/EJS/SVN_Root/Ejustice/trunk/XMLTransformations/OnlineRMSInternalToIncident/IAOnlineRMSIncidentImport.xsd">
   <IncidentReportNum>2015ROOT0208</IncidentReportNum>
   <AgencyCode>D42</AgencyCode>
   <ORINum>SC0280000</ORINum>
   <ReportDate>01/01/2015 15:00:00</ReportDate>
   <ReportTime>01/01/2015 15:00:00</ReportTime>
   <StartDate>01/01/2015 15:00:00</StartDate>
   <StartTime>10/01/2015 15:00:00</StartTime>
   <CreatorId>42CIDSUP</CreatorId>
   <CreatorDate>10/20/2015 15:00:39</CreatorDate>
   <UpdatorId>TSTC</UpdatorId>
   <UpdatorDate>09/09/2021 18:46:36</UpdatorDate>
   <IncidentType>
      <IncidentTypeCode>STP</IncidentTypeCode>
   </IncidentType>
   <IncidentAddress>
      <AddressId>216</AddressId>
      <Beat>Test</Beat>
      <SubBeat>Area</SubBeat>
      <City>51</City>
      <CreatorId>42CIDSUP</CreatorId>
      <CreatorDate>10/20/2015 15:01:10</CreatorDate>
      <UpdatorId>TSTC</UpdatorId>
      <UpdatorDate>10/20/2015 15:01:41</UpdatorDate>
      <Address>
         <AddressId>216</AddressId>
         <StreetNumber>2740</StreetNumber>
         <StreetDirCode>N</StreetDirCode>
         <StreetName>ADDISON MEADOWS</StreetName>
         <StreetTypeCode>LN</StreetTypeCode>
         <SubTypeCode>BSMT</SubTypeCode>
         <City>INDIANAPOLIS</City>
         <StateCode>PA</StateCode>
         <Zip5>46203</Zip5>
         <Zip4>5555</Zip4>
         <Beat>Test</Beat>
         <SubBeat>Area</SubBeat>
         <Longitude>-86.059884</Longitude>
         <Latitude>39.728722</Latitude>
         <AddressCommonName>
            <CommonPlaceName>Joes House</CommonPlaceName>
         </AddressCommonName>
      </Address>
   </IncidentAddress>
   <IncidentSupplement>
      <SupplementSequence>0</SupplementSequence>
      <IncSupplementStatusCode>A</IncSupplementStatusCode>
      <SuppReportDate>10/20/2015 15:00:40</SuppReportDate>
      <SuppReportTime>10/20/2015 15:00:40</SuppReportTime>
      <AgencyOnly>N</AgencyOnly>
      <SecurityLevel>1100</SecurityLevel>
      <SuppAgencyCode>D42</SuppAgencyCode>
      <UnknownNoOffenders>N</UnknownNoOffenders>
      <DsIcrDate>10/20/2015 15:06:09</DsIcrDate>
      <DsIcrSubmissionStatus>SENT WAITING FOR RESPONSE</DsIcrSubmissionStatus>
      <CreatorId>42CIDSUP</CreatorId>
      <CreatorDate>10/20/2015 15:00:40</CreatorDate>
      <UpdatorId>TSTC</UpdatorId>
      <UpdatorDate>08/05/2021 17:38:24</UpdatorDate>
      <IncidentSuppNarrative>
         <NarrativeNumber>1</NarrativeNumber>
         <NarrativeTitle>Original Narrative</NarrativeTitle>
         <NarrativeText>normal&lt;br /&gt;  &lt;strong&gt;bold&lt;br /&gt;  &lt;/strong&gt;&lt;em&gt;italic&lt;br /&gt;  &lt;/em&gt;&lt;u&gt;underline&lt;br /&gt;  &lt;/u&gt;&lt;strike&gt;strikethrough&lt;br /&gt;  &lt;/strike&gt;&lt;br /&gt;  &lt;em&gt;&lt;strong&gt;bold italic&lt;br /&gt;  &lt;/strong&gt;&lt;/em&gt;&lt;u&gt;&lt;strong&gt;bold underline&lt;br /&gt;  &lt;/strong&gt;&lt;/u&gt;&lt;strike&gt;&lt;strong&gt;bold strikethrough&lt;br /&gt;  &lt;/strong&gt;&lt;/strike&gt;&lt;br /&gt;  &lt;u&gt;&lt;em&gt;italic underline&lt;br /&gt;  &lt;/em&gt;&lt;/u&gt;&lt;strike&gt;&lt;em&gt;italic strikethrough&lt;br /&gt;  &lt;/em&gt;&lt;u&gt;&lt;br /&gt;  underline strikethrough&lt;br /&gt;  &lt;br /&gt;  &lt;/u&gt;&lt;/strike&gt;&lt;span style="COLOR: #00ff00"&gt;color&lt;/span&gt;</NarrativeText>
         <CreatorId>42CIDSUP</CreatorId>
         <CreatorDate>10/20/2015 15:05:28</CreatorDate>
         <UpdatorId>42CIDSUP</UpdatorId>
         <UpdatorDate>10/20/2015 15:05:28</UpdatorDate>
      </IncidentSuppNarrative>
      <IncidentOfficer>
         <OfficerRoleCode>P</OfficerRoleCode>
         <Officer>
            <AgencyCode>D22</AgencyCode>
            <ORINumber>147258369</ORINumber>
            <LastName>Collins</LastName>
            <FirstName>Sgt.</FirstName>
            <InternalID>5513</InternalID>
         </Officer>
      </IncidentOfficer>
      <IncidentOfficer>
         <OfficerRoleCode>R</OfficerRoleCode>
         <Officer>
            <AgencyCode>D22</AgencyCode>
            <ORINumber>147258369</ORINumber>
            <LastName>Collins</LastName>
            <FirstName>Sgt.</FirstName>
            <InternalID>5513</InternalID>
         </Officer>
      </IncidentOfficer>
      <IncidentOffense>
         <IncidentId>2395</IncidentId>
         <OffenseNumber>1</OffenseNumber>
         <OffenseStatusCode>00</OffenseStatusCode>
         <OffenseCode>14-21-1-36</OffenseCode>
         <PlaceCode>01</PlaceCode>
         <BiasCode>88</BiasCode>
         <CSAUCode>C</CSAUCode>
         <SupplementSeq>0</SupplementSeq>
         <UCRNumber>1</UCRNumber>
         <OffenseStatusDate>01/01/2015 15:00:00</OffenseStatusDate>
         <AttemptedCompletedCode>C</AttemptedCompletedCode>
         <ArrestChargeCode>14-21-1-36</ArrestChargeCode>
         <CreatorId>42CIDSUP</CreatorId>
         <CreatorDate>10/20/2015 15:03:07</CreatorDate>
         <UpdatorId>42CIDSUP</UpdatorId>
         <UpdatorDate>10/20/2015 15:03:07</UpdatorDate>
      </IncidentOffense>
      <IncidentPerson>
         <ApproxAge>94</ApproxAge>
         <ResidentStatusCode>R</ResidentStatusCode>
         <CreatorId>42CIDSUP</CreatorId>
         <CreatorDate>10/20/2015 15:03:40</CreatorDate>
         <UpdatorId>TSTC</UpdatorId>
         <UpdatorDate>05/24/2023 12:41:23</UpdatorDate>
         <Person>
            <PersonId>528</PersonId>
            <RaceCode>W</RaceCode>
            <SexCode>M</SexCode>
            <EthnicityCode>O</EthnicityCode>
            <PersonVerified>Y</PersonVerified>
            <PersonPrimaryName>
               <LastName>Cousteau</LastName>
               <FirstName>Jacques</FirstName>
               <MiddleName>Yves</MiddleName>
               <DOB>06/11/1920 00:00:00</DOB>
               <DateOfInfo>03/26/2014 16:10:19</DateOfInfo>
               <SLastName>C230</SLastName>
               <SFirstName>J220</SFirstName>
            </PersonPrimaryName>
            <Alias>
               <NameTypeCode>P</NameTypeCode>
               <LastName>Cousteau</LastName>
               <FirstName>Jacques</FirstName>
               <MiddleName>Yves</MiddleName>
               <DOB>06/11/1920 00:00:00</DOB>
               <SLastName>C230</SLastName>
               <SFirstName>J220</SFirstName>
               <DateOfInfo>03/26/2014 16:10:19</DateOfInfo>
            </Alias>
            <PersonAddress>
               <StreetNumber>123</StreetNumber>
               <StreetDirCode>N</StreetDirCode>
               <StreetName>Automation</StreetName>
               <StreetTypeCode>RD</StreetTypeCode>
               <SubTypeCode>TRLR</SubTypeCode>
               <CountryCode>US</CountryCode>
               <Beat>104</Beat>
               <SubBeat>West Patrol</SubBeat>
            </PersonAddress>
         </Person>
         <IncidentPersonRole>
            <RoleType>S</RoleType>
            <CreatorId>42CIDSUP</CreatorId>
            <CreatorDate>10/20/2015 15:03:40</CreatorDate>
            <UpdatorId>TSTC</UpdatorId>
            <UpdatorDate>08/15/2023 20:32:22</UpdatorDate>
         </IncidentPersonRole>
      </IncidentPerson>
      <IncidentPerson>
         <ApproxAge>41</ApproxAge>
         <ResidentStatusCode>R</ResidentStatusCode>
         <CreatorId>42CIDSUP</CreatorId>
         <CreatorDate>10/20/2015 15:04:07</CreatorDate>
         <UpdatorId>TSTC</UpdatorId>
         <UpdatorDate>05/24/2023 12:41:23</UpdatorDate>
         <Person>
            <PersonId>710</PersonId>
            <RaceCode>A</RaceCode>
            <SexCode>M</SexCode>
            <PersonVerified>Y</PersonVerified>
            <PersonPrimaryName>
               <LastName>Smith</LastName>
               <FirstName>BOb</FirstName>
               <DateOfInfo>04/20/2015 09:52:54</DateOfInfo>
               <SLastName>S530</SLastName>
               <SFirstName>B100</SFirstName>
            </PersonPrimaryName>
            <Alias>
               <NameTypeCode>P</NameTypeCode>
               <LastName>Smith</LastName>
               <FirstName>BOb</FirstName>
               <SLastName>S530</SLastName>
               <SFirstName>B100</SFirstName>
               <DateOfInfo>04/20/2015 09:52:54</DateOfInfo>
            </Alias>
            <PersonAddress>
               <StreetNumber>456</StreetNumber>
               <StreetDirCode>W</StreetDirCode>
               <StreetName>Automation</StreetName>
               <StreetTypeCode>WAY</StreetTypeCode>
               <SubTypeCode>APT</SubTypeCode>
               <City>Greensboro</City>
               <StateCode>NC</StateCode>
               <Zip5>27401</Zip5>
               <CountryCode>US</CountryCode>
               <Longitude>-79.75681</Longitude>
               <Latitude>36.067604</Latitude>
               <Beat>104</Beat>
               <SubBeat>West Patrol</SubBeat>
            </PersonAddress>
         </Person>
         <IncidentPersonRole>
            <RoleType>V</RoleType>
            <CreatorId>42CIDSUP</CreatorId>
            <CreatorDate>10/20/2015 15:04:07</CreatorDate>
            <UpdatorId>TSTC</UpdatorId>
            <UpdatorDate>08/15/2023 20:32:22</UpdatorDate>
         </IncidentPersonRole>
      </IncidentPerson>
      <IncidentVehicle>
         <VEHICLE_ID>167</VEHICLE_ID>
         <RoleCode>VI</RoleCode>
         <CreatorId>D13OFFICER</CreatorId>
         <CreatorDate>10/20/2015 15:05:17</CreatorDate>
         <UpdatorId>TSTC</UpdatorId>
         <UpdatorDate>07/13/2017 10:34:31</UpdatorDate>
         <DateOfInfo>11/30/2012 13:23:55</DateOfInfo>
         <DateOfInfo>01/07/2013 12:10:10</DateOfInfo>
         <DateOfInfo>01/14/2013 15:30:16</DateOfInfo>
         <DateOfInfo>09/18/2012 15:44:56</DateOfInfo>
         <DateOfInfo>11/12/2012 14:48:16</DateOfInfo>
         <DateOfInfo>10/26/2012 13:36:29</DateOfInfo>
         <DateOfInfo>02/15/2013 09:58:32</DateOfInfo>
         <DateOfInfo>03/15/2013 06:23:24</DateOfInfo>
         <DateOfInfo>10/16/2013 14:39:32</DateOfInfo>
         <DateOfInfo>10/29/2015 15:27:10</DateOfInfo>
         <StatusCode>5</StatusCode>
         <VIN>12345678765433456</VIN>
         <VehicleYear>2012</VehicleYear>
         <VehicleMakeCode>TOYT</VehicleMakeCode>
         <VehicleModelCode>PRI</VehicleModelCode>
         <VehicleValue>95000</VehicleValue>
         <VehicleValue>20000</VehicleValue>
         <VehicleValue>1</VehicleValue>
      </IncidentVehicle>
   </IncidentSupplement>
</Incident>