<?xml version="1.0" encoding="UTF-8"?>
<Incident xmlns:xsi="http://www.w3.org/2001/XMLSchema-instance"
          xsi:noNamespaceSchemaLocation="file:///C:/DATA/EJS/SVN_Root/Ejustice/trunk/XMLTransformations/OnlineRMSInternalToIncident/IAOnlineRMSIncidentImport.xsd">
   <IncidentReportNum>2015ROOT0064</IncidentReportNum>
   <AgencyCode>D42</AgencyCode>
   <ORINum>SC0280000</ORINum>
   <ReportDate>02/20/2015 09:08:00</ReportDate>
   <ReportTime>02/20/2015 09:08:00</ReportTime>
   <StartDate>02/20/2015 09:08:00</StartDate>
   <StartTime>02/01/2015 09:08:00</StartTime>
   <Summary>test</Summary>
   <CreatorId>42CIDSUP</CreatorId>
   <CreatorDate>02/20/2015 09:08:27</CreatorDate>
   <UpdatorId>TSTC</UpdatorId>
   <UpdatorDate>09/09/2021 18:46:35</UpdatorDate>
   <IncidentType>
      <IncidentTypeCode>B/H</IncidentTypeCode>
   </IncidentType>
   <IncidentAddress>
      <AddressId>174</AddressId>
      <Beat>Test</Beat>
      <SubBeat>Area</SubBeat>
      <City>11</City>
      <CreatorId>42CIDSUP</CreatorId>
      <CreatorDate>02/20/2015 09:10:01</CreatorDate>
      <UpdatorId>TSTC</UpdatorId>
      <UpdatorDate>02/20/2015 09:10:07</UpdatorDate>
      <Address>
         <AddressId>174</AddressId>
         <StreetNumber>123</StreetNumber>
         <StreetDirCode>N</StreetDirCode>
         <StreetName>Automation</StreetName>
         <StreetTypeCode>RD</StreetTypeCode>
         <SubTypeCode>TRLR</SubTypeCode>
         <City>Durham</City>
         <StateCode>NC</StateCode>
         <Zip5>27701</Zip5>
         <CountryCode>US</CountryCode>
         <Beat>Test</Beat>
         <SubBeat>Area</SubBeat>
         <Longitude>-78.892044</Longitude>
         <Latitude>35.99812</Latitude>
         <AddressCommonName>
            <CommonPlaceName>Automation Test Location</CommonPlaceName>
         </AddressCommonName>
         <AddressCommonName>
            <CommonPlaceName>Dead strip</CommonPlaceName>
         </AddressCommonName>
      </Address>
   </IncidentAddress>
   <IncidentSupplement>
      <SupplementSequence>0</SupplementSequence>
      <IncSupplementStatusCode>A</IncSupplementStatusCode>
      <SuppReportDate>02/20/2015 09:08:27</SuppReportDate>
      <SuppReportTime>02/20/2015 09:08:27</SuppReportTime>
      <AgencyOnly>N</AgencyOnly>
      <SecurityLevel>1201</SecurityLevel>
      <SuppAgencyCode>D42</SuppAgencyCode>
      <UnknownNoOffenders>Y</UnknownNoOffenders>
      <DsIcrDate>03/13/2015 08:55:39</DsIcrDate>
      <DsIcrSubmissionStatus>PROCESS COMPLETE</DsIcrSubmissionStatus>
      <CreatorId>42CIDSUP</CreatorId>
      <CreatorDate>02/20/2015 09:08:27</CreatorDate>
      <UpdatorId>TSTC</UpdatorId>
      <UpdatorDate>08/05/2021 17:38:22</UpdatorDate>
      <IncidentSuppNarrative>
         <NarrativeNumber>1</NarrativeNumber>
         <NarrativeTitle>Original Narrative</NarrativeTitle>
         <NarrativeText>vehicle theft&lt;br /&gt;</NarrativeText>
         <CreatorId>42CIDSUP</CreatorId>
         <CreatorDate>02/20/2015 09:12:42</CreatorDate>
         <UpdatorId>42CIDSUP</UpdatorId>
         <UpdatorDate>02/20/2015 09:12:42</UpdatorDate>
      </IncidentSuppNarrative>
      <IncidentOfficer>
         <OfficerRoleCode>P</OfficerRoleCode>
         <Officer>
            <AgencyCode>D22</AgencyCode>
            <ORINumber>147258369</ORINumber>
            <LastName>Collins</LastName>
            <FirstName>Sgt.</FirstName>
            <InternalID>5513</InternalID>
         </Officer>
      </IncidentOfficer>
      <IncidentOfficer>
         <OfficerRoleCode>R</OfficerRoleCode>
         <Officer>
            <AgencyCode>D22</AgencyCode>
            <ORINumber>147258369</ORINumber>
            <LastName>Collins</LastName>
            <FirstName>Sgt.</FirstName>
            <InternalID>5513</InternalID>
         </Officer>
      </IncidentOfficer>
      <IncidentOffense>
         <IncidentId>2207</IncidentId>
         <OffenseNumber>1</OffenseNumber>
         <OffenseStatusCode>00</OffenseStatusCode>
         <OffenseCode>35-43-1-1A</OffenseCode>
         <PlaceCode>37</PlaceCode>
         <BiasCode>88</BiasCode>
         <CSAUCode>C</CSAUCode>
         <SupplementSeq>0</SupplementSeq>
         <UCRNumber>1</UCRNumber>
         <OffenseStatusDate>02/20/2015 09:10:00</OffenseStatusDate>
         <Remarks>testy</Remarks>
         <AttemptedCompletedCode>C</AttemptedCompletedCode>
         <ArrestChargeCode>35-43-1-1A</ArrestChargeCode>
         <CreatorId>TEST_AGENCY_ADMIN</CreatorId>
         <CreatorDate>02/20/2015 09:10:49</CreatorDate>
         <UpdatorId>TSTC</UpdatorId>
         <UpdatorDate>07/13/2017 10:34:34</UpdatorDate>
      </IncidentOffense>
      <IncidentPerson>
         <ApproxAge>49</ApproxAge>
         <ResidentStatusCode>R</ResidentStatusCode>
         <CreatorId>42CIDSUP</CreatorId>
         <CreatorDate>02/20/2015 09:11:27</CreatorDate>
         <UpdatorId>TSTC</UpdatorId>
         <UpdatorDate>05/24/2023 12:41:21</UpdatorDate>
         <Person>
            <PersonId>81</PersonId>
            <RaceCode>W</RaceCode>
            <SexCode>M</SexCode>
            <PersonVerified>Y</PersonVerified>
            <PersonPrimaryName>
               <LastName>Anton</LastName>
               <FirstName>Paul</FirstName>
               <DOB>01/01/1966 00:00:00</DOB>
               <DateOfInfo>04/02/2012 09:38:28</DateOfInfo>
               <SLastName>A535</SLastName>
               <SFirstName>P400</SFirstName>
            </PersonPrimaryName>
            <Alias>
               <NameTypeCode>P</NameTypeCode>
               <LastName>Anton</LastName>
               <FirstName>Paul</FirstName>
               <DOB>01/01/1966 00:00:00</DOB>
               <SLastName>A535</SLastName>
               <SFirstName>P400</SFirstName>
               <DateOfInfo>04/02/2012 09:38:28</DateOfInfo>
            </Alias>
            <PersonAddress>
               <StreetNumber>6523</StreetNumber>
               <StreetName>Anystreet</StreetName>
               <City>Anytown</City>
               <StateCode>NJ</StateCode>
               <Zip5>45623</Zip5>
               <Zip4>123</Zip4>
               <CountryCode>US</CountryCode>
               <Longitude>-75</Longitude>
               <Latitude>40</Latitude>
               <Beat>104</Beat>
               <SubBeat>West Patrol</SubBeat>
            </PersonAddress>
            <PersonAddress>
               <StreetNumber>6523</StreetNumber>
               <StreetName>Anystreet</StreetName>
               <City>Anytown</City>
               <StateCode>NJ</StateCode>
               <Zip5>45623</Zip5>
               <Zip4>123</Zip4>
               <CountryCode>US</CountryCode>
               <Longitude>-75</Longitude>
               <Latitude>40</Latitude>
               <Beat>104</Beat>
               <SubBeat>West Patrol</SubBeat>
            </PersonAddress>
            <PersonAddress>
               <StreetNumber>6523</StreetNumber>
               <StreetName>Anystreet</StreetName>
               <City>Anytown</City>
               <StateCode>NJ</StateCode>
               <Zip5>45623</Zip5>
               <Zip4>123</Zip4>
               <CountryCode>US</CountryCode>
               <Longitude>-75</Longitude>
               <Latitude>40</Latitude>
               <Beat>104</Beat>
               <SubBeat>West Patrol</SubBeat>
            </PersonAddress>
            <PersonAddress>
               <StreetNumber>6523</StreetNumber>
               <StreetName>Anystreet</StreetName>
               <City>Anytown</City>
               <StateCode>NJ</StateCode>
               <Zip5>45623</Zip5>
               <Zip4>123</Zip4>
               <CountryCode>US</CountryCode>
               <Longitude>-75</Longitude>
               <Latitude>40</Latitude>
               <Beat>104</Beat>
               <SubBeat>West Patrol</SubBeat>
            </PersonAddress>
         </Person>
         <IncidentPersonRole>
            <RoleType>V</RoleType>
            <CreatorId>42CIDSUP</CreatorId>
            <CreatorDate>02/20/2015 09:11:27</CreatorDate>
            <UpdatorId>TSTC</UpdatorId>
            <UpdatorDate>08/15/2023 20:32:19</UpdatorDate>
         </IncidentPersonRole>
      </IncidentPerson>
      <IncidentVehicle>
         <VEHICLE_ID>207</VEHICLE_ID>
         <RoleCode>VI</RoleCode>
         <CreatorId>42CIDSUP</CreatorId>
         <CreatorDate>02/20/2015 09:12:21</CreatorDate>
         <UpdatorId>42CIDSUP</UpdatorId>
         <UpdatorDate>02/20/2015 09:12:21</UpdatorDate>
         <DateOfInfo>03/31/2015 22:50:20</DateOfInfo>
         <DateOfInfo>03/16/2015 13:51:00</DateOfInfo>
         <DateOfInfo>03/06/2014 00:00:00</DateOfInfo>
         <DateOfInfo>02/10/2015 12:23:21</DateOfInfo>
         <DateOfInfo>04/14/2017 17:10:17</DateOfInfo>
         <StatusCode>2</StatusCode>
         <VIN>665-667</VIN>
         <VehicleYear>2002</VehicleYear>
         <VehicleMakeCode>HOND</VehicleMakeCode>
         <VehicleModelCode>CIV</VehicleModelCode>
         <VehicleStyleCode>2T</VehicleStyleCode>
         <VehicleTypeCode>AT</VehicleTypeCode>
         <VehPriColorCode>WHI</VehPriColorCode>
         <VehPriColorCode>WHI</VehPriColorCode>
         <VehPriColorCode>WHI</VehPriColorCode>
         <VehPriColorCode>WHI</VehPriColorCode>
         <VehPriColorCode>WHI</VehPriColorCode>
         <VehSecColorCode>WHI</VehSecColorCode>
         <VehSecColorCode>WHI</VehSecColorCode>
         <VehSecColorCode>WHI</VehSecColorCode>
         <VehSecColorCode>WHI</VehSecColorCode>
         <VehSecColorCode>WHI</VehSecColorCode>
         <VehicleLicStateCode>CO</VehicleLicStateCode>
         <VehicleLicStateCode>CO</VehicleLicStateCode>
         <VehicleLicStateCode>CO</VehicleLicStateCode>
         <VehicleLicStateCode>CO</VehicleLicStateCode>
         <VehicleLicStateCode>CO</VehicleLicStateCode>
         <VehicleLicNumber>JOES-HONDA</VehicleLicNumber>
         <VehicleLicNumber>JOES-HONDA</VehicleLicNumber>
         <VehicleLicNumber>JOES-HONDA</VehicleLicNumber>
         <VehicleLicNumber>JOES-HONDA</VehicleLicNumber>
         <VehicleLicNumber>JOES-HONDA</VehicleLicNumber>
         <VehicleLicYear>2014</VehicleLicYear>
         <VehicleLicYear>2014</VehicleLicYear>
         <VehicleLicYear>2014</VehicleLicYear>
         <VehicleLicYear>2014</VehicleLicYear>
         <VehicleLicYear>2014</VehicleLicYear>
         <VehicleLicMonth>1</VehicleLicMonth>
         <VehicleLicMonth>1</VehicleLicMonth>
         <VehicleLicMonth>1</VehicleLicMonth>
         <VehicleLicMonth>1</VehicleLicMonth>
         <VehicleLicMonth>1</VehicleLicMonth>
         <VehicleValue>100000</VehicleValue>
      </IncidentVehicle>
   </IncidentSupplement>
</Incident>