<?xml version="1.0" encoding="UTF-8"?>
<Incident xmlns:xsi="http://www.w3.org/2001/XMLSchema-instance"
          xsi:noNamespaceSchemaLocation="file:///C:/DATA/EJS/SVN_Root/Ejustice/trunk/XMLTransformations/OnlineRMSInternalToIncident/IAOnlineRMSIncidentImport.xsd">
   <IncidentReportNum>2015ROOT0009</IncidentReportNum>
   <AgencyCode>D42</AgencyCode>
   <ORINum>SC0280000</ORINum>
   <ReportDate>01/08/2015 14:49:00</ReportDate>
   <ReportTime>01/08/2015 14:49:00</ReportTime>
   <StartDate>01/08/2015 14:49:00</StartDate>
   <StartTime>01/01/2015 14:49:00</StartTime>
   <Summary>adfasdfadf</Summary>
   <CreatorId>STATE_OFFICER11</CreatorId>
   <CreatorDate>01/08/2015 14:49:22</CreatorDate>
   <UpdatorId>TSTC</UpdatorId>
   <UpdatorDate>09/09/2021 18:46:35</UpdatorDate>
   <IncidentType>
      <IncidentTypeCode>CAD</IncidentTypeCode>
   </IncidentType>
   <IncidentAddress>
      <AddressId>242</AddressId>
      <CreatorId>STATE_OFFICER11</CreatorId>
      <CreatorDate>01/08/2015 14:49:35</CreatorDate>
      <UpdatorId>TSTC</UpdatorId>
      <UpdatorDate>01/08/2015 14:49:38</UpdatorDate>
      <Address>
         <AddressId>242</AddressId>
         <StreetNumber>615</StreetNumber>
         <StreetName>VAN RAALTE</StreetName>
         <StreetTypeCode>AVE</StreetTypeCode>
         <City>HOLLAND</City>
         <StateCode>MI</StateCode>
         <Zip5>49423</Zip5>
      </Address>
   </IncidentAddress>
   <IncidentSupplement>
      <SupplementSequence>0</SupplementSequence>
      <IncSupplementStatusCode>A</IncSupplementStatusCode>
      <SuppReportDate>01/08/2015 14:49:22</SuppReportDate>
      <SuppReportTime>01/08/2015 14:49:22</SuppReportTime>
      <AgencyOnly>N</AgencyOnly>
      <SecurityLevel>1201</SecurityLevel>
      <SuppAgencyCode>D42</SuppAgencyCode>
      <UnknownNoOffenders>N</UnknownNoOffenders>
      <DsIcrDate>01/08/2015 14:50:20</DsIcrDate>
      <DsIcrSubmissionStatus>NOT REPORTABLE</DsIcrSubmissionStatus>
      <CreatorId>MATT.WATSON@INTERACT911.COM</CreatorId>
      <CreatorDate>01/08/2015 14:49:22</CreatorDate>
      <UpdatorId>TSTC</UpdatorId>
      <UpdatorDate>08/05/2021 17:38:23</UpdatorDate>
      <IncidentSuppNarrative>
         <NarrativeNumber>1</NarrativeNumber>
         <NarrativeTitle>Original Narrative</NarrativeTitle>
         <NarrativeText>&amp;nbsp;asdfasdfaf</NarrativeText>
         <CreatorId>STATE_OFFICER11</CreatorId>
         <CreatorDate>01/08/2015 14:49:47</CreatorDate>
         <UpdatorId>STATE_OFFICER11</UpdatorId>
         <UpdatorDate>01/08/2015 14:49:47</UpdatorDate>
      </IncidentSuppNarrative>
      <IncidentOfficer>
         <OfficerRoleCode>P</OfficerRoleCode>
         <Officer>
            <AgencyCode>D42</AgencyCode>
            <ORINumber>SC0280000</ORINumber>
            <LastName>Ranz</LastName>
            <FirstName>Greg</FirstName>
            <InternalID>9696</InternalID>
         </Officer>
      </IncidentOfficer>
      <IncidentOfficer>
         <OfficerRoleCode>R</OfficerRoleCode>
         <Officer>
            <AgencyCode>D42</AgencyCode>
            <ORINumber>SC0280000</ORINumber>
            <LastName>Ranz</LastName>
            <FirstName>Greg</FirstName>
            <InternalID>9696</InternalID>
         </Officer>
      </IncidentOfficer>
   </IncidentSupplement>
</Incident>