<?xml version="1.0" encoding="UTF-8"?>
<Incident xmlns:xsi="http://www.w3.org/2001/XMLSchema-instance"
          xsi:noNamespaceSchemaLocation="file:///C:/DATA/EJS/SVN_Root/Ejustice/trunk/XMLTransformations/OnlineRMSInternalToIncident/IAOnlineRMSIncidentImport.xsd">
   <IncidentReportNum>2015ROOT0229</IncidentReportNum>
   <AgencyCode>D42</AgencyCode>
   <ORINum>SC0280000</ORINum>
   <ReportDate>12/22/2015 08:49:00</ReportDate>
   <ReportTime>12/22/2015 08:49:00</ReportTime>
   <StartDate>12/22/2015 08:49:00</StartDate>
   <StartTime>12/01/2015 08:49:00</StartTime>
   <Summary>ffff</Summary>
   <CreatorId>STATE_OFFICER11</CreatorId>
   <CreatorDate>12/22/2015 08:49:49</CreatorDate>
   <UpdatorId>TSTC</UpdatorId>
   <UpdatorDate>09/09/2021 18:46:37</UpdatorDate>
   <IncidentType>
      <IncidentTypeCode>AIR</IncidentTypeCode>
   </IncidentType>
   <IncidentAddress>
      <AddressId>521</AddressId>
      <City>19</City>
      <CreatorId>STATE_OFFICER11</CreatorId>
      <CreatorDate>12/22/2015 08:50:25</CreatorDate>
      <UpdatorId>TSTC</UpdatorId>
      <UpdatorDate>12/22/2015 08:50:34</UpdatorDate>
      <Address>
         <AddressId>521</AddressId>
         <StreetNumber>844</StreetNumber>
         <StreetDirCode>E</StreetDirCode>
         <StreetName>PERRY</StreetName>
         <StreetTypeCode>ST</StreetTypeCode>
         <City>VERSAILLES</City>
         <StateCode>IN</StateCode>
         <CountryCode>US</CountryCode>
         <Longitude>-86.24052350299546</Longitude>
         <Latitude>39.72028917311157</Latitude>
         <AddressCommonName>
            <CommonPlaceName>Dead strip</CommonPlaceName>
         </AddressCommonName>
      </Address>
   </IncidentAddress>
   <IncidentSupplement>
      <SupplementSequence>0</SupplementSequence>
      <IncSupplementStatusCode>A</IncSupplementStatusCode>
      <SuppReportDate>12/22/2015 08:49:49</SuppReportDate>
      <SuppReportTime>12/22/2015 08:49:49</SuppReportTime>
      <AgencyOnly>N</AgencyOnly>
      <SecurityLevel>1201</SecurityLevel>
      <SuppAgencyCode>D42</SuppAgencyCode>
      <UnknownNoOffenders>N</UnknownNoOffenders>
      <DsIcrDate>12/23/2015 23:28:47</DsIcrDate>
      <DsIcrSubmissionStatus>NOT REPORTABLE</DsIcrSubmissionStatus>
      <CreatorId>STATE_OFFICER11</CreatorId>
      <CreatorDate>12/22/2015 08:49:49</CreatorDate>
      <UpdatorId>TSTC</UpdatorId>
      <UpdatorDate>08/05/2021 17:38:24</UpdatorDate>
      <IncidentSuppNarrative>
         <NarrativeNumber>1</NarrativeNumber>
         <NarrativeTitle>Original Narrative</NarrativeTitle>
         <NarrativeText>&amp;nbsp;adfadfasdf</NarrativeText>
         <CreatorId>STATE_OFFICER11</CreatorId>
         <CreatorDate>12/23/2015 23:28:15</CreatorDate>
         <UpdatorId>STATE_OFFICER11</UpdatorId>
         <UpdatorDate>12/23/2015 23:28:15</UpdatorDate>
      </IncidentSuppNarrative>
      <IncidentOfficer>
         <OfficerRoleCode>P</OfficerRoleCode>
         <Officer>
            <AgencyCode>D42</AgencyCode>
            <ORINumber>SC0280000</ORINumber>
            <LastName>Ranz</LastName>
            <FirstName>Greg</FirstName>
            <InternalID>9696</InternalID>
         </Officer>
      </IncidentOfficer>
      <IncidentOfficer>
         <OfficerRoleCode>R</OfficerRoleCode>
         <Officer>
            <AgencyCode>D42</AgencyCode>
            <ORINumber>SC0280000</ORINumber>
            <LastName>Ranz</LastName>
            <FirstName>Greg</FirstName>
            <InternalID>9696</InternalID>
         </Officer>
      </IncidentOfficer>
      <IncidentOffense>
         <IncidentId>2423</IncidentId>
         <OffenseNumber>1</OffenseNumber>
         <OffenseStatusCode>00</OffenseStatusCode>
         <OffenseCode>16-42-19-16</OffenseCode>
         <PlaceCode>40</PlaceCode>
         <BiasCode>88</BiasCode>
         <CSAUCode>C</CSAUCode>
         <SupplementSeq>0</SupplementSeq>
         <UCRNumber>1</UCRNumber>
         <OffenseStatusDate>12/22/2015 08:49:00</OffenseStatusDate>
         <AttemptedCompletedCode>C</AttemptedCompletedCode>
         <CreatorId>STATE_OFFICER11</CreatorId>
         <CreatorDate>12/22/2015 08:51:02</CreatorDate>
         <UpdatorId>STATE_OFFICER11</UpdatorId>
         <UpdatorDate>12/22/2015 08:51:02</UpdatorDate>
      </IncidentOffense>
      <IncidentPerson>
         <ApproxAge>45</ApproxAge>
         <ResidentStatusCode>R</ResidentStatusCode>
         <CreatorId>STATE_OFFICER11</CreatorId>
         <CreatorDate>12/22/2015 08:51:56</CreatorDate>
         <UpdatorId>TSTC</UpdatorId>
         <UpdatorDate>05/24/2023 12:41:24</UpdatorDate>
         <Person>
            <PersonId>672</PersonId>
            <RaceCode>W</RaceCode>
            <SexCode>M</SexCode>
            <EthnicityCode>U</EthnicityCode>
            <PersonVerified>Y</PersonVerified>
            <PersonPrimaryName>
               <LastName>Frosty</LastName>
               <FirstName>Jack</FirstName>
               <MiddleName>Allen</MiddleName>
               <DOB>12/01/1970 00:00:00</DOB>
               <SSN>9.99999999E8</SSN>
               <TitleCode>JR</TitleCode>
               <DateOfInfo>12/18/2014 13:00:28</DateOfInfo>
               <SLastName>F623</SLastName>
               <SFirstName>J200</SFirstName>
            </PersonPrimaryName>
            <Alias>
               <NameTypeCode>P</NameTypeCode>
               <LastName>Frosty</LastName>
               <FirstName>Jack</FirstName>
               <MiddleName>Allen</MiddleName>
               <DOB>12/01/1970 00:00:00</DOB>
               <SSN>9.99999999E8</SSN>
               <TitleCode>JR</TitleCode>
               <SLastName>F623</SLastName>
               <SFirstName>J200</SFirstName>
               <DateOfInfo>12/18/2014 13:00:28</DateOfInfo>
            </Alias>
            <PersonAddress>
               <StreetNumber>86</StreetNumber>
               <StreetDirCode>NE</StreetDirCode>
               <StreetName>ASHWOOD</StreetName>
               <StreetTypeCode>LN</StreetTypeCode>
               <StreetSuffixCode>N</StreetSuffixCode>
               <City>DILLON</City>
               <CountryCode>US</CountryCode>
               <Beat>Test</Beat>
               <SubBeat>Area</SubBeat>
            </PersonAddress>
         </Person>
         <IncidentPersonRole>
            <RoleType>V</RoleType>
            <CreatorId>STATE_OFFICER11</CreatorId>
            <CreatorDate>12/22/2015 08:51:56</CreatorDate>
            <UpdatorId>TSTC</UpdatorId>
            <UpdatorDate>08/15/2023 20:32:23</UpdatorDate>
         </IncidentPersonRole>
      </IncidentPerson>
      <IncidentPerson>
         <ApproxAge>56</ApproxAge>
         <ResidentStatusCode>R</ResidentStatusCode>
         <CreatorId>STATE_OFFICER11</CreatorId>
         <CreatorDate>12/22/2015 08:52:53</CreatorDate>
         <UpdatorId>TSTC</UpdatorId>
         <UpdatorDate>05/24/2023 12:41:24</UpdatorDate>
         <Person>
            <PersonId>60</PersonId>
            <RaceCode>H</RaceCode>
            <SexCode>M</SexCode>
            <EthnicityCode>U</EthnicityCode>
            <PersonVerified>Y</PersonVerified>
            <PersonPrimaryName>
               <LastName>Test</LastName>
               <FirstName>Jail</FirstName>
               <MiddleName>Arrest</MiddleName>
               <DOB>03/03/1959 00:00:00</DOB>
               <DateOfInfo>03/22/2012 10:26:04</DateOfInfo>
               <SLastName>T230</SLastName>
               <SFirstName>J400</SFirstName>
            </PersonPrimaryName>
            <Alias>
               <NameTypeCode>P</NameTypeCode>
               <LastName>Test</LastName>
               <FirstName>Jail</FirstName>
               <MiddleName>Arrest</MiddleName>
               <DOB>03/03/1959 00:00:00</DOB>
               <SLastName>T230</SLastName>
               <SFirstName>J400</SFirstName>
               <DateOfInfo>03/22/2012 10:26:04</DateOfInfo>
            </Alias>
         </Person>
         <IncidentPersonRole>
            <RoleType>S</RoleType>
            <CreatorId>STATE_OFFICER11</CreatorId>
            <CreatorDate>12/22/2015 08:52:53</CreatorDate>
            <UpdatorId>TSTC</UpdatorId>
            <UpdatorDate>08/15/2023 20:32:23</UpdatorDate>
         </IncidentPersonRole>
      </IncidentPerson>
      <IncidentBusiness>
         <BusinessNumber>9</BusinessNumber>
         <BusinessName>Via Rail</BusinessName>
         <IncBusinessRoleCode>C</IncBusinessRoleCode>
         <CreatorId>STATE_OFFICER11</CreatorId>
         <CreatorDate>12/23/2015 14:34:30</CreatorDate>
         <UpdatorId>STATE_OFFICER11</UpdatorId>
         <UpdatorDate>12/23/2015 14:34:30</UpdatorDate>
      </IncidentBusiness>
      <IncidentBusiness>
         <BusinessNumber>240000021</BusinessNumber>
         <BusinessName>NetDevil</BusinessName>
         <IncBusinessRoleCode>V</IncBusinessRoleCode>
         <CreatorId>STATE_OFFICER11</CreatorId>
         <CreatorDate>12/23/2015 14:30:33</CreatorDate>
         <UpdatorId>STATE_OFFICER11</UpdatorId>
         <UpdatorDate>12/23/2015 14:30:33</UpdatorDate>
         <BusinessAddress>
            <AddressId>485</AddressId>
            <StreetNumber>400</StreetNumber>
            <StreetDirCode>S</StreetDirCode>
            <StreetName>Cottage</StreetName>
            <StreetTypeCode>AVE</StreetTypeCode>
            <StreetSuffixCode>NE</StreetSuffixCode>
            <SubTypeCode>BLDG</SubTypeCode>
            <SubNumber>36</SubNumber>
            <City>Miles City</City>
            <StateCode>MT</StateCode>
            <Zip5>59301</Zip5>
            <Zip4>1231</Zip4>
            <CountryCode>US</CountryCode>
            <Longitude>-105.839552</Longitude>
            <Latitude>46.404496</Latitude>
            <AddressCommonName>
               <CommonPlaceName>Health Center</CommonPlaceName>
            </AddressCommonName>
         </BusinessAddress>
      </IncidentBusiness>
      <IncidentProperty>
         <CreatorId>STATE_OFFICER11</CreatorId>
         <CreatorDate>12/23/2015 23:28:04</CreatorDate>
         <UpdatorId>STATE_OFFICER11</UpdatorId>
         <UpdatorDate>09/13/2017 11:46:46</UpdatorDate>
         <DateOfInfo>12/23/2015 00:00:00</DateOfInfo>
         <StatusCode>16</StatusCode>
         <DocumentTypeCode>P</DocumentTypeCode>
         <Description>testing the description</Description>
         <PropertyTypeCode>440</PropertyTypeCode>
         <PropertyValue>100</PropertyValue>
         <Value>100</Value>
         <SerialNumber>123123</SerialNumber>
         <Evidence>Y</Evidence>
         <EvidenceFlag>Y</EvidenceFlag>
         <ExternalEvidenceId>642</ExternalEvidenceId>
         <Property_ID>1449</Property_ID>
         <PrimaryColor>BGE</PrimaryColor>
         <SecondaryColor>BLK</SecondaryColor>
         <Make>Kenmore</Make>
         <Model>Elite</Model>
         <Quantity>2</Quantity>
      </IncidentProperty>
   </IncidentSupplement>
</Incident>