<?xml version="1.0" encoding="UTF-8"?>
<Incident xmlns:xsi="http://www.w3.org/2001/XMLSchema-instance"
          xsi:noNamespaceSchemaLocation="file:///C:/DATA/EJS/SVN_Root/Ejustice/trunk/XMLTransformations/OnlineRMSInternalToIncident/IAOnlineRMSIncidentImport.xsd">
   <IncidentReportNum>2015ROOT0182</IncidentReportNum>
   <AgencyCode>D42</AgencyCode>
   <ORINum>SC0280000</ORINum>
   <ReportDate>09/03/2015 15:30:00</ReportDate>
   <ReportTime>09/03/2015 15:30:00</ReportTime>
   <StartDate>09/03/2015 15:30:00</StartDate>
   <StartTime>09/01/2015 15:30:00</StartTime>
   <CreatorId>STATE_OFFICER11</CreatorId>
   <CreatorDate>09/03/2015 15:28:06</CreatorDate>
   <UpdatorId>TSTC</UpdatorId>
   <UpdatorDate>09/09/2021 18:46:37</UpdatorDate>
   <IncidentType>
      <IncidentTypeCode>CAB</IncidentTypeCode>
   </IncidentType>
   <IncidentAddress>
      <AddressId>257</AddressId>
      <City>16</City>
      <CreatorId>STATE_OFFICER11</CreatorId>
      <CreatorDate>09/03/2015 15:29:17</CreatorDate>
      <UpdatorId>TSTC</UpdatorId>
      <UpdatorDate>09/03/2015 15:30:04</UpdatorDate>
      <Address>
         <AddressId>257</AddressId>
         <StreetNumber>2010</StreetNumber>
         <StreetDirCode>N</StreetDirCode>
         <StreetName>BISSELL</StreetName>
         <StreetTypeCode>ST</StreetTypeCode>
         <StreetSuffixCode>E</StreetSuffixCode>
         <SubTypeCode>APT</SubTypeCode>
         <SubNumber>3</SubNumber>
         <City>CHICAGO</City>
         <StateCode>IL</StateCode>
         <Zip5>60614</Zip5>
         <CountryCode>AO</CountryCode>
         <CrossStreetNumber>2</CrossStreetNumber>
         <CrossStreetDirCode>N</CrossStreetDirCode>
         <CrossStreetTypeCode>BGS</CrossStreetTypeCode>
         <CrossStreetSuffixCode>E</CrossStreetSuffixCode>
         <Distance>22</Distance>
         <DistanceUnits>M</DistanceUnits>
         <Longitude>123</Longitude>
         <Latitude>22</Latitude>
         <AddressCommonName>
            <CommonPlaceName>Health Center</CommonPlaceName>
         </AddressCommonName>
      </Address>
   </IncidentAddress>
   <IncidentSupplement>
      <SupplementSequence>0</SupplementSequence>
      <IncSupplementStatusCode>A</IncSupplementStatusCode>
      <SuppReportDate>09/03/2015 15:28:06</SuppReportDate>
      <SuppReportTime>09/03/2015 15:28:06</SuppReportTime>
      <AgencyOnly>N</AgencyOnly>
      <SecurityLevel>1201</SecurityLevel>
      <SuppAgencyCode>D42</SuppAgencyCode>
      <UnknownNoOffenders>N</UnknownNoOffenders>
      <DsIcrDate>09/03/2015 15:33:36</DsIcrDate>
      <DsIcrSubmissionStatus>SENT WAITING FOR RESPONSE</DsIcrSubmissionStatus>
      <CreatorId>STATE_OFFICER11</CreatorId>
      <CreatorDate>09/03/2015 15:28:06</CreatorDate>
      <UpdatorId>TSTC</UpdatorId>
      <UpdatorDate>08/05/2021 17:38:25</UpdatorDate>
      <IncidentSuppNarrative>
         <NarrativeNumber>1</NarrativeNumber>
         <NarrativeTitle>Original Narrative</NarrativeTitle>
         <NarrativeText>&amp;nbsp;aeadfasdfa</NarrativeText>
         <CreatorId>STATE_OFFICER11</CreatorId>
         <CreatorDate>09/03/2015 15:33:10</CreatorDate>
         <UpdatorId>STATE_OFFICER11</UpdatorId>
         <UpdatorDate>09/03/2015 15:33:10</UpdatorDate>
      </IncidentSuppNarrative>
      <IncidentOfficer>
         <OfficerRoleCode>P</OfficerRoleCode>
         <Officer>
            <AgencyCode>D42</AgencyCode>
            <ORINumber>SC0280000</ORINumber>
            <LastName>Ranz</LastName>
            <FirstName>Greg</FirstName>
            <InternalID>9696</InternalID>
         </Officer>
      </IncidentOfficer>
      <IncidentOfficer>
         <OfficerRoleCode>R</OfficerRoleCode>
         <Officer>
            <AgencyCode>D42</AgencyCode>
            <ORINumber>SC0280000</ORINumber>
            <LastName>Ranz</LastName>
            <FirstName>Greg</FirstName>
            <InternalID>9696</InternalID>
         </Officer>
      </IncidentOfficer>
      <IncidentOffense>
         <IncidentId>2367</IncidentId>
         <OffenseNumber>1</OffenseNumber>
         <OffenseStatusCode>00</OffenseStatusCode>
         <OffenseCode>35-43-1-1</OffenseCode>
         <PlaceCode>57</PlaceCode>
         <BiasCode>88</BiasCode>
         <CSAUCode>A</CSAUCode>
         <SupplementSeq>0</SupplementSeq>
         <UCRNumber>1</UCRNumber>
         <OffenseStatusDate>09/03/2015 15:30:00</OffenseStatusDate>
         <AttemptedCompletedCode>A</AttemptedCompletedCode>
         <ArrestChargeCode>35-43-1-1</ArrestChargeCode>
         <CreatorId>STATE_OFFICER11</CreatorId>
         <CreatorDate>09/03/2015 15:31:03</CreatorDate>
         <UpdatorId>STATE_OFFICER11</UpdatorId>
         <UpdatorDate>09/03/2015 15:31:03</UpdatorDate>
      </IncidentOffense>
      <IncidentPerson>
         <ApproxAge>58</ApproxAge>
         <CreatorId>STATE_OFFICER11</CreatorId>
         <CreatorDate>09/03/2015 15:31:56</CreatorDate>
         <UpdatorId>TSTC</UpdatorId>
         <UpdatorDate>05/24/2023 12:41:21</UpdatorDate>
         <Person>
            <PersonId>42</PersonId>
            <RaceCode>W</RaceCode>
            <SexCode>M</SexCode>
            <EthnicityCode>H</EthnicityCode>
            <PersonVerified>Y</PersonVerified>
            <PersonPrimaryName>
               <LastName>Smith</LastName>
               <FirstName>Billy</FirstName>
               <MiddleName>3/16/12</MiddleName>
               <DOB>09/08/1956 00:00:00</DOB>
               <SSN>1.23456789E8</SSN>
               <DateOfInfo>03/16/2012 08:39:07</DateOfInfo>
               <SLastName>S530</SLastName>
               <SFirstName>B400</SFirstName>
            </PersonPrimaryName>
            <PersonPrimaryName>
               <FirstName>SmithNWesson</FirstName>
               <DateOfInfo>03/01/2017 00:00:00</DateOfInfo>
               <SFirstName>S535</SFirstName>
            </PersonPrimaryName>
            <Alias>
               <NameTypeCode>P</NameTypeCode>
               <LastName>Smith</LastName>
               <FirstName>Billy</FirstName>
               <MiddleName>3/16/12</MiddleName>
               <DOB>09/08/1956 00:00:00</DOB>
               <SSN>1.23456789E8</SSN>
               <SLastName>S530</SLastName>
               <SFirstName>B400</SFirstName>
               <DateOfInfo>03/16/2012 08:39:07</DateOfInfo>
            </Alias>
            <Alias>
               <NameTypeCode>N</NameTypeCode>
               <FirstName>SmithNWesson</FirstName>
               <SFirstName>S535</SFirstName>
               <DateOfInfo>03/01/2017 00:00:00</DateOfInfo>
            </Alias>
            <PersonAddress>
               <StreetNumber>654</StreetNumber>
               <StreetDirCode>E</StreetDirCode>
               <StreetName>PERRY</StreetName>
               <StreetTypeCode>ST</StreetTypeCode>
               <StreetSuffixCode>BLK</StreetSuffixCode>
               <SubTypeCode>APT</SubTypeCode>
               <SubNumber>13A</SubNumber>
               <City>VERSAILLES</City>
               <StateCode>IN</StateCode>
               <Zip5>58965</Zip5>
               <CountryCode>US</CountryCode>
               <CountyCode>1</CountyCode>
               <Longitude>-85.2455</Longitude>
               <Latitude>39.0693238</Latitude>
               <Beat>Test</Beat>
               <SubBeat>Area</SubBeat>
            </PersonAddress>
            <PersonPhone>
               <PhoneTypeCode>RES</PhoneTypeCode>
               <PhoneArea>333</PhoneArea>
               <PhonePrefix>333</PhonePrefix>
               <PhoneSuffix>3333</PhoneSuffix>
               <DateOfInfo>03/17/2017 00:00:00</DateOfInfo>
            </PersonPhone>
         </Person>
         <IncidentPersonRole>
            <RoleType>S</RoleType>
            <CreatorId>STATE_OFFICER11</CreatorId>
            <CreatorDate>09/03/2015 15:31:56</CreatorDate>
            <UpdatorId>TSTC</UpdatorId>
            <UpdatorDate>08/15/2023 20:32:23</UpdatorDate>
         </IncidentPersonRole>
      </IncidentPerson>
      <IncidentPerson>
         <ApproxAge>02</ApproxAge>
         <ResidentStatusCode>C</ResidentStatusCode>
         <CreatorId>STATE_OFFICER11</CreatorId>
         <CreatorDate>09/03/2015 15:32:42</CreatorDate>
         <UpdatorId>TSTC</UpdatorId>
         <UpdatorDate>05/24/2023 12:41:21</UpdatorDate>
         <Person>
            <PersonId>727</PersonId>
            <RaceCode>W</RaceCode>
            <SexCode>M</SexCode>
            <PersonVerified>Y</PersonVerified>
            <PersonPrimaryName>
               <LastName>Test</LastName>
               <FirstName>Test</FirstName>
               <MiddleName>Test</MiddleName>
               <DOB>08/01/2013 00:00:00</DOB>
               <DateOfInfo>08/05/2015 23:55:32</DateOfInfo>
               <SLastName>T230</SLastName>
               <SFirstName>T230</SFirstName>
            </PersonPrimaryName>
            <Alias>
               <NameTypeCode>A</NameTypeCode>
               <LastName>Test</LastName>
               <FirstName>Test</FirstName>
               <MiddleName>Test</MiddleName>
               <DOB>08/01/2013 00:00:00</DOB>
               <SLastName>T230</SLastName>
               <SFirstName>T230</SFirstName>
               <DateOfInfo>08/05/2015 23:55:32</DateOfInfo>
            </Alias>
         </Person>
         <IncidentPersonRole>
            <RoleType>V</RoleType>
            <CreatorId>STATE_OFFICER11</CreatorId>
            <CreatorDate>09/03/2015 15:32:42</CreatorDate>
            <UpdatorId>TSTC</UpdatorId>
            <UpdatorDate>08/15/2023 20:32:22</UpdatorDate>
         </IncidentPersonRole>
      </IncidentPerson>
      <IncidentProperty>
         <RoleCode>1</RoleCode>
         <CreatorId>STATE_OFFICER11</CreatorId>
         <CreatorDate>09/03/2015 15:33:00</CreatorDate>
         <UpdatorId>TSTC</UpdatorId>
         <UpdatorDate>08/10/2017 23:00:46</UpdatorDate>
         <StatusCode>1</StatusCode>
         <Evidence>N</Evidence>
         <EvidenceFlag>N</EvidenceFlag>
      </IncidentProperty>
   </IncidentSupplement>
</Incident>