<?xml version="1.0" encoding="UTF-8"?>
<Incident xmlns:xsi="http://www.w3.org/2001/XMLSchema-instance"
          xsi:noNamespaceSchemaLocation="file:///C:/DATA/EJS/SVN_Root/Ejustice/trunk/XMLTransformations/OnlineRMSInternalToIncident/IAOnlineRMSIncidentImport.xsd">
   <IncidentReportNum>2016D4210033</IncidentReportNum>
   <AgencyCode>D42</AgencyCode>
   <ORINum>SC0280000</ORINum>
   <ReportDate>04/29/2016 14:14:00</ReportDate>
   <ReportTime>04/29/2016 14:14:00</ReportTime>
   <StartDate>04/29/2016 14:14:00</StartDate>
   <StartTime>05/01/2016 14:14:00</StartTime>
   <Summary>impound test</Summary>
   <CreatorId>STATE_OFFICER11</CreatorId>
   <CreatorDate>04/29/2016 14:14:22</CreatorDate>
   <UpdatorId>TSTC</UpdatorId>
   <UpdatorDate>09/09/2021 18:46:38</UpdatorDate>
   <IncidentType>
      <IncidentTypeCode>CTP</IncidentTypeCode>
   </IncidentType>
   <IncidentAddress>
      <AddressId>541</AddressId>
      <City>10</City>
      <CreatorId>STATE_OFFICER11</CreatorId>
      <CreatorDate>04/29/2016 14:18:15</CreatorDate>
      <UpdatorId>TSTC</UpdatorId>
      <UpdatorDate>05/02/2016 12:28:52</UpdatorDate>
      <Address>
         <AddressId>541</AddressId>
         <StreetNumber>3705</StreetNumber>
         <StreetName>FRANKLIN</StreetName>
         <StreetTypeCode>ST</StreetTypeCode>
         <City>ANDERSON</City>
         <StateCode>IN</StateCode>
         <CountryCode>US</CountryCode>
         <AddressCommonName>
            <CommonPlaceName>Dead strip</CommonPlaceName>
         </AddressCommonName>
      </Address>
   </IncidentAddress>
   <IncidentSupplement>
      <SupplementSequence>0</SupplementSequence>
      <IncSupplementStatusCode>A</IncSupplementStatusCode>
      <SuppReportDate>04/29/2016 14:14:22</SuppReportDate>
      <SuppReportTime>04/29/2016 14:14:22</SuppReportTime>
      <AgencyOnly>N</AgencyOnly>
      <SecurityLevel>1201</SecurityLevel>
      <SuppAgencyCode>D42</SuppAgencyCode>
      <UnknownNoOffenders>N</UnknownNoOffenders>
      <DsIcrDate>05/11/2017 12:40:36</DsIcrDate>
      <DsIcrSubmissionStatus>NOT REPORTABLE</DsIcrSubmissionStatus>
      <CreatorId>STATE_OFFICER11</CreatorId>
      <CreatorDate>04/29/2016 14:14:22</CreatorDate>
      <UpdatorId>TSTC</UpdatorId>
      <UpdatorDate>08/05/2021 17:38:25</UpdatorDate>
      <IncidentSuppNarrative>
         <NarrativeNumber>1</NarrativeNumber>
         <NarrativeTitle>Original Narrative</NarrativeTitle>
         <NarrativeText>asdfasdf</NarrativeText>
         <CreatorId>STATE_OFFICER11</CreatorId>
         <CreatorDate>05/02/2016 12:33:54</CreatorDate>
         <UpdatorId>STATE_OFFICER11</UpdatorId>
         <UpdatorDate>05/02/2016 12:33:54</UpdatorDate>
      </IncidentSuppNarrative>
      <IncidentSuppNarrative>
         <NarrativeNumber>2</NarrativeNumber>
         <NarrativeTitle>Original Narrative</NarrativeTitle>
         <NarrativeText>sdadsfg</NarrativeText>
         <CreatorId>STATE_OFFICER11</CreatorId>
         <CreatorDate>09/09/2016 10:27:29</CreatorDate>
         <UpdatorId>STATE_OFFICER11</UpdatorId>
         <UpdatorDate>09/09/2016 10:27:29</UpdatorDate>
      </IncidentSuppNarrative>
      <IncidentOfficer>
         <OfficerRoleCode>P</OfficerRoleCode>
         <Officer>
            <AgencyCode>D42</AgencyCode>
            <ORINumber>SC0280000</ORINumber>
            <LastName>Ranz</LastName>
            <FirstName>Greg</FirstName>
            <InternalID>9696</InternalID>
         </Officer>
      </IncidentOfficer>
      <IncidentOfficer>
         <OfficerRoleCode>R</OfficerRoleCode>
         <Officer>
            <AgencyCode>D42</AgencyCode>
            <ORINumber>SC0280000</ORINumber>
            <LastName>Ranz</LastName>
            <FirstName>Greg</FirstName>
            <InternalID>9696</InternalID>
         </Officer>
      </IncidentOfficer>
      <IncidentOfficer>
         <OfficerRoleCode>X</OfficerRoleCode>
         <Officer>
            <AgencyCode>D42</AgencyCode>
            <ORINumber>SC0280000</ORINumber>
            <LastName>Ranz</LastName>
            <FirstName>Greg</FirstName>
            <InternalID>9696</InternalID>
         </Officer>
      </IncidentOfficer>
      <IncidentOffense>
         <IncidentId>2487</IncidentId>
         <OffenseNumber>1</OffenseNumber>
         <OffenseStatusCode>00</OffenseStatusCode>
         <OffenseCode>35-43-2-2  C01</OffenseCode>
         <PlaceCode>56</PlaceCode>
         <BiasCode>88</BiasCode>
         <CSAUCode>C</CSAUCode>
         <SupplementSeq>0</SupplementSeq>
         <UCRNumber>1</UCRNumber>
         <OffenseStatusDate>04/29/2016 14:14:00</OffenseStatusDate>
         <Remarks>dsf</Remarks>
         <AttemptedCompletedCode>C</AttemptedCompletedCode>
         <ArrestChargeCode>35-43-2-2  C01</ArrestChargeCode>
         <CreatorId>STATE_OFFICER11</CreatorId>
         <CreatorDate>09/09/2016 09:38:50</CreatorDate>
         <UpdatorId>STATE_OFFICER11</UpdatorId>
         <UpdatorDate>09/09/2016 09:38:50</UpdatorDate>
      </IncidentOffense>
      <IncidentPerson>
         <ApproxAge>24</ApproxAge>
         <CreatorId>STATE_OFFICER11</CreatorId>
         <CreatorDate>09/09/2016 09:40:33</CreatorDate>
         <UpdatorId>TSTC</UpdatorId>
         <UpdatorDate>05/24/2023 12:41:23</UpdatorDate>
         <Person>
            <PersonId>837</PersonId>
            <RaceCode>A</RaceCode>
            <SexCode>M</SexCode>
            <EthnicityCode>U</EthnicityCode>
            <PersonVerified>Y</PersonVerified>
            <PersonPrimaryName>
               <DateOfInfo>09/09/2016 09:40:05</DateOfInfo>
            </PersonPrimaryName>
            <Alias>
               <NameTypeCode>P</NameTypeCode>
               <DateOfInfo>09/09/2016 09:40:05</DateOfInfo>
            </Alias>
         </Person>
         <IncidentPersonRole>
            <RoleType>S</RoleType>
            <CreatorId>STATE_OFFICER11</CreatorId>
            <CreatorDate>09/09/2016 09:40:34</CreatorDate>
            <UpdatorId>TSTC</UpdatorId>
            <UpdatorDate>08/15/2023 20:32:23</UpdatorDate>
         </IncidentPersonRole>
      </IncidentPerson>
      <IncidentPerson>
         <ApproxAge>00</ApproxAge>
         <CreatorId>STATE_OFFICER11</CreatorId>
         <CreatorDate>09/09/2016 09:41:16</CreatorDate>
         <UpdatorId>TSTC</UpdatorId>
         <UpdatorDate>05/24/2023 12:41:22</UpdatorDate>
         <Person>
            <PersonId>839</PersonId>
            <RaceCode>U</RaceCode>
            <SexCode>F</SexCode>
            <EthnicityCode>U</EthnicityCode>
            <PersonVerified>Y</PersonVerified>
            <PersonPrimaryName>
               <DateOfInfo>09/09/2016 09:41:16</DateOfInfo>
            </PersonPrimaryName>
            <Alias>
               <NameTypeCode>P</NameTypeCode>
               <DateOfInfo>09/09/2016 09:41:16</DateOfInfo>
            </Alias>
         </Person>
         <IncidentPersonRole>
            <RoleType>S</RoleType>
            <CreatorId>STATE_OFFICER11</CreatorId>
            <CreatorDate>09/09/2016 09:41:16</CreatorDate>
            <UpdatorId>TSTC</UpdatorId>
            <UpdatorDate>08/15/2023 20:32:22</UpdatorDate>
         </IncidentPersonRole>
      </IncidentPerson>
      <IncidentBusiness>
         <BusinessNumber>240000001</BusinessNumber>
         <BusinessName>SOCIETY</BusinessName>
         <IncBusinessRoleCode>V</IncBusinessRoleCode>
         <CreatorId>C_ADMIN</CreatorId>
         <CreatorDate>09/09/2016 09:39:22</CreatorDate>
         <UpdatorId>C_ADMIN</UpdatorId>
         <UpdatorDate>09/09/2016 09:39:22</UpdatorDate>
      </IncidentBusiness>
      <IncidentVehicle>
         <VEHICLE_ID>62</VEHICLE_ID>
         <RoleCode>VI</RoleCode>
         <CreatorId>GREG.RANZ@INTERACT911.COM</CreatorId>
         <CreatorDate>04/29/2016 14:20:01</CreatorDate>
         <UpdatorId>TSTC</UpdatorId>
         <UpdatorDate>07/12/2017 13:33:58</UpdatorDate>
         <DateOfInfo>09/13/2012 09:41:30</DateOfInfo>
         <DateOfInfo>11/23/2015 11:42:21</DateOfInfo>
         <StatusCode>1</StatusCode>
         <VIN>ER54TY65WE98</VIN>
         <VehicleYear>2012</VehicleYear>
         <VehicleMakeCode>MERC</VehicleMakeCode>
      </IncidentVehicle>
      <IncidentVehicle>
         <VEHICLE_ID>222</VEHICLE_ID>
         <RoleCode>VI</RoleCode>
         <CreatorId>JBRAVO</CreatorId>
         <CreatorDate>05/02/2016 12:10:31</CreatorDate>
         <UpdatorId>TSTC</UpdatorId>
         <UpdatorDate>07/12/2017 13:33:44</UpdatorDate>
         <DateOfInfo>01/23/2015 19:22:02</DateOfInfo>
         <DateOfInfo>01/20/2015 00:00:00</DateOfInfo>
         <StatusCode>1</StatusCode>
         <VIN>666777888</VIN>
         <VehicleYear>2009</VehicleYear>
         <VehicleMakeCode>CHEV</VehicleMakeCode>
         <VehicleModelCode>MALIBU</VehicleModelCode>
         <VehicleStyleCode>2D</VehicleStyleCode>
         <VehicleTypeCode>AT</VehicleTypeCode>
         <VehPriColorCode>BLK</VehPriColorCode>
         <VehPriColorCode>BLK</VehPriColorCode>
         <VehSecColorCode>SIL</VehSecColorCode>
         <VehSecColorCode>SIL</VehSecColorCode>
         <VehicleLicStateCode>CO</VehicleLicStateCode>
         <VehicleLicStateCode>CO</VehicleLicStateCode>
         <VehicleLicNumber>DMV-DMV</VehicleLicNumber>
         <VehicleLicNumber>DMV-DMV</VehicleLicNumber>
         <VehicleLicYear>2009</VehicleLicYear>
         <VehicleLicYear>2009</VehicleLicYear>
         <VehicleLicMonth>1</VehicleLicMonth>
         <VehicleLicMonth>1</VehicleLicMonth>
         <VehicleLicTypeCode>CO</VehicleLicTypeCode>
         <VehicleLicTypeCode>CO</VehicleLicTypeCode>
      </IncidentVehicle>
   </IncidentSupplement>
</Incident>