<?xml version="1.0" encoding="UTF-8"?>
<Incident xmlns:xsi="http://www.w3.org/2001/XMLSchema-instance"
          xsi:noNamespaceSchemaLocation="file:///C:/DATA/EJS/SVN_Root/Ejustice/trunk/XMLTransformations/OnlineRMSInternalToIncident/IAOnlineRMSIncidentImport.xsd">
   <IncidentReportNum>2017-11-331-000047</IncidentReportNum>
   <AgencyCode>D42</AgencyCode>
   <ORINum>SC0280000</ORINum>
   <ReportDate>11/27/2017 10:53:00</ReportDate>
   <ReportTime>11/27/2017 10:53:00</ReportTime>
   <StartDate>11/27/2017 10:36:00</StartDate>
   <StartTime>01/01/2018 10:36:00</StartTime>
   <Summary>fg</Summary>
   <CreatorId>TSTC</CreatorId>
   <CreatorDate>11/27/2017 10:53:06</CreatorDate>
   <UpdatorId>TSTC</UpdatorId>
   <UpdatorDate>09/09/2021 18:46:41</UpdatorDate>
   <IncidentType>
      <IncidentTypeCode>CCD</IncidentTypeCode>
   </IncidentType>
   <IncidentAddress>
      <AddressId>1704</AddressId>
      <City>43</City>
      <CreatorId>TSTC</CreatorId>
      <CreatorDate>11/27/2017 10:53:11</CreatorDate>
      <UpdatorId>TSTC</UpdatorId>
      <UpdatorDate>06/08/2020 12:19:53</UpdatorDate>
      <Address>
         <AddressId>1704</AddressId>
         <StreetNumber>100</StreetNumber>
         <StreetName>Apple</StreetName>
         <StreetTypeCode>BLF</StreetTypeCode>
         <City>Greenfield</City>
         <StateCode>IN</StateCode>
         <Zip5>46140</Zip5>
         <CountryCode>US</CountryCode>
      </Address>
   </IncidentAddress>
   <IncidentSupplement>
      <SupplementSequence>1</SupplementSequence>
      <IncSupplementStatusCode>A</IncSupplementStatusCode>
      <SuppReportDate>01/09/2018 15:55:34</SuppReportDate>
      <SuppReportTime>01/09/2018 15:55:34</SuppReportTime>
      <AgencyOnly>N</AgencyOnly>
      <SecurityLevel>1201</SecurityLevel>
      <SuppAgencyCode>D42</SuppAgencyCode>
      <UnknownNoOffenders>N</UnknownNoOffenders>
      <DsIcrDate>01/09/2018 15:58:04</DsIcrDate>
      <DsIcrSubmissionStatus>NOT REPORTABLE</DsIcrSubmissionStatus>
      <CreatorId>STATE_OFFICER11</CreatorId>
      <CreatorDate>01/09/2018 15:55:34</CreatorDate>
      <UpdatorId>TSTC</UpdatorId>
      <UpdatorDate>08/05/2021 17:38:26</UpdatorDate>
      <IncidentSuppNarrative>
         <NarrativeNumber>1</NarrativeNumber>
         <NarrativeTitle>Supplement#1 - Narrative</NarrativeTitle>
         <NarrativeText>asdfasd</NarrativeText>
         <CreatorId>STATE_OFFICER11</CreatorId>
         <CreatorDate>01/09/2018 15:56:54</CreatorDate>
         <UpdatorId>STATE_OFFICER11</UpdatorId>
         <UpdatorDate>01/09/2018 15:56:54</UpdatorDate>
      </IncidentSuppNarrative>
      <IncidentOfficer>
         <OfficerRoleCode>P</OfficerRoleCode>
         <Officer>
            <AgencyCode>D42</AgencyCode>
            <ORINumber>SC0280000</ORINumber>
            <LastName>Ranz</LastName>
            <FirstName>Greg</FirstName>
            <InternalID>9696</InternalID>
         </Officer>
      </IncidentOfficer>
      <IncidentOfficer>
         <OfficerRoleCode>R</OfficerRoleCode>
         <Officer>
            <AgencyCode>D42</AgencyCode>
            <ORINumber>SC0280000</ORINumber>
            <LastName>Ranz</LastName>
            <FirstName>Greg</FirstName>
            <InternalID>9696</InternalID>
         </Officer>
      </IncidentOfficer>
      <IncidentOffense>
         <IncidentId>3018</IncidentId>
         <OffenseNumber>2</OffenseNumber>
         <OffenseStatusCode>00</OffenseStatusCode>
         <OffenseCode>35-43-2-2  C01</OffenseCode>
         <PlaceCode>57</PlaceCode>
         <BiasCode>88</BiasCode>
         <CSAUCode>C</CSAUCode>
         <SupplementSeq>1</SupplementSeq>
         <UCRNumber>2</UCRNumber>
         <OffenseStatusDate>11/27/2017 10:36:00</OffenseStatusDate>
         <AttemptedCompletedCode>C</AttemptedCompletedCode>
         <ArrestChargeCode>35-43-2-2  C01</ArrestChargeCode>
         <CreatorId>STATE_OFFICER11</CreatorId>
         <CreatorDate>01/09/2018 15:56:13</CreatorDate>
         <UpdatorId>STATE_OFFICER11</UpdatorId>
         <UpdatorDate>01/09/2018 15:56:13</UpdatorDate>
      </IncidentOffense>
      <IncidentPerson>
         <ApproxAge>21</ApproxAge>
         <CreatorId>STATE_OFFICER11</CreatorId>
         <CreatorDate>01/09/2018 15:56:41</CreatorDate>
         <UpdatorId>TSTC</UpdatorId>
         <UpdatorDate>05/24/2023 12:41:23</UpdatorDate>
         <Person>
            <PersonId>278</PersonId>
            <RaceCode>U</RaceCode>
            <SexCode>U</SexCode>
            <EthnicityCode>N</EthnicityCode>
            <PersonVerified>Y</PersonVerified>
            <PersonPrimaryName>
               <LastName>BECKER</LastName>
               <FirstName>CHRISTOPHER</FirstName>
               <MiddleName>M</MiddleName>
               <DateOfInfo>06/06/2012 15:15:07</DateOfInfo>
               <SLastName>B260</SLastName>
               <SFirstName>C623</SFirstName>
            </PersonPrimaryName>
            <Alias>
               <NameTypeCode>P</NameTypeCode>
               <LastName>BECKER</LastName>
               <FirstName>CHRISTOPHER</FirstName>
               <MiddleName>M</MiddleName>
               <SLastName>B260</SLastName>
               <SFirstName>C623</SFirstName>
               <DateOfInfo>06/06/2012 15:15:07</DateOfInfo>
            </Alias>
            <PersonAddress>
               <StreetName>10899WOODWARDDR</StreetName>
               <City>FISHERS</City>
               <StateCode>IN</StateCode>
               <Zip5>46037</Zip5>
            </PersonAddress>
         </Person>
         <IncidentPersonRole>
            <RoleType>S</RoleType>
            <CreatorId>STATE_OFFICER11</CreatorId>
            <CreatorDate>01/09/2018 15:56:41</CreatorDate>
            <UpdatorId>TSTC</UpdatorId>
            <UpdatorDate>08/15/2023 20:32:23</UpdatorDate>
         </IncidentPersonRole>
      </IncidentPerson>
   </IncidentSupplement>
   <IncidentSupplement>
      <SupplementSequence>2</SupplementSequence>
      <IncSupplementStatusCode>A</IncSupplementStatusCode>
      <SuppReportDate>02/26/2018 14:00:19</SuppReportDate>
      <SuppReportTime>02/26/2018 14:00:19</SuppReportTime>
      <AgencyOnly>N</AgencyOnly>
      <SecurityLevel>1201</SecurityLevel>
      <SuppAgencyCode>D42</SuppAgencyCode>
      <UnknownNoOffenders>N</UnknownNoOffenders>
      <DsIcrDate>02/26/2018 14:03:57</DsIcrDate>
      <DsIcrSubmissionStatus>READY TO BE PROCESSED-ORIGINAL</DsIcrSubmissionStatus>
      <CreatorId>STATE_OFFICER11</CreatorId>
      <CreatorDate>02/26/2018 14:00:19</CreatorDate>
      <UpdatorId>TSTC</UpdatorId>
      <UpdatorDate>08/05/2021 17:38:26</UpdatorDate>
      <IncidentSuppNarrative>
         <NarrativeNumber>1</NarrativeNumber>
         <NarrativeTitle>Supplement #2 Narrative</NarrativeTitle>
         <NarrativeText>&lt;p&gt;test&lt;/p&gt; </NarrativeText>
         <CreatorId>STATE_OFFICER11</CreatorId>
         <CreatorDate>02/26/2018 14:03:48</CreatorDate>
         <UpdatorId>STATE_OFFICER11</UpdatorId>
         <UpdatorDate>02/26/2018 14:03:48</UpdatorDate>
      </IncidentSuppNarrative>
      <IncidentOfficer>
         <OfficerRoleCode>P</OfficerRoleCode>
         <Officer>
            <AgencyCode>D42</AgencyCode>
            <ORINumber>SC0280000</ORINumber>
            <LastName>Ranz</LastName>
            <FirstName>Greg</FirstName>
            <InternalID>9696</InternalID>
         </Officer>
      </IncidentOfficer>
      <IncidentOfficer>
         <OfficerRoleCode>R</OfficerRoleCode>
         <Officer>
            <AgencyCode>D42</AgencyCode>
            <ORINumber>SC0280000</ORINumber>
            <LastName>Ranz</LastName>
            <FirstName>Greg</FirstName>
            <InternalID>9696</InternalID>
         </Officer>
      </IncidentOfficer>
      <IncidentPerson>
         <ApproxAge>57</ApproxAge>
         <ResidentStatusCode>R</ResidentStatusCode>
         <CreatorId>STATE_OFFICER11</CreatorId>
         <CreatorDate>02/26/2018 14:02:14</CreatorDate>
         <UpdatorId>TSTC</UpdatorId>
         <UpdatorDate>05/24/2023 12:41:24</UpdatorDate>
         <Person>
            <PersonId>100</PersonId>
            <RaceCode>P</RaceCode>
            <SexCode>M</SexCode>
            <EthnicityCode>O</EthnicityCode>
            <PersonVerified>Y</PersonVerified>
            <PersonPrimaryName>
               <LastName>Atkins</LastName>
               <FirstName>Steve</FirstName>
               <DOB>01/01/1960 00:00:00</DOB>
               <DateOfInfo>04/11/2012 10:44:20</DateOfInfo>
               <SLastName>A325</SLastName>
               <SFirstName>S310</SFirstName>
            </PersonPrimaryName>
            <PersonPrimaryName>
               <LastName>Atkinson SUPER LONG LAST NAME ALSO</LastName>
               <FirstName>Stephen SUPER LONG FIRST NAME ALSO</FirstName>
               <DOB>06/01/1960 00:00:00</DOB>
               <SSN>8.88888888E8</SSN>
               <DateOfInfo>03/01/2013 00:00:00</DateOfInfo>
               <SLastName>A325</SLastName>
               <SFirstName>S315</SFirstName>
            </PersonPrimaryName>
            <PersonPrimaryName>
               <DateOfInfo>09/06/2012 00:00:00</DateOfInfo>
            </PersonPrimaryName>
            <PersonPrimaryName>
               <LastName>Of the World</LastName>
               <FirstName>King</FirstName>
               <DateOfInfo>11/14/2018 00:00:00</DateOfInfo>
               <SLastName>O136</SLastName>
               <SFirstName>K520</SFirstName>
            </PersonPrimaryName>
            <Alias>
               <NameTypeCode>A</NameTypeCode>
               <LastName>Atkins</LastName>
               <FirstName>Steve</FirstName>
               <DOB>01/01/1960 00:00:00</DOB>
               <SLastName>A325</SLastName>
               <SFirstName>S310</SFirstName>
               <DateOfInfo>04/11/2012 10:44:20</DateOfInfo>
            </Alias>
            <Alias>
               <NameTypeCode>P</NameTypeCode>
               <LastName>Atkinson SUPER LONG LAST NAME ALSO</LastName>
               <FirstName>Stephen SUPER LONG FIRST NAME ALSO</FirstName>
               <DOB>06/01/1960 00:00:00</DOB>
               <SSN>8.88888888E8</SSN>
               <SLastName>A325</SLastName>
               <SFirstName>S315</SFirstName>
               <DateOfInfo>03/01/2013 00:00:00</DateOfInfo>
            </Alias>
            <Alias>
               <NameTypeCode>N</NameTypeCode>
               <DateOfInfo>09/06/2012 00:00:00</DateOfInfo>
            </Alias>
            <Alias>
               <NameTypeCode>A</NameTypeCode>
               <LastName>Of the World</LastName>
               <FirstName>King</FirstName>
               <SLastName>O136</SLastName>
               <SFirstName>K520</SFirstName>
               <DateOfInfo>11/14/2018 00:00:00</DateOfInfo>
            </Alias>
            <PersonAddress>
               <StreetNumber>100</StreetNumber>
               <StreetName>Ash</StreetName>
               <StreetTypeCode>ST</StreetTypeCode>
               <City>INDIANAPOLIS</City>
               <StateCode>IN</StateCode>
               <Zip5>01234</Zip5>
               <Zip4>7777</Zip4>
               <CountryCode>US</CountryCode>
               <Longitude>-86.26354</Longitude>
               <Latitude>39.95494</Latitude>
               <Beat>Test</Beat>
               <SubBeat>Area</SubBeat>
            </PersonAddress>
            <PersonPhone>
               <PhoneTypeCode>RES</PhoneTypeCode>
               <PhoneArea>222</PhoneArea>
               <PhonePrefix>222</PhonePrefix>
               <PhoneSuffix>2222</PhoneSuffix>
               <DateOfInfo>02/21/2018 00:00:00</DateOfInfo>
            </PersonPhone>
            <PersonPhone>
               <PhoneTypeCode>CEL</PhoneTypeCode>
               <PhoneArea>333</PhoneArea>
               <PhonePrefix>444</PhonePrefix>
               <PhoneSuffix>5555</PhoneSuffix>
               <DateOfInfo>11/14/2018 00:00:00</DateOfInfo>
            </PersonPhone>
         </Person>
         <IncidentPersonRole>
            <RoleType>V</RoleType>
            <CreatorId>STATE_OFFICER11</CreatorId>
            <CreatorDate>02/26/2018 14:02:15</CreatorDate>
            <UpdatorId>TSTC</UpdatorId>
            <UpdatorDate>08/15/2023 20:32:22</UpdatorDate>
         </IncidentPersonRole>
      </IncidentPerson>
      <IncidentBusiness>
         <BusinessNumber>240000034</BusinessNumber>
         <BusinessName>Superfluous Department of Redundancy Division</BusinessName>
         <IncBusinessRoleCode>V</IncBusinessRoleCode>
         <CreatorId>STATE_OFFICER11</CreatorId>
         <CreatorDate>02/26/2018 14:02:40</CreatorDate>
         <UpdatorId>STATE_OFFICER11</UpdatorId>
         <UpdatorDate>02/26/2018 14:02:40</UpdatorDate>
         <BusinessAddress>
            <AddressId>216</AddressId>
            <StreetNumber>2740</StreetNumber>
            <StreetDirCode>N</StreetDirCode>
            <StreetName>ADDISON MEADOWS</StreetName>
            <StreetTypeCode>LN</StreetTypeCode>
            <SubTypeCode>BSMT</SubTypeCode>
            <City>INDIANAPOLIS</City>
            <StateCode>PA</StateCode>
            <Zip5>46203</Zip5>
            <Zip4>5555</Zip4>
            <Longitude>-86.059884</Longitude>
            <Latitude>39.728722</Latitude>
            <Beat>Test</Beat>
            <SubBeat>Area</SubBeat>
            <AddressCommonName>
               <CommonPlaceName>Joes House</CommonPlaceName>
            </AddressCommonName>
            <BusinessPhone>
               <PhoneTypeCode>BUS</PhoneTypeCode>
               <PhoneArea>111</PhoneArea>
               <PhonePrefix>111</PhonePrefix>
               <PhoneSuffix>1111</PhoneSuffix>
               <DateOfInfo>02/26/2018 00:00:00</DateOfInfo>
            </BusinessPhone>
            <BusinessPhone>
               <PhoneTypeCode>D/F</PhoneTypeCode>
               <PhoneArea>222</PhoneArea>
               <PhonePrefix>222</PhonePrefix>
               <PhoneSuffix>2222</PhoneSuffix>
               <DateOfInfo>02/26/2018 00:00:00</DateOfInfo>
            </BusinessPhone>
         </BusinessAddress>
      </IncidentBusiness>
      <IncidentProperty>
         <CreatorId>STATE_OFFICER11</CreatorId>
         <CreatorDate>02/26/2018 14:03:36</CreatorDate>
         <UpdatorId>STATE_OFFICER11</UpdatorId>
         <UpdatorDate>02/26/2018 14:03:38</UpdatorDate>
         <DateOfInfo>02/26/2018 00:00:00</DateOfInfo>
         <StatusCode>4</StatusCode>
         <DocumentTypeCode>D</DocumentTypeCode>
         <PropertyTypeCode>560</PropertyTypeCode>
         <PropertyValue>0</PropertyValue>
         <Value>0</Value>
         <Evidence>Y</Evidence>
         <EvidenceFlag>Y</EvidenceFlag>
         <ExternalEvidenceId>775</ExternalEvidenceId>
         <Property_ID>1770</Property_ID>
         <DrugTypeCode>N</DrugTypeCode>
         <Quantity>3</Quantity>
         <QuantityUnit>DU</QuantityUnit>
      </IncidentProperty>
   </IncidentSupplement>
</Incident>