<?xml version="1.0" encoding="UTF-8"?>
<Incident xmlns:xsi="http://www.w3.org/2001/XMLSchema-instance"
          xsi:noNamespaceSchemaLocation="file:///C:/DATA/EJS/SVN_Root/Ejustice/trunk/XMLTransformations/OnlineRMSInternalToIncident/IAOnlineRMSIncidentImport.xsd">
   <IncidentReportNum>2016-BCSO-000177</IncidentReportNum>
   <AgencyCode>D42</AgencyCode>
   <ORINum>SC0280000</ORINum>
   <ReportDate>08/09/2016 13:56:00</ReportDate>
   <ReportTime>08/09/2016 13:56:00</ReportTime>
   <StartDate>08/09/2016 13:55:00</StartDate>
   <StartTime>08/01/2016 13:55:00</StartTime>
   <CreatorId>TSTC</CreatorId>
   <CreatorDate>08/09/2016 13:56:24</CreatorDate>
   <UpdatorId>TSTC</UpdatorId>
   <UpdatorDate>09/09/2021 18:46:40</UpdatorDate>
   <IncidentType>
      <IncidentTypeCode>B/H</IncidentTypeCode>
   </IncidentType>
   <IncidentAddress>
      <IncAddrComment>E PIERCE ST / E HARRISON AVE</IncAddrComment>
      <AddressId>630</AddressId>
      <Beat>Test</Beat>
      <SubBeat>Area</SubBeat>
      <City>25</City>
      <CreatorId>TSTC</CreatorId>
      <CreatorDate>08/09/2016 13:56:24</CreatorDate>
      <UpdatorId>TSTC</UpdatorId>
      <UpdatorDate>08/11/2016 11:21:14</UpdatorDate>
      <Address>
         <AddressId>630</AddressId>
         <StreetNumber>68</StreetNumber>
         <StreetDirCode>E</StreetDirCode>
         <StreetName>Pierce</StreetName>
         <StreetTypeCode>ST</StreetTypeCode>
         <City>Whitestown</City>
         <StateCode>IN</StateCode>
         <Zip5>46075</Zip5>
         <CountryCode>US</CountryCode>
         <Beat>Test</Beat>
         <SubBeat>Area</SubBeat>
         <Longitude>-86.345175</Longitude>
         <Latitude>39.997154</Latitude>
         <AddressCommonName>
            <CommonPlaceName>Dead strip</CommonPlaceName>
         </AddressCommonName>
      </Address>
   </IncidentAddress>
   <IncidentSupplement>
      <SupplementSequence>0</SupplementSequence>
      <IncSupplementStatusCode>A</IncSupplementStatusCode>
      <SuppReportDate>08/09/2016 13:56:23</SuppReportDate>
      <SuppReportTime>08/09/2016 13:56:23</SuppReportTime>
      <AgencyOnly>N</AgencyOnly>
      <SecurityLevel>1100</SecurityLevel>
      <SuppAgencyCode>D42</SuppAgencyCode>
      <UnknownNoOffenders>N</UnknownNoOffenders>
      <DsIcrDate>07/12/2017 10:41:46</DsIcrDate>
      <DsIcrSubmissionStatus>SENT WAITING FOR RESPONSE</DsIcrSubmissionStatus>
      <CreatorId>TSTC</CreatorId>
      <CreatorDate>08/09/2016 13:56:24</CreatorDate>
      <UpdatorId>TSTC</UpdatorId>
      <UpdatorDate>08/05/2021 17:38:25</UpdatorDate>
      <IncidentSuppNarrative>
         <NarrativeNumber>1</NarrativeNumber>
         <NarrativeTitle>Original Narrative</NarrativeTitle>
         <NarrativeText>&amp;nbsp;test</NarrativeText>
         <CreatorId>STATE_OFFICER11</CreatorId>
         <CreatorDate>08/11/2016 12:02:15</CreatorDate>
         <UpdatorId>STATE_OFFICER11</UpdatorId>
         <UpdatorDate>08/11/2016 12:02:15</UpdatorDate>
      </IncidentSuppNarrative>
      <IncidentOfficer>
         <OfficerRoleCode>P</OfficerRoleCode>
         <Officer>
            <AgencyCode>D42</AgencyCode>
            <ORINumber>SC0280000</ORINumber>
            <LastName>Ranz</LastName>
            <FirstName>Greg</FirstName>
            <InternalID>9696</InternalID>
         </Officer>
      </IncidentOfficer>
      <IncidentOfficer>
         <OfficerRoleCode>R</OfficerRoleCode>
         <Officer>
            <AgencyCode>D42</AgencyCode>
            <ORINumber>SC0280000</ORINumber>
            <LastName>Ranz</LastName>
            <FirstName>Greg</FirstName>
            <InternalID>9696</InternalID>
         </Officer>
      </IncidentOfficer>
      <IncidentOffense>
         <IncidentId>2541</IncidentId>
         <OffenseNumber>1</OffenseNumber>
         <OffenseStatusCode>05</OffenseStatusCode>
         <OffenseCode>35-42-2-1  B01</OffenseCode>
         <PlaceCode>42</PlaceCode>
         <BiasCode>62</BiasCode>
         <CSAUCode>C</CSAUCode>
         <SupplementSeq>0</SupplementSeq>
         <UCRNumber>1</UCRNumber>
         <OffenseStatusDate>08/09/2016 13:55:00</OffenseStatusDate>
         <AttemptedCompletedCode>C</AttemptedCompletedCode>
         <ArrestChargeCode>35-42-2-1  B01</ArrestChargeCode>
         <CreatorId>STATE_OFFICER11</CreatorId>
         <CreatorDate>08/11/2016 11:15:06</CreatorDate>
         <UpdatorId>STATE_OFFICER11</UpdatorId>
         <UpdatorDate>08/11/2016 11:15:06</UpdatorDate>
      </IncidentOffense>
      <IncidentPerson>
         <ApproxAge>41</ApproxAge>
         <ClearMultiArrestCode>N</ClearMultiArrestCode>
         <CreatorId>STATE_OFFICER11</CreatorId>
         <CreatorDate>08/11/2016 12:01:31</CreatorDate>
         <UpdatorId>TSTC</UpdatorId>
         <UpdatorDate>05/24/2023 12:41:21</UpdatorDate>
         <Person>
            <PersonId>469</PersonId>
            <RaceCode>W</RaceCode>
            <SexCode>M</SexCode>
            <PersonVerified>Y</PersonVerified>
            <PersonPrimaryName>
               <LastName>Aaberg</LastName>
               <FirstName>Ken</FirstName>
               <DOB>07/09/1975 00:00:00</DOB>
               <SSN>1.23456789E8</SSN>
               <DateOfInfo>07/09/2013 15:43:42</DateOfInfo>
               <SLastName>A162</SLastName>
               <SFirstName>K500</SFirstName>
            </PersonPrimaryName>
            <PersonPrimaryName>
               <LastName>Free</LastName>
               <FirstName>Fredd</FirstName>
               <DateOfInfo>10/22/2018 00:00:00</DateOfInfo>
               <SLastName>F600</SLastName>
               <SFirstName>F630</SFirstName>
            </PersonPrimaryName>
            <Alias>
               <NameTypeCode>P</NameTypeCode>
               <LastName>Aaberg</LastName>
               <FirstName>Ken</FirstName>
               <DOB>07/09/1975 00:00:00</DOB>
               <SSN>1.23456789E8</SSN>
               <SLastName>A162</SLastName>
               <SFirstName>K500</SFirstName>
               <DateOfInfo>07/09/2013 15:43:42</DateOfInfo>
            </Alias>
            <Alias>
               <NameTypeCode>M</NameTypeCode>
               <LastName>Free</LastName>
               <FirstName>Fredd</FirstName>
               <SLastName>F600</SLastName>
               <SFirstName>F630</SFirstName>
               <DateOfInfo>10/22/2018 00:00:00</DateOfInfo>
            </Alias>
            <PersonAddress>
               <StreetNumber>86</StreetNumber>
               <StreetDirCode>NE</StreetDirCode>
               <StreetName>ASHWOOD</StreetName>
               <StreetTypeCode>LN</StreetTypeCode>
               <StreetSuffixCode>N</StreetSuffixCode>
               <City>DILLON</City>
               <CountryCode>US</CountryCode>
               <Beat>Test</Beat>
               <SubBeat>Area</SubBeat>
            </PersonAddress>
            <PersonAddress>
               <StreetNumber>1770</StreetNumber>
               <StreetDirCode>BLK</StreetDirCode>
               <StreetName>Lincoln</StreetName>
               <City>Denver</City>
               <StateCode>CO</StateCode>
               <Zip5>80104</Zip5>
               <CountryCode>US</CountryCode>
               <CountyCode>30</CountyCode>
               <Longitude>-104.999408</Longitude>
               <Latitude>39.739577</Latitude>
            </PersonAddress>
            <PersonAddress>
               <StreetNumber>400</StreetNumber>
               <StreetName>Elm</StreetName>
               <StreetTypeCode>ST</StreetTypeCode>
               <City>Fortville</City>
               <StateCode>IN</StateCode>
               <Zip5>46040</Zip5>
               <CountryCode>US</CountryCode>
               <CountyCode>30</CountyCode>
               <Longitude>-85.84358784985562</Longitude>
               <Latitude>39.93291330899494</Latitude>
            </PersonAddress>
            <PersonAddress>
               <StreetNumber>556</StreetNumber>
               <StreetName>Howard</StreetName>
               <City>Denver</City>
               <StateCode>CO</StateCode>
               <Zip5>80111</Zip5>
               <CountryCode>US</CountryCode>
            </PersonAddress>
            <PersonAddress>
               <StreetNumber>877</StreetNumber>
               <StreetName>Harbor</StreetName>
               <City>INDIANAPOLIS</City>
               <StateCode>IN</StateCode>
               <Zip5>A6221</Zip5>
               <CountyCode>30</CountyCode>
            </PersonAddress>
            <PersonPhone>
               <PhoneTypeCode>RES</PhoneTypeCode>
               <PhoneArea>987</PhoneArea>
               <PhonePrefix>987</PhonePrefix>
               <PhoneSuffix>9876</PhoneSuffix>
               <DateOfInfo>11/18/2014 00:00:00</DateOfInfo>
            </PersonPhone>
            <PersonPhone>
               <PhoneTypeCode>CEL</PhoneTypeCode>
               <PhoneArea>123</PhoneArea>
               <PhonePrefix>123</PhonePrefix>
               <PhoneSuffix>1234</PhoneSuffix>
               <DateOfInfo>11/18/2014 00:00:00</DateOfInfo>
            </PersonPhone>
            <PersonPhone>
               <PhoneTypeCode>CEL</PhoneTypeCode>
               <PhoneArea>111</PhoneArea>
               <PhonePrefix>111</PhonePrefix>
               <PhoneSuffix>1111</PhoneSuffix>
               <PhoneExt>111</PhoneExt>
               <DateOfInfo>10/22/2018 00:00:00</DateOfInfo>
            </PersonPhone>
         </Person>
         <IncidentPersonRole>
            <RoleType>A</RoleType>
            <CreatorId>STATE_OFFICER11</CreatorId>
            <CreatorDate>08/11/2016 12:01:31</CreatorDate>
            <UpdatorId>TSTC</UpdatorId>
            <UpdatorDate>08/15/2023 20:32:22</UpdatorDate>
         </IncidentPersonRole>
         <IncidentPersonRole>
            <RoleType>S</RoleType>
            <CreatorId>STATE_OFFICER11</CreatorId>
            <CreatorDate>08/11/2016 12:01:31</CreatorDate>
            <UpdatorId>TSTC</UpdatorId>
            <UpdatorDate>08/15/2023 20:32:22</UpdatorDate>
         </IncidentPersonRole>
      </IncidentPerson>
      <IncidentPerson>
         <ApproxAge>36</ApproxAge>
         <ResidentStatusCode>R</ResidentStatusCode>
         <CreatorId>STATE_OFFICER11</CreatorId>
         <CreatorDate>08/11/2016 12:02:07</CreatorDate>
         <UpdatorId>TSTC</UpdatorId>
         <UpdatorDate>05/24/2023 12:41:21</UpdatorDate>
         <Person>
            <PersonId>540</PersonId>
            <RaceCode>M</RaceCode>
            <SexCode>M</SexCode>
            <EthnicityCode>A</EthnicityCode>
            <PersonVerified>Y</PersonVerified>
            <PersonPrimaryName>
               <LastName>Akbar</LastName>
               <FirstName>Allah</FirstName>
               <DOB>04/02/1980 00:00:00</DOB>
               <SSN>3.11776788E8</SSN>
               <DateOfInfo>04/07/2014 16:44:23</DateOfInfo>
               <SLastName>A216</SLastName>
               <SFirstName>A400</SFirstName>
            </PersonPrimaryName>
            <Alias>
               <NameTypeCode>P</NameTypeCode>
               <LastName>Akbar</LastName>
               <FirstName>Allah</FirstName>
               <DOB>04/02/1980 00:00:00</DOB>
               <SSN>3.11776788E8</SSN>
               <SLastName>A216</SLastName>
               <SFirstName>A400</SFirstName>
               <DateOfInfo>04/07/2014 16:44:23</DateOfInfo>
            </Alias>
            <PersonPhone>
               <PhoneTypeCode>RES</PhoneTypeCode>
               <PhoneArea>303</PhoneArea>
               <PhonePrefix>123</PhonePrefix>
               <PhoneSuffix>1234</PhoneSuffix>
               <DateOfInfo>08/10/2020 00:00:00</DateOfInfo>
            </PersonPhone>
         </Person>
         <IncidentPersonRole>
            <RoleType>V</RoleType>
            <CreatorId>STATE_OFFICER11</CreatorId>
            <CreatorDate>08/11/2016 12:02:07</CreatorDate>
            <UpdatorId>TSTC</UpdatorId>
            <UpdatorDate>08/15/2023 20:32:22</UpdatorDate>
         </IncidentPersonRole>
      </IncidentPerson>
      <IncidentPerson>
         <ApproxAge>45</ApproxAge>
         <ResidentStatusCode>R</ResidentStatusCode>
         <CreatorId>STATE_OFFICER11</CreatorId>
         <CreatorDate>06/06/2017 16:43:23</CreatorDate>
         <UpdatorId>TSTC</UpdatorId>
         <UpdatorDate>05/24/2023 12:41:23</UpdatorDate>
         <Person>
            <PersonId>885</PersonId>
            <RaceCode>B</RaceCode>
            <SexCode>F</SexCode>
            <PersonVerified>Y</PersonVerified>
            <PersonPrimaryName>
               <LastName>Person01</LastName>
               <FirstName>Incident</FirstName>
               <DOB>11/01/1970 00:00:00</DOB>
               <SSN>1.11111111E8</SSN>
               <DateOfInfo>06/06/2017 16:21:14</DateOfInfo>
               <SLastName>P625</SLastName>
               <SFirstName>I523</SFirstName>
            </PersonPrimaryName>
            <PersonPrimaryName>
               <LastName>Lawless</LastName>
               <FirstName>Lucy</FirstName>
               <DOB>06/01/2017 00:00:00</DOB>
               <DateOfInfo>06/06/2017 00:00:00</DateOfInfo>
               <SLastName>L420</SLastName>
               <SFirstName>L200</SFirstName>
            </PersonPrimaryName>
            <Alias>
               <NameTypeCode>P</NameTypeCode>
               <LastName>Person01</LastName>
               <FirstName>Incident</FirstName>
               <DOB>11/01/1970 00:00:00</DOB>
               <SSN>1.11111111E8</SSN>
               <SLastName>P625</SLastName>
               <SFirstName>I523</SFirstName>
               <DateOfInfo>06/06/2017 16:21:14</DateOfInfo>
            </Alias>
            <Alias>
               <NameTypeCode>M</NameTypeCode>
               <LastName>Lawless</LastName>
               <FirstName>Lucy</FirstName>
               <DOB>06/01/2017 00:00:00</DOB>
               <SLastName>L420</SLastName>
               <SFirstName>L200</SFirstName>
               <DateOfInfo>06/06/2017 00:00:00</DateOfInfo>
            </Alias>
            <PersonAddress>
               <StreetNumber>2740</StreetNumber>
               <StreetDirCode>N</StreetDirCode>
               <StreetName>ADDISON MEADOWS</StreetName>
               <StreetTypeCode>LN</StreetTypeCode>
               <SubTypeCode>BSMT</SubTypeCode>
               <City>INDIANAPOLIS</City>
               <StateCode>PA</StateCode>
               <Zip5>46203</Zip5>
               <Zip4>5555</Zip4>
               <Longitude>-86.059884</Longitude>
               <Latitude>39.728722</Latitude>
               <Beat>Test</Beat>
               <SubBeat>Area</SubBeat>
            </PersonAddress>
         </Person>
         <IncidentPersonRole>
            <RoleType>D</RoleType>
            <CreatorId>STATE_OFFICER11</CreatorId>
            <CreatorDate>06/06/2017 16:43:23</CreatorDate>
            <UpdatorId>TSTC</UpdatorId>
            <UpdatorDate>08/15/2023 20:32:22</UpdatorDate>
         </IncidentPersonRole>
      </IncidentPerson>
      <IncidentPerson>
         <ApproxAge>36</ApproxAge>
         <ResidentStatusCode>R</ResidentStatusCode>
         <CreatorId>STATE_OFFICER11</CreatorId>
         <CreatorDate>07/12/2017 10:41:23</CreatorDate>
         <UpdatorId>TSTC</UpdatorId>
         <UpdatorDate>05/24/2023 12:41:22</UpdatorDate>
         <Person>
            <PersonId>897</PersonId>
            <RaceCode>I</RaceCode>
            <SexCode>M</SexCode>
            <PersonVerified>Y</PersonVerified>
            <PersonPrimaryName>
               <LastName>Black</LastName>
               <FirstName>Bob</FirstName>
               <DOB>06/01/1970 00:00:00</DOB>
               <SSN>1.11111111E8</SSN>
               <DateOfInfo>06/13/2017 09:48:35</DateOfInfo>
               <SLastName>B420</SLastName>
               <SFirstName>B100</SFirstName>
            </PersonPrimaryName>
            <PersonPrimaryName>
               <LastName>King</LastName>
               <FirstName>BB</FirstName>
               <DOB>06/01/1970 00:00:00</DOB>
               <SSN>1.11111111E8</SSN>
               <DateOfInfo>06/13/2017 00:00:00</DateOfInfo>
               <SLastName>K520</SLastName>
               <SFirstName>B000</SFirstName>
            </PersonPrimaryName>
            <Alias>
               <NameTypeCode>P</NameTypeCode>
               <LastName>Black</LastName>
               <FirstName>Bob</FirstName>
               <DOB>06/01/1970 00:00:00</DOB>
               <SSN>1.11111111E8</SSN>
               <SLastName>B420</SLastName>
               <SFirstName>B100</SFirstName>
               <DateOfInfo>06/13/2017 09:48:35</DateOfInfo>
            </Alias>
            <Alias>
               <NameTypeCode>A</NameTypeCode>
               <LastName>King</LastName>
               <FirstName>BB</FirstName>
               <DOB>06/01/1970 00:00:00</DOB>
               <SSN>1.11111111E8</SSN>
               <SLastName>K520</SLastName>
               <SFirstName>B000</SFirstName>
               <DateOfInfo>06/13/2017 00:00:00</DateOfInfo>
            </Alias>
            <PersonAddress>
               <StreetNumber>300</StreetNumber>
               <StreetDirCode>E</StreetDirCode>
               <StreetName>200</StreetName>
               <StreetSuffixCode>E</StreetSuffixCode>
               <SubTypeCode>APT</SubTypeCode>
               <City>Lebanon</City>
               <StateCode>IN</StateCode>
               <Zip5>46052</Zip5>
               <CountryCode>US</CountryCode>
               <CountyCode>NaN</CountyCode>
               <Longitude>-86.36852515301796</Longitude>
               <Latitude>39.73382972861548</Latitude>
               <Beat>Test</Beat>
               <SubBeat>Area</SubBeat>
            </PersonAddress>
            <PersonPhone>
               <PhoneTypeCode>PAG</PhoneTypeCode>
               <PhoneArea>767</PhoneArea>
               <PhonePrefix>666</PhonePrefix>
               <PhoneSuffix>6677</PhoneSuffix>
               <DateOfInfo>06/28/2017 00:00:00</DateOfInfo>
            </PersonPhone>
         </Person>
         <IncidentPersonRole>
            <RoleType>V</RoleType>
            <CreatorId>STATE_OFFICER11</CreatorId>
            <CreatorDate>07/12/2017 10:41:23</CreatorDate>
            <UpdatorId>TSTC</UpdatorId>
            <UpdatorDate>08/15/2023 20:32:22</UpdatorDate>
         </IncidentPersonRole>
      </IncidentPerson>
   </IncidentSupplement>
</Incident>