<?xml version="1.0" encoding="UTF-8"?>
<Incident xmlns:xsi="http://www.w3.org/2001/XMLSchema-instance"
          xsi:noNamespaceSchemaLocation="file:///C:/DATA/EJS/SVN_Root/Ejustice/trunk/XMLTransformations/OnlineRMSInternalToIncident/IAOnlineRMSIncidentImport.xsd">
   <IncidentReportNum>2016D4210048</IncidentReportNum>
   <AgencyCode>D42</AgencyCode>
   <ORINum>SC0280000</ORINum>
   <ReportDate>08/23/2016 16:25:00</ReportDate>
   <ReportTime>08/23/2016 16:25:00</ReportTime>
   <StartDate>08/23/2016 16:25:00</StartDate>
   <StartTime>08/01/2016 16:25:00</StartTime>
   <CreatorId>42CIDSUP</CreatorId>
   <CreatorDate>08/23/2016 16:25:04</CreatorDate>
   <UpdatorId>TSTC</UpdatorId>
   <UpdatorDate>09/09/2021 18:46:41</UpdatorDate>
   <IncidentType>
      <IncidentTypeCode>DCD</IncidentTypeCode>
   </IncidentType>
   <IncidentAddress>
      <AddressId>289</AddressId>
      <Beat>104</Beat>
      <SubBeat>West Patrol</SubBeat>
      <City>13</City>
      <CreatorId>42CIDSUP</CreatorId>
      <CreatorDate>08/23/2016 16:25:50</CreatorDate>
      <UpdatorId>TSTC</UpdatorId>
      <UpdatorDate>08/23/2016 16:27:01</UpdatorDate>
      <Address>
         <AddressId>289</AddressId>
         <StreetNumber>303</StreetNumber>
         <StreetName>Cobblestone</StreetName>
         <StreetTypeCode>WAY</StreetTypeCode>
         <City>Bedrock</City>
         <StateCode>IN</StateCode>
         <Zip5>43221</Zip5>
         <Zip4>2</Zip4>
         <CountryCode>US</CountryCode>
         <Beat>104</Beat>
         <SubBeat>West Patrol</SubBeat>
         <AddressCommonName>
            <CommonPlaceName>Dead strip</CommonPlaceName>
         </AddressCommonName>
      </Address>
   </IncidentAddress>
   <IncidentSupplement>
      <SupplementSequence>0</SupplementSequence>
      <IncSupplementStatusCode>A</IncSupplementStatusCode>
      <SuppReportDate>08/23/2016 16:25:04</SuppReportDate>
      <SuppReportTime>08/23/2016 16:25:04</SuppReportTime>
      <AgencyOnly>N</AgencyOnly>
      <SecurityLevel>1201</SecurityLevel>
      <SuppAgencyCode>D42</SuppAgencyCode>
      <UnknownNoOffenders>N</UnknownNoOffenders>
      <DsIcrDate>08/23/2016 16:33:32</DsIcrDate>
      <DsIcrSubmissionStatus>SENT WAITING FOR RESPONSE</DsIcrSubmissionStatus>
      <CreatorId>STATE_DET6</CreatorId>
      <CreatorDate>08/23/2016 16:25:04</CreatorDate>
      <UpdatorId>TSTC</UpdatorId>
      <UpdatorDate>08/05/2021 17:38:25</UpdatorDate>
      <IncidentSuppNarrative>
         <NarrativeNumber>1</NarrativeNumber>
         <NarrativeTitle>Original Narrative</NarrativeTitle>
         <NarrativeText>&amp;nbsp;test</NarrativeText>
         <CreatorId>42CIDSUP</CreatorId>
         <CreatorDate>08/23/2016 16:29:32</CreatorDate>
         <UpdatorId>42CIDSUP</UpdatorId>
         <UpdatorDate>08/23/2016 16:29:32</UpdatorDate>
      </IncidentSuppNarrative>
      <IncidentOfficer>
         <OfficerRoleCode>P</OfficerRoleCode>
         <Officer>
            <AgencyCode>D14</AgencyCode>
            <ORINumber>789012345</ORINumber>
            <LastName>Collins</LastName>
            <FirstName>Sgt.</FirstName>
            <InternalID>5513</InternalID>
         </Officer>
      </IncidentOfficer>
      <IncidentOfficer>
         <OfficerRoleCode>R</OfficerRoleCode>
         <Officer>
            <AgencyCode>D14</AgencyCode>
            <ORINumber>789012345</ORINumber>
            <LastName>Collins</LastName>
            <FirstName>Sgt.</FirstName>
            <InternalID>5513</InternalID>
         </Officer>
      </IncidentOfficer>
      <IncidentOffense>
         <IncidentId>2568</IncidentId>
         <OffenseNumber>1</OffenseNumber>
         <OffenseStatusCode>00</OffenseStatusCode>
         <OffenseCode>35-42-2-1  B08</OffenseCode>
         <PlaceCode>01</PlaceCode>
         <BiasCode>88</BiasCode>
         <CSAUCode>C</CSAUCode>
         <SupplementSeq>0</SupplementSeq>
         <UCRNumber>1</UCRNumber>
         <OffenseStatusDate>08/23/2016 16:25:00</OffenseStatusDate>
         <AttemptedCompletedCode>C</AttemptedCompletedCode>
         <ArrestChargeCode>35-42-2-1  B08</ArrestChargeCode>
         <CreatorId>42CIDSUP</CreatorId>
         <CreatorDate>08/23/2016 16:26:39</CreatorDate>
         <UpdatorId>42CIDSUP</UpdatorId>
         <UpdatorDate>08/23/2016 16:26:39</UpdatorDate>
      </IncidentOffense>
      <IncidentPerson>
         <ApproxAge>47</ApproxAge>
         <ResidentStatusCode>R</ResidentStatusCode>
         <CreatorId>42CIDSUP</CreatorId>
         <CreatorDate>08/23/2016 16:28:10</CreatorDate>
         <UpdatorId>TSTC</UpdatorId>
         <UpdatorDate>05/24/2023 12:41:21</UpdatorDate>
         <Person>
            <PersonId>614</PersonId>
            <RaceCode>B</RaceCode>
            <SexCode>M</SexCode>
            <PersonVerified>Y</PersonVerified>
            <PersonPrimaryName>
               <LastName>Smith</LastName>
               <FirstName>Willard</FirstName>
               <MiddleName>Carroll</MiddleName>
               <DOB>09/25/1968 00:00:00</DOB>
               <DateOfInfo>10/24/2014 17:16:14</DateOfInfo>
               <SLastName>S530</SLastName>
               <SFirstName>W463</SFirstName>
            </PersonPrimaryName>
            <Alias>
               <NameTypeCode>P</NameTypeCode>
               <LastName>Smith</LastName>
               <FirstName>Willard</FirstName>
               <MiddleName>Carroll</MiddleName>
               <DOB>09/25/1968 00:00:00</DOB>
               <SLastName>S530</SLastName>
               <SFirstName>W463</SFirstName>
               <DateOfInfo>10/24/2014 17:16:14</DateOfInfo>
            </Alias>
            <PersonAddress>
               <StreetNumber>428</StreetNumber>
               <StreetName>Grand</StreetName>
               <StreetTypeCode>AVE</StreetTypeCode>
               <City>Brooklyn</City>
               <StateCode>NY</StateCode>
               <Zip5>11238</Zip5>
               <CountryCode>US</CountryCode>
               <Longitude>-73.962135</Longitude>
               <Latitude>40.683561</Latitude>
               <Beat>Test</Beat>
               <SubBeat>Area</SubBeat>
            </PersonAddress>
         </Person>
         <IncidentPersonRole>
            <RoleType>S</RoleType>
            <CreatorId>42CIDSUP</CreatorId>
            <CreatorDate>08/23/2016 16:28:10</CreatorDate>
            <UpdatorId>TSTC</UpdatorId>
            <UpdatorDate>08/15/2023 20:32:22</UpdatorDate>
         </IncidentPersonRole>
      </IncidentPerson>
      <IncidentPerson>
         <ApproxAge>96</ApproxAge>
         <ResidentStatusCode>R</ResidentStatusCode>
         <CreatorId>42CIDSUP</CreatorId>
         <CreatorDate>08/23/2016 16:28:54</CreatorDate>
         <UpdatorId>TSTC</UpdatorId>
         <UpdatorDate>05/24/2023 12:41:21</UpdatorDate>
         <Person>
            <PersonId>528</PersonId>
            <RaceCode>W</RaceCode>
            <SexCode>M</SexCode>
            <EthnicityCode>O</EthnicityCode>
            <PersonVerified>Y</PersonVerified>
            <PersonPrimaryName>
               <LastName>Cousteau</LastName>
               <FirstName>Jacques</FirstName>
               <MiddleName>Yves</MiddleName>
               <DOB>06/11/1920 00:00:00</DOB>
               <DateOfInfo>03/26/2014 16:10:19</DateOfInfo>
               <SLastName>C230</SLastName>
               <SFirstName>J220</SFirstName>
            </PersonPrimaryName>
            <Alias>
               <NameTypeCode>P</NameTypeCode>
               <LastName>Cousteau</LastName>
               <FirstName>Jacques</FirstName>
               <MiddleName>Yves</MiddleName>
               <DOB>06/11/1920 00:00:00</DOB>
               <SLastName>C230</SLastName>
               <SFirstName>J220</SFirstName>
               <DateOfInfo>03/26/2014 16:10:19</DateOfInfo>
            </Alias>
            <PersonAddress>
               <StreetNumber>123</StreetNumber>
               <StreetDirCode>N</StreetDirCode>
               <StreetName>Automation</StreetName>
               <StreetTypeCode>RD</StreetTypeCode>
               <SubTypeCode>TRLR</SubTypeCode>
               <CountryCode>US</CountryCode>
               <Beat>104</Beat>
               <SubBeat>West Patrol</SubBeat>
            </PersonAddress>
         </Person>
         <IncidentPersonRole>
            <RoleType>V</RoleType>
            <CreatorId>42CIDSUP</CreatorId>
            <CreatorDate>08/23/2016 16:28:55</CreatorDate>
            <UpdatorId>TSTC</UpdatorId>
            <UpdatorDate>08/15/2023 20:32:22</UpdatorDate>
         </IncidentPersonRole>
      </IncidentPerson>
   </IncidentSupplement>
</Incident>