<?xml version="1.0" encoding="UTF-8"?>
<Incident xmlns:xsi="http://www.w3.org/2001/XMLSchema-instance"
          xsi:noNamespaceSchemaLocation="file:///C:/DATA/EJS/SVN_Root/Ejustice/trunk/XMLTransformations/OnlineRMSInternalToIncident/IAOnlineRMSIncidentImport.xsd">
   <IncidentReportNum>2020D4210296</IncidentReportNum>
   <AgencyCode>D42</AgencyCode>
   <ORINum>SC0280000</ORINum>
   <ReportDate>08/19/2020 12:48:00</ReportDate>
   <ReportTime>08/19/2020 12:48:00</ReportTime>
   <StartDate>08/19/2020 12:48:00</StartDate>
   <StartTime>08/19/2020 12:48:00</StartTime>
   <Summary>assault testing</Summary>
   <CreatorId>STATE_OFFICER14</CreatorId>
   <CreatorDate>08/19/2020 12:48:15</CreatorDate>
   <UpdatorId>TSTC</UpdatorId>
   <UpdatorDate>09/09/2021 18:46:43</UpdatorDate>
   <IncidentType>
      <IncidentTypeCode>AIR</IncidentTypeCode>
   </IncidentType>
   <IncidentAddress>
      <AddressId>1692</AddressId>
      <City>18</City>
      <CreatorId>STATE_OFFICER14</CreatorId>
      <CreatorDate>08/19/2020 12:48:46</CreatorDate>
      <UpdatorId>TSTC</UpdatorId>
      <UpdatorDate>09/28/2020 14:56:49</UpdatorDate>
      <Address>
         <AddressId>1692</AddressId>
         <StreetNumber>6677</StreetNumber>
         <StreetDirCode>BLK</StreetDirCode>
         <StreetName>Harrison</StreetName>
         <StreetTypeCode>WALK</StreetTypeCode>
         <StreetSuffixCode>BLK</StreetSuffixCode>
         <SubTypeCode>APT</SubTypeCode>
         <SubNumber>123</SubNumber>
         <City>Los Angeles</City>
         <StateCode>CA</StateCode>
         <Zip5>12345</Zip5>
         <CountryCode>US</CountryCode>
      </Address>
   </IncidentAddress>
   <IncidentSupplement>
      <SupplementSequence>0</SupplementSequence>
      <IncSupplementStatusCode>A</IncSupplementStatusCode>
      <SuppReportDate>08/19/2020 12:48:15</SuppReportDate>
      <SuppReportTime>08/19/2020 12:48:15</SuppReportTime>
      <AgencyOnly>N</AgencyOnly>
      <SecurityLevel>990</SecurityLevel>
      <SuppAgencyCode>D42</SuppAgencyCode>
      <UnknownNoOffenders>N</UnknownNoOffenders>
      <DsIcrDate>08/19/2020 12:53:28</DsIcrDate>
      <DsIcrSubmissionStatus>READY TO BE PROCESSED-ORIGINAL</DsIcrSubmissionStatus>
      <CreatorId>STATE_OFFICER14</CreatorId>
      <CreatorDate>08/19/2020 12:48:15</CreatorDate>
      <UpdatorId>TSTC</UpdatorId>
      <UpdatorDate>08/05/2021 17:38:29</UpdatorDate>
      <IncidentSuppNarrative>
         <NarrativeNumber>1</NarrativeNumber>
         <NarrativeTitle>Original Narrative</NarrativeTitle>
         <NarrativeText>ok</NarrativeText>
         <CreatorId>STATE_OFFICER14</CreatorId>
         <CreatorDate>08/19/2020 12:52:41</CreatorDate>
         <UpdatorId>STATE_OFFICER14</UpdatorId>
         <UpdatorDate>08/19/2020 12:52:41</UpdatorDate>
      </IncidentSuppNarrative>
      <IncidentOfficer>
         <OfficerRoleCode>P</OfficerRoleCode>
         <Officer>
            <AgencyCode>D42</AgencyCode>
            <ORINumber>SC0280000</ORINumber>
            <LastName>Smith</LastName>
            <FirstName>Charles</FirstName>
            <InternalID>2014</InternalID>
         </Officer>
      </IncidentOfficer>
      <IncidentOfficer>
         <OfficerRoleCode>R</OfficerRoleCode>
         <Officer>
            <AgencyCode>D42</AgencyCode>
            <ORINumber>SC0280000</ORINumber>
            <LastName>Smith</LastName>
            <FirstName>Charles</FirstName>
            <InternalID>2014</InternalID>
         </Officer>
      </IncidentOfficer>
      <IncidentOffense>
         <IncidentId>3289</IncidentId>
         <OffenseNumber>1</OffenseNumber>
         <OffenseStatusCode>00</OffenseStatusCode>
         <OffenseCode>35-42-1-5  R01</OffenseCode>
         <PlaceCode>25</PlaceCode>
         <BiasCode>84</BiasCode>
         <SupplementSeq>0</SupplementSeq>
         <UCRNumber>1</UCRNumber>
         <OffenseStatusDate>08/19/2020 12:48:00</OffenseStatusDate>
         <CreatorId>STATE_OFFICER14</CreatorId>
         <CreatorDate>08/19/2020 12:50:38</CreatorDate>
         <UpdatorId>STATE_OFFICER14</UpdatorId>
         <UpdatorDate>08/19/2020 12:50:38</UpdatorDate>
      </IncidentOffense>
      <IncidentPerson>
         <ApproxAge>44</ApproxAge>
         <ClearMultiArrestCode>N</ClearMultiArrestCode>
         <CreatorId>STATE_OFFICER14</CreatorId>
         <CreatorDate>08/19/2020 12:51:05</CreatorDate>
         <UpdatorId>TSTC</UpdatorId>
         <UpdatorDate>05/24/2023 12:41:24</UpdatorDate>
         <Person>
            <PersonId>1050</PersonId>
            <RaceCode>W</RaceCode>
            <SexCode>F</SexCode>
            <EthnicityCode>U</EthnicityCode>
            <PersonVerified>Y</PersonVerified>
            <PersonPrimaryName>
               <LastName>Hanshoal</LastName>
               <FirstName>Susan</FirstName>
               <DateOfInfo>08/19/2020 00:00:00</DateOfInfo>
               <SLastName>H524</SLastName>
               <SFirstName>S250</SFirstName>
            </PersonPrimaryName>
            <PersonPrimaryName>
               <LastName>Pemberly</LastName>
               <FirstName>Susan</FirstName>
               <DOB>02/17/1976 00:00:00</DOB>
               <SSN>1.23123123E8</SSN>
               <DateOfInfo>08/19/2020 12:45:03</DateOfInfo>
               <SLastName>P516</SLastName>
               <SFirstName>S250</SFirstName>
            </PersonPrimaryName>
            <Alias>
               <NameTypeCode>M</NameTypeCode>
               <LastName>Hanshoal</LastName>
               <FirstName>Susan</FirstName>
               <SLastName>H524</SLastName>
               <SFirstName>S250</SFirstName>
               <DateOfInfo>08/19/2020 00:00:00</DateOfInfo>
            </Alias>
            <Alias>
               <NameTypeCode>P</NameTypeCode>
               <LastName>Pemberly</LastName>
               <FirstName>Susan</FirstName>
               <DOB>02/17/1976 00:00:00</DOB>
               <SSN>1.23123123E8</SSN>
               <SLastName>P516</SLastName>
               <SFirstName>S250</SFirstName>
               <DateOfInfo>08/19/2020 12:45:03</DateOfInfo>
            </Alias>
            <PersonAddress>
               <StreetNumber>500</StreetNumber>
               <StreetName>Hancock</StreetName>
               <StreetTypeCode>BND</StreetTypeCode>
               <City>INDIANAPOLIS</City>
               <StateCode>IN</StateCode>
               <Zip5>12345</Zip5>
               <CountryCode>US</CountryCode>
               <CountyCode>NaN</CountyCode>
            </PersonAddress>
            <PersonPhone>
               <PhoneTypeCode>RES</PhoneTypeCode>
               <PhoneArea>123</PhoneArea>
               <PhonePrefix>111</PhonePrefix>
               <PhoneSuffix>1111</PhoneSuffix>
               <DateOfInfo>08/19/2020 00:00:00</DateOfInfo>
            </PersonPhone>
         </Person>
         <IncidentPersonRole>
            <RoleType>S</RoleType>
            <CreatorId>STATE_OFFICER14</CreatorId>
            <CreatorDate>08/19/2020 12:51:05</CreatorDate>
            <UpdatorId>TSTC</UpdatorId>
            <UpdatorDate>08/15/2023 20:32:24</UpdatorDate>
         </IncidentPersonRole>
         <IncidentPersonRole>
            <RoleType>A</RoleType>
            <CreatorId>STATE_OFFICER11</CreatorId>
            <CreatorDate>09/28/2020 14:47:00</CreatorDate>
            <UpdatorId>TSTC</UpdatorId>
            <UpdatorDate>08/15/2023 20:32:24</UpdatorDate>
         </IncidentPersonRole>
      </IncidentPerson>
      <IncidentPerson>
         <ApproxAge>33</ApproxAge>
         <ResidentStatusCode>R</ResidentStatusCode>
         <CreatorId>STATE_OFFICER14</CreatorId>
         <CreatorDate>08/19/2020 12:51:38</CreatorDate>
         <UpdatorId>TSTC</UpdatorId>
         <UpdatorDate>05/24/2023 12:41:24</UpdatorDate>
         <Person>
            <PersonId>737</PersonId>
            <RaceCode>W</RaceCode>
            <SexCode>M</SexCode>
            <PersonVerified>Y</PersonVerified>
            <PersonPrimaryName>
               <LastName>Harvey</LastName>
               <FirstName>Tom</FirstName>
               <DOB>07/05/1987 00:00:00</DOB>
               <SSN>5.55555555E8</SSN>
               <DateOfInfo>08/12/2015 13:30:37</DateOfInfo>
               <SLastName>H610</SLastName>
               <SFirstName>T500</SFirstName>
            </PersonPrimaryName>
            <Alias>
               <NameTypeCode>P</NameTypeCode>
               <LastName>Harvey</LastName>
               <FirstName>Tom</FirstName>
               <DOB>07/05/1987 00:00:00</DOB>
               <SSN>5.55555555E8</SSN>
               <SLastName>H610</SLastName>
               <SFirstName>T500</SFirstName>
               <DateOfInfo>08/12/2015 13:30:37</DateOfInfo>
            </Alias>
         </Person>
         <IncidentPersonRole>
            <RoleType>V</RoleType>
            <CreatorId>STATE_OFFICER14</CreatorId>
            <CreatorDate>08/19/2020 12:51:39</CreatorDate>
            <UpdatorId>TSTC</UpdatorId>
            <UpdatorDate>08/15/2023 20:32:24</UpdatorDate>
         </IncidentPersonRole>
      </IncidentPerson>
      <IncidentPerson>
         <ApproxAge>35</ApproxAge>
         <ResidentStatusCode>R</ResidentStatusCode>
         <CreatorId>STATE_OFFICER14</CreatorId>
         <CreatorDate>08/19/2020 12:52:06</CreatorDate>
         <UpdatorId>TSTC</UpdatorId>
         <UpdatorDate>05/24/2023 12:41:24</UpdatorDate>
         <Person>
            <PersonId>3</PersonId>
            <RaceCode>W</RaceCode>
            <SexCode>F</SexCode>
            <PersonVerified>Y</PersonVerified>
            <PersonPrimaryName>
               <LastName>Schack</LastName>
               <FirstName>Lisa</FirstName>
               <DOB>02/01/1985 00:00:00</DOB>
               <DateOfInfo>02/10/2012 09:18:24</DateOfInfo>
               <SLastName>S200</SLastName>
               <SFirstName>L200</SFirstName>
            </PersonPrimaryName>
            <Alias>
               <NameTypeCode>P</NameTypeCode>
               <LastName>Schack</LastName>
               <FirstName>Lisa</FirstName>
               <DOB>02/01/1985 00:00:00</DOB>
               <SLastName>S200</SLastName>
               <SFirstName>L200</SFirstName>
               <DateOfInfo>02/10/2012 09:18:24</DateOfInfo>
            </Alias>
            <PersonPhone>
               <PhoneTypeCode>CEL</PhoneTypeCode>
               <PhoneArea>123</PhoneArea>
               <PhonePrefix>258</PhonePrefix>
               <PhoneSuffix>4789</PhoneSuffix>
               <DateOfInfo>02/10/2012 00:00:00</DateOfInfo>
            </PersonPhone>
         </Person>
         <IncidentPersonRole>
            <RoleType>V</RoleType>
            <CreatorId>STATE_OFFICER14</CreatorId>
            <CreatorDate>08/19/2020 12:52:06</CreatorDate>
            <UpdatorId>TSTC</UpdatorId>
            <UpdatorDate>08/15/2023 20:32:24</UpdatorDate>
         </IncidentPersonRole>
      </IncidentPerson>
   </IncidentSupplement>
</Incident>