<?xml version="1.0" encoding="UTF-8"?>
<Incident xmlns:xsi="http://www.w3.org/2001/XMLSchema-instance"
          xsi:noNamespaceSchemaLocation="file:///C:/DATA/EJS/SVN_Root/Ejustice/trunk/XMLTransformations/OnlineRMSInternalToIncident/IAOnlineRMSIncidentImport.xsd">
   <IncidentReportNum>2019D4210229</IncidentReportNum>
   <AgencyCode>D42</AgencyCode>
   <ORINum>SC0280000</ORINum>
   <ReportDate>04/09/2019 09:33:00</ReportDate>
   <ReportTime>04/09/2019 09:33:00</ReportTime>
   <StartDate>04/09/2019 09:33:00</StartDate>
   <StartTime>04/09/2019 09:33:00</StartTime>
   <Summary>Stolen property reported.</Summary>
   <CreatorId>CSAUR</CreatorId>
   <CreatorDate>04/09/2019 09:33:08</CreatorDate>
   <UpdatorId>TSTC</UpdatorId>
   <UpdatorDate>09/09/2021 18:46:42</UpdatorDate>
   <IncidentType>
      <IncidentTypeCode>B/B</IncidentTypeCode>
   </IncidentType>
   <IncidentAddress>
      <AddressId>1686</AddressId>
      <City>12</City>
      <CreatorId>CSAUR</CreatorId>
      <CreatorDate>04/09/2019 09:35:48</CreatorDate>
      <UpdatorId>TSTC</UpdatorId>
      <UpdatorDate>04/09/2019 09:36:20</UpdatorDate>
      <Address>
         <AddressId>1686</AddressId>
         <StreetNumber>100</StreetNumber>
         <StreetDirCode>N</StreetDirCode>
         <StreetName>Main</StreetName>
         <StreetTypeCode>ST</StreetTypeCode>
         <City>Bloomington</City>
         <StateCode>IL</StateCode>
         <Zip5>61701</Zip5>
         <CountryCode>US</CountryCode>
         <Longitude>-88.99362</Longitude>
         <Latitude>40.478721</Latitude>
      </Address>
   </IncidentAddress>
   <IncidentSupplement>
      <SupplementSequence>0</SupplementSequence>
      <IncSupplementStatusCode>A</IncSupplementStatusCode>
      <SuppReportDate>04/09/2019 09:33:10</SuppReportDate>
      <SuppReportTime>04/09/2019 09:33:10</SuppReportTime>
      <AgencyOnly>N</AgencyOnly>
      <SecurityLevel>1100</SecurityLevel>
      <SuppAgencyCode>D42</SuppAgencyCode>
      <UnknownNoOffenders>N</UnknownNoOffenders>
      <DsIcrDate>04/09/2019 09:57:48</DsIcrDate>
      <DsIcrSubmissionStatus>SENT WAITING FOR RESPONSE</DsIcrSubmissionStatus>
      <CreatorId>CSAUR</CreatorId>
      <CreatorDate>04/09/2019 09:33:10</CreatorDate>
      <UpdatorId>TSTC</UpdatorId>
      <UpdatorDate>08/05/2021 17:38:28</UpdatorDate>
      <IncidentSuppNarrative>
         <NarrativeNumber>1</NarrativeNumber>
         <NarrativeTitle>Original Narrative</NarrativeTitle>
         <NarrativeText>The window was open when I came home from work and noticed my gold necklace missing.</NarrativeText>
         <CreatorId>CSAUR</CreatorId>
         <CreatorDate>04/09/2019 09:48:11</CreatorDate>
         <UpdatorId>CSAUR</UpdatorId>
         <UpdatorDate>04/09/2019 09:48:45</UpdatorDate>
      </IncidentSuppNarrative>
      <IncidentOfficer>
         <OfficerRoleCode>P</OfficerRoleCode>
         <Officer>
            <AgencyCode>D42</AgencyCode>
            <ORINumber>SC0280000</ORINumber>
            <LastName>Saur</LastName>
            <FirstName>Christine</FirstName>
            <InternalID>SAUR111</InternalID>
         </Officer>
      </IncidentOfficer>
      <IncidentOfficer>
         <OfficerRoleCode>R</OfficerRoleCode>
         <Officer>
            <AgencyCode>D42</AgencyCode>
            <ORINumber>SC0280000</ORINumber>
            <LastName>Saur</LastName>
            <FirstName>Christine</FirstName>
            <InternalID>SAUR111</InternalID>
         </Officer>
      </IncidentOfficer>
      <IncidentOffense>
         <IncidentId>3218</IncidentId>
         <OffenseNumber>1</OffenseNumber>
         <OffenseStatusCode>00</OffenseStatusCode>
         <OffenseCode>35-43-2-1  B02</OffenseCode>
         <PlaceCode>20</PlaceCode>
         <BiasCode>88</BiasCode>
         <CSAUCode>C</CSAUCode>
         <SupplementSeq>0</SupplementSeq>
         <UCRNumber>1</UCRNumber>
         <OffenseStatusDate>04/09/2019 09:33:00</OffenseStatusDate>
         <ForcedEntryCode>F</ForcedEntryCode>
         <AttemptedCompletedCode>C</AttemptedCompletedCode>
         <CreatorId>CSAUR</CreatorId>
         <CreatorDate>04/09/2019 09:38:28</CreatorDate>
         <UpdatorId>CSAUR</UpdatorId>
         <UpdatorDate>04/09/2019 09:38:28</UpdatorDate>
      </IncidentOffense>
      <IncidentPerson>
         <ApproxAge>99</ApproxAge>
         <ResidentStatusCode>R</ResidentStatusCode>
         <CreatorId>CSAUR</CreatorId>
         <CreatorDate>04/09/2019 09:42:15</CreatorDate>
         <UpdatorId>TSTC</UpdatorId>
         <UpdatorDate>05/24/2023 12:41:23</UpdatorDate>
         <Person>
            <PersonId>1000</PersonId>
            <RaceCode>W</RaceCode>
            <SexCode>F</SexCode>
            <EthnicityCode>U</EthnicityCode>
            <PersonVerified>Y</PersonVerified>
            <PersonPrimaryName>
               <LastName>Poharcyk</LastName>
               <FirstName>Robin</FirstName>
               <MiddleName>R</MiddleName>
               <DOB>01/10/1910 00:00:00</DOB>
               <SSN>1.22222222E8</SSN>
               <DateOfInfo>01/22/2019 13:13:29</DateOfInfo>
               <SLastName>P622</SLastName>
               <SFirstName>R150</SFirstName>
            </PersonPrimaryName>
            <Alias>
               <NameTypeCode>P</NameTypeCode>
               <LastName>Poharcyk</LastName>
               <FirstName>Robin</FirstName>
               <MiddleName>R</MiddleName>
               <DOB>01/10/1910 00:00:00</DOB>
               <SSN>1.22222222E8</SSN>
               <SLastName>P622</SLastName>
               <SFirstName>R150</SFirstName>
               <DateOfInfo>01/22/2019 13:13:29</DateOfInfo>
            </Alias>
            <PersonAddress>
               <StreetNumber>123</StreetNumber>
               <StreetName>Main</StreetName>
               <StreetTypeCode>ST</StreetTypeCode>
               <City>Mount Desert</City>
               <StateCode>ME</StateCode>
               <Zip5>04662</Zip5>
               <CountryCode>US</CountryCode>
               <CountyCode>NaN</CountyCode>
               <Longitude>-68.2892093</Longitude>
               <Latitude>44.2937113</Latitude>
            </PersonAddress>
         </Person>
         <IncidentPersonRole>
            <RoleType>S</RoleType>
            <CreatorId>CSAUR</CreatorId>
            <CreatorDate>04/09/2019 09:53:34</CreatorDate>
            <UpdatorId>TSTC</UpdatorId>
            <UpdatorDate>08/15/2023 20:32:24</UpdatorDate>
         </IncidentPersonRole>
      </IncidentPerson>
      <IncidentPerson>
         <ApproxAge>45</ApproxAge>
         <ResidentStatusCode>R</ResidentStatusCode>
         <CreatorId>CSAUR</CreatorId>
         <CreatorDate>04/09/2019 09:54:25</CreatorDate>
         <UpdatorId>TSTC</UpdatorId>
         <UpdatorDate>05/24/2023 12:41:24</UpdatorDate>
         <Person>
            <PersonId>405</PersonId>
            <RaceCode>W</RaceCode>
            <SexCode>M</SexCode>
            <PersonVerified>Y</PersonVerified>
            <PersonPrimaryName>
               <LastName>CLARK</LastName>
               <FirstName>WILLIAM</FirstName>
               <MiddleName>RAY</MiddleName>
               <DOB>07/18/1973 00:00:00</DOB>
               <SSN>1.1130175E8</SSN>
               <DateOfInfo>10/01/2012 15:58:57</DateOfInfo>
               <SLastName>C462</SLastName>
               <SFirstName>W450</SFirstName>
            </PersonPrimaryName>
            <Alias>
               <NameTypeCode>P</NameTypeCode>
               <LastName>CLARK</LastName>
               <FirstName>WILLIAM</FirstName>
               <MiddleName>RAY</MiddleName>
               <DOB>07/18/1973 00:00:00</DOB>
               <SSN>1.1130175E8</SSN>
               <SLastName>C462</SLastName>
               <SFirstName>W450</SFirstName>
               <DateOfInfo>10/01/2012 15:58:57</DateOfInfo>
            </Alias>
            <PersonAddress>
               <StreetNumber>123</StreetNumber>
               <StreetName>Main</StreetName>
               <StreetTypeCode>ST</StreetTypeCode>
               <City>Mount Desert</City>
               <StateCode>ME</StateCode>
               <Zip5>04662</Zip5>
               <CountryCode>US</CountryCode>
               <CountyCode>NaN</CountyCode>
               <Longitude>-68.2892093</Longitude>
               <Latitude>44.2937113</Latitude>
            </PersonAddress>
         </Person>
         <IncidentPersonRole>
            <RoleType>V</RoleType>
            <CreatorId>CSAUR</CreatorId>
            <CreatorDate>04/09/2019 09:56:14</CreatorDate>
            <UpdatorId>TSTC</UpdatorId>
            <UpdatorDate>08/15/2023 20:32:24</UpdatorDate>
         </IncidentPersonRole>
      </IncidentPerson>
      <IncidentProperty>
         <RoleCode>7</RoleCode>
         <CreatorId>CSAUR</CreatorId>
         <CreatorDate>04/09/2019 09:46:40</CreatorDate>
         <UpdatorId>CSAUR</UpdatorId>
         <UpdatorDate>04/09/2019 09:56:51</UpdatorDate>
         <DateOfInfo>06/20/2013 00:00:00</DateOfInfo>
         <StatusCode>7</StatusCode>
         <DocumentTypeCode>P</DocumentTypeCode>
         <PropertyTypeCode>650</PropertyTypeCode>
         <PropertyValue>1000</PropertyValue>
         <Value>1000</Value>
         <SerialNumber>8309280</SerialNumber>
         <Evidence>Y</Evidence>
         <EvidenceFlag>Y</EvidenceFlag>
         <ExternalEvidenceId>488</ExternalEvidenceId>
         <Property_ID>832</Property_ID>
         <PrimaryColor>GLD</PrimaryColor>
         <SecondaryColor>GLD</SecondaryColor>
         <Quantity>1</Quantity>
      </IncidentProperty>
   </IncidentSupplement>
</Incident>