<?xml version="1.0" encoding="UTF-8"?>
<Incident xmlns:xsi="http://www.w3.org/2001/XMLSchema-instance"
          xsi:noNamespaceSchemaLocation="file:///C:/DATA/EJS/SVN_Root/Ejustice/trunk/XMLTransformations/OnlineRMSInternalToIncident/IAOnlineRMSIncidentImport.xsd">
   <IncidentReportNum>2020D4210298</IncidentReportNum>
   <AgencyCode>D42</AgencyCode>
   <ORINum>SC0280000</ORINum>
   <ReportDate>08/30/2020 16:54:00</ReportDate>
   <ReportTime>08/30/2020 16:54:00</ReportTime>
   <StartDate>08/30/2020 16:54:00</StartDate>
   <StartTime>08/30/2020 16:54:00</StartTime>
   <Summary>x</Summary>
   <CreatorId>STATE_OFFICER11</CreatorId>
   <CreatorDate>08/30/2020 16:54:23</CreatorDate>
   <UpdatorId>TSTC</UpdatorId>
   <UpdatorDate>09/09/2021 18:46:43</UpdatorDate>
   <IncidentType>
      <IncidentTypeCode>STP</IncidentTypeCode>
   </IncidentType>
   <IncidentAddress>
      <AddressId>1695</AddressId>
      <City>1</City>
      <CreatorId>STATE_OFFICER11</CreatorId>
      <CreatorDate>08/30/2020 16:56:03</CreatorDate>
      <UpdatorId>TSTC</UpdatorId>
      <UpdatorDate>08/30/2020 16:56:22</UpdatorDate>
      <Address>
         <AddressId>1695</AddressId>
         <StreetNumber>123</StreetNumber>
         <StreetDirCode>E</StreetDirCode>
         <StreetName>Main</StreetName>
         <StreetTypeCode>AVE</StreetTypeCode>
         <StreetSuffixCode>N</StreetSuffixCode>
         <City>denver</City>
         <StateCode>CO</StateCode>
         <Zip5>80401</Zip5>
         <Distance>0</Distance>
         <Beat>D2</Beat>
         <SubBeat>Sub D2</SubBeat>
      </Address>
   </IncidentAddress>
   <IncidentSupplement>
      <SupplementSequence>0</SupplementSequence>
      <IncSupplementStatusCode>A</IncSupplementStatusCode>
      <SuppReportDate>08/30/2020 16:54:24</SuppReportDate>
      <SuppReportTime>08/30/2020 16:54:24</SuppReportTime>
      <AgencyOnly>N</AgencyOnly>
      <SecurityLevel>1100</SecurityLevel>
      <SuppAgencyCode>D42</SuppAgencyCode>
      <UnknownNoOffenders>N</UnknownNoOffenders>
      <DsIcrDate>08/13/2021 16:26:55</DsIcrDate>
      <DsIcrSubmissionStatus>FAILED VALIDATION</DsIcrSubmissionStatus>
      <CreatorId>STATE_OFFICER11</CreatorId>
      <CreatorDate>08/30/2020 16:54:24</CreatorDate>
      <UpdatorId>TSTC</UpdatorId>
      <UpdatorDate>08/13/2021 16:26:55</UpdatorDate>
      <IncidentSuppNarrative>
         <NarrativeNumber>1</NarrativeNumber>
         <NarrativeTitle>Original Narrative</NarrativeTitle>
         <NarrativeText>ASDF - expunged</NarrativeText>
         <CreatorId>STATE_OFFICER11</CreatorId>
         <CreatorDate>10/02/2020 11:16:20</CreatorDate>
         <UpdatorId>STATE_OFFICER11</UpdatorId>
         <UpdatorDate>10/02/2020 11:16:20</UpdatorDate>
      </IncidentSuppNarrative>
      <IncidentOfficer>
         <OfficerRoleCode>P</OfficerRoleCode>
         <Officer>
            <AgencyCode>D42</AgencyCode>
            <ORINumber>SC0280000</ORINumber>
            <LastName>Simpson</LastName>
            <FirstName>Homer</FirstName>
            <InternalID>9696</InternalID>
         </Officer>
      </IncidentOfficer>
      <IncidentOfficer>
         <OfficerRoleCode>R</OfficerRoleCode>
         <Officer>
            <AgencyCode>D42</AgencyCode>
            <ORINumber>SC0280000</ORINumber>
            <LastName>Simpson</LastName>
            <FirstName>Homer</FirstName>
            <InternalID>9696</InternalID>
         </Officer>
      </IncidentOfficer>
      <IncidentOffense>
         <IncidentId>3291</IncidentId>
         <OffenseNumber>1</OffenseNumber>
         <OffenseStatusCode>00</OffenseStatusCode>
         <OffenseCode>0001</OffenseCode>
         <PlaceCode>25</PlaceCode>
         <BiasCode>88</BiasCode>
         <SupplementSeq>0</SupplementSeq>
         <UCRNumber>1</UCRNumber>
         <OffenseStatusDate>08/30/2020 16:54:00</OffenseStatusDate>
         <CreatorId>STATE_OFFICER11</CreatorId>
         <CreatorDate>08/31/2020 17:43:45</CreatorDate>
         <UpdatorId>STATE_OFFICER11</UpdatorId>
         <UpdatorDate>08/31/2020 17:43:45</UpdatorDate>
      </IncidentOffense>
   </IncidentSupplement>
   <IncidentSupplement>
      <SupplementSequence>1</SupplementSequence>
      <IncSupplementStatusCode>A</IncSupplementStatusCode>
      <SuppReportDate>01/04/2021 12:44:28</SuppReportDate>
      <SuppReportTime>01/04/2021 12:44:28</SuppReportTime>
      <AgencyOnly>N</AgencyOnly>
      <SecurityLevel>1100</SecurityLevel>
      <SuppAgencyCode>D42</SuppAgencyCode>
      <UnknownNoOffenders>N</UnknownNoOffenders>
      <DsIcrDate>01/04/2021 12:55:22</DsIcrDate>
      <DsIcrSubmissionStatus>READY TO BE PROCESSED-ORIGINAL</DsIcrSubmissionStatus>
      <CreatorId>BPANGLE</CreatorId>
      <CreatorDate>01/04/2021 12:44:28</CreatorDate>
      <UpdatorId>STATE_OFFICER11</UpdatorId>
      <UpdatorDate>08/13/2021 16:26:51</UpdatorDate>
      <IncidentSuppNarrative>
         <NarrativeNumber>1</NarrativeNumber>
         <NarrativeTitle>Supplement #1 Narrative</NarrativeTitle>
         <NarrativeText>EXPUNGED&lt;br /&gt; &lt;br /&gt; normal&lt;br /&gt; &lt;strong&gt;bold&lt;/strong&gt;&lt;br /&gt; &lt;em&gt;italic&lt;/em&gt;&lt;br /&gt; &lt;u&gt;underline&lt;/u&gt;&lt;br /&gt; &lt;strike&gt;strikethrough&lt;/strike&gt;&lt;br /&gt; &lt;br /&gt; &lt;em&gt;&lt;strong&gt;bold italic&lt;/strong&gt;&lt;/em&gt;&lt;br /&gt; &lt;u&gt;&lt;strong&gt;bold underline&lt;/strong&gt;&lt;/u&gt;&lt;br /&gt; &lt;strike&gt;&lt;strong&gt;bold strikethrough&lt;/strong&gt;&lt;/strike&gt;&lt;br /&gt; &lt;br /&gt; &lt;u&gt;&lt;em&gt;italic underline&lt;/em&gt;&lt;/u&gt;&lt;br /&gt; &lt;strike&gt;&lt;em&gt;italic strikethrough&lt;/em&gt;&lt;br /&gt; &lt;br /&gt; &lt;u&gt;underline strikethrough&lt;/u&gt;&lt;/strike&gt;&lt;br /&gt; &lt;br /&gt; &lt;span style="color:#00ff00"&gt;color&lt;/span&gt;</NarrativeText>
         <CreatorId>STATE_OFFICER11</CreatorId>
         <CreatorDate>01/04/2021 12:56:17</CreatorDate>
         <UpdatorId>STATE_OFFICER11</UpdatorId>
         <UpdatorDate>01/04/2021 12:56:17</UpdatorDate>
      </IncidentSuppNarrative>
      <IncidentOfficer>
         <OfficerRoleCode>P</OfficerRoleCode>
         <Officer>
            <AgencyCode>D42</AgencyCode>
            <ORINumber>SC0280000</ORINumber>
            <LastName>Simpson</LastName>
            <FirstName>Homer</FirstName>
            <InternalID>9696</InternalID>
         </Officer>
      </IncidentOfficer>
      <IncidentOfficer>
         <OfficerRoleCode>R</OfficerRoleCode>
         <Officer>
            <AgencyCode>D42</AgencyCode>
            <ORINumber>SC0280000</ORINumber>
            <LastName>Pangle</LastName>
            <FirstName>Brandon</FirstName>
            <InternalID>8888a</InternalID>
         </Officer>
      </IncidentOfficer>
      <IncidentOffense>
         <IncidentId>3291</IncidentId>
         <OffenseNumber>1</OffenseNumber>
         <OffenseStatusCode>00</OffenseStatusCode>
         <OffenseCode>0001</OffenseCode>
         <PlaceCode>25</PlaceCode>
         <BiasCode>88</BiasCode>
         <CSAUCode>C</CSAUCode>
         <SupplementSeq>1</SupplementSeq>
         <UCRNumber>1</UCRNumber>
         <OffenseStatusDate>01/04/2021 12:53:00</OffenseStatusDate>
         <AttemptedCompletedCode>C</AttemptedCompletedCode>
         <CreatorId>BPANGLE</CreatorId>
         <CreatorDate>01/04/2021 12:53:52</CreatorDate>
         <UpdatorId>BPANGLE</UpdatorId>
         <UpdatorDate>01/04/2021 12:54:11</UpdatorDate>
      </IncidentOffense>
      <IncidentPerson>
         <ApproxAge>41</ApproxAge>
         <ResidentStatusCode>U</ResidentStatusCode>
         <CreatorId>BPANGLE</CreatorId>
         <CreatorDate>01/04/2021 12:49:08</CreatorDate>
         <UpdatorId>TSTC</UpdatorId>
         <UpdatorDate>05/24/2023 12:41:25</UpdatorDate>
         <Person>
            <PersonId>95</PersonId>
            <RaceCode>W</RaceCode>
            <SexCode>F</SexCode>
            <PersonVerified>Y</PersonVerified>
            <PersonPrimaryName>
               <LastName>Heigl</LastName>
               <FirstName>Katherine</FirstName>
               <MiddleName>Marie</MiddleName>
               <DOB>11/24/1978 00:00:00</DOB>
               <DateOfInfo>04/09/2012 11:32:50</DateOfInfo>
               <SLastName>H240</SLastName>
               <SFirstName>K365</SFirstName>
            </PersonPrimaryName>
            <Alias>
               <NameTypeCode>P</NameTypeCode>
               <LastName>Heigl</LastName>
               <FirstName>Katherine</FirstName>
               <MiddleName>Marie</MiddleName>
               <DOB>11/24/1978 00:00:00</DOB>
               <SLastName>H240</SLastName>
               <SFirstName>K365</SFirstName>
               <DateOfInfo>04/09/2012 11:32:50</DateOfInfo>
            </Alias>
            <PersonAddress>
               <StreetNumber>123</StreetNumber>
               <StreetDirCode>N</StreetDirCode>
               <StreetName>Main</StreetName>
               <StreetTypeCode>ST</StreetTypeCode>
               <City>BATESVILLE</City>
               <StateCode>IN</StateCode>
               <CountryCode>US</CountryCode>
               <CountyCode>11</CountyCode>
               <Longitude>-85.221902</Longitude>
               <Latitude>39.299375</Latitude>
               <Beat>Test</Beat>
               <SubBeat>Area</SubBeat>
            </PersonAddress>
         </Person>
         <IncidentPersonRole>
            <RoleType>S</RoleType>
            <CreatorId>BPANGLE</CreatorId>
            <CreatorDate>01/04/2021 12:49:08</CreatorDate>
            <UpdatorId>TSTC</UpdatorId>
            <UpdatorDate>08/15/2023 20:32:24</UpdatorDate>
         </IncidentPersonRole>
      </IncidentPerson>
   </IncidentSupplement>
   <IncidentSupplement>
      <SupplementSequence>3</SupplementSequence>
      <IncSupplementStatusCode>A</IncSupplementStatusCode>
      <SuppReportDate>08/13/2021 16:25:27</SuppReportDate>
      <SuppReportTime>08/13/2021 16:25:27</SuppReportTime>
      <AgencyOnly>N</AgencyOnly>
      <SecurityLevel>1100</SecurityLevel>
      <SuppAgencyCode>D42</SuppAgencyCode>
      <UnknownNoOffenders>N</UnknownNoOffenders>
      <DsIcrDate>08/13/2021 16:26:50</DsIcrDate>
      <DsIcrSubmissionStatus>READY TO BE PROCESSED-ORIGINAL</DsIcrSubmissionStatus>
      <CreatorId>BPANGLE</CreatorId>
      <CreatorDate>08/13/2021 16:25:27</CreatorDate>
      <UpdatorId>STATE_OFFICER11</UpdatorId>
      <UpdatorDate>08/13/2021 16:26:51</UpdatorDate>
      <IncidentSuppNarrative>
         <NarrativeNumber>1</NarrativeNumber>
         <NarrativeTitle>Supplement #3 Narrative</NarrativeTitle>
         <NarrativeText>sdfsdf</NarrativeText>
         <CreatorId>BPANGLE</CreatorId>
         <CreatorDate>08/13/2021 16:26:10</CreatorDate>
         <UpdatorId>BPANGLE</UpdatorId>
         <UpdatorDate>08/13/2021 16:26:10</UpdatorDate>
      </IncidentSuppNarrative>
      <IncidentOfficer>
         <OfficerRoleCode>P</OfficerRoleCode>
         <Officer>
            <AgencyCode>D42</AgencyCode>
            <ORINumber>SC0280000</ORINumber>
            <LastName>Simpson</LastName>
            <FirstName>Homer</FirstName>
            <InternalID>9696</InternalID>
         </Officer>
      </IncidentOfficer>
      <IncidentOfficer>
         <OfficerRoleCode>R</OfficerRoleCode>
         <Officer>
            <AgencyCode>D42</AgencyCode>
            <ORINumber>SC0280000</ORINumber>
            <LastName>Pangle</LastName>
            <FirstName>Brandon</FirstName>
            <InternalID>8888a</InternalID>
         </Officer>
      </IncidentOfficer>
   </IncidentSupplement>
</Incident>