<?xml version="1.0" encoding="UTF-8"?>
<Incident xmlns:xsi="http://www.w3.org/2001/XMLSchema-instance"
          xsi:noNamespaceSchemaLocation="file:///C:/DATA/EJS/SVN_Root/Ejustice/trunk/XMLTransformations/OnlineRMSInternalToIncident/IAOnlineRMSIncidentImport.xsd">
   <IncidentReportNum>2022D4210394</IncidentReportNum>
   <AgencyCode>D42</AgencyCode>
   <ORINum>SC0280000</ORINum>
   <ReportDate>04/08/2022 13:55:00</ReportDate>
   <ReportTime>04/08/2022 13:55:00</ReportTime>
   <StartDate>03/23/2022 13:29:00</StartDate>
   <StartTime>04/01/2022 13:29:00</StartTime>
   <Summary>TEstsssasdf</Summary>
   <InternalIncident>Y</InternalIncident>
   <CreatorId>STATE_OFFICER11</CreatorId>
   <CreatorDate>04/08/2022 13:57:20</CreatorDate>
   <UpdatorId>STATE_OFFICER11</UpdatorId>
   <UpdatorDate>09/12/2023 11:01:48</UpdatorDate>
   <IncidentType>
      <IncidentTypeCode>CITREP</IncidentTypeCode>
   </IncidentType>
   <IncidentType>
      <IncidentTypeCode>B/B</IncidentTypeCode>
   </IncidentType>
   <IncidentType>
      <IncidentTypeCode>CDT</IncidentTypeCode>
   </IncidentType>
   <IncidentAddress>
      <AddressId>1775</AddressId>
      <Beat>Test</Beat>
      <SubBeat>Area</SubBeat>
      <City>13</City>
      <CreatorId>STATE_OFFICER11</CreatorId>
      <CreatorDate>06/23/2022 11:52:56</CreatorDate>
      <UpdatorId>TSTC</UpdatorId>
      <UpdatorDate>09/13/2022 13:40:29</UpdatorDate>
      <Address>
         <AddressId>1775</AddressId>
         <StreetNumber>806</StreetNumber>
         <StreetName>Myrtle</StreetName>
         <StreetTypeCode>AVE</StreetTypeCode>
         <City>Frankfort</City>
         <StateCode>IN</StateCode>
         <Zip5>46041</Zip5>
         <CountryCode>US</CountryCode>
         <Beat>Test</Beat>
         <SubBeat>Area</SubBeat>
         <Longitude>-86.524798</Longitude>
         <Latitude>40.2875</Latitude>
         <AddressCommonName>
            <CommonPlaceName>Wild West Hall</CommonPlaceName>
         </AddressCommonName>
         <AddressCommonName>
            <CommonPlaceName>ANG TEST</CommonPlaceName>
         </AddressCommonName>
      </Address>
   </IncidentAddress>
   <IncidentSupplement>
      <SupplementSequence>0</SupplementSequence>
      <IncSupplementStatusCode>A</IncSupplementStatusCode>
      <SuppReportDate>04/08/2022 13:57:21</SuppReportDate>
      <SuppReportTime>04/08/2022 13:57:21</SuppReportTime>
      <AgencyOnly>Y</AgencyOnly>
      <SecurityLevel>1100</SecurityLevel>
      <SuppAgencyCode>D42</SuppAgencyCode>
      <UnknownNoOffenders>N</UnknownNoOffenders>
      <DsIcrDate>09/12/2023 11:01:51</DsIcrDate>
      <DsIcrSubmissionStatus>READY TO BE PROCESSED-ORIGINAL</DsIcrSubmissionStatus>
      <CreatorId>STATE_OFFICER11</CreatorId>
      <CreatorDate>04/08/2022 13:57:21</CreatorDate>
      <UpdatorId>STATE_OFFICER11</UpdatorId>
      <UpdatorDate>09/12/2023 11:01:51</UpdatorDate>
      <IncidentSuppNarrative>
         <NarrativeNumber>1</NarrativeNumber>
         <NarrativeTitle>Complainant Narrative</NarrativeTitle>
         <NarrativeText>sdasdasdasd&lt;br /&gt; &lt;br /&gt; Name: Hank Bane Sex: Male Race: White DOB: 05/04/1987&lt;br /&gt; Name: HANK AUSTIN JAMES BEERTZER Sex: Male Race: White DOB: 10/24/1997&lt;br /&gt; Name: HARVARD BUSINESS SCHOOL&lt;br /&gt; Year: 2019 Vin: 23098732LKJ234 Make: BMW(BMW) Model: 330CI License: XYZ123 License State: CO Month: 1 Year: 2021&lt;br /&gt; Make: Wilson Model: 123&lt;br /&gt; Drug: DRUGS - COMMON MEDICINE Type: SUSPECTED MARIJUANA Quantity: 2&lt;br /&gt; Call Date: 11/26/2018 11:46&lt;br /&gt; &lt;br /&gt; Name: HANK AUSTIN JAMES BEERTZER Sex: Male Race: White DOB: 10/24/1997&lt;br /&gt; Name: Charlie Snoops Brown Sex: Male Race: White DOB: 05/04/1999&lt;br /&gt; Name: Auckland Boys grammar Address: 2924 East 1250 South Building #99 Battle Ground, IN 47920 Phone: 985-457-8541&lt;br /&gt; Year: 2019 Vin: 23098732LKJ234 Make: BMW(BMW) Model: 330CI License: XYZ123 License State: CO Month: 1 Year: 2021&lt;br /&gt; Make: Wilson Model: 123&lt;br /&gt; Drug: DRUGS - COMMON MEDICINE Type: SUSPECTED MARIJUANA Quantity: 13&lt;br /&gt; Occurrence Date: 03/23/2022 11:29</NarrativeText>
         <CreatorId>STATE_OFFICER11</CreatorId>
         <CreatorDate>04/08/2022 13:57:21</CreatorDate>
         <UpdatorId>STATE_OFFICER11</UpdatorId>
         <UpdatorDate>11/02/2022 10:44:29</UpdatorDate>
      </IncidentSuppNarrative>
      <IncidentSuppNarrative>
         <NarrativeNumber>2</NarrativeNumber>
         <NarrativeTitle>Original Narrative</NarrativeTitle>
         <NarrativeText>sdfsdf</NarrativeText>
         <CreatorId>STATE_OFFICER11</CreatorId>
         <CreatorDate>06/23/2022 11:52:59</CreatorDate>
         <UpdatorId>STATE_OFFICER11</UpdatorId>
         <UpdatorDate>06/23/2022 11:52:59</UpdatorDate>
      </IncidentSuppNarrative>
      <IncidentSuppNarrative>
         <NarrativeNumber>3</NarrativeNumber>
         <NarrativeTitle>Original Narrative</NarrativeTitle>
         <CreatorId>STATE_OFFICER11</CreatorId>
         <CreatorDate>11/01/2022 12:40:51</CreatorDate>
         <UpdatorId>STATE_OFFICER11</UpdatorId>
         <UpdatorDate>11/01/2022 12:45:36</UpdatorDate>
      </IncidentSuppNarrative>
      <IncidentSuppNarrative>
         <NarrativeNumber>4</NarrativeNumber>
         <NarrativeTitle>Original Narrative</NarrativeTitle>
         <CreatorId>STATE_OFFICER11</CreatorId>
         <CreatorDate>11/01/2022 13:00:44</CreatorDate>
         <UpdatorId>STATE_OFFICER11</UpdatorId>
         <UpdatorDate>11/01/2022 13:38:32</UpdatorDate>
      </IncidentSuppNarrative>
      <IncidentOfficer>
         <OfficerRoleCode>A</OfficerRoleCode>
         <Officer>
            <AgencyCode>D21</AgencyCode>
            <ORINumber>901234567</ORINumber>
            <LastName>Pastry</LastName>
            <FirstName>Crispy</FirstName>
            <InternalID>94672</InternalID>
         </Officer>
      </IncidentOfficer>
      <IncidentOfficer>
         <OfficerRoleCode>P</OfficerRoleCode>
         <Officer>
            <AgencyCode>D42</AgencyCode>
            <ORINumber>SC0280000</ORINumber>
            <LastName>Simpson</LastName>
            <FirstName>Homer</FirstName>
            <InternalID>9696</InternalID>
         </Officer>
      </IncidentOfficer>
      <IncidentOfficer>
         <OfficerRoleCode>R</OfficerRoleCode>
         <Officer>
            <AgencyCode>D42</AgencyCode>
            <ORINumber>SC0280000</ORINumber>
            <LastName>Simpson</LastName>
            <FirstName>Homer</FirstName>
            <InternalID>9696</InternalID>
         </Officer>
      </IncidentOfficer>
      <IncidentOfficer>
         <OfficerRoleCode>X</OfficerRoleCode>
         <Officer>
            <AgencyCode>D42</AgencyCode>
            <ORINumber>SC0280000</ORINumber>
            <LastName>Simpson</LastName>
            <FirstName>Homer</FirstName>
            <InternalID>9696</InternalID>
         </Officer>
      </IncidentOfficer>
      <IncidentOffense>
         <IncidentId>3398</IncidentId>
         <OffenseNumber>1</OffenseNumber>
         <OffenseStatusCode>00</OffenseStatusCode>
         <OffenseCode>7.1-5-11-14</OffenseCode>
         <PlaceCode>57</PlaceCode>
         <BiasCode>88</BiasCode>
         <CSAUCode>C</CSAUCode>
         <SupplementSeq>0</SupplementSeq>
         <UCRNumber>1</UCRNumber>
         <OffenseStatusDate>03/23/2022 13:29:00</OffenseStatusDate>
         <AttemptedCompletedCode>C</AttemptedCompletedCode>
         <ArrestChargeCode>7.1-5-11-14</ArrestChargeCode>
         <CreatorId>STATE_OFFICER11</CreatorId>
         <CreatorDate>06/23/2022 11:52:57</CreatorDate>
         <UpdatorId>STATE_OFFICER11</UpdatorId>
         <UpdatorDate>06/23/2022 11:52:57</UpdatorDate>
      </IncidentOffense>
      <IncidentOffense>
         <IncidentId>3398</IncidentId>
         <OffenseNumber>2</OffenseNumber>
         <OffenseStatusCode>00</OffenseStatusCode>
         <OffenseCode>35-43-2-1  B02</OffenseCode>
         <PlaceCode>25</PlaceCode>
         <BiasCode>88</BiasCode>
         <CSAUCode>C</CSAUCode>
         <SupplementSeq>0</SupplementSeq>
         <UCRNumber>2</UCRNumber>
         <OffenseStatusDate>03/23/2022 13:29:00</OffenseStatusDate>
         <ForcedEntryCode>F</ForcedEntryCode>
         <AttemptedCompletedCode>C</AttemptedCompletedCode>
         <CreatorId>STATE_OFFICER11</CreatorId>
         <CreatorDate>06/23/2022 11:52:58</CreatorDate>
         <UpdatorId>STATE_OFFICER11</UpdatorId>
         <UpdatorDate>06/23/2022 11:52:58</UpdatorDate>
      </IncidentOffense>
      <IncidentOffense>
         <IncidentId>3398</IncidentId>
         <OffenseNumber>3</OffenseNumber>
         <OffenseStatusCode>00</OffenseStatusCode>
         <OffenseCode>9-21-6-1</OffenseCode>
         <PlaceCode>25</PlaceCode>
         <BiasCode>88</BiasCode>
         <CSAUCode>C</CSAUCode>
         <SupplementSeq>0</SupplementSeq>
         <UCRNumber>3</UCRNumber>
         <OffenseStatusDate>03/25/2022 11:20:00</OffenseStatusDate>
         <AttemptedCompletedCode>C</AttemptedCompletedCode>
         <CreatorId>STATE_OFFICER11</CreatorId>
         <CreatorDate>06/23/2022 11:55:28</CreatorDate>
         <UpdatorId>STATE_OFFICER11</UpdatorId>
         <UpdatorDate>08/08/2022 11:20:37</UpdatorDate>
      </IncidentOffense>
      <IncidentOffense>
         <IncidentId>3398</IncidentId>
         <OffenseNumber>4</OffenseNumber>
         <OffenseStatusCode>00</OffenseStatusCode>
         <OffenseCode>35-42-2-1  B04</OffenseCode>
         <PlaceCode>25</PlaceCode>
         <BiasCode>88</BiasCode>
         <CSAUCode>C</CSAUCode>
         <SupplementSeq>0</SupplementSeq>
         <UCRNumber>4</UCRNumber>
         <OffenseStatusDate>03/23/2022 13:29:00</OffenseStatusDate>
         <AttemptedCompletedCode>C</AttemptedCompletedCode>
         <CreatorId>STATE_OFFICER11</CreatorId>
         <CreatorDate>08/08/2022 11:21:27</CreatorDate>
         <UpdatorId>STATE_OFFICER11</UpdatorId>
         <UpdatorDate>08/08/2022 11:21:27</UpdatorDate>
      </IncidentOffense>
      <IncidentPerson>
         <ApproxAge>24</ApproxAge>
         <ResidentStatusCode>R</ResidentStatusCode>
         <CreatorId>STATE_OFFICER11</CreatorId>
         <CreatorDate>06/23/2022 11:52:58</CreatorDate>
         <UpdatorId>TSTC</UpdatorId>
         <UpdatorDate>05/24/2023 12:41:25</UpdatorDate>
         <Person>
            <PersonId>972</PersonId>
            <RaceCode>W</RaceCode>
            <SexCode>M</SexCode>
            <PersonVerified>Y</PersonVerified>
            <PersonPrimaryName>
               <LastName>BEERTZER</LastName>
               <FirstName>HANK</FirstName>
               <MiddleName>AUSTIN JAMES</MiddleName>
               <DOB>10/24/1997 00:00:00</DOB>
               <SSN>4.82001223E8</SSN>
               <DateOfInfo>10/01/2018 11:38:29</DateOfInfo>
               <SLastName>B632</SLastName>
               <SFirstName>H520</SFirstName>
            </PersonPrimaryName>
            <PersonPrimaryName>
               <LastName>B</LastName>
               <MiddleName>HENRY</MiddleName>
               <DateOfInfo>10/01/2018 00:00:00</DateOfInfo>
               <SLastName>B000</SLastName>
            </PersonPrimaryName>
            <PersonPrimaryName>
               <LastName>B</LastName>
               <FirstName>AA</FirstName>
               <MiddleName>HARLY</MiddleName>
               <DateOfInfo>10/01/2018 00:00:00</DateOfInfo>
               <SLastName>B000</SLastName>
               <SFirstName>A000</SFirstName>
            </PersonPrimaryName>
            <Alias>
               <NameTypeCode>P</NameTypeCode>
               <LastName>BEERTZER</LastName>
               <FirstName>HANK</FirstName>
               <MiddleName>AUSTIN JAMES</MiddleName>
               <DOB>10/24/1997 00:00:00</DOB>
               <SSN>4.82001223E8</SSN>
               <SLastName>B632</SLastName>
               <SFirstName>H520</SFirstName>
               <DateOfInfo>10/01/2018 11:38:29</DateOfInfo>
            </Alias>
            <Alias>
               <NameTypeCode>A</NameTypeCode>
               <LastName>B</LastName>
               <MiddleName>HENRY</MiddleName>
               <SLastName>B000</SLastName>
               <DateOfInfo>10/01/2018 00:00:00</DateOfInfo>
            </Alias>
            <Alias>
               <NameTypeCode>A</NameTypeCode>
               <LastName>B</LastName>
               <FirstName>AA</FirstName>
               <MiddleName>HARLY</MiddleName>
               <SLastName>B000</SLastName>
               <SFirstName>A000</SFirstName>
               <DateOfInfo>10/01/2018 00:00:00</DateOfInfo>
            </Alias>
         </Person>
         <IncidentPersonRole>
            <RoleType>V</RoleType>
            <CreatorId>STATE_OFFICER11</CreatorId>
            <CreatorDate>11/02/2022 10:45:49</CreatorDate>
            <UpdatorId>TSTC</UpdatorId>
            <UpdatorDate>08/15/2023 20:32:25</UpdatorDate>
         </IncidentPersonRole>
      </IncidentPerson>
      <IncidentPerson>
         <ApproxAge>34</ApproxAge>
         <CreatorId>STATE_OFFICER11</CreatorId>
         <CreatorDate>11/01/2022 12:45:55</CreatorDate>
         <UpdatorId>TSTC</UpdatorId>
         <UpdatorDate>05/24/2023 12:41:25</UpdatorDate>
         <Person>
            <PersonId>1209</PersonId>
            <RaceCode>W</RaceCode>
            <SexCode>M</SexCode>
            <EthnicityCode>U</EthnicityCode>
            <PersonVerified>Y</PersonVerified>
            <PersonPrimaryName>
               <LastName>Bane</LastName>
               <FirstName>Hank</FirstName>
               <DOB>05/04/1987 00:00:00</DOB>
               <DateOfInfo>11/01/2022 11:35:54</DateOfInfo>
               <SLastName>B500</SLastName>
               <SFirstName>H520</SFirstName>
            </PersonPrimaryName>
            <Alias>
               <NameTypeCode>P</NameTypeCode>
               <LastName>Bane</LastName>
               <FirstName>Hank</FirstName>
               <DOB>05/04/1987 00:00:00</DOB>
               <SLastName>B500</SLastName>
               <SFirstName>H520</SFirstName>
               <DateOfInfo>11/01/2022 11:35:54</DateOfInfo>
            </Alias>
            <PersonPhone>
               <PhoneTypeCode>CEL</PhoneTypeCode>
               <PhoneArea>111</PhoneArea>
               <PhonePrefix>222</PhonePrefix>
               <PhoneSuffix>1234</PhoneSuffix>
               <DateOfInfo>11/01/2022 00:00:00</DateOfInfo>
            </PersonPhone>
         </Person>
         <IncidentPersonRole>
            <RoleType>S</RoleType>
            <CreatorId>STATE_OFFICER11</CreatorId>
            <CreatorDate>11/01/2022 12:45:55</CreatorDate>
            <UpdatorId>TSTC</UpdatorId>
            <UpdatorDate>08/15/2023 20:32:24</UpdatorDate>
         </IncidentPersonRole>
      </IncidentPerson>
      <IncidentPerson>
         <ApproxAge>34</ApproxAge>
         <CreatorId>STATE_OFFICER11</CreatorId>
         <CreatorDate>11/01/2022 13:36:37</CreatorDate>
         <UpdatorId>TSTC</UpdatorId>
         <UpdatorDate>05/24/2023 12:41:26</UpdatorDate>
         <Person>
            <PersonId>254</PersonId>
            <RaceCode>A</RaceCode>
            <SexCode>M</SexCode>
            <EthnicityCode>H</EthnicityCode>
            <PersonVerified>Y</PersonVerified>
            <PersonPrimaryName>
               <LastName>ALEXANDER</LastName>
               <FirstName>KAREN</FirstName>
               <MiddleName>A</MiddleName>
               <DateOfInfo>06/06/2012 14:50:22</DateOfInfo>
               <SLastName>A425</SLastName>
               <SFirstName>K650</SFirstName>
            </PersonPrimaryName>
            <PersonPrimaryName>
               <LastName>Joe</LastName>
               <FirstName>Schmoe</FirstName>
               <MiddleName>Idaho</MiddleName>
               <DateOfInfo>03/15/2013 00:00:00</DateOfInfo>
               <SLastName>J000</SLastName>
               <SFirstName>S500</SFirstName>
            </PersonPrimaryName>
            <PersonPrimaryName>
               <LastName>Asd</LastName>
               <FirstName>Asd</FirstName>
               <DateOfInfo>03/15/2013 00:00:00</DateOfInfo>
               <SLastName>A230</SLastName>
               <SFirstName>A230</SFirstName>
            </PersonPrimaryName>
            <Alias>
               <NameTypeCode>A</NameTypeCode>
               <LastName>ALEXANDER</LastName>
               <FirstName>KAREN</FirstName>
               <MiddleName>A</MiddleName>
               <SLastName>A425</SLastName>
               <SFirstName>K650</SFirstName>
               <DateOfInfo>06/06/2012 14:50:22</DateOfInfo>
            </Alias>
            <Alias>
               <NameTypeCode>P</NameTypeCode>
               <LastName>Joe</LastName>
               <FirstName>Schmoe</FirstName>
               <MiddleName>Idaho</MiddleName>
               <SLastName>J000</SLastName>
               <SFirstName>S500</SFirstName>
               <DateOfInfo>03/15/2013 00:00:00</DateOfInfo>
            </Alias>
            <Alias>
               <NameTypeCode>M</NameTypeCode>
               <LastName>Asd</LastName>
               <FirstName>Asd</FirstName>
               <SLastName>A230</SLastName>
               <SFirstName>A230</SFirstName>
               <DateOfInfo>03/15/2013 00:00:00</DateOfInfo>
            </Alias>
            <PersonAddress>
               <StreetName>17841PATRICKST</StreetName>
               <City>ROMULUS</City>
               <StateCode>MI</StateCode>
               <Zip5>48174</Zip5>
            </PersonAddress>
         </Person>
         <IncidentPersonRole>
            <RoleType>S</RoleType>
            <CreatorId>STATE_OFFICER11</CreatorId>
            <CreatorDate>11/01/2022 13:36:37</CreatorDate>
            <UpdatorId>TSTC</UpdatorId>
            <UpdatorDate>08/15/2023 20:32:24</UpdatorDate>
         </IncidentPersonRole>
      </IncidentPerson>
      <IncidentPerson>
         <ApproxAge>37</ApproxAge>
         <CreatorId>STATE_OFFICER11</CreatorId>
         <CreatorDate>11/01/2022 13:37:12</CreatorDate>
         <UpdatorId>TSTC</UpdatorId>
         <UpdatorDate>05/24/2023 12:41:25</UpdatorDate>
         <Person>
            <PersonId>1198</PersonId>
            <RaceCode>W</RaceCode>
            <SexCode>M</SexCode>
            <EthnicityCode>U</EthnicityCode>
            <PersonVerified>Y</PersonVerified>
            <PersonPrimaryName>
               <LastName>ALLEN</LastName>
               <FirstName>DONALD</FirstName>
               <DOB>10/24/1984 00:00:00</DOB>
               <SSN>1.11223333E8</SSN>
               <DateOfInfo>07/25/2022 14:02:40</DateOfInfo>
               <SLastName>A450</SLastName>
               <SFirstName>D543</SFirstName>
            </PersonPrimaryName>
            <Alias>
               <NameTypeCode>P</NameTypeCode>
               <LastName>ALLEN</LastName>
               <FirstName>DONALD</FirstName>
               <DOB>10/24/1984 00:00:00</DOB>
               <SSN>1.11223333E8</SSN>
               <SLastName>A450</SLastName>
               <SFirstName>D543</SFirstName>
               <DateOfInfo>07/25/2022 14:02:40</DateOfInfo>
            </Alias>
            <PersonAddress>
               <StreetNumber>136</StreetNumber>
               <StreetName>Cory</StreetName>
               <StreetTypeCode>LN</StreetTypeCode>
               <City>Versailles</City>
               <StateCode>IN</StateCode>
               <Zip5>47042</Zip5>
               <Zip4>9590</Zip4>
               <CountryCode>US</CountryCode>
               <CountyCode>NaN</CountyCode>
               <Longitude>-85.258626</Longitude>
               <Latitude>39.062077</Latitude>
            </PersonAddress>
         </Person>
         <IncidentPersonRole>
            <RoleType>S</RoleType>
            <CreatorId>STATE_OFFICER11</CreatorId>
            <CreatorDate>11/01/2022 13:37:12</CreatorDate>
            <UpdatorId>TSTC</UpdatorId>
            <UpdatorDate>08/15/2023 20:32:24</UpdatorDate>
         </IncidentPersonRole>
      </IncidentPerson>
      <IncidentPerson>
         <ApproxAge>37</ApproxAge>
         <CreatorId>STATE_OFFICER11</CreatorId>
         <CreatorDate>11/01/2022 13:37:32</CreatorDate>
         <UpdatorId>TSTC</UpdatorId>
         <UpdatorDate>05/24/2023 12:41:26</UpdatorDate>
         <Person>
            <PersonId>1153</PersonId>
            <RaceCode>W</RaceCode>
            <SexCode>M</SexCode>
            <EthnicityCode>N</EthnicityCode>
            <PersonVerified>Y</PersonVerified>
            <PersonPrimaryName>
               <LastName>ALLEN</LastName>
               <FirstName>DONALD</FirstName>
               <DOB>10/24/1984 00:00:00</DOB>
               <SSN>1.11223333E8</SSN>
               <DateOfInfo>07/25/2021 21:56:37</DateOfInfo>
               <SLastName>A450</SLastName>
               <SFirstName>D543</SFirstName>
            </PersonPrimaryName>
            <Alias>
               <NameTypeCode>P</NameTypeCode>
               <LastName>ALLEN</LastName>
               <FirstName>DONALD</FirstName>
               <DOB>10/24/1984 00:00:00</DOB>
               <SSN>1.11223333E8</SSN>
               <SLastName>A450</SLastName>
               <SFirstName>D543</SFirstName>
               <DateOfInfo>07/25/2021 21:56:37</DateOfInfo>
            </Alias>
            <PersonAddress>
               <StreetNumber>4</StreetNumber>
               <StateCode>DE</StateCode>
               <Zip5>11111</Zip5>
               <CountyCode>NaN</CountyCode>
            </PersonAddress>
         </Person>
         <IncidentPersonRole>
            <RoleType>S</RoleType>
            <CreatorId>STATE_OFFICER11</CreatorId>
            <CreatorDate>11/01/2022 13:37:32</CreatorDate>
            <UpdatorId>TSTC</UpdatorId>
            <UpdatorDate>08/15/2023 20:32:24</UpdatorDate>
         </IncidentPersonRole>
      </IncidentPerson>
      <IncidentPerson>
         <ApproxAge>22</ApproxAge>
         <CreatorId>STATE_OFFICER11</CreatorId>
         <CreatorDate>11/01/2022 13:37:56</CreatorDate>
         <UpdatorId>TSTC</UpdatorId>
         <UpdatorDate>05/24/2023 12:41:26</UpdatorDate>
         <Person>
            <PersonId>804</PersonId>
            <RaceCode>W</RaceCode>
            <SexCode>M</SexCode>
            <EthnicityCode>O</EthnicityCode>
            <PersonVerified>Y</PersonVerified>
            <PersonPrimaryName>
               <LastName>White</LastName>
               <FirstName>Charlie</FirstName>
               <DOB>06/07/2016 00:00:00</DOB>
               <DateOfInfo>06/06/2017 00:00:00</DateOfInfo>
               <SLastName>W300</SLastName>
               <SFirstName>C640</SFirstName>
            </PersonPrimaryName>
            <PersonPrimaryName>
               <LastName>Brown</LastName>
               <FirstName>Charlie</FirstName>
               <MiddleName>Snoops</MiddleName>
               <DOB>05/04/1999 00:00:00</DOB>
               <DateOfInfo>12/10/2015 15:16:50</DateOfInfo>
               <SLastName>B650</SLastName>
               <SFirstName>C640</SFirstName>
            </PersonPrimaryName>
            <PersonPrimaryName>
               <LastName>Brown</LastName>
               <FirstName>Charlies</FirstName>
               <DOB>06/01/1980 00:00:00</DOB>
               <DateOfInfo>06/06/2017 00:00:00</DateOfInfo>
               <SLastName>B650</SLastName>
               <SFirstName>C642</SFirstName>
            </PersonPrimaryName>
            <Alias>
               <NameTypeCode>M</NameTypeCode>
               <LastName>White</LastName>
               <FirstName>Charlie</FirstName>
               <DOB>06/07/2016 00:00:00</DOB>
               <SLastName>W300</SLastName>
               <SFirstName>C640</SFirstName>
               <DateOfInfo>06/06/2017 00:00:00</DateOfInfo>
            </Alias>
            <Alias>
               <NameTypeCode>P</NameTypeCode>
               <LastName>Brown</LastName>
               <FirstName>Charlie</FirstName>
               <MiddleName>Snoops</MiddleName>
               <DOB>05/04/1999 00:00:00</DOB>
               <SLastName>B650</SLastName>
               <SFirstName>C640</SFirstName>
               <DateOfInfo>12/10/2015 15:16:50</DateOfInfo>
            </Alias>
            <Alias>
               <NameTypeCode>T</NameTypeCode>
               <LastName>Brown</LastName>
               <FirstName>Charlies</FirstName>
               <DOB>06/01/1980 00:00:00</DOB>
               <SLastName>B650</SLastName>
               <SFirstName>C642</SFirstName>
               <DateOfInfo>06/06/2017 00:00:00</DateOfInfo>
            </Alias>
            <PersonAddress>
               <StreetNumber>300</StreetNumber>
               <StreetDirCode>E</StreetDirCode>
               <StreetName>200</StreetName>
               <StreetSuffixCode>E</StreetSuffixCode>
               <SubTypeCode>APT</SubTypeCode>
               <City>Lebanon</City>
               <StateCode>IN</StateCode>
               <Zip5>46052</Zip5>
               <CountryCode>US</CountryCode>
               <CountyCode>NaN</CountyCode>
               <Longitude>-86.36852515301796</Longitude>
               <Latitude>39.73382972861548</Latitude>
               <Beat>Test</Beat>
               <SubBeat>Area</SubBeat>
            </PersonAddress>
         </Person>
         <IncidentPersonRole>
            <RoleType>S</RoleType>
            <CreatorId>STATE_OFFICER11</CreatorId>
            <CreatorDate>11/01/2022 13:37:56</CreatorDate>
            <UpdatorId>TSTC</UpdatorId>
            <UpdatorDate>08/15/2023 20:32:24</UpdatorDate>
         </IncidentPersonRole>
      </IncidentPerson>
      <IncidentBusiness>
         <BusinessNumber>240000001</BusinessNumber>
         <BusinessName>SOCIETY</BusinessName>
         <IncBusinessRoleCode>V</IncBusinessRoleCode>
         <CreatorId>STATE_OFFICER11</CreatorId>
         <CreatorDate>06/23/2022 11:52:58</CreatorDate>
         <UpdatorId>STATE_OFFICER11</UpdatorId>
         <UpdatorDate>06/23/2022 11:52:58</UpdatorDate>
      </IncidentBusiness>
      <IncidentBusiness>
         <BusinessNumber>240000074</BusinessNumber>
         <BusinessName>Auckland Boys grammar</BusinessName>
         <IncBusinessRoleCode>O</IncBusinessRoleCode>
         <CreatorId>STATE_OFFICER11</CreatorId>
         <CreatorDate>06/23/2022 11:55:28</CreatorDate>
         <UpdatorId>STATE_OFFICER11</UpdatorId>
         <UpdatorDate>06/23/2022 11:55:28</UpdatorDate>
         <BusinessAddress>
            <AddressId>1172</AddressId>
            <StreetNumber>2924</StreetNumber>
            <StreetDirCode>E</StreetDirCode>
            <StreetName>1250</StreetName>
            <StreetSuffixCode>S</StreetSuffixCode>
            <SubTypeCode>BLDG</SubTypeCode>
            <SubNumber>99</SubNumber>
            <City>Battle Ground</City>
            <StateCode>IN</StateCode>
            <Zip5>47920</Zip5>
            <CountryCode>US</CountryCode>
            <CountyCode>NaN</CountyCode>
            <Longitude>-86.813061</Longitude>
            <Latitude>40.569043</Latitude>
            <AddressCommonName>
               <CommonPlaceName>Dead strip</CommonPlaceName>
            </AddressCommonName>
            <AddressCommonName>
               <CommonPlaceName>ANG TEST</CommonPlaceName>
            </AddressCommonName>
            <AddressCommonName>
               <CommonPlaceName>District 42 test</CommonPlaceName>
            </AddressCommonName>
         </BusinessAddress>
         <BusinessAddress>
            <AddressId>632</AddressId>
            <StreetNumber>56</StreetNumber>
            <StreetDirCode>W</StreetDirCode>
            <StreetName>Ash</StreetName>
            <StreetTypeCode>ST</StreetTypeCode>
            <City>Jamestown</City>
            <StateCode>CO</StateCode>
            <Zip5>46147</Zip5>
            <CountryCode>US</CountryCode>
            <CountyCode>33</CountyCode>
            <Longitude>-86.3994728628525</Longitude>
            <Latitude>39.69873135420444</Latitude>
            <Beat>104</Beat>
            <SubBeat>West Patrol</SubBeat>
            <AddressCommonName>
               <CommonPlaceName>Wild West Hall</CommonPlaceName>
            </AddressCommonName>
            <BusinessPhone>
               <PhoneTypeCode>BUS</PhoneTypeCode>
               <PhoneArea>985</PhoneArea>
               <PhonePrefix>457</PhonePrefix>
               <PhoneSuffix>8541</PhoneSuffix>
               <DateOfInfo>03/02/2017 00:00:00</DateOfInfo>
            </BusinessPhone>
         </BusinessAddress>
      </IncidentBusiness>
      <IncidentBusiness>
         <BusinessNumber>240000084</BusinessNumber>
         <BusinessName>HARVARD BUSINESS SCHOOL</BusinessName>
         <IncBusinessRoleCode>I</IncBusinessRoleCode>
         <CreatorId>STATE_OFFICER11</CreatorId>
         <CreatorDate>11/01/2022 12:37:34</CreatorDate>
         <UpdatorId>STATE_OFFICER11</UpdatorId>
         <UpdatorDate>11/01/2022 12:37:34</UpdatorDate>
      </IncidentBusiness>
      <IncidentVehicle>
         <VEHICLE_ID>786</VEHICLE_ID>
         <RoleCode>AB</RoleCode>
         <CreatorId>STATE_OFFICER11</CreatorId>
         <CreatorDate>06/23/2022 11:54:13</CreatorDate>
         <UpdatorId>STATE_OFFICER11</UpdatorId>
         <UpdatorDate>06/23/2022 11:54:13</UpdatorDate>
         <DateOfInfo>06/22/2021 00:00:00</DateOfInfo>
         <StatusCode>1</StatusCode>
         <VIN>23098732LKJ234</VIN>
         <VehicleYear>2019</VehicleYear>
         <VehicleMakeCode>BMW</VehicleMakeCode>
         <VehicleModelCode>330CI</VehicleModelCode>
         <VehicleTypeCode>AT</VehicleTypeCode>
         <VehicleLicStateCode>CO</VehicleLicStateCode>
         <VehicleLicNumber>XYZ123</VehicleLicNumber>
         <VehicleLicYear>2021</VehicleLicYear>
         <VehicleLicMonth>1</VehicleLicMonth>
      </IncidentVehicle>
      <IncidentProperty>
         <RoleCode>1</RoleCode>
         <CreatorId>STATE_OFFICER11</CreatorId>
         <CreatorDate>08/08/2022 11:23:11</CreatorDate>
         <UpdatorId>STATE_OFFICER11</UpdatorId>
         <UpdatorDate>08/08/2022 11:23:11</UpdatorDate>
         <StatusCode>1</StatusCode>
         <Evidence>N</Evidence>
         <EvidenceFlag>N</EvidenceFlag>
      </IncidentProperty>
      <IncidentProperty>
         <CreatorId>STATE_OFFICER11</CreatorId>
         <CreatorDate>11/01/2022 12:38:41</CreatorDate>
         <UpdatorId>STATE_OFFICER11</UpdatorId>
         <UpdatorDate>11/01/2022 12:38:41</UpdatorDate>
         <DateOfInfo>11/01/2022 00:00:00</DateOfInfo>
         <StatusCode>15</StatusCode>
         <DocumentTypeCode>P</DocumentTypeCode>
         <PropertyTypeCode>481</PropertyTypeCode>
         <PropertyValue>0</PropertyValue>
         <Value>0</Value>
         <SerialNumber>123</SerialNumber>
         <Evidence>N</Evidence>
         <EvidenceFlag>N</EvidenceFlag>
         <Property_ID>2115</Property_ID>
         <Make>Wilson</Make>
         <Model>123</Model>
         <Quantity>1</Quantity>
      </IncidentProperty>
      <IncidentProperty>
         <CreatorId>STATE_OFFICER11</CreatorId>
         <CreatorDate>11/01/2022 12:39:11</CreatorDate>
         <UpdatorId>STATE_OFFICER11</UpdatorId>
         <UpdatorDate>11/01/2022 12:39:11</UpdatorDate>
         <DateOfInfo>11/01/2022 00:00:00</DateOfInfo>
         <StatusCode>15</StatusCode>
         <DocumentTypeCode>D</DocumentTypeCode>
         <PropertyTypeCode>106</PropertyTypeCode>
         <PropertyValue>5000</PropertyValue>
         <Value>5000</Value>
         <Evidence>N</Evidence>
         <EvidenceFlag>N</EvidenceFlag>
         <Property_ID>2116</Property_ID>
         <DrugTypeCode>D</DrugTypeCode>
         <Quantity>0</Quantity>
      </IncidentProperty>
      <IncidentProperty>
         <CreatorId>STATE_OFFICER11</CreatorId>
         <CreatorDate>11/01/2022 13:42:20</CreatorDate>
         <UpdatorId>STATE_OFFICER11</UpdatorId>
         <UpdatorDate>11/01/2022 13:42:20</UpdatorDate>
         <DateOfInfo>11/01/2022 00:00:00</DateOfInfo>
         <StatusCode>15</StatusCode>
         <DocumentTypeCode>D</DocumentTypeCode>
         <Description>a</Description>
         <PropertyTypeCode>561</PropertyTypeCode>
         <PropertyValue>1</PropertyValue>
         <Value>1</Value>
         <Evidence>N</Evidence>
         <EvidenceFlag>N</EvidenceFlag>
         <Property_ID>2117</Property_ID>
         <DrugTypeCode>A</DrugTypeCode>
         <Quantity>1</Quantity>
         <QuantityUnit>FO</QuantityUnit>
      </IncidentProperty>
      <IncidentProperty>
         <CreatorId>STATE_OFFICER11</CreatorId>
         <CreatorDate>11/01/2022 13:42:21</CreatorDate>
         <UpdatorId>STATE_OFFICER11</UpdatorId>
         <UpdatorDate>11/01/2022 13:42:21</UpdatorDate>
         <DateOfInfo>11/01/2022 00:00:00</DateOfInfo>
         <StatusCode>15</StatusCode>
         <DocumentTypeCode>D</DocumentTypeCode>
         <Description>b</Description>
         <PropertyTypeCode>561</PropertyTypeCode>
         <PropertyValue>2</PropertyValue>
         <Value>2</Value>
         <Evidence>N</Evidence>
         <EvidenceFlag>N</EvidenceFlag>
         <Property_ID>2118</Property_ID>
         <DrugTypeCode>B</DrugTypeCode>
         <Quantity>1</Quantity>
         <QuantityUnit>FO</QuantityUnit>
      </IncidentProperty>
      <IncidentProperty>
         <CreatorId>STATE_OFFICER11</CreatorId>
         <CreatorDate>11/01/2022 13:42:21</CreatorDate>
         <UpdatorId>STATE_OFFICER11</UpdatorId>
         <UpdatorDate>11/01/2022 13:42:21</UpdatorDate>
         <DateOfInfo>11/01/2022 00:00:00</DateOfInfo>
         <StatusCode>15</StatusCode>
         <DocumentTypeCode>D</DocumentTypeCode>
         <Description>v</Description>
         <PropertyTypeCode>561</PropertyTypeCode>
         <PropertyValue>3</PropertyValue>
         <Value>3</Value>
         <Evidence>N</Evidence>
         <EvidenceFlag>N</EvidenceFlag>
         <Property_ID>2119</Property_ID>
         <DrugTypeCode>E</DrugTypeCode>
         <Quantity>1</Quantity>
      </IncidentProperty>
      <IncidentProperty>
         <CreatorId>STATE_OFFICER11</CreatorId>
         <CreatorDate>11/01/2022 13:42:21</CreatorDate>
         <UpdatorId>STATE_OFFICER11</UpdatorId>
         <UpdatorDate>11/01/2022 13:42:21</UpdatorDate>
         <DateOfInfo>11/01/2022 00:00:00</DateOfInfo>
         <StatusCode>15</StatusCode>
         <DocumentTypeCode>D</DocumentTypeCode>
         <Description>ca</Description>
         <PropertyTypeCode>561</PropertyTypeCode>
         <PropertyValue>4</PropertyValue>
         <Value>4</Value>
         <Evidence>N</Evidence>
         <EvidenceFlag>N</EvidenceFlag>
         <Property_ID>2120</Property_ID>
         <DrugTypeCode>E</DrugTypeCode>
         <Quantity>2</Quantity>
      </IncidentProperty>
      <IncidentProperty>
         <CreatorId>STATE_OFFICER11</CreatorId>
         <CreatorDate>11/01/2022 13:42:21</CreatorDate>
         <UpdatorId>STATE_OFFICER11</UpdatorId>
         <UpdatorDate>11/01/2022 13:42:21</UpdatorDate>
         <DateOfInfo>11/01/2022 00:00:00</DateOfInfo>
         <StatusCode>15</StatusCode>
         <DocumentTypeCode>D</DocumentTypeCode>
         <Description>azxc</Description>
         <PropertyTypeCode>561</PropertyTypeCode>
         <PropertyValue>5</PropertyValue>
         <Value>5</Value>
         <Evidence>N</Evidence>
         <EvidenceFlag>N</EvidenceFlag>
         <Property_ID>2121</Property_ID>
         <DrugTypeCode>E</DrugTypeCode>
         <Quantity>2</Quantity>
      </IncidentProperty>
      <IncidentProperty>
         <CreatorId>STATE_OFFICER11</CreatorId>
         <CreatorDate>11/01/2022 13:42:21</CreatorDate>
         <UpdatorId>STATE_OFFICER11</UpdatorId>
         <UpdatorDate>11/01/2022 13:42:21</UpdatorDate>
         <DateOfInfo>11/01/2022 00:00:00</DateOfInfo>
         <StatusCode>15</StatusCode>
         <DocumentTypeCode>D</DocumentTypeCode>
         <Description>aq</Description>
         <PropertyTypeCode>561</PropertyTypeCode>
         <PropertyValue>6</PropertyValue>
         <Value>6</Value>
         <Evidence>N</Evidence>
         <EvidenceFlag>N</EvidenceFlag>
         <Property_ID>2122</Property_ID>
         <DrugTypeCode>E</DrugTypeCode>
         <Quantity>13</Quantity>
      </IncidentProperty>
      <IncidentProperty>
         <CreatorId>STATE_OFFICER11</CreatorId>
         <CreatorDate>11/01/2022 13:42:21</CreatorDate>
         <UpdatorId>STATE_OFFICER11</UpdatorId>
         <UpdatorDate>11/01/2022 13:42:21</UpdatorDate>
         <DateOfInfo>11/01/2022 00:00:00</DateOfInfo>
         <StatusCode>15</StatusCode>
         <DocumentTypeCode>D</DocumentTypeCode>
         <Description>aq</Description>
         <PropertyTypeCode>561</PropertyTypeCode>
         <PropertyValue>7</PropertyValue>
         <Value>7</Value>
         <Evidence>N</Evidence>
         <EvidenceFlag>N</EvidenceFlag>
         <Property_ID>2123</Property_ID>
         <DrugTypeCode>E</DrugTypeCode>
         <Quantity>1</Quantity>
      </IncidentProperty>
      <IncidentProperty>
         <CreatorId>STATE_OFFICER11</CreatorId>
         <CreatorDate>11/01/2022 13:42:21</CreatorDate>
         <UpdatorId>STATE_OFFICER11</UpdatorId>
         <UpdatorDate>11/01/2022 13:42:21</UpdatorDate>
         <DateOfInfo>11/01/2022 00:00:00</DateOfInfo>
         <StatusCode>15</StatusCode>
         <DocumentTypeCode>D</DocumentTypeCode>
         <Description>ar</Description>
         <PropertyTypeCode>561</PropertyTypeCode>
         <PropertyValue>8</PropertyValue>
         <Value>8</Value>
         <Evidence>N</Evidence>
         <EvidenceFlag>N</EvidenceFlag>
         <Property_ID>2124</Property_ID>
         <DrugTypeCode>E</DrugTypeCode>
         <Quantity>17</Quantity>
      </IncidentProperty>
      <IncidentProperty>
         <CreatorId>STATE_OFFICER11</CreatorId>
         <CreatorDate>11/01/2022 13:42:21</CreatorDate>
         <UpdatorId>STATE_OFFICER11</UpdatorId>
         <UpdatorDate>11/01/2022 13:42:21</UpdatorDate>
         <DateOfInfo>11/01/2022 00:00:00</DateOfInfo>
         <StatusCode>15</StatusCode>
         <DocumentTypeCode>D</DocumentTypeCode>
         <Description>aq</Description>
         <PropertyTypeCode>561</PropertyTypeCode>
         <PropertyValue>9</PropertyValue>
         <Value>9</Value>
         <Evidence>N</Evidence>
         <EvidenceFlag>N</EvidenceFlag>
         <Property_ID>2125</Property_ID>
         <DrugTypeCode>E</DrugTypeCode>
         <Quantity>12</Quantity>
      </IncidentProperty>
      <IncidentProperty>
         <CreatorId>STATE_OFFICER11</CreatorId>
         <CreatorDate>11/01/2022 13:42:21</CreatorDate>
         <UpdatorId>STATE_OFFICER11</UpdatorId>
         <UpdatorDate>11/01/2022 13:42:21</UpdatorDate>
         <DateOfInfo>11/01/2022 00:00:00</DateOfInfo>
         <StatusCode>15</StatusCode>
         <DocumentTypeCode>D</DocumentTypeCode>
         <Description>ar</Description>
         <PropertyTypeCode>561</PropertyTypeCode>
         <PropertyValue>10</PropertyValue>
         <Value>10</Value>
         <Evidence>N</Evidence>
         <EvidenceFlag>N</EvidenceFlag>
         <Property_ID>2126</Property_ID>
         <DrugTypeCode>E</DrugTypeCode>
         <Quantity>13</Quantity>
      </IncidentProperty>
   </IncidentSupplement>
</Incident>