<?xml version="1.0" encoding="UTF-8"?>
<Incident xmlns:xsi="http://www.w3.org/2001/XMLSchema-instance"
          xsi:noNamespaceSchemaLocation="file:///C:/DATA/EJS/SVN_Root/Ejustice/trunk/XMLTransformations/OnlineRMSInternalToIncident/IAOnlineRMSIncidentImport.xsd">
   <IncidentReportNum>2020D4210291</IncidentReportNum>
   <AgencyCode>D42</AgencyCode>
   <ORINum>SC0280000</ORINum>
   <ReportDate>07/29/2020 13:48:00</ReportDate>
   <ReportTime>07/29/2020 13:48:00</ReportTime>
   <StartDate>07/29/2020 13:48:00</StartDate>
   <StartTime>07/29/2020 13:48:00</StartTime>
   <Summary>07/29/2020 1248</Summary>
   <InternalIncident>N</InternalIncident>
   <CreatorId>STATE_OFFICER11</CreatorId>
   <CreatorDate>07/29/2020 13:48:13</CreatorDate>
   <UpdatorId>TSTC</UpdatorId>
   <UpdatorDate>09/09/2021 18:46:43</UpdatorDate>
   <IncidentType>
      <IncidentTypeCode>CITREP</IncidentTypeCode>
   </IncidentType>
   <IncidentAddress>
      <AddressId>1695</AddressId>
      <City>1</City>
      <CreatorId>STATE_OFFICER11</CreatorId>
      <CreatorDate>08/30/2020 13:37:19</CreatorDate>
      <UpdatorId>TSTC</UpdatorId>
      <UpdatorDate>08/30/2020 13:38:40</UpdatorDate>
      <Address>
         <AddressId>1695</AddressId>
         <StreetNumber>123</StreetNumber>
         <StreetDirCode>E</StreetDirCode>
         <StreetName>Main</StreetName>
         <StreetTypeCode>AVE</StreetTypeCode>
         <StreetSuffixCode>N</StreetSuffixCode>
         <City>denver</City>
         <StateCode>CO</StateCode>
         <Zip5>80401</Zip5>
         <Distance>0</Distance>
         <Beat>D2</Beat>
         <SubBeat>Sub D2</SubBeat>
      </Address>
   </IncidentAddress>
   <IncidentSupplement>
      <SupplementSequence>0</SupplementSequence>
      <IncSupplementStatusCode>A</IncSupplementStatusCode>
      <SuppReportDate>07/29/2020 13:48:13</SuppReportDate>
      <SuppReportTime>07/29/2020 13:48:13</SuppReportTime>
      <AgencyOnly>N</AgencyOnly>
      <SecurityLevel>1100</SecurityLevel>
      <SuppAgencyCode>D42</SuppAgencyCode>
      <UnknownNoOffenders>N</UnknownNoOffenders>
      <DsIcrDate>08/30/2020 13:41:38</DsIcrDate>
      <DsIcrSubmissionStatus>READY TO BE PROCESSED-ORIGINAL</DsIcrSubmissionStatus>
      <CreatorId>STATE_OFFICER11</CreatorId>
      <CreatorDate>07/29/2020 13:48:13</CreatorDate>
      <UpdatorId>TSTC</UpdatorId>
      <UpdatorDate>08/05/2021 17:38:29</UpdatorDate>
      <IncidentSuppNarrative>
         <NarrativeNumber>1</NarrativeNumber>
         <NarrativeTitle>Complainant Narrative</NarrativeTitle>
         <NarrativeText>07/29/2020 1248</NarrativeText>
         <CreatorId>STATE_OFFICER11</CreatorId>
         <CreatorDate>07/29/2020 13:48:14</CreatorDate>
         <UpdatorId>STATE_OFFICER11</UpdatorId>
         <UpdatorDate>07/29/2020 13:48:14</UpdatorDate>
      </IncidentSuppNarrative>
      <IncidentOfficer>
         <OfficerRoleCode>P</OfficerRoleCode>
         <Officer>
            <AgencyCode>D42</AgencyCode>
            <ORINumber>SC0280000</ORINumber>
            <LastName>Simpson</LastName>
            <FirstName>Homer</FirstName>
            <InternalID>9696</InternalID>
         </Officer>
      </IncidentOfficer>
      <IncidentOfficer>
         <OfficerRoleCode>R</OfficerRoleCode>
         <Officer>
            <AgencyCode>D42</AgencyCode>
            <ORINumber>SC0280000</ORINumber>
            <LastName>Simpson</LastName>
            <FirstName>Homer</FirstName>
            <InternalID>9696</InternalID>
         </Officer>
      </IncidentOfficer>
      <IncidentOffense>
         <IncidentId>3284</IncidentId>
         <OffenseNumber>1</OffenseNumber>
         <OffenseStatusCode>00</OffenseStatusCode>
         <OffenseCode>35-43-4-2  T05</OffenseCode>
         <PlaceCode>20</PlaceCode>
         <BiasCode>88</BiasCode>
         <CSAUCode>C</CSAUCode>
         <SupplementSeq>0</SupplementSeq>
         <UCRNumber>1</UCRNumber>
         <OffenseStatusDate>07/29/2020 13:48:00</OffenseStatusDate>
         <AttemptedCompletedCode>C</AttemptedCompletedCode>
         <CreatorId>STATE_OFFICER11</CreatorId>
         <CreatorDate>08/30/2020 13:31:02</CreatorDate>
         <UpdatorId>TSTC</UpdatorId>
         <UpdatorDate>08/30/2020 13:34:12</UpdatorDate>
      </IncidentOffense>
      <IncidentPerson>
         <ApproxAge>19</ApproxAge>
         <CreatorId>STATE_OFFICER11</CreatorId>
         <CreatorDate>08/30/2020 11:49:45</CreatorDate>
         <UpdatorId>TSTC</UpdatorId>
         <UpdatorDate>05/24/2023 12:41:24</UpdatorDate>
         <Person>
            <PersonId>869</PersonId>
            <RaceCode>U</RaceCode>
            <SexCode>M</SexCode>
            <PersonVerified>Y</PersonVerified>
            <PersonPrimaryName>
               <LastName>Jones</LastName>
               <FirstName>Bob</FirstName>
               <DOB>03/01/2001 00:00:00</DOB>
               <DateOfInfo>05/17/2017 14:28:48</DateOfInfo>
               <SLastName>J520</SLastName>
               <SFirstName>B100</SFirstName>
            </PersonPrimaryName>
            <Alias>
               <NameTypeCode>P</NameTypeCode>
               <LastName>Jones</LastName>
               <FirstName>Bob</FirstName>
               <DOB>03/01/2001 00:00:00</DOB>
               <SLastName>J520</SLastName>
               <SFirstName>B100</SFirstName>
               <DateOfInfo>05/17/2017 14:28:48</DateOfInfo>
            </Alias>
            <PersonAddress>
               <StreetNumber>7095</StreetNumber>
               <StreetDirCode>W</StreetDirCode>
               <StreetName>Arkansas</StreetName>
               <StreetTypeCode>AVE</StreetTypeCode>
               <City>Lakewood</City>
               <StateCode>AK</StateCode>
               <Zip5>80232</Zip5>
               <CountryCode>US</CountryCode>
               <CountyCode>NaN</CountyCode>
            </PersonAddress>
         </Person>
         <IncidentPersonRole>
            <RoleType>S</RoleType>
            <CreatorId>STATE_OFFICER11</CreatorId>
            <CreatorDate>08/30/2020 11:49:47</CreatorDate>
            <UpdatorId>TSTC</UpdatorId>
            <UpdatorDate>08/15/2023 20:32:24</UpdatorDate>
         </IncidentPersonRole>
      </IncidentPerson>
      <IncidentPerson>
         <ApproxAge>00</ApproxAge>
         <ResidentStatusCode>R</ResidentStatusCode>
         <CreatorId>STATE_OFFICER11</CreatorId>
         <CreatorDate>08/30/2020 11:51:03</CreatorDate>
         <UpdatorId>TSTC</UpdatorId>
         <UpdatorDate>05/24/2023 12:41:24</UpdatorDate>
         <Person>
            <PersonId>710</PersonId>
            <RaceCode>A</RaceCode>
            <SexCode>M</SexCode>
            <PersonVerified>Y</PersonVerified>
            <PersonPrimaryName>
               <LastName>Smith</LastName>
               <FirstName>BOb</FirstName>
               <DateOfInfo>04/20/2015 09:52:54</DateOfInfo>
               <SLastName>S530</SLastName>
               <SFirstName>B100</SFirstName>
            </PersonPrimaryName>
            <Alias>
               <NameTypeCode>P</NameTypeCode>
               <LastName>Smith</LastName>
               <FirstName>BOb</FirstName>
               <SLastName>S530</SLastName>
               <SFirstName>B100</SFirstName>
               <DateOfInfo>04/20/2015 09:52:54</DateOfInfo>
            </Alias>
            <PersonAddress>
               <StreetNumber>456</StreetNumber>
               <StreetDirCode>W</StreetDirCode>
               <StreetName>Automation</StreetName>
               <StreetTypeCode>WAY</StreetTypeCode>
               <SubTypeCode>APT</SubTypeCode>
               <City>Greensboro</City>
               <StateCode>NC</StateCode>
               <Zip5>27401</Zip5>
               <CountryCode>US</CountryCode>
               <Longitude>-79.75681</Longitude>
               <Latitude>36.067604</Latitude>
               <Beat>104</Beat>
               <SubBeat>West Patrol</SubBeat>
            </PersonAddress>
         </Person>
         <IncidentPersonRole>
            <RoleType>V</RoleType>
            <CreatorId>STATE_OFFICER11</CreatorId>
            <CreatorDate>08/30/2020 13:32:27</CreatorDate>
            <UpdatorId>TSTC</UpdatorId>
            <UpdatorDate>08/15/2023 20:32:24</UpdatorDate>
         </IncidentPersonRole>
      </IncidentPerson>
      <IncidentProperty>
         <RoleCode>7</RoleCode>
         <CreatorId>STATE_OFFICER11</CreatorId>
         <CreatorDate>08/30/2020 13:35:38</CreatorDate>
         <UpdatorId>STATE_OFFICER11</UpdatorId>
         <UpdatorDate>08/30/2020 13:35:38</UpdatorDate>
         <DateOfInfo>08/30/2020 00:00:00</DateOfInfo>
         <StatusCode>7</StatusCode>
         <DocumentTypeCode>P</DocumentTypeCode>
         <Description>Chest</Description>
         <PropertyTypeCode>427</PropertyTypeCode>
         <PropertyValue>200</PropertyValue>
         <Value>200</Value>
         <Evidence>N</Evidence>
         <EvidenceFlag>N</EvidenceFlag>
         <Property_ID>1973</Property_ID>
         <Quantity>1</Quantity>
      </IncidentProperty>
   </IncidentSupplement>
</Incident>