<?xml version="1.0" encoding="UTF-8"?>
<Incident xmlns:xsi="http://www.w3.org/2001/XMLSchema-instance"
          xsi:noNamespaceSchemaLocation="file:///C:/DATA/EJS/SVN_Root/Ejustice/trunk/XMLTransformations/OnlineRMSInternalToIncident/IAOnlineRMSIncidentImport.xsd">
   <IncidentReportNum>2020D4210295</IncidentReportNum>
   <AgencyCode>D42</AgencyCode>
   <ORINum>SC0280000</ORINum>
   <ReportDate>08/19/2020 12:18:00</ReportDate>
   <ReportTime>08/19/2020 12:18:00</ReportTime>
   <StartDate>08/19/2020 12:18:00</StartDate>
   <StartTime>08/19/2020 12:18:00</StartTime>
   <Summary>ANOTHER TEST</Summary>
   <CreatorId>STATE_OFFICER14</CreatorId>
   <CreatorDate>08/19/2020 12:18:00</CreatorDate>
   <UpdatorId>TSTC</UpdatorId>
   <UpdatorDate>09/09/2021 18:46:43</UpdatorDate>
   <IncidentType>
      <IncidentTypeCode>CMF</IncidentTypeCode>
   </IncidentType>
   <IncidentAddress>
      <AddressId>1487</AddressId>
      <City>9</City>
      <CreatorId>STATE_OFFICER14</CreatorId>
      <CreatorDate>08/19/2020 12:19:56</CreatorDate>
      <UpdatorId>TSTC</UpdatorId>
      <UpdatorDate>08/19/2020 12:20:04</UpdatorDate>
      <Address>
         <AddressId>1487</AddressId>
         <StreetNumber>688</StreetNumber>
         <StreetName>Apple</StreetName>
         <StreetTypeCode>ST</StreetTypeCode>
         <SubTypeCode>APT</SubTypeCode>
         <SubNumber>34</SubNumber>
         <City>Greenfield</City>
         <StateCode>IN</StateCode>
         <Zip5>46140</Zip5>
         <CountryCode>US</CountryCode>
         <Longitude>-85.75565440235997</Longitude>
         <Latitude>39.79218143330571</Latitude>
      </Address>
   </IncidentAddress>
   <IncidentSupplement>
      <SupplementSequence>0</SupplementSequence>
      <IncSupplementStatusCode>A</IncSupplementStatusCode>
      <SuppReportDate>08/19/2020 12:18:00</SuppReportDate>
      <SuppReportTime>08/19/2020 12:18:00</SuppReportTime>
      <AgencyOnly>N</AgencyOnly>
      <SecurityLevel>990</SecurityLevel>
      <SuppAgencyCode>D42</SuppAgencyCode>
      <UnknownNoOffenders>N</UnknownNoOffenders>
      <DsIcrDate>08/19/2020 15:38:07</DsIcrDate>
      <DsIcrSubmissionStatus>NOT REPORTABLE</DsIcrSubmissionStatus>
      <CreatorId>STATE_OFFICER14</CreatorId>
      <CreatorDate>08/19/2020 12:18:00</CreatorDate>
      <UpdatorId>TSTC</UpdatorId>
      <UpdatorDate>08/05/2021 17:38:29</UpdatorDate>
      <IncidentSuppNarrative>
         <NarrativeNumber>1</NarrativeNumber>
         <NarrativeTitle>Original Narrative</NarrativeTitle>
         <NarrativeText>here we go</NarrativeText>
         <CreatorId>STATE_OFFICER14</CreatorId>
         <CreatorDate>08/19/2020 12:22:54</CreatorDate>
         <UpdatorId>STATE_OFFICER14</UpdatorId>
         <UpdatorDate>08/19/2020 12:22:54</UpdatorDate>
      </IncidentSuppNarrative>
      <IncidentOfficer>
         <OfficerRoleCode>P</OfficerRoleCode>
         <Officer>
            <AgencyCode>D42</AgencyCode>
            <ORINumber>SC0280000</ORINumber>
            <LastName>Smith</LastName>
            <FirstName>Charles</FirstName>
            <InternalID>2014</InternalID>
         </Officer>
      </IncidentOfficer>
      <IncidentOfficer>
         <OfficerRoleCode>R</OfficerRoleCode>
         <Officer>
            <AgencyCode>D42</AgencyCode>
            <ORINumber>SC0280000</ORINumber>
            <LastName>Smith</LastName>
            <FirstName>Charles</FirstName>
            <InternalID>2014</InternalID>
         </Officer>
      </IncidentOfficer>
      <IncidentOffense>
         <IncidentId>3288</IncidentId>
         <OffenseNumber>1</OffenseNumber>
         <OffenseStatusCode>00</OffenseStatusCode>
         <OffenseCode>35-42-2-2  C02</OffenseCode>
         <PlaceCode>25</PlaceCode>
         <BiasCode>21</BiasCode>
         <SupplementSeq>0</SupplementSeq>
         <UCRNumber>1</UCRNumber>
         <OffenseStatusDate>08/19/2020 12:18:00</OffenseStatusDate>
         <CreatorId>STATE_OFFICER14</CreatorId>
         <CreatorDate>08/19/2020 12:20:34</CreatorDate>
         <UpdatorId>STATE_OFFICER14</UpdatorId>
         <UpdatorDate>08/19/2020 12:20:34</UpdatorDate>
      </IncidentOffense>
      <IncidentOffense>
         <IncidentId>3288</IncidentId>
         <OffenseNumber>2</OffenseNumber>
         <OffenseStatusCode>00</OffenseStatusCode>
         <OffenseCode>35-43-2-2  C02</OffenseCode>
         <PlaceCode>25</PlaceCode>
         <BiasCode>88</BiasCode>
         <SupplementSeq>0</SupplementSeq>
         <UCRNumber>2</UCRNumber>
         <OffenseStatusDate>08/19/2020 12:18:00</OffenseStatusDate>
         <CreatorId>STATE_OFFICER14</CreatorId>
         <CreatorDate>08/19/2020 12:23:20</CreatorDate>
         <UpdatorId>STATE_OFFICER14</UpdatorId>
         <UpdatorDate>08/19/2020 12:23:20</UpdatorDate>
      </IncidentOffense>
      <IncidentPerson>
         <ApproxAge>17</ApproxAge>
         <CreatorId>STATE_OFFICER14</CreatorId>
         <CreatorDate>08/19/2020 12:21:03</CreatorDate>
         <UpdatorId>TSTC</UpdatorId>
         <UpdatorDate>05/24/2023 12:41:24</UpdatorDate>
         <Person>
            <PersonId>485</PersonId>
            <RaceCode>W</RaceCode>
            <SexCode>M</SexCode>
            <PersonVerified>Y</PersonVerified>
            <PersonPrimaryName>
               <LastName>Smith</LastName>
               <FirstName>Fred</FirstName>
               <DOB>01/01/2003 00:00:00</DOB>
               <SSN>6.12111111E8</SSN>
               <DateOfInfo>11/13/2013 00:00:00</DateOfInfo>
               <SLastName>S530</SLastName>
               <SFirstName>F630</SFirstName>
            </PersonPrimaryName>
            <Alias>
               <NameTypeCode>P</NameTypeCode>
               <LastName>Smith</LastName>
               <FirstName>Fred</FirstName>
               <DOB>01/01/2003 00:00:00</DOB>
               <SSN>6.12111111E8</SSN>
               <SLastName>S530</SLastName>
               <SFirstName>F630</SFirstName>
               <DateOfInfo>11/13/2013 00:00:00</DateOfInfo>
            </Alias>
            <PersonAddress>
               <StreetNumber>13450</StreetNumber>
               <StreetDirCode>E</StreetDirCode>
               <StreetName>Levy</StreetName>
               <StreetTypeCode>ST</StreetTypeCode>
               <City>Williston</City>
               <StateCode>FL</StateCode>
               <Zip5>32696</Zip5>
               <CountryCode>US</CountryCode>
               <Longitude>-82.549923</Longitude>
               <Latitude>29.332394</Latitude>
            </PersonAddress>
         </Person>
         <IncidentPersonRole>
            <RoleType>S</RoleType>
            <CreatorId>STATE_OFFICER14</CreatorId>
            <CreatorDate>08/19/2020 12:21:03</CreatorDate>
            <UpdatorId>TSTC</UpdatorId>
            <UpdatorDate>08/15/2023 20:32:24</UpdatorDate>
         </IncidentPersonRole>
      </IncidentPerson>
   </IncidentSupplement>
   <IncidentSupplement>
      <SupplementSequence>1</SupplementSequence>
      <IncSupplementStatusCode>A</IncSupplementStatusCode>
      <SuppReportDate>08/19/2020 13:34:48</SuppReportDate>
      <SuppReportTime>08/19/2020 13:34:48</SuppReportTime>
      <AgencyOnly>N</AgencyOnly>
      <SecurityLevel>1100</SecurityLevel>
      <SuppAgencyCode>D42</SuppAgencyCode>
      <UnknownNoOffenders>N</UnknownNoOffenders>
      <DsIcrDate>08/19/2020 15:38:07</DsIcrDate>
      <DsIcrSubmissionStatus>NOT REPORTABLE</DsIcrSubmissionStatus>
      <CreatorId>STATE_OFFICER14</CreatorId>
      <CreatorDate>08/19/2020 13:34:48</CreatorDate>
      <UpdatorId>TSTC</UpdatorId>
      <UpdatorDate>08/05/2021 17:38:29</UpdatorDate>
      <IncidentSuppNarrative>
         <NarrativeNumber>1</NarrativeNumber>
         <NarrativeTitle>Supplement #1 Narrative</NarrativeTitle>
         <NarrativeText>added witnesses</NarrativeText>
         <CreatorId>STATE_OFFICER14</CreatorId>
         <CreatorDate>08/19/2020 13:36:17</CreatorDate>
         <UpdatorId>STATE_OFFICER14</UpdatorId>
         <UpdatorDate>08/19/2020 13:36:17</UpdatorDate>
      </IncidentSuppNarrative>
      <IncidentOfficer>
         <OfficerRoleCode>P</OfficerRoleCode>
         <Officer>
            <AgencyCode>D42</AgencyCode>
            <ORINumber>SC0280000</ORINumber>
            <LastName>Smith</LastName>
            <FirstName>Charles</FirstName>
            <InternalID>2014</InternalID>
         </Officer>
      </IncidentOfficer>
      <IncidentOfficer>
         <OfficerRoleCode>R</OfficerRoleCode>
         <Officer>
            <AgencyCode>D42</AgencyCode>
            <ORINumber>SC0280000</ORINumber>
            <LastName>Smith</LastName>
            <FirstName>Charles</FirstName>
            <InternalID>2014</InternalID>
         </Officer>
      </IncidentOfficer>
      <IncidentPerson>
         <ApproxAge>46</ApproxAge>
         <ResidentStatusCode>R</ResidentStatusCode>
         <CreatorId>STATE_OFFICER14</CreatorId>
         <CreatorDate>08/19/2020 13:35:22</CreatorDate>
         <UpdatorId>TSTC</UpdatorId>
         <UpdatorDate>05/24/2023 12:41:25</UpdatorDate>
         <Person>
            <PersonId>132</PersonId>
            <RaceCode>W</RaceCode>
            <SexCode>F</SexCode>
            <EthnicityCode>N</EthnicityCode>
            <PersonVerified>Y</PersonVerified>
            <PersonPrimaryName>
               <LastName>Axenrot</LastName>
               <FirstName>Martin</FirstName>
               <DOB>08/05/1974 00:00:00</DOB>
               <SSN>2.22222222E8</SSN>
               <DateOfInfo>05/04/2012 09:32:57</DateOfInfo>
               <SLastName>A256</SLastName>
               <SFirstName>M635</SFirstName>
            </PersonPrimaryName>
            <Alias>
               <NameTypeCode>P</NameTypeCode>
               <LastName>Axenrot</LastName>
               <FirstName>Martin</FirstName>
               <DOB>08/05/1974 00:00:00</DOB>
               <SSN>2.22222222E8</SSN>
               <SLastName>A256</SLastName>
               <SFirstName>M635</SFirstName>
               <DateOfInfo>05/04/2012 09:32:57</DateOfInfo>
            </Alias>
            <PersonAddress>
               <StreetNumber>123</StreetNumber>
               <StreetDirCode>E</StreetDirCode>
               <StreetName>Main</StreetName>
               <StreetTypeCode>AVE</StreetTypeCode>
               <StreetSuffixCode>N</StreetSuffixCode>
               <City>denver</City>
               <StateCode>CO</StateCode>
               <Zip5>80401</Zip5>
               <CountyCode>30</CountyCode>
               <Beat>D2</Beat>
               <SubBeat>Sub D2</SubBeat>
            </PersonAddress>
         </Person>
         <IncidentPersonRole>
            <RoleType>W</RoleType>
            <CreatorId>STATE_OFFICER14</CreatorId>
            <CreatorDate>08/19/2020 13:35:22</CreatorDate>
            <UpdatorId>TSTC</UpdatorId>
            <UpdatorDate>08/15/2023 20:32:24</UpdatorDate>
         </IncidentPersonRole>
      </IncidentPerson>
      <IncidentPerson>
         <ApproxAge>15</ApproxAge>
         <ResidentStatusCode>R</ResidentStatusCode>
         <CreatorId>STATE_OFFICER14</CreatorId>
         <CreatorDate>08/19/2020 13:36:03</CreatorDate>
         <UpdatorId>TSTC</UpdatorId>
         <UpdatorDate>05/24/2023 12:41:25</UpdatorDate>
         <Person>
            <PersonId>963</PersonId>
            <RaceCode>H</RaceCode>
            <SexCode>M</SexCode>
            <PersonVerified>Y</PersonVerified>
            <PersonPrimaryName>
               <LastName>BEERTZER</LastName>
               <FirstName>Bill</FirstName>
               <MiddleName>Joe</MiddleName>
               <DOB>12/19/2004 00:00:00</DOB>
               <SSN>9.99999999E8</SSN>
               <DateOfInfo>08/28/2018 14:55:31</DateOfInfo>
               <SLastName>B632</SLastName>
               <SFirstName>B400</SFirstName>
            </PersonPrimaryName>
            <Alias>
               <NameTypeCode>P</NameTypeCode>
               <LastName>BEERTZER</LastName>
               <FirstName>Bill</FirstName>
               <MiddleName>Joe</MiddleName>
               <DOB>12/19/2004 00:00:00</DOB>
               <SSN>9.99999999E8</SSN>
               <SLastName>B632</SLastName>
               <SFirstName>B400</SFirstName>
               <DateOfInfo>08/28/2018 14:55:31</DateOfInfo>
            </Alias>
            <PersonAddress>
               <StreetNumber>512</StreetNumber>
               <StreetDirCode>E</StreetDirCode>
               <StreetName>7th</StreetName>
               <StreetTypeCode>ST</StreetTypeCode>
               <City>CANNELTON</City>
               <StateCode>IN</StateCode>
               <Zip5>47520</Zip5>
               <CountryCode>US</CountryCode>
               <CountyCode>NaN</CountyCode>
               <Longitude>-86.7353419</Longitude>
               <Latitude>37.9079486</Latitude>
            </PersonAddress>
         </Person>
         <IncidentPersonRole>
            <RoleType>W</RoleType>
            <CreatorId>STATE_OFFICER14</CreatorId>
            <CreatorDate>08/19/2020 13:36:03</CreatorDate>
            <UpdatorId>TSTC</UpdatorId>
            <UpdatorDate>08/15/2023 20:32:24</UpdatorDate>
         </IncidentPersonRole>
      </IncidentPerson>
   </IncidentSupplement>
   <IncidentSupplement>
      <SupplementSequence>2</SupplementSequence>
      <IncSupplementStatusCode>A</IncSupplementStatusCode>
      <SuppReportDate>08/19/2020 15:33:28</SuppReportDate>
      <SuppReportTime>08/19/2020 15:33:28</SuppReportTime>
      <AgencyOnly>N</AgencyOnly>
      <SecurityLevel>1100</SecurityLevel>
      <SuppAgencyCode>D42</SuppAgencyCode>
      <UnknownNoOffenders>N</UnknownNoOffenders>
      <DsIcrDate>08/19/2020 15:38:07</DsIcrDate>
      <DsIcrSubmissionStatus>NOT REPORTABLE</DsIcrSubmissionStatus>
      <CreatorId>STATE_OFFICER11</CreatorId>
      <CreatorDate>08/19/2020 15:33:28</CreatorDate>
      <UpdatorId>TSTC</UpdatorId>
      <UpdatorDate>08/05/2021 17:38:29</UpdatorDate>
      <IncidentSuppNarrative>
         <NarrativeNumber>1</NarrativeNumber>
         <NarrativeTitle>Supplement #2 Narrative</NarrativeTitle>
         <NarrativeText>sdfsdf</NarrativeText>
         <CreatorId>STATE_OFFICER11</CreatorId>
         <CreatorDate>08/19/2020 15:37:11</CreatorDate>
         <UpdatorId>STATE_OFFICER11</UpdatorId>
         <UpdatorDate>08/19/2020 15:37:11</UpdatorDate>
      </IncidentSuppNarrative>
      <IncidentOfficer>
         <OfficerRoleCode>P</OfficerRoleCode>
         <Officer>
            <AgencyCode>D42</AgencyCode>
            <ORINumber>SC0280000</ORINumber>
            <LastName>Simpson</LastName>
            <FirstName>Homer</FirstName>
            <InternalID>9696</InternalID>
         </Officer>
      </IncidentOfficer>
      <IncidentOfficer>
         <OfficerRoleCode>R</OfficerRoleCode>
         <Officer>
            <AgencyCode>D42</AgencyCode>
            <ORINumber>SC0280000</ORINumber>
            <LastName>Simpson</LastName>
            <FirstName>Homer</FirstName>
            <InternalID>9696</InternalID>
         </Officer>
      </IncidentOfficer>
      <IncidentPerson>
         <ApproxAge>22</ApproxAge>
         <ResidentStatusCode>R</ResidentStatusCode>
         <CreatorId>STATE_OFFICER11</CreatorId>
         <CreatorDate>08/19/2020 15:34:14</CreatorDate>
         <UpdatorId>TSTC</UpdatorId>
         <UpdatorDate>05/24/2023 12:41:23</UpdatorDate>
         <Person>
            <PersonId>738</PersonId>
            <RaceCode>W</RaceCode>
            <SexCode>M</SexCode>
            <PersonVerified>Y</PersonVerified>
            <PersonPrimaryName>
               <LastName>Tank</LastName>
               <FirstName>Herb</FirstName>
               <DOB>08/25/1997 00:00:00</DOB>
               <SSN>3.33333333E8</SSN>
               <DateOfInfo>08/12/2015 16:08:16</DateOfInfo>
               <SLastName>T520</SLastName>
               <SFirstName>H610</SFirstName>
            </PersonPrimaryName>
            <Alias>
               <NameTypeCode>P</NameTypeCode>
               <LastName>Tank</LastName>
               <FirstName>Herb</FirstName>
               <DOB>08/25/1997 00:00:00</DOB>
               <SSN>3.33333333E8</SSN>
               <SLastName>T520</SLastName>
               <SFirstName>H610</SFirstName>
               <DateOfInfo>08/12/2015 16:08:16</DateOfInfo>
            </Alias>
            <PersonAddress>
               <StreetNumber>1238</StreetNumber>
               <StreetDirCode>E</StreetDirCode>
               <StreetName>Calrson</StreetName>
               <StreetTypeCode>LN</StreetTypeCode>
               <City>ABBOTT</City>
               <StateCode>AL</StateCode>
               <Zip5>24334</Zip5>
               <Zip4>2344</Zip4>
               <CountryCode>US</CountryCode>
               <CountyCode>1</CountyCode>
            </PersonAddress>
         </Person>
         <IncidentPersonRole>
            <RoleType>V</RoleType>
            <CreatorId>STATE_OFFICER11</CreatorId>
            <CreatorDate>08/19/2020 15:34:14</CreatorDate>
            <UpdatorId>TSTC</UpdatorId>
            <UpdatorDate>08/15/2023 20:32:24</UpdatorDate>
         </IncidentPersonRole>
      </IncidentPerson>
   </IncidentSupplement>
</Incident>