<?xml version="1.0" encoding="UTF-8"?>
<Incident xmlns:xsi="http://www.w3.org/2001/XMLSchema-instance"
          xsi:noNamespaceSchemaLocation="file:///C:/DATA/EJS/SVN_Root/Ejustice/trunk/XMLTransformations/OnlineRMSInternalToIncident/IAOnlineRMSIncidentImport.xsd">
   <IncidentReportNum>2013ISP0000045</IncidentReportNum>
   <AgencyCode>D42</AgencyCode>
   <ORINum>SC0280000</ORINum>
   <ReportDate>03/15/2013 14:00:00</ReportDate>
   <ReportTime>03/15/2013 14:00:00</ReportTime>
   <StartDate>03/15/2013 13:58:00</StartDate>
   <StartTime>03/01/2013 13:58:00</StartTime>
   <EndDate>03/15/2013 13:59:00</EndDate>
   <EndTime>03/01/2013 13:59:00</EndTime>
   <Summary>test</Summary>
   <CreatorId>STATE_OFFICER11</CreatorId>
   <CreatorDate>03/15/2013 13:56:42</CreatorDate>
   <UpdatorId>TSTC</UpdatorId>
   <UpdatorDate>09/09/2021 18:46:23</UpdatorDate>
   <IncidentType>
      <IncidentTypeCode>CAD</IncidentTypeCode>
   </IncidentType>
   <IncidentAddress>
      <AddressId>174</AddressId>
      <Beat>Test</Beat>
      <SubBeat>Area</SubBeat>
      <City>2</City>
      <CreatorId>TEST_AGENCY_ADMIN</CreatorId>
      <CreatorDate>03/15/2013 13:59:08</CreatorDate>
      <UpdatorId>TSTC</UpdatorId>
      <UpdatorDate>07/12/2017 13:27:08</UpdatorDate>
      <Address>
         <AddressId>174</AddressId>
         <StreetNumber>123</StreetNumber>
         <StreetDirCode>N</StreetDirCode>
         <StreetName>Automation</StreetName>
         <StreetTypeCode>RD</StreetTypeCode>
         <SubTypeCode>TRLR</SubTypeCode>
         <City>Durham</City>
         <StateCode>NC</StateCode>
         <Zip5>27701</Zip5>
         <CountryCode>US</CountryCode>
         <Beat>Test</Beat>
         <SubBeat>Area</SubBeat>
         <Longitude>-78.892044</Longitude>
         <Latitude>35.99812</Latitude>
         <AddressCommonName>
            <CommonPlaceName>Automation Test Location</CommonPlaceName>
         </AddressCommonName>
         <AddressCommonName>
            <CommonPlaceName>Dead strip</CommonPlaceName>
         </AddressCommonName>
      </Address>
   </IncidentAddress>
   <IncidentSupplement>
      <SupplementSequence>0</SupplementSequence>
      <IncSupplementStatusCode>A</IncSupplementStatusCode>
      <SuppReportDate>03/15/2013 13:56:42</SuppReportDate>
      <SuppReportTime>03/15/2013 13:56:42</SuppReportTime>
      <AgencyOnly>N</AgencyOnly>
      <SecurityLevel>1201</SecurityLevel>
      <SuppAgencyCode>D42</SuppAgencyCode>
      <UnknownNoOffenders>N</UnknownNoOffenders>
      <DsIcrDate>04/09/2014 15:09:41</DsIcrDate>
      <DsIcrSubmissionStatus>FAILED VALIDATION</DsIcrSubmissionStatus>
      <CreatorId>STATE_OFFICER11</CreatorId>
      <CreatorDate>03/15/2013 13:56:42</CreatorDate>
      <UpdatorId>TSTC</UpdatorId>
      <UpdatorDate>08/05/2021 17:38:15</UpdatorDate>
      <IncidentSuppNarrative>
         <NarrativeNumber>1</NarrativeNumber>
         <NarrativeTitle>Original Narrative</NarrativeTitle>
         <NarrativeText>asdf</NarrativeText>
         <CreatorId>STATE_OFFICER11</CreatorId>
         <CreatorDate>03/15/2013 14:00:10</CreatorDate>
         <UpdatorId>STATE_OFFICER11</UpdatorId>
         <UpdatorDate>03/15/2013 14:00:10</UpdatorDate>
      </IncidentSuppNarrative>
      <IncidentOfficer>
         <OfficerRoleCode>P</OfficerRoleCode>
         <Officer>
            <AgencyCode>D42</AgencyCode>
            <ORINumber>SC0280000</ORINumber>
            <LastName>Ranz</LastName>
            <FirstName>Greg</FirstName>
            <InternalID>9696</InternalID>
         </Officer>
      </IncidentOfficer>
      <IncidentOfficer>
         <OfficerRoleCode>R</OfficerRoleCode>
         <Officer>
            <AgencyCode>PDPD</AgencyCode>
            <ORINumber>PDPD123</ORINumber>
            <LastName>4</LastName>
            <FirstName>Officer</FirstName>
            <InternalID>104</InternalID>
         </Officer>
      </IncidentOfficer>
      <IncidentOffense>
         <IncidentId>1074</IncidentId>
         <OffenseNumber>1</OffenseNumber>
         <OffenseStatusCode>02</OffenseStatusCode>
         <OffenseCode>35-43-1-1A</OffenseCode>
         <PlaceCode>41</PlaceCode>
         <BiasCode>88</BiasCode>
         <CSAUCode>C</CSAUCode>
         <SupplementSeq>0</SupplementSeq>
         <UCRNumber>1</UCRNumber>
         <OffenseStatusDate>03/15/2013 14:00:00</OffenseStatusDate>
         <AttemptedCompletedCode>C</AttemptedCompletedCode>
         <ArrestChargeCode>35-43-1-1A</ArrestChargeCode>
         <CreatorId>STATE_OFFICER11</CreatorId>
         <CreatorDate>03/15/2013 13:57:14</CreatorDate>
         <UpdatorId>TSTC</UpdatorId>
         <UpdatorDate>07/02/2013 18:21:29</UpdatorDate>
      </IncidentOffense>
      <IncidentPerson>
         <ApproxAge>99</ApproxAge>
         <ResidentStatusCode>U</ResidentStatusCode>
         <CreatorId>STATE_OFFICER11</CreatorId>
         <CreatorDate>03/15/2013 13:59:45</CreatorDate>
         <UpdatorId>TSTC</UpdatorId>
         <UpdatorDate>05/24/2023 12:41:14</UpdatorDate>
         <Person>
            <PersonId>145</PersonId>
            <RaceCode>W</RaceCode>
            <SexCode>M</SexCode>
            <EthnicityCode>U</EthnicityCode>
            <PersonVerified>Y</PersonVerified>
            <PersonPrimaryName>
               <LastName>Doe</LastName>
               <FirstName>John</FirstName>
               <DOB>01/01/1912 00:00:00</DOB>
               <DateOfInfo>05/30/2012 16:09:14</DateOfInfo>
               <SLastName>D000</SLastName>
               <SFirstName>J500</SFirstName>
            </PersonPrimaryName>
            <PersonPrimaryName>
               <LastName>Alias</LastName>
               <FirstName>John</FirstName>
               <DateOfInfo>05/30/2012 00:00:00</DateOfInfo>
               <SLastName>A420</SLastName>
               <SFirstName>J500</SFirstName>
            </PersonPrimaryName>
            <Alias>
               <NameTypeCode>P</NameTypeCode>
               <LastName>Doe</LastName>
               <FirstName>John</FirstName>
               <DOB>01/01/1912 00:00:00</DOB>
               <SLastName>D000</SLastName>
               <SFirstName>J500</SFirstName>
               <DateOfInfo>05/30/2012 16:09:14</DateOfInfo>
            </Alias>
            <Alias>
               <NameTypeCode>A</NameTypeCode>
               <LastName>Alias</LastName>
               <FirstName>John</FirstName>
               <SLastName>A420</SLastName>
               <SFirstName>J500</SFirstName>
               <DateOfInfo>05/30/2012 00:00:00</DateOfInfo>
            </Alias>
         </Person>
         <IncidentPersonRole>
            <RoleType>S</RoleType>
            <CreatorId>STATE_OFFICER11</CreatorId>
            <CreatorDate>03/15/2013 13:59:45</CreatorDate>
            <UpdatorId>TSTC</UpdatorId>
            <UpdatorDate>08/15/2023 20:32:17</UpdatorDate>
         </IncidentPersonRole>
      </IncidentPerson>
      <IncidentPerson>
         <ApproxAge>44</ApproxAge>
         <ResidentStatusCode>U</ResidentStatusCode>
         <CreatorId>STATE_OFFICER11</CreatorId>
         <CreatorDate>03/15/2013 14:00:05</CreatorDate>
         <UpdatorId>TSTC</UpdatorId>
         <UpdatorDate>05/24/2023 12:41:14</UpdatorDate>
         <Person>
            <PersonId>367</PersonId>
            <RaceCode>H</RaceCode>
            <SexCode>M</SexCode>
            <PersonVerified>Y</PersonVerified>
            <PersonPrimaryName>
               <LastName>ALMANZA</LastName>
               <FirstName>ELEAZAR</FirstName>
               <DOB>03/12/1969 00:00:00</DOB>
               <DateOfInfo>09/05/2012 14:14:01</DateOfInfo>
               <SLastName>A455</SLastName>
               <SFirstName>E426</SFirstName>
            </PersonPrimaryName>
            <Alias>
               <NameTypeCode>P</NameTypeCode>
               <LastName>ALMANZA</LastName>
               <FirstName>ELEAZAR</FirstName>
               <DOB>03/12/1969 00:00:00</DOB>
               <SLastName>A455</SLastName>
               <SFirstName>E426</SFirstName>
               <DateOfInfo>09/05/2012 14:14:01</DateOfInfo>
            </Alias>
            <PersonAddress>
               <StreetNumber>615</StreetNumber>
               <StreetName>VAN RAALTE</StreetName>
               <StreetTypeCode>AVE</StreetTypeCode>
               <City>HOLLAND</City>
               <StateCode>MI</StateCode>
               <Zip5>49423</Zip5>
            </PersonAddress>
            <PersonPhone>
               <PhoneTypeCode>RES</PhoneTypeCode>
               <PhoneArea>321</PhoneArea>
               <PhonePrefix>321</PhonePrefix>
               <PhoneSuffix>4567</PhoneSuffix>
               <DateOfInfo>07/17/2013 00:00:00</DateOfInfo>
            </PersonPhone>
            <PersonPhone>
               <PhoneTypeCode>RES</PhoneTypeCode>
               <PhoneArea>555</PhoneArea>
               <PhonePrefix>579</PhonePrefix>
               <PhoneSuffix>2214</PhoneSuffix>
               <DateOfInfo>07/17/2013 00:00:00</DateOfInfo>
            </PersonPhone>
            <PersonPhone>
               <PhoneTypeCode>VOC</PhoneTypeCode>
               <PhoneArea>555</PhoneArea>
               <PhonePrefix>579</PhonePrefix>
               <PhoneSuffix>2214</PhoneSuffix>
               <DateOfInfo>07/15/2013 00:00:00</DateOfInfo>
            </PersonPhone>
         </Person>
         <IncidentPersonRole>
            <RoleType>V</RoleType>
            <CreatorId>STATE_OFFICER11</CreatorId>
            <CreatorDate>03/15/2013 14:00:05</CreatorDate>
            <UpdatorId>TSTC</UpdatorId>
            <UpdatorDate>08/15/2023 20:32:17</UpdatorDate>
         </IncidentPersonRole>
      </IncidentPerson>
      <IncidentVehicle>
         <VEHICLE_ID>123</VEHICLE_ID>
         <RoleCode>VI</RoleCode>
         <CreatorId>STATE_OFFICER11</CreatorId>
         <CreatorDate>03/15/2013 13:58:03</CreatorDate>
         <UpdatorId>STATE_OFFICER11</UpdatorId>
         <UpdatorDate>03/15/2013 13:58:03</UpdatorDate>
         <DateOfInfo>08/27/2012 00:00:00</DateOfInfo>
         <StatusCode>2</StatusCode>
         <VIN>789</VIN>
         <VehicleYear>2012</VehicleYear>
         <VehicleMakeCode>BMW</VehicleMakeCode>
         <VehicleModelCode>Z8</VehicleModelCode>
         <VehicleStyleCode>RD</VehicleStyleCode>
         <VehicleTypeCode>AT</VehicleTypeCode>
         <VehicleLicNumber>LIVINGWELL3</VehicleLicNumber>
         <VehicleValue>25000</VehicleValue>
      </IncidentVehicle>
   </IncidentSupplement>
</Incident>