<?xml version="1.0" encoding="UTF-8"?>
<Incident xmlns:xsi="http://www.w3.org/2001/XMLSchema-instance"
          xsi:noNamespaceSchemaLocation="file:///C:/DATA/EJS/SVN_Root/Ejustice/trunk/XMLTransformations/OnlineRMSInternalToIncident/IAOnlineRMSIncidentImport.xsd">
   <IncidentReportNum>2021D4210338</IncidentReportNum>
   <AgencyCode>D42</AgencyCode>
   <ORINum>SC0280000</ORINum>
   <ReportDate>03/01/2021 10:37:00</ReportDate>
   <ReportTime>03/01/2021 10:37:00</ReportTime>
   <StartDate>03/01/2016 10:37:00</StartDate>
   <StartTime>03/01/2016 10:37:00</StartTime>
   <Summary>asdf</Summary>
   <CreatorId>STATE_OFFICER11</CreatorId>
   <CreatorDate>03/01/2021 10:37:21</CreatorDate>
   <UpdatorId>TSTC</UpdatorId>
   <UpdatorDate>09/09/2021 18:46:43</UpdatorDate>
   <IncidentType>
      <IncidentTypeCode>CAB</IncidentTypeCode>
   </IncidentType>
   <IncidentAddress>
      <AddressId>1723</AddressId>
      <City>20</City>
      <CreatorId>STATE_OFFICER11</CreatorId>
      <CreatorDate>03/01/2021 10:41:21</CreatorDate>
      <UpdatorId>TSTC</UpdatorId>
      <UpdatorDate>05/03/2021 14:19:11</UpdatorDate>
      <Address>
         <AddressId>1723</AddressId>
         <StreetNumber>67</StreetNumber>
         <StreetName>Hancock</StreetName>
         <StreetTypeCode>CIR</StreetTypeCode>
         <City>Tampa</City>
         <StateCode>FL</StateCode>
         <Zip5>12345</Zip5>
         <CountryCode>US</CountryCode>
      </Address>
   </IncidentAddress>
   <IncidentSupplement>
      <SupplementSequence>0</SupplementSequence>
      <IncSupplementStatusCode>A</IncSupplementStatusCode>
      <SuppReportDate>03/01/2021 10:37:21</SuppReportDate>
      <SuppReportTime>03/01/2021 10:37:21</SuppReportTime>
      <AgencyOnly>N</AgencyOnly>
      <SecurityLevel>1100</SecurityLevel>
      <SuppAgencyCode>D42</SuppAgencyCode>
      <UnknownNoOffenders>N</UnknownNoOffenders>
      <DsIcrDate>03/01/2021 10:44:05</DsIcrDate>
      <DsIcrSubmissionStatus>READY TO BE PROCESSED-ORIGINAL</DsIcrSubmissionStatus>
      <CreatorId>STATE_OFFICER11</CreatorId>
      <CreatorDate>03/01/2021 10:37:21</CreatorDate>
      <UpdatorId>TSTC</UpdatorId>
      <UpdatorDate>08/05/2021 17:38:29</UpdatorDate>
      <IncidentSuppNarrative>
         <NarrativeNumber>1</NarrativeNumber>
         <NarrativeTitle>Original Narrative</NarrativeTitle>
         <NarrativeText>dfsdfsf</NarrativeText>
         <CreatorId>STATE_OFFICER11</CreatorId>
         <CreatorDate>03/01/2021 10:43:43</CreatorDate>
         <UpdatorId>STATE_OFFICER11</UpdatorId>
         <UpdatorDate>03/01/2021 10:43:43</UpdatorDate>
      </IncidentSuppNarrative>
      <IncidentOfficer>
         <OfficerRoleCode>P</OfficerRoleCode>
         <Officer>
            <AgencyCode>D42</AgencyCode>
            <ORINumber>SC0280000</ORINumber>
            <LastName>Simpson</LastName>
            <FirstName>Homer</FirstName>
            <InternalID>9696</InternalID>
         </Officer>
      </IncidentOfficer>
      <IncidentOfficer>
         <OfficerRoleCode>R</OfficerRoleCode>
         <Officer>
            <AgencyCode>D42</AgencyCode>
            <ORINumber>SC0280000</ORINumber>
            <LastName>Simpson</LastName>
            <FirstName>Homer</FirstName>
            <InternalID>9696</InternalID>
         </Officer>
      </IncidentOfficer>
      <IncidentOfficer>
         <OfficerRoleCode>X</OfficerRoleCode>
         <Officer>
            <AgencyCode>D42</AgencyCode>
            <ORINumber>SC0280000</ORINumber>
            <LastName>Simpson</LastName>
            <FirstName>Homer</FirstName>
            <InternalID>9696</InternalID>
         </Officer>
      </IncidentOfficer>
      <IncidentOffense>
         <IncidentId>3333</IncidentId>
         <OffenseNumber>1</OffenseNumber>
         <OffenseStatusCode>00</OffenseStatusCode>
         <OffenseCode>35-43-2-2  C01</OffenseCode>
         <PlaceCode>25</PlaceCode>
         <BiasCode>88</BiasCode>
         <CSAUCode>C</CSAUCode>
         <SupplementSeq>0</SupplementSeq>
         <UCRNumber>1</UCRNumber>
         <OffenseStatusDate>03/01/2021 10:42:00</OffenseStatusDate>
         <Remarks>adding remarks</Remarks>
         <AttemptedCompletedCode>C</AttemptedCompletedCode>
         <CreatorId>STATE_OFFICER11</CreatorId>
         <CreatorDate>03/01/2021 10:41:21</CreatorDate>
         <UpdatorId>STATE_OFFICER11</UpdatorId>
         <UpdatorDate>03/01/2021 10:42:57</UpdatorDate>
      </IncidentOffense>
      <IncidentPerson>
         <ApproxAge>35</ApproxAge>
         <ClearMultiArrestCode>N</ClearMultiArrestCode>
         <CreatorId>STATE_OFFICER11</CreatorId>
         <CreatorDate>03/01/2021 10:41:21</CreatorDate>
         <UpdatorId>TSTC</UpdatorId>
         <UpdatorDate>05/24/2023 12:41:25</UpdatorDate>
         <Person>
            <PersonId>913</PersonId>
            <RaceCode>B</RaceCode>
            <SexCode>M</SexCode>
            <PersonVerified>Y</PersonVerified>
            <PersonPrimaryName>
               <LastName>Rob</LastName>
               <FirstName>Robbie</FirstName>
               <DateOfInfo>06/30/2017 00:00:00</DateOfInfo>
               <SLastName>R100</SLastName>
               <SFirstName>R100</SFirstName>
            </PersonPrimaryName>
            <PersonPrimaryName>
               <LastName>Black</LastName>
               <FirstName>Robert</FirstName>
               <DOB>06/01/1980 00:00:00</DOB>
               <SSN>3.33333333E8</SSN>
               <DateOfInfo>06/30/2017 10:45:45</DateOfInfo>
               <SLastName>B420</SLastName>
               <SFirstName>R163</SFirstName>
            </PersonPrimaryName>
            <Alias>
               <NameTypeCode>A</NameTypeCode>
               <LastName>Rob</LastName>
               <FirstName>Robbie</FirstName>
               <SLastName>R100</SLastName>
               <SFirstName>R100</SFirstName>
               <DateOfInfo>06/30/2017 00:00:00</DateOfInfo>
            </Alias>
            <Alias>
               <NameTypeCode>P</NameTypeCode>
               <LastName>Black</LastName>
               <FirstName>Robert</FirstName>
               <DOB>06/01/1980 00:00:00</DOB>
               <SSN>3.33333333E8</SSN>
               <SLastName>B420</SLastName>
               <SFirstName>R163</SFirstName>
               <DateOfInfo>06/30/2017 10:45:45</DateOfInfo>
            </Alias>
         </Person>
         <IncidentPersonRole>
            <RoleType>A</RoleType>
            <CreatorId>STATE_OFFICER11</CreatorId>
            <CreatorDate>03/01/2021 10:43:30</CreatorDate>
            <UpdatorId>TSTC</UpdatorId>
            <UpdatorDate>08/15/2023 20:32:24</UpdatorDate>
         </IncidentPersonRole>
         <IncidentPersonRole>
            <RoleType>S</RoleType>
            <CreatorId>STATE_OFFICER11</CreatorId>
            <CreatorDate>03/01/2021 10:43:30</CreatorDate>
            <UpdatorId>TSTC</UpdatorId>
            <UpdatorDate>08/15/2023 20:32:24</UpdatorDate>
         </IncidentPersonRole>
      </IncidentPerson>
   </IncidentSupplement>
</Incident>