<?xml version="1.0" encoding="UTF-8"?>
<Incident xmlns:xsi="http://www.w3.org/2001/XMLSchema-instance"
          xsi:noNamespaceSchemaLocation="file:///C:/DATA/EJS/SVN_Root/Ejustice/trunk/XMLTransformations/OnlineRMSInternalToIncident/IAOnlineRMSIncidentImport.xsd">
   <IncidentReportNum>2021D4210348</IncidentReportNum>
   <AgencyCode>D42</AgencyCode>
   <ORINum>SC0280000</ORINum>
   <ReportDate>06/23/2021 15:25:00</ReportDate>
   <ReportTime>06/23/2021 15:25:00</ReportTime>
   <StartDate>06/23/2021 10:00:00</StartDate>
   <StartTime>06/23/2021 10:00:00</StartTime>
   <Summary>Ang test #1 06/23 1:15pm</Summary>
   <InternalIncident>Y</InternalIncident>
   <CreatorId>STATE_OFFICER11</CreatorId>
   <CreatorDate>06/23/2021 15:25:35</CreatorDate>
   <UpdatorId>STATE_OFFICER11</UpdatorId>
   <UpdatorDate>09/29/2023 09:29:29</UpdatorDate>
   <IncidentType>
      <IncidentTypeCode>CITREP</IncidentTypeCode>
   </IncidentType>
   <IncidentAddress>
      <AddressId>1700</AddressId>
      <CreatorId>STATE_OFFICER11</CreatorId>
      <CreatorDate>09/29/2023 09:26:32</CreatorDate>
      <UpdatorId>TSTC</UpdatorId>
      <UpdatorDate>09/29/2023 09:26:37</UpdatorDate>
      <Address>
         <AddressId>1700</AddressId>
         <StreetNumber>43</StreetNumber>
         <StreetName>Newberry</StreetName>
         <City>INDIANAPOLIS</City>
         <StateCode>IN</StateCode>
         <Zip5>23422</Zip5>
         <CountryCode>US</CountryCode>
         <Longitude>-86.04155</Longitude>
         <Latitude>39.87154</Latitude>
      </Address>
   </IncidentAddress>
   <IncidentSupplement>
      <SupplementSequence>0</SupplementSequence>
      <IncSupplementStatusCode>A</IncSupplementStatusCode>
      <SuppReportDate>06/23/2021 15:25:35</SuppReportDate>
      <SuppReportTime>06/23/2021 15:25:35</SuppReportTime>
      <AgencyOnly>Y</AgencyOnly>
      <SecurityLevel>1100</SecurityLevel>
      <SuppAgencyCode>D42</SuppAgencyCode>
      <UnknownNoOffenders>N</UnknownNoOffenders>
      <DsIcrDate>09/29/2023 09:29:32</DsIcrDate>
      <DsIcrSubmissionStatus>NOT REPORTABLE</DsIcrSubmissionStatus>
      <CreatorId>STATE_OFFICER11</CreatorId>
      <CreatorDate>06/23/2021 15:25:35</CreatorDate>
      <UpdatorId>TSTC</UpdatorId>
      <UpdatorDate>09/29/2023 09:29:32</UpdatorDate>
      <IncidentSuppNarrative>
         <NarrativeNumber>1</NarrativeNumber>
         <NarrativeTitle>Complainant Narrative</NarrativeTitle>
         <NarrativeText>Ang test #1 06/23 1:15pm</NarrativeText>
         <CreatorId>STATE_OFFICER11</CreatorId>
         <CreatorDate>06/23/2021 15:25:36</CreatorDate>
         <UpdatorId>STATE_OFFICER11</UpdatorId>
         <UpdatorDate>06/23/2021 15:25:36</UpdatorDate>
      </IncidentSuppNarrative>
      <IncidentOfficer>
         <OfficerRoleCode>P</OfficerRoleCode>
         <Officer>
            <AgencyCode>D42</AgencyCode>
            <ORINumber>SC0280000</ORINumber>
            <LastName>Simpson</LastName>
            <FirstName>Homer</FirstName>
            <InternalID>9696</InternalID>
         </Officer>
      </IncidentOfficer>
      <IncidentOfficer>
         <OfficerRoleCode>R</OfficerRoleCode>
         <Officer>
            <AgencyCode>D42</AgencyCode>
            <ORINumber>SC0280000</ORINumber>
            <LastName>Simpson</LastName>
            <FirstName>Homer</FirstName>
            <InternalID>9696</InternalID>
         </Officer>
      </IncidentOfficer>
      <IncidentOffense>
         <IncidentId>3352</IncidentId>
         <OffenseNumber>1</OffenseNumber>
         <OffenseStatusCode>00</OffenseStatusCode>
         <OffenseCode>9-21-6-1</OffenseCode>
         <PlaceCode>25</PlaceCode>
         <BiasCode>88</BiasCode>
         <CSAUCode>C</CSAUCode>
         <SupplementSeq>0</SupplementSeq>
         <UCRNumber>1</UCRNumber>
         <OffenseStatusDate>06/23/2021 10:00:00</OffenseStatusDate>
         <AttemptedCompletedCode>C</AttemptedCompletedCode>
         <CreatorId>STATE_OFFICER11</CreatorId>
         <CreatorDate>09/29/2023 09:27:11</CreatorDate>
         <UpdatorId>STATE_OFFICER11</UpdatorId>
         <UpdatorDate>09/29/2023 09:27:45</UpdatorDate>
      </IncidentOffense>
      <IncidentPerson>
         <ApproxAge>33</ApproxAge>
         <CreatorId>STATE_OFFICER11</CreatorId>
         <CreatorDate>09/29/2023 09:27:11</CreatorDate>
         <UpdatorId>TSTC</UpdatorId>
         <UpdatorDate>09/29/2023 09:28:08</UpdatorDate>
         <Person>
            <PersonId>578</PersonId>
            <RaceCode>I</RaceCode>
            <SexCode>M</SexCode>
            <EthnicityCode>A</EthnicityCode>
            <PersonVerified>Y</PersonVerified>
            <PersonPrimaryName>
               <LastName>Collins</LastName>
               <FirstName>Timothy</FirstName>
               <DOB>07/05/1987 00:00:00</DOB>
               <DateOfInfo>07/24/2014 11:55:50</DateOfInfo>
               <SLastName>C452</SLastName>
               <SFirstName>T530</SFirstName>
            </PersonPrimaryName>
            <Alias>
               <NameTypeCode>P</NameTypeCode>
               <LastName>Collins</LastName>
               <FirstName>Timothy</FirstName>
               <DOB>07/05/1987 00:00:00</DOB>
               <SLastName>C452</SLastName>
               <SFirstName>T530</SFirstName>
               <DateOfInfo>07/24/2014 11:55:50</DateOfInfo>
            </Alias>
            <PersonPhone>
               <PhoneTypeCode>RES</PhoneTypeCode>
               <PhoneArea>765</PhoneArea>
               <PhonePrefix>404</PhonePrefix>
               <PhoneSuffix>9404</PhoneSuffix>
               <DateOfInfo>07/24/2014 00:00:00</DateOfInfo>
            </PersonPhone>
            <PersonPhone>
               <PhoneTypeCode>CEL</PhoneTypeCode>
               <PhoneArea>765</PhoneArea>
               <PhonePrefix>404</PhonePrefix>
               <PhoneSuffix>9404</PhoneSuffix>
               <DateOfInfo>07/24/2014 00:00:00</DateOfInfo>
            </PersonPhone>
         </Person>
         <IncidentPersonRole>
            <RoleType>C</RoleType>
            <CreatorId>STATE_OFFICER11</CreatorId>
            <CreatorDate>09/29/2023 09:28:08</CreatorDate>
            <UpdatorId>STATE_OFFICER11</UpdatorId>
            <UpdatorDate>09/29/2023 09:28:08</UpdatorDate>
         </IncidentPersonRole>
         <IncidentPersonRole>
            <RoleType>S</RoleType>
            <CreatorId>STATE_OFFICER11</CreatorId>
            <CreatorDate>09/29/2023 09:28:08</CreatorDate>
            <UpdatorId>STATE_OFFICER11</UpdatorId>
            <UpdatorDate>09/29/2023 09:28:08</UpdatorDate>
         </IncidentPersonRole>
      </IncidentPerson>
   </IncidentSupplement>
</Incident>