<?xml version="1.0" encoding="UTF-8"?>
<Incident xmlns:xsi="http://www.w3.org/2001/XMLSchema-instance"
          xsi:noNamespaceSchemaLocation="file:///C:/DATA/EJS/SVN_Root/Ejustice/trunk/XMLTransformations/OnlineRMSInternalToIncident/IAOnlineRMSIncidentImport.xsd">
   <IncidentReportNum>2014ISP0000355</IncidentReportNum>
   <AgencyCode>D42</AgencyCode>
   <ORINum>SC0280000</ORINum>
   <ReportDate>05/01/2014 14:54:00</ReportDate>
   <ReportTime>05/01/2014 14:54:00</ReportTime>
   <StartDate>05/01/2014 14:54:00</StartDate>
   <StartTime>05/01/2014 14:54:00</StartTime>
   <CreatorId>STATE_OFFICER11</CreatorId>
   <CreatorDate>05/01/2014 14:54:55</CreatorDate>
   <UpdatorId>TSTC</UpdatorId>
   <UpdatorDate>09/09/2021 18:46:30</UpdatorDate>
   <IncidentType>
      <IncidentTypeCode>CAD</IncidentTypeCode>
   </IncidentType>
   <IncidentAddress>
      <AddressId>259</AddressId>
      <City>6</City>
      <CreatorId>STATE_OFFICER11</CreatorId>
      <CreatorDate>05/01/2014 14:55:38</CreatorDate>
      <UpdatorId>STATE_OFFICER11</UpdatorId>
      <UpdatorDate>05/01/2014 14:55:52</UpdatorDate>
      <Address>
         <AddressId>259</AddressId>
         <StreetNumber>1133</StreetNumber>
         <StreetName>CONGRESS</StreetName>
         <StreetTypeCode>AVE</StreetTypeCode>
         <City>SOUTH BEND</City>
         <StateCode>IN</StateCode>
         <Zip5>46615</Zip5>
      </Address>
   </IncidentAddress>
   <IncidentSupplement>
      <SupplementSequence>0</SupplementSequence>
      <IncSupplementStatusCode>A</IncSupplementStatusCode>
      <SuppReportDate>05/01/2014 14:54:55</SuppReportDate>
      <SuppReportTime>05/01/2014 14:54:55</SuppReportTime>
      <AgencyOnly>N</AgencyOnly>
      <SecurityLevel>1201</SecurityLevel>
      <SuppAgencyCode>D42</SuppAgencyCode>
      <UnknownNoOffenders>N</UnknownNoOffenders>
      <DsIcrDate>05/01/2014 14:57:59</DsIcrDate>
      <DsIcrSubmissionStatus>READY TO BE PROCESSED-ORIGINAL</DsIcrSubmissionStatus>
      <CreatorId>STATE_OFFICER11</CreatorId>
      <CreatorDate>05/01/2014 14:54:55</CreatorDate>
      <UpdatorId>TSTC</UpdatorId>
      <UpdatorDate>08/05/2021 17:38:20</UpdatorDate>
      <IncidentSuppNarrative>
         <NarrativeNumber>1</NarrativeNumber>
         <NarrativeTitle>Original Narrative</NarrativeTitle>
         <NarrativeText>test</NarrativeText>
         <CreatorId>STATE_OFFICER11</CreatorId>
         <CreatorDate>05/01/2014 14:57:44</CreatorDate>
         <UpdatorId>STATE_OFFICER11</UpdatorId>
         <UpdatorDate>05/01/2014 14:57:44</UpdatorDate>
      </IncidentSuppNarrative>
      <IncidentOfficer>
         <OfficerRoleCode>P</OfficerRoleCode>
         <Officer>
            <AgencyCode>D42</AgencyCode>
            <ORINumber>SC0280000</ORINumber>
            <LastName>Ranz</LastName>
            <FirstName>Greg</FirstName>
            <InternalID>9696</InternalID>
         </Officer>
      </IncidentOfficer>
      <IncidentOfficer>
         <OfficerRoleCode>R</OfficerRoleCode>
         <Officer>
            <AgencyCode>D42</AgencyCode>
            <ORINumber>SC0280000</ORINumber>
            <LastName>Ranz</LastName>
            <FirstName>Greg</FirstName>
            <InternalID>9696</InternalID>
         </Officer>
      </IncidentOfficer>
      <IncidentOffense>
         <IncidentId>1656</IncidentId>
         <OffenseNumber>1</OffenseNumber>
         <OffenseStatusCode>00</OffenseStatusCode>
         <OffenseCode>35-42-1-1  M01        </OffenseCode>
         <PlaceCode>40</PlaceCode>
         <BiasCode>88</BiasCode>
         <CSAUCode>C</CSAUCode>
         <SupplementSeq>0</SupplementSeq>
         <UCRNumber>1</UCRNumber>
         <OffenseStatusDate>05/01/2014 14:56:00</OffenseStatusDate>
         <AttemptedCompletedCode>C</AttemptedCompletedCode>
         <ArrestChargeCode>35-42-1-1  M01        </ArrestChargeCode>
         <CreatorId>STATE_OFFICER11</CreatorId>
         <CreatorDate>05/01/2014 14:56:18</CreatorDate>
         <UpdatorId>STATE_OFFICER11</UpdatorId>
         <UpdatorDate>05/01/2014 14:56:18</UpdatorDate>
      </IncidentOffense>
      <IncidentPerson>
         <ApproxAge>48</ApproxAge>
         <ResidentStatusCode>R</ResidentStatusCode>
         <CreatorId>JOE.KADHIM@INTERACT911.COM</CreatorId>
         <CreatorDate>05/01/2014 14:56:44</CreatorDate>
         <UpdatorId>TSTC</UpdatorId>
         <UpdatorDate>05/24/2023 12:41:14</UpdatorDate>
         <Person>
            <PersonId>81</PersonId>
            <RaceCode>W</RaceCode>
            <SexCode>M</SexCode>
            <PersonVerified>Y</PersonVerified>
            <PersonPrimaryName>
               <LastName>Anton</LastName>
               <FirstName>Paul</FirstName>
               <DOB>01/01/1966 00:00:00</DOB>
               <DateOfInfo>04/02/2012 09:38:28</DateOfInfo>
               <SLastName>A535</SLastName>
               <SFirstName>P400</SFirstName>
            </PersonPrimaryName>
            <Alias>
               <NameTypeCode>P</NameTypeCode>
               <LastName>Anton</LastName>
               <FirstName>Paul</FirstName>
               <DOB>01/01/1966 00:00:00</DOB>
               <SLastName>A535</SLastName>
               <SFirstName>P400</SFirstName>
               <DateOfInfo>04/02/2012 09:38:28</DateOfInfo>
            </Alias>
            <PersonAddress>
               <StreetNumber>6523</StreetNumber>
               <StreetName>Anystreet</StreetName>
               <City>Anytown</City>
               <StateCode>NJ</StateCode>
               <Zip5>45623</Zip5>
               <Zip4>123</Zip4>
               <CountryCode>US</CountryCode>
               <Longitude>-75</Longitude>
               <Latitude>40</Latitude>
               <Beat>104</Beat>
               <SubBeat>West Patrol</SubBeat>
            </PersonAddress>
            <PersonAddress>
               <StreetNumber>6523</StreetNumber>
               <StreetName>Anystreet</StreetName>
               <City>Anytown</City>
               <StateCode>NJ</StateCode>
               <Zip5>45623</Zip5>
               <Zip4>123</Zip4>
               <CountryCode>US</CountryCode>
               <Longitude>-75</Longitude>
               <Latitude>40</Latitude>
               <Beat>104</Beat>
               <SubBeat>West Patrol</SubBeat>
            </PersonAddress>
            <PersonAddress>
               <StreetNumber>6523</StreetNumber>
               <StreetName>Anystreet</StreetName>
               <City>Anytown</City>
               <StateCode>NJ</StateCode>
               <Zip5>45623</Zip5>
               <Zip4>123</Zip4>
               <CountryCode>US</CountryCode>
               <Longitude>-75</Longitude>
               <Latitude>40</Latitude>
               <Beat>104</Beat>
               <SubBeat>West Patrol</SubBeat>
            </PersonAddress>
            <PersonAddress>
               <StreetNumber>6523</StreetNumber>
               <StreetName>Anystreet</StreetName>
               <City>Anytown</City>
               <StateCode>NJ</StateCode>
               <Zip5>45623</Zip5>
               <Zip4>123</Zip4>
               <CountryCode>US</CountryCode>
               <Longitude>-75</Longitude>
               <Latitude>40</Latitude>
               <Beat>104</Beat>
               <SubBeat>West Patrol</SubBeat>
            </PersonAddress>
         </Person>
         <IncidentPersonRole>
            <RoleType>S</RoleType>
            <CreatorId>STATE_OFFICER11</CreatorId>
            <CreatorDate>05/01/2014 14:56:44</CreatorDate>
            <UpdatorId>TSTC</UpdatorId>
            <UpdatorDate>08/15/2023 20:32:18</UpdatorDate>
         </IncidentPersonRole>
      </IncidentPerson>
      <IncidentPerson>
         <ApproxAge>54</ApproxAge>
         <ResidentStatusCode>R</ResidentStatusCode>
         <CreatorId>STATE_OFFICER11</CreatorId>
         <CreatorDate>05/01/2014 14:57:31</CreatorDate>
         <UpdatorId>TSTC</UpdatorId>
         <UpdatorDate>05/24/2023 12:41:14</UpdatorDate>
         <Person>
            <PersonId>71</PersonId>
            <RaceCode>M</RaceCode>
            <SexCode>M</SexCode>
            <PersonVerified>Y</PersonVerified>
            <PersonPrimaryName>
               <LastName>Dean</LastName>
               <FirstName>Jimmy</FirstName>
               <MiddleName>S</MiddleName>
               <DOB>01/01/1960 00:00:00</DOB>
               <DateOfInfo>03/28/2012 15:36:13</DateOfInfo>
               <SLastName>D500</SLastName>
               <SFirstName>J500</SFirstName>
            </PersonPrimaryName>
            <PersonPrimaryName>
               <LastName>Dean</LastName>
               <FirstName>James</FirstName>
               <DateOfInfo>03/29/2012 00:00:00</DateOfInfo>
               <SLastName>D500</SLastName>
               <SFirstName>J520</SFirstName>
            </PersonPrimaryName>
            <Alias>
               <NameTypeCode>P</NameTypeCode>
               <LastName>Dean</LastName>
               <FirstName>Jimmy</FirstName>
               <MiddleName>S</MiddleName>
               <DOB>01/01/1960 00:00:00</DOB>
               <SLastName>D500</SLastName>
               <SFirstName>J500</SFirstName>
               <DateOfInfo>03/28/2012 15:36:13</DateOfInfo>
            </Alias>
            <Alias>
               <NameTypeCode>A</NameTypeCode>
               <LastName>Dean</LastName>
               <FirstName>James</FirstName>
               <SLastName>D500</SLastName>
               <SFirstName>J520</SFirstName>
               <DateOfInfo>03/29/2012 00:00:00</DateOfInfo>
            </Alias>
            <PersonAddress>
               <StreetNumber>101</StreetNumber>
               <StreetDirCode>N</StreetDirCode>
               <StreetName>Main</StreetName>
               <StreetTypeCode>ST</StreetTypeCode>
               <City>INDIANAPOLIS</City>
               <CountryCode>US</CountryCode>
               <CountyCode>3</CountyCode>
               <Longitude>-86.122019</Longitude>
               <Latitude>39.664968</Latitude>
            </PersonAddress>
            <PersonAddress>
               <StreetNumber>2924</StreetNumber>
               <StreetDirCode>E</StreetDirCode>
               <StreetName>1250</StreetName>
               <StreetSuffixCode>S</StreetSuffixCode>
               <SubTypeCode>BLDG</SubTypeCode>
               <SubNumber>99</SubNumber>
               <City>Battle Ground</City>
               <StateCode>IN</StateCode>
               <Zip5>47920</Zip5>
               <CountryCode>US</CountryCode>
               <CountyCode>NaN</CountyCode>
               <Longitude>-86.813061</Longitude>
               <Latitude>40.569043</Latitude>
            </PersonAddress>
            <PersonPhone>
               <PhoneTypeCode>CEL</PhoneTypeCode>
               <PhoneArea>309</PhoneArea>
               <PhonePrefix>562</PhonePrefix>
               <PhoneSuffix>8456</PhoneSuffix>
               <DateOfInfo>04/18/2012 00:00:00</DateOfInfo>
            </PersonPhone>
            <PersonPhone>
               <PhoneTypeCode>BUS</PhoneTypeCode>
               <PhoneArea>111</PhoneArea>
               <PhonePrefix>222</PhonePrefix>
               <PhoneSuffix>3333</PhoneSuffix>
               <DateOfInfo>05/05/2017 00:00:00</DateOfInfo>
            </PersonPhone>
            <PersonPhone>
               <PhoneTypeCode>CEL</PhoneTypeCode>
               <PhoneArea>333</PhoneArea>
               <PhonePrefix>333</PhonePrefix>
               <PhoneSuffix>3333</PhoneSuffix>
               <DateOfInfo>05/05/2017 00:00:00</DateOfInfo>
            </PersonPhone>
         </Person>
         <IncidentPersonRole>
            <RoleType>V</RoleType>
            <CreatorId>STATE_OFFICER11</CreatorId>
            <CreatorDate>05/01/2014 14:57:31</CreatorDate>
            <UpdatorId>TSTC</UpdatorId>
            <UpdatorDate>08/15/2023 20:32:19</UpdatorDate>
         </IncidentPersonRole>
      </IncidentPerson>
   </IncidentSupplement>
</Incident>