<?xml version="1.0" encoding="UTF-8"?>
<Incident xmlns:xsi="http://www.w3.org/2001/XMLSchema-instance"
          xsi:noNamespaceSchemaLocation="file:///C:/DATA/EJS/SVN_Root/Ejustice/trunk/XMLTransformations/OnlineRMSInternalToIncident/IAOnlineRMSIncidentImport.xsd">
   <IncidentReportNum>2014ISP0000221</IncidentReportNum>
   <AgencyCode>D42</AgencyCode>
   <ORINum>SC0280000</ORINum>
   <ReportDate>02/20/2014 12:13:00</ReportDate>
   <ReportTime>02/20/2014 12:13:00</ReportTime>
   <StartDate>02/20/2014 12:13:00</StartDate>
   <StartTime>02/01/2014 12:13:00</StartTime>
   <CreatorId>STATE_OFFICER13</CreatorId>
   <CreatorDate>02/20/2014 12:13:04</CreatorDate>
   <UpdatorId>TSTC</UpdatorId>
   <UpdatorDate>09/09/2021 18:46:27</UpdatorDate>
   <IncidentType>
      <IncidentTypeCode>CAD</IncidentTypeCode>
   </IncidentType>
   <IncidentAddress>
      <AddressId>19</AddressId>
      <City>6</City>
      <CreatorId>STATE_OFFICER13</CreatorId>
      <CreatorDate>02/20/2014 12:13:16</CreatorDate>
      <UpdatorId>STATE_OFFICER13</UpdatorId>
      <UpdatorDate>02/20/2014 12:13:24</UpdatorDate>
      <Address>
         <AddressId>19</AddressId>
         <StreetNumber>52400</StreetNumber>
         <StreetDirCode>E</StreetDirCode>
         <StreetName>County Road 17</StreetName>
         <City>Bristol</City>
         <StateCode>IN</StateCode>
         <CountryCode>US</CountryCode>
         <Longitude>-85.888474</Longitude>
         <Latitude>41.732221</Latitude>
         <AddressCommonName>
            <CommonPlaceName>ANG TEST</CommonPlaceName>
         </AddressCommonName>
      </Address>
   </IncidentAddress>
   <IncidentSupplement>
      <SupplementSequence>0</SupplementSequence>
      <IncSupplementStatusCode>A</IncSupplementStatusCode>
      <SuppReportDate>02/20/2014 12:13:04</SuppReportDate>
      <SuppReportTime>02/20/2014 12:13:04</SuppReportTime>
      <AgencyOnly>N</AgencyOnly>
      <SecurityLevel>1100</SecurityLevel>
      <SuppAgencyCode>D42</SuppAgencyCode>
      <UnknownNoOffenders>N</UnknownNoOffenders>
      <DsIcrDate>02/20/2014 12:13:48</DsIcrDate>
      <DsIcrSubmissionStatus>NOT REPORTABLE</DsIcrSubmissionStatus>
      <CreatorId>STATE_OFFICER13</CreatorId>
      <CreatorDate>02/20/2014 12:13:04</CreatorDate>
      <UpdatorId>TSTC</UpdatorId>
      <UpdatorDate>08/05/2021 17:38:18</UpdatorDate>
      <IncidentSuppNarrative>
         <NarrativeNumber>1</NarrativeNumber>
         <NarrativeTitle>Original Narrative</NarrativeTitle>
         <NarrativeText>test</NarrativeText>
         <CreatorId>STATE_OFFICER13</CreatorId>
         <CreatorDate>02/20/2014 12:13:42</CreatorDate>
         <UpdatorId>STATE_OFFICER13</UpdatorId>
         <UpdatorDate>02/20/2014 12:13:42</UpdatorDate>
      </IncidentSuppNarrative>
      <IncidentOfficer>
         <OfficerRoleCode>P</OfficerRoleCode>
         <Officer>
            <AgencyCode>D42</AgencyCode>
            <ORINumber>SC0280000</ORINumber>
            <LastName>L'ivangood</LastName>
            <FirstName>D'erek</FirstName>
            <InternalID>1007</InternalID>
         </Officer>
      </IncidentOfficer>
      <IncidentOfficer>
         <OfficerRoleCode>R</OfficerRoleCode>
         <Officer>
            <AgencyCode>D42</AgencyCode>
            <ORINumber>SC0280000</ORINumber>
            <LastName>L'ivangood</LastName>
            <FirstName>D'erek</FirstName>
            <InternalID>1007</InternalID>
         </Officer>
      </IncidentOfficer>
   </IncidentSupplement>
</Incident>