<?xml version="1.0" encoding="UTF-8"?>
<Incident xmlns:xsi="http://www.w3.org/2001/XMLSchema-instance"
          xsi:noNamespaceSchemaLocation="file:///C:/DATA/EJS/SVN_Root/Ejustice/trunk/XMLTransformations/OnlineRMSInternalToIncident/IAOnlineRMSIncidentImport.xsd">
   <IncidentReportNum>2014ISP0000248</IncidentReportNum>
   <AgencyCode>D42</AgencyCode>
   <ORINum>SC0280000</ORINum>
   <ReportDate>04/03/2014 10:18:00</ReportDate>
   <ReportTime>04/03/2014 10:18:00</ReportTime>
   <StartDate>04/03/2014 10:18:00</StartDate>
   <StartTime>04/01/2014 10:18:00</StartTime>
   <CreatorId>STATE_OFFICER11</CreatorId>
   <CreatorDate>04/03/2014 10:18:41</CreatorDate>
   <UpdatorId>TSTC</UpdatorId>
   <UpdatorDate>09/09/2021 18:46:29</UpdatorDate>
   <IncidentType>
      <IncidentTypeCode>CAD</IncidentTypeCode>
   </IncidentType>
   <IncidentAddress>
      <AddressId>259</AddressId>
      <City>9</City>
      <CreatorId>STATE_OFFICER11</CreatorId>
      <CreatorDate>04/03/2014 10:21:59</CreatorDate>
      <UpdatorId>TSTC</UpdatorId>
      <UpdatorDate>04/03/2014 10:22:01</UpdatorDate>
      <Address>
         <AddressId>259</AddressId>
         <StreetNumber>1133</StreetNumber>
         <StreetName>CONGRESS</StreetName>
         <StreetTypeCode>AVE</StreetTypeCode>
         <City>SOUTH BEND</City>
         <StateCode>IN</StateCode>
         <Zip5>46615</Zip5>
      </Address>
   </IncidentAddress>
   <IncidentSupplement>
      <SupplementSequence>0</SupplementSequence>
      <IncSupplementStatusCode>A</IncSupplementStatusCode>
      <SuppReportDate>04/03/2014 10:18:41</SuppReportDate>
      <SuppReportTime>04/03/2014 10:18:41</SuppReportTime>
      <AgencyOnly>N</AgencyOnly>
      <SecurityLevel>1201</SecurityLevel>
      <SuppAgencyCode>D42</SuppAgencyCode>
      <UnknownNoOffenders>N</UnknownNoOffenders>
      <DsIcrDate>04/03/2014 10:53:17</DsIcrDate>
      <DsIcrSubmissionStatus>SENT WAITING FOR RESPONSE</DsIcrSubmissionStatus>
      <CreatorId>STATE_OFFICER11</CreatorId>
      <CreatorDate>04/03/2014 10:18:41</CreatorDate>
      <UpdatorId>TSTC</UpdatorId>
      <UpdatorDate>08/05/2021 17:38:19</UpdatorDate>
      <IncidentSuppNarrative>
         <NarrativeNumber>1</NarrativeNumber>
         <NarrativeTitle>Original Narrative</NarrativeTitle>
         <NarrativeText>test</NarrativeText>
         <CreatorId>SA_SUPER</CreatorId>
         <CreatorDate>04/03/2014 10:36:57</CreatorDate>
         <UpdatorId>TSTC</UpdatorId>
         <UpdatorDate>07/13/2017 10:34:04</UpdatorDate>
      </IncidentSuppNarrative>
      <IncidentOfficer>
         <OfficerRoleCode>P</OfficerRoleCode>
         <Officer>
            <AgencyCode>D42</AgencyCode>
            <ORINumber>SC0280000</ORINumber>
            <LastName>Ranz</LastName>
            <FirstName>Greg</FirstName>
            <InternalID>9696</InternalID>
         </Officer>
      </IncidentOfficer>
      <IncidentOfficer>
         <OfficerRoleCode>R</OfficerRoleCode>
         <Officer>
            <AgencyCode>D42</AgencyCode>
            <ORINumber>SC0280000</ORINumber>
            <LastName>Ranz</LastName>
            <FirstName>Greg</FirstName>
            <InternalID>9696</InternalID>
         </Officer>
      </IncidentOfficer>
      <IncidentOffense>
         <IncidentId>1469</IncidentId>
         <OffenseNumber>1</OffenseNumber>
         <OffenseStatusCode>00</OffenseStatusCode>
         <OffenseCode>35-42-2-1.5</OffenseCode>
         <PlaceCode>40</PlaceCode>
         <BiasCode>88</BiasCode>
         <CSAUCode>C</CSAUCode>
         <SupplementSeq>0</SupplementSeq>
         <UCRNumber>1</UCRNumber>
         <OffenseStatusDate>04/03/2014 10:23:00</OffenseStatusDate>
         <AttemptedCompletedCode>C</AttemptedCompletedCode>
         <ArrestChargeCode>35-42-2-1.5</ArrestChargeCode>
         <CreatorId>STATE_OFFICER11</CreatorId>
         <CreatorDate>04/03/2014 10:25:02</CreatorDate>
         <UpdatorId>STATE_OFFICER11</UpdatorId>
         <UpdatorDate>04/03/2014 10:25:04</UpdatorDate>
      </IncidentOffense>
      <IncidentPerson>
         <ApproxAge>18</ApproxAge>
         <ResidentStatusCode>R</ResidentStatusCode>
         <ClearMultiArrestCode>N</ClearMultiArrestCode>
         <CreatorId>STATE_OFFICER11</CreatorId>
         <CreatorDate>04/03/2014 10:36:05</CreatorDate>
         <UpdatorId>TSTC</UpdatorId>
         <UpdatorDate>05/24/2023 12:41:15</UpdatorDate>
         <Person>
            <PersonId>496</PersonId>
            <RaceCode>W</RaceCode>
            <SexCode>M</SexCode>
            <PersonVerified>Y</PersonVerified>
            <PersonPrimaryName>
               <LastName>Bob2</LastName>
               <FirstName>bob2</FirstName>
               <MiddleName>Bob2</MiddleName>
               <DOB>02/01/1996 00:00:00</DOB>
               <DateOfInfo>02/06/2014 16:58:32</DateOfInfo>
               <SLastName>B100</SLastName>
               <SFirstName>B100</SFirstName>
            </PersonPrimaryName>
            <Alias>
               <NameTypeCode>P</NameTypeCode>
               <LastName>Bob2</LastName>
               <FirstName>bob2</FirstName>
               <MiddleName>Bob2</MiddleName>
               <DOB>02/01/1996 00:00:00</DOB>
               <SLastName>B100</SLastName>
               <SFirstName>B100</SFirstName>
               <DateOfInfo>02/06/2014 16:58:32</DateOfInfo>
            </Alias>
         </Person>
         <IncidentPersonRole>
            <RoleType>S</RoleType>
            <CreatorId>STATE_OFFICER11</CreatorId>
            <CreatorDate>04/03/2014 10:36:05</CreatorDate>
            <UpdatorId>TSTC</UpdatorId>
            <UpdatorDate>08/15/2023 20:32:18</UpdatorDate>
         </IncidentPersonRole>
         <IncidentPersonRole>
            <RoleType>A</RoleType>
            <CreatorId>TIER1_ADMIN</CreatorId>
            <CreatorDate>04/03/2014 10:36:05</CreatorDate>
            <UpdatorId>TSTC</UpdatorId>
            <UpdatorDate>08/15/2023 20:32:18</UpdatorDate>
         </IncidentPersonRole>
      </IncidentPerson>
      <IncidentPerson>
         <ApproxAge>47</ApproxAge>
         <ResidentStatusCode>R</ResidentStatusCode>
         <CreatorId>STATE_OFFICER11</CreatorId>
         <CreatorDate>04/03/2014 10:36:43</CreatorDate>
         <UpdatorId>TSTC</UpdatorId>
         <UpdatorDate>05/24/2023 12:41:15</UpdatorDate>
         <Person>
            <PersonId>362</PersonId>
            <RaceCode>H</RaceCode>
            <SexCode>M</SexCode>
            <PersonVerified>Y</PersonVerified>
            <PersonPrimaryName>
               <LastName>DOWNS</LastName>
               <FirstName>ARTHUR</FirstName>
               <DOB>12/18/1966 00:00:00</DOB>
               <DateOfInfo>09/05/2012 14:13:54</DateOfInfo>
               <SLastName>D520</SLastName>
               <SFirstName>A636</SFirstName>
            </PersonPrimaryName>
            <Alias>
               <NameTypeCode>P</NameTypeCode>
               <LastName>DOWNS</LastName>
               <FirstName>ARTHUR</FirstName>
               <DOB>12/18/1966 00:00:00</DOB>
               <SLastName>D520</SLastName>
               <SFirstName>A636</SFirstName>
               <DateOfInfo>09/05/2012 14:13:54</DateOfInfo>
            </Alias>
            <PersonAddress>
               <StreetNumber>251</StreetNumber>
               <StreetName>DOGWOOD</StreetName>
               <StreetTypeCode>CIR</StreetTypeCode>
               <City>TAYLORSVILLE</City>
               <StateCode>KY</StateCode>
               <Zip5>40071</Zip5>
            </PersonAddress>
            <PersonAddress>
               <StreetNumber>777</StreetNumber>
               <StreetDirCode>E</StreetDirCode>
               <StreetName>PERRY</StreetName>
               <StreetTypeCode>ST</StreetTypeCode>
               <City>VERSAILLES</City>
               <StateCode>IN</StateCode>
               <CountryCode>US</CountryCode>
               <Longitude>-86.14495581123543</Longitude>
               <Latitude>39.720018942511956</Latitude>
            </PersonAddress>
            <PersonAddress>
               <StreetNumber>1936</StreetNumber>
               <StreetName>Buchanan</StreetName>
               <StreetTypeCode>ST</StreetTypeCode>
               <City>San Francisco</City>
               <StateCode>CA</StateCode>
               <Zip5>94115</Zip5>
               <CountryCode>US</CountryCode>
               <Longitude>-122.430241</Longitude>
               <Latitude>37.787967</Latitude>
            </PersonAddress>
            <PersonPhone>
               <PhoneTypeCode>RES</PhoneTypeCode>
               <PhoneArea>444</PhoneArea>
               <PhonePrefix>555</PhonePrefix>
               <PhoneSuffix>6666</PhoneSuffix>
               <DateOfInfo>11/04/2014 00:00:00</DateOfInfo>
            </PersonPhone>
            <PersonPhone>
               <PhoneTypeCode>BUS</PhoneTypeCode>
               <PhoneArea>555</PhoneArea>
               <PhonePrefix>555</PhonePrefix>
               <PhoneSuffix>5555</PhoneSuffix>
               <DateOfInfo>11/04/2014 00:00:00</DateOfInfo>
            </PersonPhone>
         </Person>
         <IncidentPersonRole>
            <RoleType>V</RoleType>
            <CreatorId>STATE_OFFICER11</CreatorId>
            <CreatorDate>04/03/2014 10:36:43</CreatorDate>
            <UpdatorId>TSTC</UpdatorId>
            <UpdatorDate>08/15/2023 20:32:18</UpdatorDate>
         </IncidentPersonRole>
      </IncidentPerson>
   </IncidentSupplement>
   <IncidentSupplement>
      <SupplementSequence>1</SupplementSequence>
      <IncSupplementStatusCode>A</IncSupplementStatusCode>
      <SuppReportDate>04/03/2014 11:28:17</SuppReportDate>
      <SuppReportTime>04/03/2014 11:28:17</SuppReportTime>
      <AgencyOnly>N</AgencyOnly>
      <SecurityLevel>1201</SecurityLevel>
      <SuppAgencyCode>D42</SuppAgencyCode>
      <UnknownNoOffenders>N</UnknownNoOffenders>
      <DsIcrDate>04/03/2014 11:30:43</DsIcrDate>
      <DsIcrSubmissionStatus>DATASET_INSERT_PENDING</DsIcrSubmissionStatus>
      <CreatorId>STATE_OFFICER11</CreatorId>
      <CreatorDate>04/03/2014 11:28:17</CreatorDate>
      <UpdatorId>TSTC</UpdatorId>
      <UpdatorDate>08/05/2021 17:38:19</UpdatorDate>
      <IncidentSuppNarrative>
         <NarrativeNumber>1</NarrativeNumber>
         <NarrativeTitle>Supplement#1 - Narrative</NarrativeTitle>
         <NarrativeText>test</NarrativeText>
         <CreatorId>STATE_OFFICER11</CreatorId>
         <CreatorDate>04/03/2014 11:29:57</CreatorDate>
         <UpdatorId>STATE_OFFICER11</UpdatorId>
         <UpdatorDate>04/03/2014 11:29:57</UpdatorDate>
      </IncidentSuppNarrative>
      <IncidentOfficer>
         <OfficerRoleCode>P</OfficerRoleCode>
         <Officer>
            <AgencyCode>D42</AgencyCode>
            <ORINumber>SC0280000</ORINumber>
            <LastName>Ranz</LastName>
            <FirstName>Greg</FirstName>
            <InternalID>9696</InternalID>
         </Officer>
      </IncidentOfficer>
      <IncidentOfficer>
         <OfficerRoleCode>R</OfficerRoleCode>
         <Officer>
            <AgencyCode>D42</AgencyCode>
            <ORINumber>SC0280000</ORINumber>
            <LastName>Ranz</LastName>
            <FirstName>Greg</FirstName>
            <InternalID>9696</InternalID>
         </Officer>
      </IncidentOfficer>
      <IncidentOffense>
         <IncidentId>1469</IncidentId>
         <OffenseNumber>1</OffenseNumber>
         <OffenseStatusCode>09</OffenseStatusCode>
         <OffenseCode>35-42-2-1.5</OffenseCode>
         <PlaceCode>40</PlaceCode>
         <BiasCode>88</BiasCode>
         <CSAUCode>C</CSAUCode>
         <SupplementSeq>1</SupplementSeq>
         <UCRNumber>1</UCRNumber>
         <OffenseStatusDate>04/03/2014 11:30:00</OffenseStatusDate>
         <AttemptedCompletedCode>C</AttemptedCompletedCode>
         <ArrestChargeCode>35-42-2-1.5</ArrestChargeCode>
         <CreatorId>STATE_OFFICER11</CreatorId>
         <CreatorDate>04/03/2014 11:30:08</CreatorDate>
         <UpdatorId>STATE_OFFICER11</UpdatorId>
         <UpdatorDate>04/03/2014 11:30:29</UpdatorDate>
      </IncidentOffense>
   </IncidentSupplement>
</Incident>