<?xml version="1.0" encoding="UTF-8"?>
<Incident xmlns:xsi="http://www.w3.org/2001/XMLSchema-instance"
          xsi:noNamespaceSchemaLocation="file:///C:/DATA/EJS/SVN_Root/Ejustice/trunk/XMLTransformations/OnlineRMSInternalToIncident/IAOnlineRMSIncidentImport.xsd">
   <IncidentReportNum>2014ISP0000553</IncidentReportNum>
   <AgencyCode>D42</AgencyCode>
   <ORINum>SC0280000</ORINum>
   <ReportDate>10/21/2014 14:02:00</ReportDate>
   <ReportTime>10/21/2014 14:02:00</ReportTime>
   <StartDate>10/21/2014 14:02:00</StartDate>
   <StartTime>10/01/2014 14:02:00</StartTime>
   <Summary>Car Theft</Summary>
   <CreatorId>STATE_OFFICER11</CreatorId>
   <CreatorDate>10/21/2014 14:02:44</CreatorDate>
   <UpdatorId>TSTC</UpdatorId>
   <UpdatorDate>09/09/2021 18:46:33</UpdatorDate>
   <IncidentType>
      <IncidentTypeCode>B/V</IncidentTypeCode>
   </IncidentType>
   <IncidentAddress>
      <AddressId>212</AddressId>
      <City>2</City>
      <CreatorId>STATE_OFFICER11</CreatorId>
      <CreatorDate>10/21/2014 14:03:01</CreatorDate>
      <UpdatorId>TSTC</UpdatorId>
      <UpdatorDate>10/21/2014 14:03:04</UpdatorDate>
      <Address>
         <AddressId>212</AddressId>
         <StreetNumber>400</StreetNumber>
         <StreetDirCode>S</StreetDirCode>
         <StreetName>JACKSON PARK</StreetName>
         <StreetTypeCode>DR</StreetTypeCode>
         <SubTypeCode>UNIT</SubTypeCode>
         <SubNumber>218</SubNumber>
         <City>SEYMOUR</City>
         <StateCode>IN</StateCode>
         <Zip5>47274</Zip5>
         <AddressCommonName>
            <CommonPlaceName>Dead strip</CommonPlaceName>
         </AddressCommonName>
      </Address>
   </IncidentAddress>
   <IncidentSupplement>
      <SupplementSequence>0</SupplementSequence>
      <IncSupplementStatusCode>A</IncSupplementStatusCode>
      <SuppReportDate>10/21/2014 14:02:44</SuppReportDate>
      <SuppReportTime>10/21/2014 14:02:44</SuppReportTime>
      <AgencyOnly>N</AgencyOnly>
      <SecurityLevel>1100</SecurityLevel>
      <SuppAgencyCode>D42</SuppAgencyCode>
      <UnknownNoOffenders>N</UnknownNoOffenders>
      <DsIcrDate>10/21/2014 14:03:25</DsIcrDate>
      <DsIcrSubmissionStatus>NOT REPORTABLE</DsIcrSubmissionStatus>
      <CreatorId>STATE_OFFICER11</CreatorId>
      <CreatorDate>10/21/2014 14:02:44</CreatorDate>
      <UpdatorId>TSTC</UpdatorId>
      <UpdatorDate>08/05/2021 17:38:22</UpdatorDate>
      <IncidentSuppNarrative>
         <NarrativeNumber>1</NarrativeNumber>
         <NarrativeTitle>Original Narrative</NarrativeTitle>
         <NarrativeText>&amp;nbsp;Car theft</NarrativeText>
         <CreatorId>STATE_OFFICER11</CreatorId>
         <CreatorDate>10/21/2014 14:03:13</CreatorDate>
         <UpdatorId>STATE_OFFICER11</UpdatorId>
         <UpdatorDate>10/21/2014 14:03:13</UpdatorDate>
      </IncidentSuppNarrative>
      <IncidentOfficer>
         <OfficerRoleCode>P</OfficerRoleCode>
         <Officer>
            <AgencyCode>D42</AgencyCode>
            <ORINumber>SC0280000</ORINumber>
            <LastName>Ranz</LastName>
            <FirstName>Greg</FirstName>
            <InternalID>9696</InternalID>
         </Officer>
      </IncidentOfficer>
      <IncidentOfficer>
         <OfficerRoleCode>R</OfficerRoleCode>
         <Officer>
            <AgencyCode>D42</AgencyCode>
            <ORINumber>SC0280000</ORINumber>
            <LastName>Ranz</LastName>
            <FirstName>Greg</FirstName>
            <InternalID>9696</InternalID>
         </Officer>
      </IncidentOfficer>
   </IncidentSupplement>
</Incident>