<?xml version="1.0" encoding="UTF-8"?>
<Incident xmlns:xsi="http://www.w3.org/2001/XMLSchema-instance"
          xsi:noNamespaceSchemaLocation="file:///C:/DATA/EJS/SVN_Root/Ejustice/trunk/XMLTransformations/OnlineRMSInternalToIncident/IAOnlineRMSIncidentImport.xsd">
   <IncidentReportNum>2014ISP0000501</IncidentReportNum>
   <AgencyCode>D42</AgencyCode>
   <ORINum>SC0280000</ORINum>
   <ReportDate>09/10/2014 10:58:00</ReportDate>
   <ReportTime>09/10/2014 10:58:00</ReportTime>
   <StartDate>09/10/2014 10:58:00</StartDate>
   <StartTime>09/01/2014 10:58:00</StartTime>
   <CreatorId>STATE_OFFICER11</CreatorId>
   <CreatorDate>08/21/2014 13:27:33</CreatorDate>
   <UpdatorId>TSTC</UpdatorId>
   <UpdatorDate>09/09/2021 18:46:32</UpdatorDate>
   <IncidentType>
      <IncidentTypeCode>B/B</IncidentTypeCode>
   </IncidentType>
   <IncidentAddress>
      <AddressId>273</AddressId>
      <Beat>Test</Beat>
      <SubBeat>Area</SubBeat>
      <City>1</City>
      <CreatorId>STATE_OFFICER521</CreatorId>
      <CreatorDate>09/10/2014 10:59:27</CreatorDate>
      <UpdatorId>TSTC</UpdatorId>
      <UpdatorDate>07/12/2017 12:54:31</UpdatorDate>
      <Address>
         <AddressId>273</AddressId>
         <StreetNumber>28513</StreetNumber>
         <StreetDirCode>W</StreetDirCode>
         <StreetName>OVIATT</StreetName>
         <StreetTypeCode>RD</StreetTypeCode>
         <City>BAY VILLAGE</City>
         <StateCode>OH</StateCode>
         <Zip5>44140</Zip5>
         <Beat>Test</Beat>
         <SubBeat>Area</SubBeat>
      </Address>
   </IncidentAddress>
   <IncidentSupplement>
      <SupplementSequence>0</SupplementSequence>
      <IncSupplementStatusCode>A</IncSupplementStatusCode>
      <SuppReportDate>08/21/2014 13:27:33</SuppReportDate>
      <SuppReportTime>08/21/2014 13:27:33</SuppReportTime>
      <AgencyOnly>N</AgencyOnly>
      <SecurityLevel>1201</SecurityLevel>
      <SuppAgencyCode>D42</SuppAgencyCode>
      <UnknownNoOffenders>N</UnknownNoOffenders>
      <DsIcrDate>09/15/2014 14:09:10</DsIcrDate>
      <DsIcrSubmissionStatus>FAILED VALIDATION</DsIcrSubmissionStatus>
      <CreatorId>STATE_OFFICER11</CreatorId>
      <CreatorDate>08/21/2014 13:27:33</CreatorDate>
      <UpdatorId>TSTC</UpdatorId>
      <UpdatorDate>08/05/2021 17:38:21</UpdatorDate>
      <IncidentSuppNarrative>
         <NarrativeNumber>1</NarrativeNumber>
         <NarrativeTitle>Original Narrative</NarrativeTitle>
         <NarrativeText>&amp;nbsp;Test</NarrativeText>
         <CreatorId>STATE_OFFICER11</CreatorId>
         <CreatorDate>09/10/2014 10:58:27</CreatorDate>
         <UpdatorId>STATE_OFFICER11</UpdatorId>
         <UpdatorDate>09/10/2014 10:58:27</UpdatorDate>
      </IncidentSuppNarrative>
      <IncidentOfficer>
         <OfficerRoleCode>P</OfficerRoleCode>
         <Officer>
            <AgencyCode>D42</AgencyCode>
            <ORINumber>SC0280000</ORINumber>
            <LastName>Ranz</LastName>
            <FirstName>Greg</FirstName>
            <InternalID>9696</InternalID>
         </Officer>
      </IncidentOfficer>
      <IncidentOfficer>
         <OfficerRoleCode>R</OfficerRoleCode>
         <Officer>
            <AgencyCode>D42</AgencyCode>
            <ORINumber>SC0280000</ORINumber>
            <LastName>Gerber</LastName>
            <FirstName>Henry (Sup)</FirstName>
            <InternalID>445</InternalID>
         </Officer>
      </IncidentOfficer>
      <IncidentOffense>
         <IncidentId>1896</IncidentId>
         <OffenseNumber>1</OffenseNumber>
         <OffenseStatusCode>00</OffenseStatusCode>
         <OffenseCode>35-43-2-1  B08</OffenseCode>
         <PlaceCode>40</PlaceCode>
         <BiasCode>88</BiasCode>
         <CSAUCode>C</CSAUCode>
         <SupplementSeq>0</SupplementSeq>
         <UCRNumber>1</UCRNumber>
         <OffenseStatusDate>09/10/2014 11:00:00</OffenseStatusDate>
         <ForcedEntryCode>N</ForcedEntryCode>
         <AttemptedCompletedCode>C</AttemptedCompletedCode>
         <CreatorId>STATE_OFFICER11</CreatorId>
         <CreatorDate>08/21/2014 13:28:37</CreatorDate>
         <UpdatorId>STATE_OFFICER11</UpdatorId>
         <UpdatorDate>09/10/2014 11:08:41</UpdatorDate>
      </IncidentOffense>
      <IncidentProperty>
         <RoleCode>7</RoleCode>
         <CreatorId>STATE_OFFICER11</CreatorId>
         <CreatorDate>09/10/2014 11:06:50</CreatorDate>
         <UpdatorId>TSTC</UpdatorId>
         <UpdatorDate>08/10/2017 23:00:41</UpdatorDate>
         <DateOfInfo>09/10/2014 00:00:00</DateOfInfo>
         <StatusCode>7</StatusCode>
         <DocumentTypeCode>P</DocumentTypeCode>
         <PropertyTypeCode>791</PropertyTypeCode>
         <PropertyValue>50</PropertyValue>
         <Value>50</Value>
         <Evidence>N</Evidence>
         <EvidenceFlag>N</EvidenceFlag>
         <Property_ID>1089</Property_ID>
         <Quantity>1</Quantity>
      </IncidentProperty>
   </IncidentSupplement>
</Incident>