<?xml version="1.0" encoding="UTF-8"?>
<Incident xmlns:xsi="http://www.w3.org/2001/XMLSchema-instance"
          xsi:noNamespaceSchemaLocation="file:///C:/DATA/EJS/SVN_Root/Ejustice/trunk/XMLTransformations/OnlineRMSInternalToIncident/IAOnlineRMSIncidentImport.xsd">
   <IncidentReportNum>2014TEST000003</IncidentReportNum>
   <AgencyCode>D42</AgencyCode>
   <ORINum>SC0280000</ORINum>
   <ReportDate>11/04/2014 13:04:00</ReportDate>
   <ReportTime>11/04/2014 13:04:00</ReportTime>
   <StartDate>11/03/2014 13:04:00</StartDate>
   <StartTime>10/06/2014 16:00:41</StartTime>
   <Summary>Incident Summary</Summary>
   <CreatorId>STATE_OFFICER11</CreatorId>
   <CreatorDate>11/04/2014 13:04:11</CreatorDate>
   <UpdatorId>TSTC</UpdatorId>
   <UpdatorDate>09/09/2021 18:46:33</UpdatorDate>
   <IncidentType>
      <IncidentTypeCode>B/B</IncidentTypeCode>
   </IncidentType>
   <IncidentAddress>
      <IncAddrComment>Address Comments</IncAddrComment>
      <AddressId>22</AddressId>
      <Beat>104</Beat>
      <SubBeat>West Patrol</SubBeat>
      <City>1</City>
      <CreatorId>C_ADMIN</CreatorId>
      <CreatorDate>11/04/2014 13:09:12</CreatorDate>
      <UpdatorId>STATE_OFFICER11</UpdatorId>
      <UpdatorDate>11/04/2014 13:44:22</UpdatorDate>
      <Address>
         <AddressId>22</AddressId>
         <StreetNumber>1355</StreetNumber>
         <StreetDirCode>W</StreetDirCode>
         <StreetName>COUNTY LINE</StreetName>
         <StreetTypeCode>RD</StreetTypeCode>
         <StreetSuffixCode>N</StreetSuffixCode>
         <SubTypeCode>APT</SubTypeCode>
         <SubNumber>A100</SubNumber>
         <City>DILLON</City>
         <StateCode>CO</StateCode>
         <Zip5>80302</Zip5>
         <Beat>104</Beat>
         <SubBeat>West Patrol</SubBeat>
         <AddressCommonName>
            <CommonPlaceName>Outside Store</CommonPlaceName>
         </AddressCommonName>
      </Address>
   </IncidentAddress>
   <IncidentSupplement>
      <SupplementSequence>0</SupplementSequence>
      <IncSupplementStatusCode>A</IncSupplementStatusCode>
      <SuppReportDate>11/04/2014 13:04:12</SuppReportDate>
      <SuppReportTime>11/04/2014 13:04:12</SuppReportTime>
      <AgencyOnly>N</AgencyOnly>
      <SecurityLevel>1100</SecurityLevel>
      <SuppAgencyCode>D42</SuppAgencyCode>
      <UnknownNoOffenders>N</UnknownNoOffenders>
      <DsIcrDate>12/04/2014 09:56:38</DsIcrDate>
      <DsIcrSubmissionStatus>PROCESS COMPLETE</DsIcrSubmissionStatus>
      <CreatorId>STATE_OFFICER11</CreatorId>
      <CreatorDate>11/04/2014 13:04:12</CreatorDate>
      <UpdatorId>TSTC</UpdatorId>
      <UpdatorDate>08/05/2021 17:38:21</UpdatorDate>
      <IncidentSuppNarrative>
         <NarrativeNumber>1</NarrativeNumber>
         <NarrativeTitle>Original Narrative</NarrativeTitle>
         <NarrativeText>Detailed account of incident.</NarrativeText>
         <CreatorId>STATE_OFFICER11</CreatorId>
         <CreatorDate>11/04/2014 14:03:50</CreatorDate>
         <UpdatorId>STATE_OFFICER11</UpdatorId>
         <UpdatorDate>11/04/2014 14:03:50</UpdatorDate>
      </IncidentSuppNarrative>
      <IncidentOfficer>
         <OfficerRoleCode>P</OfficerRoleCode>
         <Officer>
            <AgencyCode>D42</AgencyCode>
            <ORINumber>SC0280000</ORINumber>
            <LastName>Ranz</LastName>
            <FirstName>Greg</FirstName>
            <InternalID>9696</InternalID>
         </Officer>
      </IncidentOfficer>
      <IncidentOfficer>
         <OfficerRoleCode>R</OfficerRoleCode>
         <Officer>
            <AgencyCode>D42</AgencyCode>
            <ORINumber>SC0280000</ORINumber>
            <LastName>Ranz</LastName>
            <FirstName>Greg</FirstName>
            <InternalID>9696</InternalID>
         </Officer>
      </IncidentOfficer>
      <IncidentOffense>
         <IncidentId>1990</IncidentId>
         <OffenseNumber>1</OffenseNumber>
         <OffenseStatusCode>02</OffenseStatusCode>
         <OffenseCode>35-43-2-1  B08</OffenseCode>
         <PlaceCode>09</PlaceCode>
         <BiasCode>99</BiasCode>
         <CSAUCode>C</CSAUCode>
         <SupplementSeq>0</SupplementSeq>
         <UCRNumber>1</UCRNumber>
         <OffenseStatusDate>11/04/2014 13:11:00</OffenseStatusDate>
         <ForcedEntryCode>F</ForcedEntryCode>
         <Remarks>Offense Remarks</Remarks>
         <AttemptedCompletedCode>C</AttemptedCompletedCode>
         <ArrestChargeCode>35-43-2-1  B08</ArrestChargeCode>
         <CreatorId>C_ADMIN</CreatorId>
         <CreatorDate>11/04/2014 13:15:02</CreatorDate>
         <UpdatorId>TSTC</UpdatorId>
         <UpdatorDate>02/25/2016 21:21:21</UpdatorDate>
      </IncidentOffense>
      <IncidentOffense>
         <IncidentId>1990</IncidentId>
         <OffenseNumber>2</OffenseNumber>
         <OffenseStatusCode>02</OffenseStatusCode>
         <OffenseCode>35-48-4-11 M01</OffenseCode>
         <PlaceCode>09</PlaceCode>
         <BiasCode>99</BiasCode>
         <CSAUCode>C</CSAUCode>
         <SupplementSeq>0</SupplementSeq>
         <UCRNumber>2</UCRNumber>
         <OffenseStatusDate>11/04/2014 13:16:00</OffenseStatusDate>
         <Remarks>Suspect in possession of green leafy substance</Remarks>
         <AttemptedCompletedCode>C</AttemptedCompletedCode>
         <ArrestChargeCode>35-48-4-11 M01</ArrestChargeCode>
         <CreatorId>C_ADMIN</CreatorId>
         <CreatorDate>11/04/2014 13:18:34</CreatorDate>
         <UpdatorId>STATE_OFFICER11</UpdatorId>
         <UpdatorDate>11/04/2014 13:19:16</UpdatorDate>
      </IncidentOffense>
      <IncidentPerson>
         <ApproxAge>28</ApproxAge>
         <CreatorId>STATE_CIDSUP3</CreatorId>
         <CreatorDate>11/04/2014 13:23:20</CreatorDate>
         <UpdatorId>TSTC</UpdatorId>
         <UpdatorDate>05/24/2023 12:41:20</UpdatorDate>
         <Person>
            <PersonId>351</PersonId>
            <RaceCode>W</RaceCode>
            <SexCode>M</SexCode>
            <EthnicityCode>U</EthnicityCode>
            <PersonVerified>Y</PersonVerified>
            <PersonPrimaryName>
               <LastName>Grill</LastName>
               <FirstName>Edward</FirstName>
               <MiddleName>R</MiddleName>
               <DOB>09/15/1986 00:00:00</DOB>
               <SSN>6.35465163E8</SSN>
               <DateOfInfo>09/03/2012 07:39:57</DateOfInfo>
               <SLastName>G640</SLastName>
               <SFirstName>E363</SFirstName>
            </PersonPrimaryName>
            <PersonPrimaryName>
               <LastName>TT Guy</LastName>
               <DateOfInfo>09/12/2012 00:00:00</DateOfInfo>
               <SLastName>T200</SLastName>
            </PersonPrimaryName>
            <PersonPrimaryName>
               <LastName>Grill</LastName>
               <FirstName>Jesse</FirstName>
               <MiddleName>James</MiddleName>
               <DOB>01/01/1987 00:00:00</DOB>
               <DateOfInfo>09/12/2012 00:00:00</DateOfInfo>
               <SLastName>G640</SLastName>
               <SFirstName>J200</SFirstName>
            </PersonPrimaryName>
            <PersonPrimaryName>
               <LastName>Tatoo Face</LastName>
               <FirstName>Ed</FirstName>
               <MiddleName>Bob</MiddleName>
               <DateOfInfo>09/06/2012 00:00:00</DateOfInfo>
               <SLastName>T312</SLastName>
               <SFirstName>E300</SFirstName>
            </PersonPrimaryName>
            <PersonPrimaryName>
               <DateOfInfo>09/07/2012 00:00:00</DateOfInfo>
            </PersonPrimaryName>
            <PersonPrimaryName>
               <LastName>GRILL</LastName>
               <FirstName>MR</FirstName>
               <DateOfInfo>11/05/2014 00:00:00</DateOfInfo>
               <SLastName>G640</SLastName>
               <SFirstName>M600</SFirstName>
            </PersonPrimaryName>
            <Alias>
               <NameTypeCode>P</NameTypeCode>
               <LastName>Grill</LastName>
               <FirstName>Edward</FirstName>
               <MiddleName>R</MiddleName>
               <DOB>09/15/1986 00:00:00</DOB>
               <SSN>6.35465163E8</SSN>
               <SLastName>G640</SLastName>
               <SFirstName>E363</SFirstName>
               <DateOfInfo>09/03/2012 07:39:57</DateOfInfo>
            </Alias>
            <Alias>
               <NameTypeCode>N</NameTypeCode>
               <LastName>TT Guy</LastName>
               <SLastName>T200</SLastName>
               <DateOfInfo>09/12/2012 00:00:00</DateOfInfo>
            </Alias>
            <Alias>
               <NameTypeCode>A</NameTypeCode>
               <LastName>Grill</LastName>
               <FirstName>Jesse</FirstName>
               <MiddleName>James</MiddleName>
               <DOB>01/01/1987 00:00:00</DOB>
               <SLastName>G640</SLastName>
               <SFirstName>J200</SFirstName>
               <DateOfInfo>09/12/2012 00:00:00</DateOfInfo>
            </Alias>
            <Alias>
               <NameTypeCode>N</NameTypeCode>
               <LastName>Tatoo Face</LastName>
               <FirstName>Ed</FirstName>
               <MiddleName>Bob</MiddleName>
               <SLastName>T312</SLastName>
               <SFirstName>E300</SFirstName>
               <DateOfInfo>09/06/2012 00:00:00</DateOfInfo>
            </Alias>
            <Alias>
               <NameTypeCode>N</NameTypeCode>
               <DateOfInfo>09/07/2012 00:00:00</DateOfInfo>
            </Alias>
            <Alias>
               <NameTypeCode>T</NameTypeCode>
               <LastName>GRILL</LastName>
               <FirstName>MR</FirstName>
               <SLastName>G640</SLastName>
               <SFirstName>M600</SFirstName>
               <DateOfInfo>11/05/2014 00:00:00</DateOfInfo>
            </Alias>
            <PersonAddress>
               <StreetNumber>1236</StreetNumber>
               <StreetDirCode>W</StreetDirCode>
               <StreetName>Walnut</StreetName>
               <StreetTypeCode>ST</StreetTypeCode>
               <City>Chicago</City>
               <StateCode>IL</StateCode>
               <Zip5>60601</Zip5>
               <Zip4>1236</Zip4>
               <CountryCode>US</CountryCode>
               <Longitude>-87.667077</Longitude>
               <Latitude>41.886149</Latitude>
            </PersonAddress>
            <PersonAddress>
               <StreetNumber>350</StreetNumber>
               <StreetName>B</StreetName>
               <StreetTypeCode>ST</StreetTypeCode>
               <StreetSuffixCode>NE</StreetSuffixCode>
               <City>LINTON</City>
               <StateCode>IN</StateCode>
               <Zip5>47441</Zip5>
               <Beat>Test</Beat>
               <SubBeat>Area</SubBeat>
            </PersonAddress>
            <PersonAddress>
               <StreetNumber>1236</StreetNumber>
               <StreetDirCode>W</StreetDirCode>
               <StreetName>Walnut</StreetName>
               <StreetTypeCode>ST</StreetTypeCode>
               <City>Chicago</City>
               <StateCode>IL</StateCode>
               <Zip5>60601</Zip5>
               <Zip4>1236</Zip4>
               <CountryCode>US</CountryCode>
               <Longitude>-87.667077</Longitude>
               <Latitude>41.886149</Latitude>
            </PersonAddress>
            <PersonAddress>
               <StreetNumber>123</StreetNumber>
               <StreetDirCode>W</StreetDirCode>
               <StreetName>Olive</StreetName>
               <StreetTypeCode>ST</StreetTypeCode>
               <SubTypeCode>APT</SubTypeCode>
               <SubNumber>125</SubNumber>
               <City>Bloomington</City>
               <StateCode>IL</StateCode>
               <Zip5>61701</Zip5>
               <CountryCode>US</CountryCode>
               <Longitude>-88.993514</Longitude>
               <Latitude>40.477088</Latitude>
            </PersonAddress>
            <PersonPhone>
               <PhoneTypeCode>RES</PhoneTypeCode>
               <PhoneArea>815</PhoneArea>
               <PhonePrefix>255</PhonePrefix>
               <PhoneSuffix>6262</PhoneSuffix>
               <DateOfInfo>09/03/2012 00:00:00</DateOfInfo>
            </PersonPhone>
            <PersonPhone>
               <PhoneTypeCode>CEL</PhoneTypeCode>
               <PhoneArea>309</PhoneArea>
               <PhonePrefix>848</PhonePrefix>
               <PhoneSuffix>4861</PhoneSuffix>
               <DateOfInfo>09/03/2012 00:00:00</DateOfInfo>
            </PersonPhone>
            <PersonPhone>
               <PhoneTypeCode>PAG</PhoneTypeCode>
               <PhoneArea>548</PhoneArea>
               <PhonePrefix>548</PhonePrefix>
               <PhoneSuffix>5484</PhoneSuffix>
               <DateOfInfo>11/05/2014 00:00:00</DateOfInfo>
            </PersonPhone>
            <PersonPhone>
               <PhoneTypeCode>VOC</PhoneTypeCode>
               <PhoneArea>852</PhoneArea>
               <PhonePrefix>547</PhonePrefix>
               <PhoneSuffix>7777</PhoneSuffix>
               <DateOfInfo>11/05/2014 00:00:00</DateOfInfo>
            </PersonPhone>
         </Person>
         <IncidentPersonRole>
            <RoleType>S</RoleType>
            <CreatorId>STATE_OFFICER11</CreatorId>
            <CreatorDate>11/04/2014 13:23:20</CreatorDate>
            <UpdatorId>TSTC</UpdatorId>
            <UpdatorDate>08/15/2023 20:32:18</UpdatorDate>
         </IncidentPersonRole>
      </IncidentPerson>
      <IncidentPerson>
         <ApproxAge>27</ApproxAge>
         <CreatorId>STATE_OFFICER11</CreatorId>
         <CreatorDate>11/04/2014 13:27:55</CreatorDate>
         <UpdatorId>TSTC</UpdatorId>
         <UpdatorDate>05/24/2023 12:41:19</UpdatorDate>
         <Person>
            <PersonId>359</PersonId>
            <RaceCode>W</RaceCode>
            <SexCode>M</SexCode>
            <PersonVerified>Y</PersonVerified>
            <PersonPrimaryName>
               <LastName>KAUFMAN</LastName>
               <FirstName>HERBERT</FirstName>
               <MiddleName>KEVIN</MiddleName>
               <DOB>09/03/1987 00:00:00</DOB>
               <DateOfInfo>09/05/2012 14:13:51</DateOfInfo>
               <SLastName>K155</SLastName>
               <SFirstName>H616</SFirstName>
            </PersonPrimaryName>
            <Alias>
               <NameTypeCode>P</NameTypeCode>
               <LastName>KAUFMAN</LastName>
               <FirstName>HERBERT</FirstName>
               <MiddleName>KEVIN</MiddleName>
               <DOB>09/03/1987 00:00:00</DOB>
               <SLastName>K155</SLastName>
               <SFirstName>H616</SFirstName>
               <DateOfInfo>09/05/2012 14:13:51</DateOfInfo>
            </Alias>
            <PersonAddress>
               <StreetNumber>2901</StreetNumber>
               <StreetDirCode>S</StreetDirCode>
               <StreetName>ROENA</StreetName>
               <StreetTypeCode>ST</StreetTypeCode>
               <City>INDPLS</City>
               <StateCode>IN</StateCode>
               <Zip5>46241</Zip5>
            </PersonAddress>
            <PersonPhone>
               <PhoneTypeCode>BUS</PhoneTypeCode>
               <PhoneArea>333</PhoneArea>
               <PhonePrefix>444</PhonePrefix>
               <PhoneSuffix>5555</PhoneSuffix>
               <DateOfInfo>11/04/2014 00:00:00</DateOfInfo>
            </PersonPhone>
            <PersonPhone>
               <PhoneTypeCode>RES</PhoneTypeCode>
               <PhoneArea>123</PhoneArea>
               <PhonePrefix>456</PhonePrefix>
               <PhoneSuffix>7890</PhoneSuffix>
               <DateOfInfo>11/04/2014 00:00:00</DateOfInfo>
            </PersonPhone>
         </Person>
         <IncidentPersonRole>
            <RoleType>S</RoleType>
            <CreatorId>STATE_OFFICER11</CreatorId>
            <CreatorDate>11/04/2014 13:27:55</CreatorDate>
            <UpdatorId>TSTC</UpdatorId>
            <UpdatorDate>08/15/2023 20:32:18</UpdatorDate>
         </IncidentPersonRole>
      </IncidentPerson>
      <IncidentPerson>
         <ApproxAge>47</ApproxAge>
         <ResidentStatusCode>R</ResidentStatusCode>
         <CreatorId>STATE_OFFICER11</CreatorId>
         <CreatorDate>11/04/2014 13:31:46</CreatorDate>
         <UpdatorId>TSTC</UpdatorId>
         <UpdatorDate>05/24/2023 12:41:18</UpdatorDate>
         <Person>
            <PersonId>362</PersonId>
            <RaceCode>H</RaceCode>
            <SexCode>M</SexCode>
            <PersonVerified>Y</PersonVerified>
            <PersonPrimaryName>
               <LastName>DOWNS</LastName>
               <FirstName>ARTHUR</FirstName>
               <DOB>12/18/1966 00:00:00</DOB>
               <DateOfInfo>09/05/2012 14:13:54</DateOfInfo>
               <SLastName>D520</SLastName>
               <SFirstName>A636</SFirstName>
            </PersonPrimaryName>
            <Alias>
               <NameTypeCode>P</NameTypeCode>
               <LastName>DOWNS</LastName>
               <FirstName>ARTHUR</FirstName>
               <DOB>12/18/1966 00:00:00</DOB>
               <SLastName>D520</SLastName>
               <SFirstName>A636</SFirstName>
               <DateOfInfo>09/05/2012 14:13:54</DateOfInfo>
            </Alias>
            <PersonAddress>
               <StreetNumber>251</StreetNumber>
               <StreetName>DOGWOOD</StreetName>
               <StreetTypeCode>CIR</StreetTypeCode>
               <City>TAYLORSVILLE</City>
               <StateCode>KY</StateCode>
               <Zip5>40071</Zip5>
            </PersonAddress>
            <PersonAddress>
               <StreetNumber>777</StreetNumber>
               <StreetDirCode>E</StreetDirCode>
               <StreetName>PERRY</StreetName>
               <StreetTypeCode>ST</StreetTypeCode>
               <City>VERSAILLES</City>
               <StateCode>IN</StateCode>
               <CountryCode>US</CountryCode>
               <Longitude>-86.14495581123543</Longitude>
               <Latitude>39.720018942511956</Latitude>
            </PersonAddress>
            <PersonAddress>
               <StreetNumber>1936</StreetNumber>
               <StreetName>Buchanan</StreetName>
               <StreetTypeCode>ST</StreetTypeCode>
               <City>San Francisco</City>
               <StateCode>CA</StateCode>
               <Zip5>94115</Zip5>
               <CountryCode>US</CountryCode>
               <Longitude>-122.430241</Longitude>
               <Latitude>37.787967</Latitude>
            </PersonAddress>
            <PersonPhone>
               <PhoneTypeCode>RES</PhoneTypeCode>
               <PhoneArea>444</PhoneArea>
               <PhonePrefix>555</PhonePrefix>
               <PhoneSuffix>6666</PhoneSuffix>
               <DateOfInfo>11/04/2014 00:00:00</DateOfInfo>
            </PersonPhone>
            <PersonPhone>
               <PhoneTypeCode>BUS</PhoneTypeCode>
               <PhoneArea>555</PhoneArea>
               <PhonePrefix>555</PhonePrefix>
               <PhoneSuffix>5555</PhoneSuffix>
               <DateOfInfo>11/04/2014 00:00:00</DateOfInfo>
            </PersonPhone>
         </Person>
         <IncidentPersonRole>
            <RoleType>V</RoleType>
            <CreatorId>STATE_OFFICER11</CreatorId>
            <CreatorDate>11/04/2014 13:32:59</CreatorDate>
            <UpdatorId>TSTC</UpdatorId>
            <UpdatorDate>08/15/2023 20:32:19</UpdatorDate>
         </IncidentPersonRole>
      </IncidentPerson>
      <IncidentPerson>
         <ApproxAge>38</ApproxAge>
         <ResidentStatusCode>R</ResidentStatusCode>
         <CreatorId>STATE_OFFICER11</CreatorId>
         <CreatorDate>11/04/2014 13:37:54</CreatorDate>
         <UpdatorId>TSTC</UpdatorId>
         <UpdatorDate>05/24/2023 12:41:19</UpdatorDate>
         <Person>
            <PersonId>80</PersonId>
            <RaceCode>W</RaceCode>
            <SexCode>M</SexCode>
            <PersonVerified>Y</PersonVerified>
            <PersonPrimaryName>
               <LastName>Lewis</LastName>
               <FirstName>William</FirstName>
               <MiddleName>Joshua</MiddleName>
               <DOB>08/10/1976 00:00:00</DOB>
               <SSN>9.99999999E8</SSN>
               <DateOfInfo>04/02/2012 09:22:22</DateOfInfo>
               <SLastName>L200</SLastName>
               <SFirstName>W450</SFirstName>
            </PersonPrimaryName>
            <Alias>
               <NameTypeCode>P</NameTypeCode>
               <LastName>Lewis</LastName>
               <FirstName>William</FirstName>
               <MiddleName>Joshua</MiddleName>
               <DOB>08/10/1976 00:00:00</DOB>
               <SSN>9.99999999E8</SSN>
               <SLastName>L200</SLastName>
               <SFirstName>W450</SFirstName>
               <DateOfInfo>04/02/2012 09:22:22</DateOfInfo>
            </Alias>
            <PersonAddress>
               <StreetNumber>12345</StreetNumber>
               <StreetDirCode>N</StreetDirCode>
               <StreetName>FAKE</StreetName>
               <StreetTypeCode>ST</StreetTypeCode>
               <SubTypeCode>APT</SubTypeCode>
               <SubNumber>1101</SubNumber>
               <StateCode>IN</StateCode>
               <CountryCode>US</CountryCode>
               <Longitude>-84.89408744049356</Longitude>
               <Latitude>39.81160697921166</Latitude>
            </PersonAddress>
            <PersonPhone>
               <PhoneTypeCode>RES</PhoneTypeCode>
               <PhoneArea>888</PhoneArea>
               <PhonePrefix>888</PhonePrefix>
               <PhoneSuffix>8888</PhoneSuffix>
               <DateOfInfo>11/04/2014 00:00:00</DateOfInfo>
            </PersonPhone>
            <PersonPhone>
               <PhoneTypeCode>CEL</PhoneTypeCode>
               <PhoneArea>999</PhoneArea>
               <PhonePrefix>999</PhonePrefix>
               <PhoneSuffix>9999</PhoneSuffix>
               <DateOfInfo>11/04/2014 00:00:00</DateOfInfo>
            </PersonPhone>
         </Person>
         <IncidentPersonRole>
            <RoleType>W</RoleType>
            <CreatorId>STATE_OFFICER11</CreatorId>
            <CreatorDate>11/04/2014 13:37:54</CreatorDate>
            <UpdatorId>TSTC</UpdatorId>
            <UpdatorDate>08/15/2023 20:32:18</UpdatorDate>
         </IncidentPersonRole>
      </IncidentPerson>
      <IncidentBusiness>
         <BusinessNumber>240000001</BusinessNumber>
         <BusinessName>SOCIETY</BusinessName>
         <IncBusinessRoleCode>V</IncBusinessRoleCode>
         <CreatorId>STATE_OFFICER11</CreatorId>
         <CreatorDate>11/04/2014 13:18:35</CreatorDate>
         <UpdatorId>STATE_OFFICER11</UpdatorId>
         <UpdatorDate>11/04/2014 13:18:35</UpdatorDate>
      </IncidentBusiness>
      <IncidentVehicle>
         <VEHICLE_ID>218</VEHICLE_ID>
         <RoleCode>SU</RoleCode>
         <CreatorId>STATE_OFFICER11</CreatorId>
         <CreatorDate>11/04/2014 13:56:51</CreatorDate>
         <UpdatorId>STATE_OFFICER11</UpdatorId>
         <UpdatorDate>11/04/2014 13:56:51</UpdatorDate>
         <DateOfInfo>11/04/2014 00:00:00</DateOfInfo>
         <DateOfInfo>12/06/2018 11:03:43</DateOfInfo>
         <DateOfInfo>11/27/2018 23:43:00</DateOfInfo>
         <StatusCode>12</StatusCode>
         <VIN>AJJDL599V74HR75B</VIN>
         <VehicleYear>2009</VehicleYear>
         <VehicleMakeCode>CHEV</VehicleMakeCode>
         <VehicleModelCode>CAM</VehicleModelCode>
         <VehicleStyleCode>4D</VehicleStyleCode>
         <VehicleTypeCode>AT</VehicleTypeCode>
         <VehPriColorCode>WHI</VehPriColorCode>
         <VehPriColorCode>YEL</VehPriColorCode>
         <VehPriColorCode>YEL</VehPriColorCode>
         <VehSecColorCode>BLU</VehSecColorCode>
         <VehSecColorCode>DBL</VehSecColorCode>
         <VehSecColorCode>DBL</VehSecColorCode>
         <VehicleLicStateCode>MK</VehicleLicStateCode>
         <VehicleLicStateCode>MK</VehicleLicStateCode>
         <VehicleLicNumber>GTO98837</VehicleLicNumber>
         <VehicleLicNumber>GTO98837</VehicleLicNumber>
         <VehicleLicNumber>GTO98837</VehicleLicNumber>
         <VehicleLicYear>2015</VehicleLicYear>
         <VehicleLicYear>2016</VehicleLicYear>
         <VehicleLicYear>2016</VehicleLicYear>
         <VehicleLicMonth>6</VehicleLicMonth>
         <VehicleLicMonth>7</VehicleLicMonth>
         <VehicleLicMonth>7</VehicleLicMonth>
         <VehicleLicTypeCode>AR</VehicleLicTypeCode>
         <VehicleLicTypeCode>AR</VehicleLicTypeCode>
         <VehConditionCode>F</VehConditionCode>
         <VehDamageCode>1</VehDamageCode>
         <VehDamageDesc>Testing</VehDamageDesc>
         <VehicleValue>123</VehicleValue>
         <VehicleMiscID>123</VehicleMiscID>
         <VehicleMiscID>123</VehicleMiscID>
      </IncidentVehicle>
      <IncidentProperty>
         <RoleCode>7</RoleCode>
         <CreatorId>STATE_OFFICER11</CreatorId>
         <CreatorDate>11/04/2014 13:43:16</CreatorDate>
         <UpdatorId>TSTC</UpdatorId>
         <UpdatorDate>08/10/2017 23:00:43</UpdatorDate>
         <DateOfInfo>11/04/2014 00:00:00</DateOfInfo>
         <StatusCode>5</StatusCode>
         <DocumentTypeCode>P</DocumentTypeCode>
         <Description>Dell Laptop</Description>
         <PropertyTypeCode>531</PropertyTypeCode>
         <PropertyValue>800</PropertyValue>
         <Value>800</Value>
         <SerialNumber>A27746653HJHDJ</SerialNumber>
         <Evidence>N</Evidence>
         <EvidenceFlag>N</EvidenceFlag>
         <Property_ID>1135</Property_ID>
         <PrimaryColor>BLK</PrimaryColor>
         <Make>Dell</Make>
         <Model>DX1900</Model>
         <Quantity>1</Quantity>
      </IncidentProperty>
      <IncidentProperty>
         <RoleCode>6</RoleCode>
         <CreatorId>STATE_OFFICER11</CreatorId>
         <CreatorDate>11/04/2014 13:47:57</CreatorDate>
         <UpdatorId>TSTC</UpdatorId>
         <UpdatorDate>08/10/2017 23:00:43</UpdatorDate>
         <DateOfInfo>11/04/2014 00:00:00</DateOfInfo>
         <StatusCode>6</StatusCode>
         <DocumentTypeCode>D</DocumentTypeCode>
         <Description>Green Leafy Substance</Description>
         <PropertyTypeCode>560</PropertyTypeCode>
         <PropertyValue>100</PropertyValue>
         <Value>100</Value>
         <Evidence>N</Evidence>
         <EvidenceFlag>N</EvidenceFlag>
         <Property_ID>1136</Property_ID>
         <DrugTypeCode>E</DrugTypeCode>
         <Quantity>5</Quantity>
         <QuantityUnit>GM</QuantityUnit>
      </IncidentProperty>
      <IncidentProperty>
         <CreatorId>STATE_OFFICER11</CreatorId>
         <CreatorDate>11/04/2014 13:51:43</CreatorDate>
         <UpdatorId>TSTC</UpdatorId>
         <UpdatorDate>08/10/2017 23:00:42</UpdatorDate>
         <DateOfInfo>11/04/2014 00:00:00</DateOfInfo>
         <StatusCode>6</StatusCode>
         <DocumentTypeCode>G</DocumentTypeCode>
         <Description>Silver Plated S&amp;W</Description>
         <PropertyTypeCode>610</PropertyTypeCode>
         <PropertyValue>350</PropertyValue>
         <Value>350</Value>
         <SerialNumber>8937745</SerialNumber>
         <Evidence>N</Evidence>
         <EvidenceFlag>N</EvidenceFlag>
         <Property_ID>1137</Property_ID>
         <PrimaryColor>SIL</PrimaryColor>
         <Make>Smith and Wesson</Make>
         <Model>XT4</Model>
         <Quantity>1</Quantity>
      </IncidentProperty>
      <IncidentProperty>
         <RoleCode>7</RoleCode>
         <CreatorId>STATE_OFFICER11</CreatorId>
         <CreatorDate>11/04/2014 14:02:56</CreatorDate>
         <UpdatorId>TSTC</UpdatorId>
         <UpdatorDate>08/10/2017 23:00:41</UpdatorDate>
         <DateOfInfo>11/04/2014 00:00:00</DateOfInfo>
         <StatusCode>5</StatusCode>
         <DocumentTypeCode>D</DocumentTypeCode>
         <Description>Oxycodone</Description>
         <PropertyTypeCode>560</PropertyTypeCode>
         <PropertyValue>100</PropertyValue>
         <Value>100</Value>
         <Evidence>N</Evidence>
         <EvidenceFlag>N</EvidenceFlag>
         <Property_ID>1138</Property_ID>
         <DrugTypeCode>H</DrugTypeCode>
         <Quantity>50</Quantity>
         <QuantityUnit>DU</QuantityUnit>
      </IncidentProperty>
   </IncidentSupplement>
</Incident>