<?xml version="1.0" encoding="UTF-8"?>
<Incident xmlns:xsi="http://www.w3.org/2001/XMLSchema-instance"
          xsi:noNamespaceSchemaLocation="file:///C:/DATA/EJS/SVN_Root/Ejustice/trunk/XMLTransformations/OnlineRMSInternalToIncident/IAOnlineRMSIncidentImport.xsd">
   <IncidentReportNum>2015ROOT0109</IncidentReportNum>
   <AgencyCode>D42</AgencyCode>
   <ORINum>SC0280000</ORINum>
   <ReportDate>03/27/2015 10:57:00</ReportDate>
   <ReportTime>03/27/2015 10:57:00</ReportTime>
   <StartDate>03/27/2015 10:57:00</StartDate>
   <StartTime>03/01/2015 10:57:00</StartTime>
   <CreatorId>STATE_OFFICER11</CreatorId>
   <CreatorDate>03/27/2015 10:57:17</CreatorDate>
   <UpdatorId>TSTC</UpdatorId>
   <UpdatorDate>09/09/2021 18:46:35</UpdatorDate>
   <IncidentType>
      <IncidentTypeCode>CAB</IncidentTypeCode>
   </IncidentType>
   <IncidentAddress>
      <AddressId>491</AddressId>
      <Beat>Test</Beat>
      <SubBeat>Area</SubBeat>
      <City>4</City>
      <CreatorId>STATE_OFFICER11</CreatorId>
      <CreatorDate>03/27/2015 10:59:52</CreatorDate>
      <UpdatorId>STATE_OFFICER11</UpdatorId>
      <UpdatorDate>03/27/2015 11:00:19</UpdatorDate>
      <Address>
         <AddressId>491</AddressId>
         <StreetNumber>11173</StreetNumber>
         <StreetDirCode>W</StreetDirCode>
         <StreetName>BROAD</StreetName>
         <StreetTypeCode>ST</StreetTypeCode>
         <City>GLEN ALLEN</City>
         <StateCode>VA</StateCode>
         <Zip5>23060</Zip5>
         <Beat>Test</Beat>
         <SubBeat>Area</SubBeat>
      </Address>
   </IncidentAddress>
   <IncidentSupplement>
      <SupplementSequence>0</SupplementSequence>
      <IncSupplementStatusCode>A</IncSupplementStatusCode>
      <SuppReportDate>03/27/2015 10:57:18</SuppReportDate>
      <SuppReportTime>03/27/2015 10:57:18</SuppReportTime>
      <AgencyOnly>N</AgencyOnly>
      <SecurityLevel>1201</SecurityLevel>
      <SuppAgencyCode>D42</SuppAgencyCode>
      <UnknownNoOffenders>N</UnknownNoOffenders>
      <DsIcrDate>03/27/2015 11:02:26</DsIcrDate>
      <DsIcrSubmissionStatus>NOT REPORTABLE</DsIcrSubmissionStatus>
      <CreatorId>STATE_OFFICER11</CreatorId>
      <CreatorDate>03/27/2015 10:57:18</CreatorDate>
      <UpdatorId>TSTC</UpdatorId>
      <UpdatorDate>08/05/2021 17:38:23</UpdatorDate>
      <IncidentSuppNarrative>
         <NarrativeNumber>1</NarrativeNumber>
         <NarrativeTitle>Original Narrative</NarrativeTitle>
         <NarrativeText>adfadfasdfadf</NarrativeText>
         <CreatorId>STATE_OFFICER11</CreatorId>
         <CreatorDate>03/27/2015 11:02:00</CreatorDate>
         <UpdatorId>STATE_OFFICER11</UpdatorId>
         <UpdatorDate>03/27/2015 11:02:00</UpdatorDate>
      </IncidentSuppNarrative>
      <IncidentOfficer>
         <OfficerRoleCode>P</OfficerRoleCode>
         <Officer>
            <AgencyCode>D42</AgencyCode>
            <ORINumber>SC0280000</ORINumber>
            <LastName>Ranz</LastName>
            <FirstName>Greg</FirstName>
            <InternalID>9696</InternalID>
         </Officer>
      </IncidentOfficer>
      <IncidentOfficer>
         <OfficerRoleCode>R</OfficerRoleCode>
         <Officer>
            <AgencyCode>D42</AgencyCode>
            <ORINumber>SC0280000</ORINumber>
            <LastName>Hanover</LastName>
            <FirstName>Jeff</FirstName>
            <InternalID>96965</InternalID>
         </Officer>
      </IncidentOfficer>
      <IncidentOffense>
         <IncidentId>2270</IncidentId>
         <OffenseNumber>1</OffenseNumber>
         <OffenseStatusCode>00</OffenseStatusCode>
         <OffenseCode>13-30-10-5</OffenseCode>
         <PlaceCode>44</PlaceCode>
         <BiasCode>21</BiasCode>
         <CSAUCode>A</CSAUCode>
         <SupplementSeq>0</SupplementSeq>
         <UCRNumber>1</UCRNumber>
         <OffenseStatusDate>03/27/2015 10:57:00</OffenseStatusDate>
         <AttemptedCompletedCode>A</AttemptedCompletedCode>
         <ArrestChargeCode>13-30-10-5</ArrestChargeCode>
         <CreatorId>STATE_OFFICER11</CreatorId>
         <CreatorDate>03/27/2015 11:01:35</CreatorDate>
         <UpdatorId>STATE_OFFICER11</UpdatorId>
         <UpdatorDate>03/27/2015 11:01:35</UpdatorDate>
      </IncidentOffense>
   </IncidentSupplement>
</Incident>