<?xml version="1.0" encoding="UTF-8"?>
<Incident xmlns:xsi="http://www.w3.org/2001/XMLSchema-instance"
          xsi:noNamespaceSchemaLocation="file:///C:/DATA/EJS/SVN_Root/Ejustice/trunk/XMLTransformations/OnlineRMSInternalToIncident/IAOnlineRMSIncidentImport.xsd">
   <IncidentReportNum>2014ISP0000592</IncidentReportNum>
   <AgencyCode>D42</AgencyCode>
   <ORINum>SC0280000</ORINum>
   <ReportDate>11/21/2014 16:56:00</ReportDate>
   <ReportTime>11/21/2014 16:56:00</ReportTime>
   <StartDate>11/21/2014 16:56:00</StartDate>
   <StartTime>11/01/2014 16:56:00</StartTime>
   <Summary>test</Summary>
   <CreatorId>STATE_OFFICER11</CreatorId>
   <CreatorDate>11/21/2014 16:56:17</CreatorDate>
   <UpdatorId>TSTC</UpdatorId>
   <UpdatorDate>09/09/2021 18:46:34</UpdatorDate>
   <IncidentType>
      <IncidentTypeCode>AIR</IncidentTypeCode>
   </IncidentType>
   <IncidentAddress>
      <AddressId>269</AddressId>
      <Beat>104</Beat>
      <SubBeat>West Patrol</SubBeat>
      <City>28</City>
      <CreatorId>STATE_OFFICER11</CreatorId>
      <CreatorDate>11/21/2014 16:56:59</CreatorDate>
      <UpdatorId>TSTC</UpdatorId>
      <UpdatorDate>11/21/2014 16:57:02</UpdatorDate>
      <Address>
         <AddressId>269</AddressId>
         <StreetNumber>11215</StreetNumber>
         <StreetName>DEER VALLEY</StreetName>
         <StreetTypeCode>DR</StreetTypeCode>
         <City>INDIANAPOLIS</City>
         <StateCode>IN</StateCode>
         <Zip5>46229</Zip5>
         <Beat>104</Beat>
         <SubBeat>West Patrol</SubBeat>
      </Address>
   </IncidentAddress>
   <IncidentSupplement>
      <SupplementSequence>0</SupplementSequence>
      <IncSupplementStatusCode>A</IncSupplementStatusCode>
      <SuppReportDate>11/21/2014 16:56:17</SuppReportDate>
      <SuppReportTime>11/21/2014 16:56:17</SuppReportTime>
      <AgencyOnly>N</AgencyOnly>
      <SecurityLevel>1201</SecurityLevel>
      <SuppAgencyCode>D42</SuppAgencyCode>
      <UnknownNoOffenders>N</UnknownNoOffenders>
      <DsIcrDate>02/18/2015 14:53:57</DsIcrDate>
      <DsIcrSubmissionStatus>PROCESS COMPLETE</DsIcrSubmissionStatus>
      <CreatorId>STATE_OFFICER11</CreatorId>
      <CreatorDate>11/21/2014 16:56:17</CreatorDate>
      <UpdatorId>TSTC</UpdatorId>
      <UpdatorDate>08/05/2021 17:38:24</UpdatorDate>
      <IncidentSuppNarrative>
         <NarrativeNumber>1</NarrativeNumber>
         <NarrativeTitle>Original Narrative</NarrativeTitle>
         <NarrativeText>test</NarrativeText>
         <CreatorId>STATE_OFFICER11</CreatorId>
         <CreatorDate>11/21/2014 16:58:37</CreatorDate>
         <UpdatorId>STATE_OFFICER11</UpdatorId>
         <UpdatorDate>11/21/2014 16:58:37</UpdatorDate>
      </IncidentSuppNarrative>
      <IncidentOfficer>
         <OfficerRoleCode>P</OfficerRoleCode>
         <Officer>
            <AgencyCode>D42</AgencyCode>
            <ORINumber>SC0280000</ORINumber>
            <LastName>Ranz</LastName>
            <FirstName>Greg</FirstName>
            <InternalID>9696</InternalID>
         </Officer>
      </IncidentOfficer>
      <IncidentOfficer>
         <OfficerRoleCode>R</OfficerRoleCode>
         <Officer>
            <AgencyCode>D42</AgencyCode>
            <ORINumber>SC0280000</ORINumber>
            <LastName>Ranz</LastName>
            <FirstName>Greg</FirstName>
            <InternalID>9696</InternalID>
         </Officer>
      </IncidentOfficer>
      <IncidentOffense>
         <IncidentId>2066</IncidentId>
         <OffenseNumber>1</OffenseNumber>
         <OffenseStatusCode>00</OffenseStatusCode>
         <OffenseCode>35-42-2-1.3</OffenseCode>
         <PlaceCode>40</PlaceCode>
         <BiasCode>88</BiasCode>
         <CSAUCode>C</CSAUCode>
         <SupplementSeq>0</SupplementSeq>
         <UCRNumber>1</UCRNumber>
         <OffenseStatusDate>11/21/2014 16:57:00</OffenseStatusDate>
         <AttemptedCompletedCode>C</AttemptedCompletedCode>
         <CreatorId>ISP_1_80</CreatorId>
         <CreatorDate>11/21/2014 16:57:28</CreatorDate>
         <UpdatorId>TSTC</UpdatorId>
         <UpdatorDate>07/12/2017 12:54:42</UpdatorDate>
      </IncidentOffense>
      <IncidentPerson>
         <ApproxAge>23</ApproxAge>
         <CreatorId>STATE_DET1</CreatorId>
         <CreatorDate>11/21/2014 16:58:02</CreatorDate>
         <UpdatorId>TSTC</UpdatorId>
         <UpdatorDate>05/24/2023 12:41:19</UpdatorDate>
         <Person>
            <PersonId>178</PersonId>
            <RaceCode>U</RaceCode>
            <SexCode>M</SexCode>
            <PersonVerified>Y</PersonVerified>
            <PersonPrimaryName>
               <LastName>BENNETT</LastName>
               <FirstName>JUSTIN</FirstName>
               <MiddleName>L</MiddleName>
               <DOB>02/05/1991 00:00:00</DOB>
               <DateOfInfo>06/06/2012 00:00:00</DateOfInfo>
               <SLastName>B530</SLastName>
               <SFirstName>J235</SFirstName>
            </PersonPrimaryName>
            <Alias>
               <NameTypeCode>P</NameTypeCode>
               <LastName>BENNETT</LastName>
               <FirstName>JUSTIN</FirstName>
               <MiddleName>L</MiddleName>
               <DOB>02/05/1991 00:00:00</DOB>
               <SLastName>B530</SLastName>
               <SFirstName>J235</SFirstName>
               <DateOfInfo>06/06/2012 00:00:00</DateOfInfo>
            </Alias>
         </Person>
         <IncidentPersonRole>
            <RoleType>S</RoleType>
            <CreatorId>STATE_OFFICER11</CreatorId>
            <CreatorDate>11/21/2014 16:58:02</CreatorDate>
            <UpdatorId>TSTC</UpdatorId>
            <UpdatorDate>08/15/2023 20:32:19</UpdatorDate>
         </IncidentPersonRole>
      </IncidentPerson>
      <IncidentPerson>
         <ApproxAge>39</ApproxAge>
         <ResidentStatusCode>R</ResidentStatusCode>
         <CreatorId>STATE_OFFICER11</CreatorId>
         <CreatorDate>11/21/2014 16:58:26</CreatorDate>
         <UpdatorId>TSTC</UpdatorId>
         <UpdatorDate>05/24/2023 12:41:20</UpdatorDate>
         <Person>
            <PersonId>469</PersonId>
            <RaceCode>W</RaceCode>
            <SexCode>M</SexCode>
            <PersonVerified>Y</PersonVerified>
            <PersonPrimaryName>
               <LastName>Aaberg</LastName>
               <FirstName>Ken</FirstName>
               <DOB>07/09/1975 00:00:00</DOB>
               <SSN>1.23456789E8</SSN>
               <DateOfInfo>07/09/2013 15:43:42</DateOfInfo>
               <SLastName>A162</SLastName>
               <SFirstName>K500</SFirstName>
            </PersonPrimaryName>
            <PersonPrimaryName>
               <LastName>Free</LastName>
               <FirstName>Fredd</FirstName>
               <DateOfInfo>10/22/2018 00:00:00</DateOfInfo>
               <SLastName>F600</SLastName>
               <SFirstName>F630</SFirstName>
            </PersonPrimaryName>
            <Alias>
               <NameTypeCode>P</NameTypeCode>
               <LastName>Aaberg</LastName>
               <FirstName>Ken</FirstName>
               <DOB>07/09/1975 00:00:00</DOB>
               <SSN>1.23456789E8</SSN>
               <SLastName>A162</SLastName>
               <SFirstName>K500</SFirstName>
               <DateOfInfo>07/09/2013 15:43:42</DateOfInfo>
            </Alias>
            <Alias>
               <NameTypeCode>M</NameTypeCode>
               <LastName>Free</LastName>
               <FirstName>Fredd</FirstName>
               <SLastName>F600</SLastName>
               <SFirstName>F630</SFirstName>
               <DateOfInfo>10/22/2018 00:00:00</DateOfInfo>
            </Alias>
            <PersonAddress>
               <StreetNumber>86</StreetNumber>
               <StreetDirCode>NE</StreetDirCode>
               <StreetName>ASHWOOD</StreetName>
               <StreetTypeCode>LN</StreetTypeCode>
               <StreetSuffixCode>N</StreetSuffixCode>
               <City>DILLON</City>
               <CountryCode>US</CountryCode>
               <Beat>Test</Beat>
               <SubBeat>Area</SubBeat>
            </PersonAddress>
            <PersonAddress>
               <StreetNumber>1770</StreetNumber>
               <StreetDirCode>BLK</StreetDirCode>
               <StreetName>Lincoln</StreetName>
               <City>Denver</City>
               <StateCode>CO</StateCode>
               <Zip5>80104</Zip5>
               <CountryCode>US</CountryCode>
               <CountyCode>30</CountyCode>
               <Longitude>-104.999408</Longitude>
               <Latitude>39.739577</Latitude>
            </PersonAddress>
            <PersonAddress>
               <StreetNumber>400</StreetNumber>
               <StreetName>Elm</StreetName>
               <StreetTypeCode>ST</StreetTypeCode>
               <City>Fortville</City>
               <StateCode>IN</StateCode>
               <Zip5>46040</Zip5>
               <CountryCode>US</CountryCode>
               <CountyCode>30</CountyCode>
               <Longitude>-85.84358784985562</Longitude>
               <Latitude>39.93291330899494</Latitude>
            </PersonAddress>
            <PersonAddress>
               <StreetNumber>556</StreetNumber>
               <StreetName>Howard</StreetName>
               <City>Denver</City>
               <StateCode>CO</StateCode>
               <Zip5>80111</Zip5>
               <CountryCode>US</CountryCode>
            </PersonAddress>
            <PersonAddress>
               <StreetNumber>877</StreetNumber>
               <StreetName>Harbor</StreetName>
               <City>INDIANAPOLIS</City>
               <StateCode>IN</StateCode>
               <Zip5>A6221</Zip5>
               <CountyCode>30</CountyCode>
            </PersonAddress>
            <PersonPhone>
               <PhoneTypeCode>RES</PhoneTypeCode>
               <PhoneArea>987</PhoneArea>
               <PhonePrefix>987</PhonePrefix>
               <PhoneSuffix>9876</PhoneSuffix>
               <DateOfInfo>11/18/2014 00:00:00</DateOfInfo>
            </PersonPhone>
            <PersonPhone>
               <PhoneTypeCode>CEL</PhoneTypeCode>
               <PhoneArea>123</PhoneArea>
               <PhonePrefix>123</PhonePrefix>
               <PhoneSuffix>1234</PhoneSuffix>
               <DateOfInfo>11/18/2014 00:00:00</DateOfInfo>
            </PersonPhone>
            <PersonPhone>
               <PhoneTypeCode>CEL</PhoneTypeCode>
               <PhoneArea>111</PhoneArea>
               <PhonePrefix>111</PhonePrefix>
               <PhoneSuffix>1111</PhoneSuffix>
               <PhoneExt>111</PhoneExt>
               <DateOfInfo>10/22/2018 00:00:00</DateOfInfo>
            </PersonPhone>
         </Person>
         <IncidentPersonRole>
            <RoleType>V</RoleType>
            <CreatorId>STATE_OFFICER11</CreatorId>
            <CreatorDate>11/21/2014 16:58:26</CreatorDate>
            <UpdatorId>TSTC</UpdatorId>
            <UpdatorDate>08/15/2023 20:32:20</UpdatorDate>
         </IncidentPersonRole>
      </IncidentPerson>
   </IncidentSupplement>
</Incident>