<?xml version="1.0" encoding="UTF-8"?>
<Incident xmlns:xsi="http://www.w3.org/2001/XMLSchema-instance"
          xsi:noNamespaceSchemaLocation="file:///C:/DATA/EJS/SVN_Root/Ejustice/trunk/XMLTransformations/OnlineRMSInternalToIncident/IAOnlineRMSIncidentImport.xsd">
   <IncidentReportNum>2015ROOT0195</IncidentReportNum>
   <AgencyCode>D42</AgencyCode>
   <ORINum>SC0280000</ORINum>
   <ReportDate>09/30/2015 16:03:00</ReportDate>
   <ReportTime>09/30/2015 16:03:00</ReportTime>
   <StartDate>09/30/2015 16:03:00</StartDate>
   <StartTime>09/01/2015 16:03:00</StartTime>
   <Summary>collapse</Summary>
   <CreatorId>STATE_OFFICER11</CreatorId>
   <CreatorDate>09/30/2015 16:03:56</CreatorDate>
   <UpdatorId>TSTC</UpdatorId>
   <UpdatorDate>09/09/2021 18:46:36</UpdatorDate>
   <IncidentType>
      <IncidentTypeCode>CCD</IncidentTypeCode>
   </IncidentType>
   <IncidentAddress>
      <AddressId>485</AddressId>
      <City>6</City>
      <CreatorId>STATE_OFFICER11</CreatorId>
      <CreatorDate>09/30/2015 16:04:10</CreatorDate>
      <UpdatorId>TSTC</UpdatorId>
      <UpdatorDate>09/30/2015 16:04:19</UpdatorDate>
      <Address>
         <AddressId>485</AddressId>
         <StreetNumber>400</StreetNumber>
         <StreetDirCode>S</StreetDirCode>
         <StreetName>Cottage</StreetName>
         <StreetTypeCode>AVE</StreetTypeCode>
         <StreetSuffixCode>NE</StreetSuffixCode>
         <SubTypeCode>BLDG</SubTypeCode>
         <SubNumber>36</SubNumber>
         <City>Miles City</City>
         <StateCode>MT</StateCode>
         <Zip5>59301</Zip5>
         <Zip4>1231</Zip4>
         <CountryCode>US</CountryCode>
         <Longitude>-105.839552</Longitude>
         <Latitude>46.404496</Latitude>
         <AddressCommonName>
            <CommonPlaceName>Health Center</CommonPlaceName>
         </AddressCommonName>
      </Address>
   </IncidentAddress>
   <IncidentSupplement>
      <SupplementSequence>0</SupplementSequence>
      <IncSupplementStatusCode>A</IncSupplementStatusCode>
      <SuppReportDate>09/30/2015 16:03:56</SuppReportDate>
      <SuppReportTime>09/30/2015 16:03:56</SuppReportTime>
      <AgencyOnly>N</AgencyOnly>
      <SecurityLevel>1201</SecurityLevel>
      <SuppAgencyCode>D42</SuppAgencyCode>
      <UnknownNoOffenders>N</UnknownNoOffenders>
      <DsIcrDate>09/30/2015 16:06:19</DsIcrDate>
      <DsIcrSubmissionStatus>NOT REPORTABLE</DsIcrSubmissionStatus>
      <CreatorId>STATE_OFFICER11</CreatorId>
      <CreatorDate>09/30/2015 16:03:56</CreatorDate>
      <UpdatorId>TSTC</UpdatorId>
      <UpdatorDate>08/05/2021 17:38:25</UpdatorDate>
      <IncidentSuppNarrative>
         <NarrativeNumber>1</NarrativeNumber>
         <NarrativeTitle>Original Narrative</NarrativeTitle>
         <NarrativeText>&amp;nbsp;collapse testing&lt;br /&gt;  &lt;br type="_moz" /&gt;</NarrativeText>
         <CreatorId>STATE_OFFICER11</CreatorId>
         <CreatorDate>09/30/2015 16:06:08</CreatorDate>
         <UpdatorId>STATE_OFFICER11</UpdatorId>
         <UpdatorDate>09/30/2015 16:06:08</UpdatorDate>
      </IncidentSuppNarrative>
      <IncidentOfficer>
         <OfficerRoleCode>P</OfficerRoleCode>
         <Officer>
            <AgencyCode>D42</AgencyCode>
            <ORINumber>SC0280000</ORINumber>
            <LastName>Ranz</LastName>
            <FirstName>Greg</FirstName>
            <InternalID>9696</InternalID>
         </Officer>
      </IncidentOfficer>
      <IncidentOfficer>
         <OfficerRoleCode>R</OfficerRoleCode>
         <Officer>
            <AgencyCode>D42</AgencyCode>
            <ORINumber>SC0280000</ORINumber>
            <LastName>Ranz</LastName>
            <FirstName>Greg</FirstName>
            <InternalID>9696</InternalID>
         </Officer>
      </IncidentOfficer>
      <IncidentOffense>
         <IncidentId>2380</IncidentId>
         <OffenseNumber>1</OffenseNumber>
         <OffenseStatusCode>00</OffenseStatusCode>
         <OffenseCode>16-42-19-16</OffenseCode>
         <PlaceCode>44</PlaceCode>
         <BiasCode>21</BiasCode>
         <CSAUCode>A</CSAUCode>
         <SupplementSeq>0</SupplementSeq>
         <UCRNumber>1</UCRNumber>
         <OffenseStatusDate>09/30/2015 16:03:00</OffenseStatusDate>
         <AttemptedCompletedCode>A</AttemptedCompletedCode>
         <ArrestChargeCode>16-42-19-16</ArrestChargeCode>
         <CreatorId>STATE_OFFICER11</CreatorId>
         <CreatorDate>09/30/2015 16:05:03</CreatorDate>
         <UpdatorId>STATE_OFFICER11</UpdatorId>
         <UpdatorDate>09/30/2015 16:05:03</UpdatorDate>
      </IncidentOffense>
      <IncidentPerson>
         <ApproxAge>45</ApproxAge>
         <CreatorId>STATE_OFFICER11</CreatorId>
         <CreatorDate>09/30/2015 16:05:25</CreatorDate>
         <UpdatorId>TSTC</UpdatorId>
         <UpdatorDate>05/24/2023 12:41:22</UpdatorDate>
         <Person>
            <PersonId>759</PersonId>
            <RaceCode>W</RaceCode>
            <SexCode>M</SexCode>
            <PersonVerified>Y</PersonVerified>
            <PersonPrimaryName>
               <LastName>Bug</LastName>
               <FirstName>Person a</FirstName>
               <DOB>01/02/1970 00:00:00</DOB>
               <DateOfInfo>09/30/2015 15:50:52</DateOfInfo>
               <SLastName>B200</SLastName>
               <SFirstName>P625</SFirstName>
            </PersonPrimaryName>
            <Alias>
               <NameTypeCode>P</NameTypeCode>
               <LastName>Bug</LastName>
               <FirstName>Person a</FirstName>
               <DOB>01/02/1970 00:00:00</DOB>
               <SLastName>B200</SLastName>
               <SFirstName>P625</SFirstName>
               <DateOfInfo>09/30/2015 15:50:52</DateOfInfo>
            </Alias>
            <PersonAddress>
               <StreetNumber>777</StreetNumber>
               <StreetDirCode>E</StreetDirCode>
               <StreetName>PERRY</StreetName>
               <StreetTypeCode>ST</StreetTypeCode>
               <City>VERSAILLES</City>
               <StateCode>IN</StateCode>
               <CountryCode>US</CountryCode>
               <Longitude>-86.14495581123543</Longitude>
               <Latitude>39.720018942511956</Latitude>
            </PersonAddress>
         </Person>
         <IncidentPersonRole>
            <RoleType>W</RoleType>
            <CreatorId>STATE_OFFICER11</CreatorId>
            <CreatorDate>09/30/2015 16:05:25</CreatorDate>
            <UpdatorId>TSTC</UpdatorId>
            <UpdatorDate>08/15/2023 20:32:23</UpdatorDate>
         </IncidentPersonRole>
      </IncidentPerson>
      <IncidentPerson>
         <ApproxAge>40</ApproxAge>
         <CreatorId>STATE_OFFICER11</CreatorId>
         <CreatorDate>09/30/2015 16:05:46</CreatorDate>
         <UpdatorId>TSTC</UpdatorId>
         <UpdatorDate>05/24/2023 12:41:22</UpdatorDate>
         <Person>
            <PersonId>527</PersonId>
            <RaceCode>H</RaceCode>
            <SexCode>M</SexCode>
            <PersonVerified>Y</PersonVerified>
            <PersonPrimaryName>
               <LastName>Hallorn</LastName>
               <FirstName>James</FirstName>
               <MiddleName>Bob</MiddleName>
               <DateOfInfo>03/21/2014 16:01:03</DateOfInfo>
               <SLastName>H465</SLastName>
               <SFirstName>J520</SFirstName>
            </PersonPrimaryName>
            <Alias>
               <NameTypeCode>P</NameTypeCode>
               <LastName>Hallorn</LastName>
               <FirstName>James</FirstName>
               <MiddleName>Bob</MiddleName>
               <SLastName>H465</SLastName>
               <SFirstName>J520</SFirstName>
               <DateOfInfo>03/21/2014 16:01:03</DateOfInfo>
            </Alias>
            <PersonAddress>
               <StreetNumber>6482</StreetNumber>
               <StreetName>Brighton</StreetName>
               <StreetTypeCode>ST</StreetTypeCode>
               <City>JASPER</City>
               <StateCode>CO</StateCode>
               <CountryCode>US</CountryCode>
               <Longitude>-104.804302</Longitude>
               <Latitude>39.915093</Latitude>
            </PersonAddress>
         </Person>
         <IncidentPersonRole>
            <RoleType>S</RoleType>
            <CreatorId>STATE_OFFICER11</CreatorId>
            <CreatorDate>09/30/2015 16:05:46</CreatorDate>
            <UpdatorId>TSTC</UpdatorId>
            <UpdatorDate>08/15/2023 20:32:23</UpdatorDate>
         </IncidentPersonRole>
      </IncidentPerson>
   </IncidentSupplement>
</Incident>