<?xml version="1.0" encoding="UTF-8"?>
<Incident xmlns:xsi="http://www.w3.org/2001/XMLSchema-instance"
          xsi:noNamespaceSchemaLocation="file:///C:/DATA/EJS/SVN_Root/Ejustice/trunk/XMLTransformations/OnlineRMSInternalToIncident/IAOnlineRMSIncidentImport.xsd">
   <IncidentReportNum>2015ROOT0112</IncidentReportNum>
   <AgencyCode>D42</AgencyCode>
   <ORINum>SC0280000</ORINum>
   <ReportDate>03/27/2015 16:06:00</ReportDate>
   <ReportTime>03/27/2015 16:06:00</ReportTime>
   <StartDate>03/27/2015 16:06:00</StartDate>
   <StartTime>03/01/2015 16:06:00</StartTime>
   <Summary>murder</Summary>
   <CreatorId>42CIDSUP</CreatorId>
   <CreatorDate>03/27/2015 16:06:35</CreatorDate>
   <UpdatorId>TSTC</UpdatorId>
   <UpdatorDate>09/09/2021 18:46:36</UpdatorDate>
   <IncidentType>
      <IncidentTypeCode>DI</IncidentTypeCode>
   </IncidentType>
   <IncidentAddress>
      <AddressId>120</AddressId>
      <Beat>Test</Beat>
      <SubBeat>Area</SubBeat>
      <City>51</City>
      <CreatorId>42CIDSUP</CreatorId>
      <CreatorDate>03/27/2015 16:07:07</CreatorDate>
      <UpdatorId>TSTC</UpdatorId>
      <UpdatorDate>03/27/2015 16:07:09</UpdatorDate>
      <Address>
         <AddressId>120</AddressId>
         <StreetNumber>100</StreetNumber>
         <StreetName>Ash</StreetName>
         <StreetTypeCode>ST</StreetTypeCode>
         <City>INDIANAPOLIS</City>
         <StateCode>IN</StateCode>
         <Zip5>01234</Zip5>
         <Zip4>7777</Zip4>
         <CountryCode>US</CountryCode>
         <Beat>Test</Beat>
         <SubBeat>Area</SubBeat>
         <Longitude>-86.26354</Longitude>
         <Latitude>39.95494</Latitude>
         <AddressCommonName>
            <CommonPlaceName>Health Center</CommonPlaceName>
         </AddressCommonName>
      </Address>
   </IncidentAddress>
   <IncidentSupplement>
      <SupplementSequence>0</SupplementSequence>
      <IncSupplementStatusCode>A</IncSupplementStatusCode>
      <SuppReportDate>03/27/2015 16:06:35</SuppReportDate>
      <SuppReportTime>03/27/2015 16:06:35</SuppReportTime>
      <AgencyOnly>N</AgencyOnly>
      <SecurityLevel>1201</SecurityLevel>
      <SuppAgencyCode>D42</SuppAgencyCode>
      <UnknownNoOffenders>N</UnknownNoOffenders>
      <DsIcrDate>08/13/2015 08:39:35</DsIcrDate>
      <DsIcrSubmissionStatus>SENT WAITING FOR RESPONSE</DsIcrSubmissionStatus>
      <CreatorId>42CIDSUP</CreatorId>
      <CreatorDate>03/27/2015 16:06:35</CreatorDate>
      <UpdatorId>TSTC</UpdatorId>
      <UpdatorDate>08/05/2021 17:38:23</UpdatorDate>
      <IncidentSuppNarrative>
         <NarrativeNumber>1</NarrativeNumber>
         <NarrativeTitle>Original Narrative</NarrativeTitle>
         <NarrativeText>&amp;nbsp;test</NarrativeText>
         <CreatorId>42CIDSUP</CreatorId>
         <CreatorDate>06/10/2015 11:45:21</CreatorDate>
         <UpdatorId>42CIDSUP</UpdatorId>
         <UpdatorDate>06/10/2015 11:45:21</UpdatorDate>
      </IncidentSuppNarrative>
      <IncidentOfficer>
         <OfficerRoleCode>P</OfficerRoleCode>
         <Officer>
            <AgencyCode>D22</AgencyCode>
            <ORINumber>147258369</ORINumber>
            <LastName>Collins</LastName>
            <FirstName>Sgt.</FirstName>
            <InternalID>5513</InternalID>
         </Officer>
      </IncidentOfficer>
      <IncidentOfficer>
         <OfficerRoleCode>R</OfficerRoleCode>
         <Officer>
            <AgencyCode>D22</AgencyCode>
            <ORINumber>147258369</ORINumber>
            <LastName>Collins</LastName>
            <FirstName>Sgt.</FirstName>
            <InternalID>5513</InternalID>
         </Officer>
      </IncidentOfficer>
      <IncidentOffense>
         <IncidentId>2273</IncidentId>
         <OffenseNumber>2</OffenseNumber>
         <OffenseStatusCode>00</OffenseStatusCode>
         <OffenseCode>35-43-4-2  T05</OffenseCode>
         <PlaceCode>37</PlaceCode>
         <BiasCode>99</BiasCode>
         <CSAUCode>C</CSAUCode>
         <SupplementSeq>0</SupplementSeq>
         <UCRNumber>1</UCRNumber>
         <OffenseStatusDate>03/27/2015 16:06:00</OffenseStatusDate>
         <AttemptedCompletedCode>C</AttemptedCompletedCode>
         <ArrestChargeCode>35-43-4-2  T05</ArrestChargeCode>
         <CreatorId>42CIDSUP</CreatorId>
         <CreatorDate>07/02/2015 11:11:13</CreatorDate>
         <UpdatorId>42CIDSUP</UpdatorId>
         <UpdatorDate>07/27/2015 13:25:25</UpdatorDate>
      </IncidentOffense>
      <IncidentPerson>
         <ApproxAge>42</ApproxAge>
         <ResidentStatusCode>R</ResidentStatusCode>
         <CreatorId>42CIDSUP</CreatorId>
         <CreatorDate>03/27/2015 16:08:37</CreatorDate>
         <UpdatorId>TSTC</UpdatorId>
         <UpdatorDate>05/24/2023 12:41:19</UpdatorDate>
         <Person>
            <PersonId>197</PersonId>
            <RaceCode>W</RaceCode>
            <SexCode>M</SexCode>
            <PersonVerified>Y</PersonVerified>
            <PersonPrimaryName>
               <LastName>BECKER</LastName>
               <FirstName>CHRISTOPHER</FirstName>
               <MiddleName>M</MiddleName>
               <DOB>03/28/1972 00:00:00</DOB>
               <DateOfInfo>06/06/2012 14:18:57</DateOfInfo>
               <SLastName>B260</SLastName>
               <SFirstName>C623</SFirstName>
            </PersonPrimaryName>
            <Alias>
               <NameTypeCode>A</NameTypeCode>
               <LastName>BECKER</LastName>
               <FirstName>CHRISTOPHER</FirstName>
               <MiddleName>M</MiddleName>
               <DOB>03/28/1972 00:00:00</DOB>
               <SLastName>B260</SLastName>
               <SFirstName>C623</SFirstName>
               <DateOfInfo>06/06/2012 14:18:57</DateOfInfo>
            </Alias>
            <PersonAddress>
               <StreetNumber>9650</StreetNumber>
               <StreetDirCode>E</StreetDirCode>
               <StreetName>Washington</StreetName>
               <StreetTypeCode>ST</StreetTypeCode>
               <SubNumber>Suite 100</SubNumber>
               <City>Indianapolis</City>
               <StateCode>IN</StateCode>
               <Zip5>46229</Zip5>
               <CountryCode>US</CountryCode>
               <CountyCode>NaN</CountyCode>
               <Longitude>-85.994568</Longitude>
               <Latitude>39.776458</Latitude>
            </PersonAddress>
            <PersonAddress>
               <StreetNumber>6677</StreetNumber>
               <StreetDirCode>BLK</StreetDirCode>
               <StreetName>Harrison</StreetName>
               <StreetTypeCode>WALK</StreetTypeCode>
               <StreetSuffixCode>BLK</StreetSuffixCode>
               <SubTypeCode>APT</SubTypeCode>
               <SubNumber>123</SubNumber>
               <City>Los Angeles</City>
               <StateCode>CA</StateCode>
               <Zip5>12345</Zip5>
               <CountryCode>US</CountryCode>
               <CountyCode>1</CountyCode>
            </PersonAddress>
            <PersonAddress>
               <StreetNumber>6677</StreetNumber>
               <StreetDirCode>BLK</StreetDirCode>
               <StreetName>Harrison</StreetName>
               <StreetTypeCode>WALK</StreetTypeCode>
               <StreetSuffixCode>BLK</StreetSuffixCode>
               <SubTypeCode>APT</SubTypeCode>
               <SubNumber>123</SubNumber>
               <City>Los Angeles</City>
               <StateCode>CA</StateCode>
               <Zip5>12345</Zip5>
               <CountryCode>US</CountryCode>
               <CountyCode>1</CountyCode>
            </PersonAddress>
            <PersonAddress>
               <StreetNumber>700</StreetNumber>
               <StreetDirCode>N</StreetDirCode>
               <StreetName>Johnson Branch</StreetName>
               <StreetTypeCode>RTE</StreetTypeCode>
               <SubTypeCode>APT</SubTypeCode>
               <SubNumber>12B</SubNumber>
               <City>Greenfield</City>
               <StateCode>IN</StateCode>
               <Zip5>46140</Zip5>
               <CountryCode>US</CountryCode>
               <CountyCode>30</CountyCode>
               <Longitude>-85.93763943519708</Longitude>
               <Latitude>39.79212746134808</Latitude>
            </PersonAddress>
            <PersonPhone>
               <PhoneTypeCode>RES</PhoneTypeCode>
               <PhoneArea>333</PhoneArea>
               <PhonePrefix>333</PhonePrefix>
               <PhoneSuffix>3333</PhoneSuffix>
               <DateOfInfo>07/02/2020 00:00:00</DateOfInfo>
            </PersonPhone>
         </Person>
         <IncidentPersonRole>
            <RoleType>V</RoleType>
            <CreatorId>42CIDSUP</CreatorId>
            <CreatorDate>08/13/2015 08:37:26</CreatorDate>
            <UpdatorId>TSTC</UpdatorId>
            <UpdatorDate>08/15/2023 20:32:18</UpdatorDate>
         </IncidentPersonRole>
      </IncidentPerson>
      <IncidentPerson>
         <ApproxAge>48</ApproxAge>
         <ResidentStatusCode>R</ResidentStatusCode>
         <CreatorId>42CIDSUP</CreatorId>
         <CreatorDate>07/27/2015 13:26:01</CreatorDate>
         <UpdatorId>TSTC</UpdatorId>
         <UpdatorDate>05/24/2023 12:41:20</UpdatorDate>
         <Person>
            <PersonId>17</PersonId>
            <RaceCode>W</RaceCode>
            <SexCode>M</SexCode>
            <PersonVerified>Y</PersonVerified>
            <PersonPrimaryName>
               <LastName>Smith</LastName>
               <FirstName>John</FirstName>
               <DOB>02/17/1967 00:00:00</DOB>
               <DateOfInfo>02/18/2012 11:58:28</DateOfInfo>
               <SLastName>S530</SLastName>
               <SFirstName>J500</SFirstName>
            </PersonPrimaryName>
            <Alias>
               <NameTypeCode>A</NameTypeCode>
               <LastName>Smith</LastName>
               <FirstName>John</FirstName>
               <DOB>02/17/1967 00:00:00</DOB>
               <SLastName>S530</SLastName>
               <SFirstName>J500</SFirstName>
               <DateOfInfo>02/18/2012 11:58:28</DateOfInfo>
            </Alias>
         </Person>
         <IncidentPersonRole>
            <RoleType>S</RoleType>
            <CreatorId>42CIDSUP</CreatorId>
            <CreatorDate>07/27/2015 13:26:01</CreatorDate>
            <UpdatorId>TSTC</UpdatorId>
            <UpdatorDate>08/15/2023 20:32:18</UpdatorDate>
         </IncidentPersonRole>
      </IncidentPerson>
      <IncidentProperty>
         <RoleCode>7</RoleCode>
         <CreatorId>42CIDSUP</CreatorId>
         <CreatorDate>08/13/2015 08:38:20</CreatorDate>
         <UpdatorId>TSTC</UpdatorId>
         <UpdatorDate>08/10/2017 23:00:43</UpdatorDate>
         <DateOfInfo>08/13/2015 00:00:00</DateOfInfo>
         <StatusCode>7</StatusCode>
         <DocumentTypeCode>P</DocumentTypeCode>
         <Description>bubblegum machine</Description>
         <PropertyTypeCode>427</PropertyTypeCode>
         <PropertyValue>1000</PropertyValue>
         <Value>1000</Value>
         <Evidence>N</Evidence>
         <EvidenceFlag>N</EvidenceFlag>
         <Property_ID>1307</Property_ID>
         <PrimaryColor>BGE</PrimaryColor>
         <Quantity>1</Quantity>
      </IncidentProperty>
   </IncidentSupplement>
</Incident>