<?xml version="1.0" encoding="UTF-8"?>
<Incident xmlns:xsi="http://www.w3.org/2001/XMLSchema-instance"
          xsi:noNamespaceSchemaLocation="file:///C:/DATA/EJS/SVN_Root/Ejustice/trunk/XMLTransformations/OnlineRMSInternalToIncident/IAOnlineRMSIncidentImport.xsd">
   <IncidentReportNum>2015ROOT0183</IncidentReportNum>
   <AgencyCode>D42</AgencyCode>
   <ORINum>SC0280000</ORINum>
   <ReportDate>09/10/2015 12:12:00</ReportDate>
   <ReportTime>09/10/2015 12:12:00</ReportTime>
   <StartDate>09/10/2015 12:12:00</StartDate>
   <StartTime>09/01/2015 12:12:00</StartTime>
   <Summary>Testing snopsis</Summary>
   <CreatorId>STATE_OFFICER11</CreatorId>
   <CreatorDate>09/10/2015 12:12:08</CreatorDate>
   <UpdatorId>TSTC</UpdatorId>
   <UpdatorDate>09/09/2021 18:46:36</UpdatorDate>
   <IncidentType>
      <IncidentTypeCode>CAB</IncidentTypeCode>
   </IncidentType>
   <IncidentAddress>
      <AddressId>212</AddressId>
      <City>17</City>
      <CreatorId>STATE_OFFICER11</CreatorId>
      <CreatorDate>09/10/2015 12:12:37</CreatorDate>
      <UpdatorId>STATE_OFFICER11</UpdatorId>
      <UpdatorDate>09/10/2015 12:23:58</UpdatorDate>
      <Address>
         <AddressId>212</AddressId>
         <StreetNumber>400</StreetNumber>
         <StreetDirCode>S</StreetDirCode>
         <StreetName>JACKSON PARK</StreetName>
         <StreetTypeCode>DR</StreetTypeCode>
         <SubTypeCode>UNIT</SubTypeCode>
         <SubNumber>218</SubNumber>
         <City>SEYMOUR</City>
         <StateCode>IN</StateCode>
         <Zip5>47274</Zip5>
         <AddressCommonName>
            <CommonPlaceName>Dead strip</CommonPlaceName>
         </AddressCommonName>
      </Address>
   </IncidentAddress>
   <IncidentSupplement>
      <SupplementSequence>0</SupplementSequence>
      <IncSupplementStatusCode>A</IncSupplementStatusCode>
      <SuppReportDate>09/10/2015 12:12:08</SuppReportDate>
      <SuppReportTime>09/10/2015 12:12:08</SuppReportTime>
      <AgencyOnly>N</AgencyOnly>
      <SecurityLevel>1201</SecurityLevel>
      <SuppAgencyCode>D42</SuppAgencyCode>
      <UnknownNoOffenders>N</UnknownNoOffenders>
      <DsIcrDate>09/10/2015 12:20:43</DsIcrDate>
      <DsIcrSubmissionStatus>SENT WAITING FOR RESPONSE</DsIcrSubmissionStatus>
      <CreatorId>TESTUSERNAMELONGERTHANTHIRTYCHARACTERS2</CreatorId>
      <CreatorDate>09/10/2015 12:12:08</CreatorDate>
      <UpdatorId>TSTC</UpdatorId>
      <UpdatorDate>08/05/2021 17:38:24</UpdatorDate>
      <IncidentSuppNarrative>
         <NarrativeNumber>1</NarrativeNumber>
         <NarrativeTitle>Atacraids</NarrativeTitle>
         <NarrativeText>&amp;nbsp;tesitng atacraids narratives</NarrativeText>
         <CreatorId>STATE_OFFICER11</CreatorId>
         <CreatorDate>09/10/2015 12:13:58</CreatorDate>
         <UpdatorId>STATE_OFFICER11</UpdatorId>
         <UpdatorDate>09/10/2015 12:13:58</UpdatorDate>
      </IncidentSuppNarrative>
      <IncidentOfficer>
         <OfficerRoleCode>P</OfficerRoleCode>
         <Officer>
            <AgencyCode>D42</AgencyCode>
            <ORINumber>SC0280000</ORINumber>
            <LastName>Ranz</LastName>
            <FirstName>Greg</FirstName>
            <InternalID>9696</InternalID>
         </Officer>
      </IncidentOfficer>
      <IncidentOfficer>
         <OfficerRoleCode>R</OfficerRoleCode>
         <Officer>
            <AgencyCode>D42</AgencyCode>
            <ORINumber>SC0280000</ORINumber>
            <LastName>Ranz</LastName>
            <FirstName>Greg</FirstName>
            <InternalID>9696</InternalID>
         </Officer>
      </IncidentOfficer>
      <IncidentOffense>
         <IncidentId>2368</IncidentId>
         <OffenseNumber>1</OffenseNumber>
         <OffenseStatusCode>00</OffenseStatusCode>
         <OffenseCode>35-43-5-3</OffenseCode>
         <PlaceCode>09</PlaceCode>
         <BiasCode>61</BiasCode>
         <CSAUCode>A</CSAUCode>
         <SupplementSeq>0</SupplementSeq>
         <UCRNumber>1</UCRNumber>
         <OffenseStatusDate>09/10/2015 12:12:00</OffenseStatusDate>
         <AttemptedCompletedCode>A</AttemptedCompletedCode>
         <CreatorId>STATE_OFFICER11</CreatorId>
         <CreatorDate>09/10/2015 12:13:34</CreatorDate>
         <UpdatorId>STATE_OFFICER11</UpdatorId>
         <UpdatorDate>09/10/2015 12:13:34</UpdatorDate>
      </IncidentOffense>
      <IncidentPerson>
         <ApproxAge>48</ApproxAge>
         <ResidentStatusCode>R</ResidentStatusCode>
         <CreatorId>STATE_OFFICER11</CreatorId>
         <CreatorDate>09/10/2015 12:14:29</CreatorDate>
         <UpdatorId>TSTC</UpdatorId>
         <UpdatorDate>05/24/2023 12:41:23</UpdatorDate>
         <Person>
            <PersonId>83</PersonId>
            <RaceCode>W</RaceCode>
            <SexCode>M</SexCode>
            <PersonVerified>Y</PersonVerified>
            <PersonPrimaryName>
               <LastName>Baker</LastName>
               <FirstName>John</FirstName>
               <DOB>01/01/1967 00:00:00</DOB>
               <TitleCode>II</TitleCode>
               <DateOfInfo>04/03/2012 10:55:14</DateOfInfo>
               <SLastName>B260</SLastName>
               <SFirstName>J500</SFirstName>
            </PersonPrimaryName>
            <Alias>
               <NameTypeCode>P</NameTypeCode>
               <LastName>Baker</LastName>
               <FirstName>John</FirstName>
               <DOB>01/01/1967 00:00:00</DOB>
               <TitleCode>II</TitleCode>
               <SLastName>B260</SLastName>
               <SFirstName>J500</SFirstName>
               <DateOfInfo>04/03/2012 10:55:14</DateOfInfo>
            </Alias>
            <PersonAddress>
               <StreetNumber>1355</StreetNumber>
               <StreetDirCode>W</StreetDirCode>
               <StreetName>COUNTY LINE</StreetName>
               <StreetTypeCode>RD</StreetTypeCode>
               <StreetSuffixCode>N</StreetSuffixCode>
               <SubTypeCode>APT</SubTypeCode>
               <SubNumber>A100</SubNumber>
               <City>DILLON</City>
               <StateCode>CO</StateCode>
               <Zip5>80302</Zip5>
               <Beat>104</Beat>
               <SubBeat>West Patrol</SubBeat>
            </PersonAddress>
            <PersonAddress>
               <StreetNumber>100</StreetNumber>
               <StreetName>MAIN</StreetName>
               <StreetTypeCode>ST</StreetTypeCode>
               <City>CRESTONE</City>
               <StateCode>AR</StateCode>
            </PersonAddress>
            <PersonPhone>
               <PhoneTypeCode>RES</PhoneTypeCode>
               <PhoneArea>356</PhoneArea>
               <PhonePrefix>365</PhonePrefix>
               <PhoneSuffix>3774</PhoneSuffix>
               <DateOfInfo>10/17/2013 00:00:00</DateOfInfo>
            </PersonPhone>
            <PersonPhone>
               <PhoneTypeCode>CEL</PhoneTypeCode>
               <PhoneArea>457</PhoneArea>
               <PhonePrefix>345</PhonePrefix>
               <PhoneSuffix>2476</PhoneSuffix>
               <DateOfInfo>10/17/2013 00:00:00</DateOfInfo>
            </PersonPhone>
         </Person>
         <IncidentPersonRole>
            <RoleType>S</RoleType>
            <CreatorId>STATE_DET7</CreatorId>
            <CreatorDate>09/10/2015 12:14:29</CreatorDate>
            <UpdatorId>TSTC</UpdatorId>
            <UpdatorDate>08/15/2023 20:32:23</UpdatorDate>
         </IncidentPersonRole>
      </IncidentPerson>
      <IncidentPerson>
         <ApproxAge>52</ApproxAge>
         <ResidentStatusCode>R</ResidentStatusCode>
         <CreatorId>STATE_OFFICER11</CreatorId>
         <CreatorDate>09/10/2015 12:15:58</CreatorDate>
         <UpdatorId>TSTC</UpdatorId>
         <UpdatorDate>05/24/2023 12:41:23</UpdatorDate>
         <Person>
            <PersonId>609</PersonId>
            <RaceCode>W</RaceCode>
            <SexCode>M</SexCode>
            <PersonVerified>Y</PersonVerified>
            <PersonPrimaryName>
               <LastName>Tarantino</LastName>
               <FirstName>Quentin</FirstName>
               <MiddleName>Jerome</MiddleName>
               <DOB>03/27/1963 00:00:00</DOB>
               <DateOfInfo>10/24/2014 16:46:30</DateOfInfo>
               <SLastName>T653</SLastName>
               <SFirstName>Q535</SFirstName>
            </PersonPrimaryName>
            <Alias>
               <NameTypeCode>P</NameTypeCode>
               <LastName>Tarantino</LastName>
               <FirstName>Quentin</FirstName>
               <MiddleName>Jerome</MiddleName>
               <DOB>03/27/1963 00:00:00</DOB>
               <SLastName>T653</SLastName>
               <SFirstName>Q535</SFirstName>
               <DateOfInfo>10/24/2014 16:46:30</DateOfInfo>
            </Alias>
            <PersonAddress>
               <StreetNumber>88A</StreetNumber>
               <StreetName>Quincy</StreetName>
               <StreetTypeCode>ST</StreetTypeCode>
               <City>Brooklyn</City>
               <StateCode>NY</StateCode>
               <Zip5>11238</Zip5>
               <CountryCode>US</CountryCode>
               <Longitude>-73.957668</Longitude>
               <Latitude>40.685905</Latitude>
            </PersonAddress>
            <PersonAddress>
               <StreetNumber>45</StreetNumber>
               <StreetName>Rockefeller</StreetName>
               <StreetTypeCode>PLZ</StreetTypeCode>
               <City>Manhattan</City>
               <StateCode>NY</StateCode>
               <Zip5>10011</Zip5>
               <CountryCode>US</CountryCode>
               <Longitude>-73.977732</Longitude>
               <Latitude>40.759209</Latitude>
            </PersonAddress>
         </Person>
         <IncidentPersonRole>
            <RoleType>V</RoleType>
            <CreatorId>STATE_OFFICER11</CreatorId>
            <CreatorDate>09/10/2015 12:15:59</CreatorDate>
            <UpdatorId>TSTC</UpdatorId>
            <UpdatorDate>08/15/2023 20:32:23</UpdatorDate>
         </IncidentPersonRole>
      </IncidentPerson>
      <IncidentProperty>
         <RoleCode>1</RoleCode>
         <CreatorId>STATE_OFFICER11</CreatorId>
         <CreatorDate>09/10/2015 12:14:04</CreatorDate>
         <UpdatorId>TSTC</UpdatorId>
         <UpdatorDate>08/10/2017 23:00:44</UpdatorDate>
         <StatusCode>1</StatusCode>
         <Evidence>N</Evidence>
         <EvidenceFlag>N</EvidenceFlag>
      </IncidentProperty>
   </IncidentSupplement>
   <IncidentSupplement>
      <SupplementSequence>1</SupplementSequence>
      <IncSupplementStatusCode>A</IncSupplementStatusCode>
      <SuppReportDate>09/10/2015 12:16:54</SuppReportDate>
      <SuppReportTime>09/10/2015 12:16:54</SuppReportTime>
      <AgencyOnly>N</AgencyOnly>
      <SecurityLevel>1201</SecurityLevel>
      <SuppAgencyCode>D42</SuppAgencyCode>
      <UnknownNoOffenders>N</UnknownNoOffenders>
      <DsIcrDate>09/10/2015 12:20:43</DsIcrDate>
      <DsIcrSubmissionStatus>SENT WAITING FOR RESPONSE</DsIcrSubmissionStatus>
      <CreatorId>STATE_OFFICER11</CreatorId>
      <CreatorDate>09/10/2015 12:16:54</CreatorDate>
      <UpdatorId>TSTC</UpdatorId>
      <UpdatorDate>08/05/2021 17:38:24</UpdatorDate>
      <IncidentSuppNarrative>
         <NarrativeNumber>1</NarrativeNumber>
         <NarrativeTitle>Supplement#1 - Narrative</NarrativeTitle>
         <NarrativeText>&amp;nbsp;tesitng disapproved supplement</NarrativeText>
         <CreatorId>STATE_OFFICER11</CreatorId>
         <CreatorDate>09/10/2015 12:17:24</CreatorDate>
         <UpdatorId>STATE_OFFICER11</UpdatorId>
         <UpdatorDate>09/10/2015 12:17:24</UpdatorDate>
      </IncidentSuppNarrative>
      <IncidentOfficer>
         <OfficerRoleCode>P</OfficerRoleCode>
         <Officer>
            <AgencyCode>D42</AgencyCode>
            <ORINumber>SC0280000</ORINumber>
            <LastName>Ranz</LastName>
            <FirstName>Greg</FirstName>
            <InternalID>9696</InternalID>
         </Officer>
      </IncidentOfficer>
      <IncidentOfficer>
         <OfficerRoleCode>R</OfficerRoleCode>
         <Officer>
            <AgencyCode>D42</AgencyCode>
            <ORINumber>SC0280000</ORINumber>
            <LastName>Ranz</LastName>
            <FirstName>Greg</FirstName>
            <InternalID>9696</InternalID>
         </Officer>
      </IncidentOfficer>
   </IncidentSupplement>
</Incident>