<?xml version="1.0" encoding="UTF-8"?>
<Incident xmlns:xsi="http://www.w3.org/2001/XMLSchema-instance"
          xsi:noNamespaceSchemaLocation="file:///C:/DATA/EJS/SVN_Root/Ejustice/trunk/XMLTransformations/OnlineRMSInternalToIncident/IAOnlineRMSIncidentImport.xsd">
   <IncidentReportNum>2017-00032728</IncidentReportNum>
   <AgencyCode>D42</AgencyCode>
   <ORINum>SC0280000</ORINum>
   <ReportDate>10/27/2017 12:57:00</ReportDate>
   <ReportTime>10/27/2017 12:57:00</ReportTime>
   <StartDate>10/27/2017 12:57:00</StartDate>
   <StartTime>10/27/2017 12:57:00</StartTime>
   <Summary>abc</Summary>
   <CreatorId>TSTC</CreatorId>
   <CreatorDate>10/27/2017 12:58:34</CreatorDate>
   <UpdatorId>STATE_OFFICER11</UpdatorId>
   <UpdatorDate>07/14/2022 13:21:48</UpdatorDate>
   <IncidentType>
      <IncidentTypeCode>CAB</IncidentTypeCode>
   </IncidentType>
   <IncidentAddress>
      <AddressId>1337</AddressId>
      <City>7</City>
      <CreatorId>TSTC</CreatorId>
      <CreatorDate>10/27/2017 12:58:34</CreatorDate>
      <UpdatorId>TSTC</UpdatorId>
      <UpdatorDate>07/14/2022 13:16:29</UpdatorDate>
      <Address>
         <AddressId>1337</AddressId>
         <StreetNumber>400</StreetNumber>
         <StreetDirCode>E</StreetDirCode>
         <StreetName>High</StreetName>
         <StreetTypeCode>ST</StreetTypeCode>
         <City>Fortville</City>
         <StateCode>IN</StateCode>
         <Zip5>46040</Zip5>
         <CountryCode>US</CountryCode>
         <Longitude>-85.84414318288013</Longitude>
         <Latitude>39.93208598796304</Latitude>
      </Address>
   </IncidentAddress>
   <IncidentSupplement>
      <SupplementSequence>0</SupplementSequence>
      <IncSupplementStatusCode>A</IncSupplementStatusCode>
      <SuppReportDate>10/27/2017 12:57:55</SuppReportDate>
      <SuppReportTime>10/27/2017 12:57:55</SuppReportTime>
      <AgencyOnly>N</AgencyOnly>
      <SecurityLevel>1100</SecurityLevel>
      <SuppAgencyCode>D42</SuppAgencyCode>
      <UnknownNoOffenders>N</UnknownNoOffenders>
      <DsIcrDate>07/14/2022 13:21:54</DsIcrDate>
      <DsIcrSubmissionStatus>READY TO BE PROCESSED-ORIGINAL</DsIcrSubmissionStatus>
      <CreatorId>TSTC</CreatorId>
      <CreatorDate>10/27/2017 12:58:34</CreatorDate>
      <UpdatorId>STATE_OFFICER11</UpdatorId>
      <UpdatorDate>07/14/2022 13:21:54</UpdatorDate>
      <IncidentSuppNarrative>
         <NarrativeNumber>1</NarrativeNumber>
         <NarrativeTitle>Original Narrative</NarrativeTitle>
         <NarrativeText>sasdasdads</NarrativeText>
         <CreatorId>STATE_OFFICER11</CreatorId>
         <CreatorDate>07/14/2022 13:21:27</CreatorDate>
         <UpdatorId>STATE_OFFICER11</UpdatorId>
         <UpdatorDate>07/14/2022 13:21:27</UpdatorDate>
      </IncidentSuppNarrative>
      <IncidentOfficer>
         <OfficerRoleCode>P</OfficerRoleCode>
         <Officer>
            <AgencyCode>D42</AgencyCode>
            <ORINumber>SC0280000</ORINumber>
            <LastName>Simpson</LastName>
            <FirstName>Homer</FirstName>
            <InternalID>9696</InternalID>
         </Officer>
      </IncidentOfficer>
      <IncidentOfficer>
         <OfficerRoleCode>R</OfficerRoleCode>
         <Officer>
            <AgencyCode>D42</AgencyCode>
            <ORINumber>SC0280000</ORINumber>
            <LastName>Ranz</LastName>
            <FirstName>Greg</FirstName>
            <InternalID>9696</InternalID>
         </Officer>
      </IncidentOfficer>
      <IncidentOffense>
         <IncidentId>2993</IncidentId>
         <OffenseNumber>1</OffenseNumber>
         <OffenseStatusCode>00</OffenseStatusCode>
         <OffenseCode>35-43-2-1  B04</OffenseCode>
         <PlaceCode>40</PlaceCode>
         <BiasCode>31</BiasCode>
         <CSAUCode>C</CSAUCode>
         <SupplementSeq>0</SupplementSeq>
         <UCRNumber>1</UCRNumber>
         <OffenseStatusDate>10/27/2017 12:57:00</OffenseStatusDate>
         <ForcedEntryCode>N</ForcedEntryCode>
         <AttemptedCompletedCode>C</AttemptedCompletedCode>
         <CreatorId>STATE_OFFICER11</CreatorId>
         <CreatorDate>07/14/2022 13:17:32</CreatorDate>
         <UpdatorId>STATE_OFFICER11</UpdatorId>
         <UpdatorDate>07/14/2022 13:17:32</UpdatorDate>
      </IncidentOffense>
      <IncidentPerson>
         <ApproxAge>18</ApproxAge>
         <CreatorId>STATE_OFFICER11</CreatorId>
         <CreatorDate>07/14/2022 13:18:10</CreatorDate>
         <UpdatorId>TSTC</UpdatorId>
         <UpdatorDate>05/24/2023 12:41:25</UpdatorDate>
         <Person>
            <PersonId>1193</PersonId>
            <RaceCode>W</RaceCode>
            <SexCode>M</SexCode>
            <EthnicityCode>U</EthnicityCode>
            <PersonVerified>Y</PersonVerified>
            <PersonPrimaryName>
               <LastName>Manlow</LastName>
               <FirstName>Tom</FirstName>
               <DOB>06/05/1999 00:00:00</DOB>
               <DateOfInfo>07/14/2022 13:13:29</DateOfInfo>
               <SLastName>M540</SLastName>
               <SFirstName>T500</SFirstName>
            </PersonPrimaryName>
            <Alias>
               <NameTypeCode>P</NameTypeCode>
               <LastName>Manlow</LastName>
               <FirstName>Tom</FirstName>
               <DOB>06/05/1999 00:00:00</DOB>
               <SLastName>M540</SLastName>
               <SFirstName>T500</SFirstName>
               <DateOfInfo>07/14/2022 13:13:29</DateOfInfo>
            </Alias>
         </Person>
         <IncidentPersonRole>
            <RoleType>S</RoleType>
            <CreatorId>STATE_OFFICER11</CreatorId>
            <CreatorDate>07/14/2022 13:18:11</CreatorDate>
            <UpdatorId>TSTC</UpdatorId>
            <UpdatorDate>08/15/2023 20:32:24</UpdatorDate>
         </IncidentPersonRole>
      </IncidentPerson>
      <IncidentPerson>
         <ApproxAge>20</ApproxAge>
         <CreatorId>STATE_OFFICER11</CreatorId>
         <CreatorDate>07/14/2022 13:18:43</CreatorDate>
         <UpdatorId>TSTC</UpdatorId>
         <UpdatorDate>05/24/2023 12:41:24</UpdatorDate>
         <Person>
            <PersonId>1194</PersonId>
            <RaceCode>W</RaceCode>
            <SexCode>F</SexCode>
            <EthnicityCode>U</EthnicityCode>
            <PersonVerified>Y</PersonVerified>
            <PersonPrimaryName>
               <LastName>Jasper</LastName>
               <FirstName>Nancy</FirstName>
               <DateOfInfo>07/14/2022 13:14:14</DateOfInfo>
               <SLastName>J216</SLastName>
               <SFirstName>N520</SFirstName>
            </PersonPrimaryName>
            <Alias>
               <NameTypeCode>P</NameTypeCode>
               <LastName>Jasper</LastName>
               <FirstName>Nancy</FirstName>
               <SLastName>J216</SLastName>
               <SFirstName>N520</SFirstName>
               <DateOfInfo>07/14/2022 13:14:14</DateOfInfo>
            </Alias>
         </Person>
         <IncidentPersonRole>
            <RoleType>S</RoleType>
            <CreatorId>STATE_OFFICER11</CreatorId>
            <CreatorDate>07/14/2022 13:18:43</CreatorDate>
            <UpdatorId>TSTC</UpdatorId>
            <UpdatorDate>08/15/2023 20:32:24</UpdatorDate>
         </IncidentPersonRole>
      </IncidentPerson>
      <IncidentPerson>
         <ApproxAge>28</ApproxAge>
         <ResidentStatusCode>R</ResidentStatusCode>
         <CreatorId>STATE_OFFICER11</CreatorId>
         <CreatorDate>07/14/2022 13:19:30</CreatorDate>
         <UpdatorId>TSTC</UpdatorId>
         <UpdatorDate>05/24/2023 12:41:24</UpdatorDate>
         <Person>
            <PersonId>835</PersonId>
            <RaceCode>W</RaceCode>
            <SexCode>M</SexCode>
            <EthnicityCode>H</EthnicityCode>
            <PersonVerified>Y</PersonVerified>
            <PersonPrimaryName>
               <LastName>Prim</LastName>
               <FirstName>Harry</FirstName>
               <DateOfInfo>08/08/2016 13:50:14</DateOfInfo>
               <SLastName>P650</SLastName>
               <SFirstName>H600</SFirstName>
            </PersonPrimaryName>
            <PersonPrimaryName>
               <LastName>Ali</LastName>
               <FirstName>Harry</FirstName>
               <DateOfInfo>08/08/2016 00:00:00</DateOfInfo>
               <SLastName>A400</SLastName>
               <SFirstName>H600</SFirstName>
            </PersonPrimaryName>
            <Alias>
               <NameTypeCode>P</NameTypeCode>
               <LastName>Prim</LastName>
               <FirstName>Harry</FirstName>
               <SLastName>P650</SLastName>
               <SFirstName>H600</SFirstName>
               <DateOfInfo>08/08/2016 13:50:14</DateOfInfo>
            </Alias>
            <Alias>
               <NameTypeCode>A</NameTypeCode>
               <LastName>Ali</LastName>
               <FirstName>Harry</FirstName>
               <SLastName>A400</SLastName>
               <SFirstName>H600</SFirstName>
               <DateOfInfo>08/08/2016 00:00:00</DateOfInfo>
            </Alias>
         </Person>
         <IncidentPersonRole>
            <RoleType>V</RoleType>
            <CreatorId>STATE_OFFICER11</CreatorId>
            <CreatorDate>07/14/2022 13:19:30</CreatorDate>
            <UpdatorId>TSTC</UpdatorId>
            <UpdatorDate>08/15/2023 20:32:24</UpdatorDate>
         </IncidentPersonRole>
      </IncidentPerson>
      <IncidentPerson>
         <ApproxAge>31</ApproxAge>
         <ResidentStatusCode>R</ResidentStatusCode>
         <CreatorId>STATE_OFFICER11</CreatorId>
         <CreatorDate>07/14/2022 13:20:33</CreatorDate>
         <UpdatorId>TSTC</UpdatorId>
         <UpdatorDate>05/24/2023 12:41:25</UpdatorDate>
         <Person>
            <PersonId>211</PersonId>
            <RaceCode>H</RaceCode>
            <SexCode>F</SexCode>
            <EthnicityCode>N</EthnicityCode>
            <PersonVerified>Y</PersonVerified>
            <PersonPrimaryName>
               <LastName>ALEXANDER</LastName>
               <FirstName>KAREN</FirstName>
               <MiddleName>A</MiddleName>
               <DateOfInfo>06/06/2012 14:19:04</DateOfInfo>
               <SLastName>A425</SLastName>
               <SFirstName>K650</SFirstName>
            </PersonPrimaryName>
            <PersonPrimaryName>
               <LastName>Hoffman</LastName>
               <FirstName>Laurent</FirstName>
               <MiddleName>Jane</MiddleName>
               <DOB>12/01/1985 00:00:00</DOB>
               <DateOfInfo>12/13/2012 00:00:00</DateOfInfo>
               <SLastName>H155</SLastName>
               <SFirstName>L653</SFirstName>
            </PersonPrimaryName>
            <PersonPrimaryName>
               <LastName>Alexandria</LastName>
               <FirstName>Shirley</FirstName>
               <MiddleName>Lina</MiddleName>
               <DOB>12/12/1985 00:00:00</DOB>
               <SSN>7.84641359E8</SSN>
               <TitleCode>SR</TitleCode>
               <DateOfInfo>12/13/2012 00:00:00</DateOfInfo>
               <SLastName>A425</SLastName>
               <SFirstName>S640</SFirstName>
            </PersonPrimaryName>
            <PersonPrimaryName>
               <LastName>Hoffman</LastName>
               <FirstName>Laurent</FirstName>
               <MiddleName>Jane</MiddleName>
               <DOB>12/01/1985 00:00:00</DOB>
               <SSN>3.33445566E8</SSN>
               <TitleCode>III</TitleCode>
               <DateOfInfo>12/13/2012 00:00:00</DateOfInfo>
               <SLastName>H155</SLastName>
               <SFirstName>L653</SFirstName>
            </PersonPrimaryName>
            <PersonPrimaryName>
               <LastName>Hoffman</LastName>
               <FirstName>Laurent</FirstName>
               <MiddleName>Jane</MiddleName>
               <DOB>12/01/1985 00:00:00</DOB>
               <DateOfInfo>12/13/2012 00:00:00</DateOfInfo>
               <SLastName>H155</SLastName>
               <SFirstName>L653</SFirstName>
            </PersonPrimaryName>
            <Alias>
               <NameTypeCode>A</NameTypeCode>
               <LastName>ALEXANDER</LastName>
               <FirstName>KAREN</FirstName>
               <MiddleName>A</MiddleName>
               <SLastName>A425</SLastName>
               <SFirstName>K650</SFirstName>
               <DateOfInfo>06/06/2012 14:19:04</DateOfInfo>
            </Alias>
            <Alias>
               <NameTypeCode>A</NameTypeCode>
               <LastName>Hoffman</LastName>
               <FirstName>Laurent</FirstName>
               <MiddleName>Jane</MiddleName>
               <DOB>12/01/1985 00:00:00</DOB>
               <SLastName>H155</SLastName>
               <SFirstName>L653</SFirstName>
               <DateOfInfo>12/13/2012 00:00:00</DateOfInfo>
            </Alias>
            <Alias>
               <NameTypeCode>A</NameTypeCode>
               <LastName>Alexandria</LastName>
               <FirstName>Shirley</FirstName>
               <MiddleName>Lina</MiddleName>
               <DOB>12/12/1985 00:00:00</DOB>
               <SSN>7.84641359E8</SSN>
               <TitleCode>SR</TitleCode>
               <SLastName>A425</SLastName>
               <SFirstName>S640</SFirstName>
               <DateOfInfo>12/13/2012 00:00:00</DateOfInfo>
            </Alias>
            <Alias>
               <NameTypeCode>P</NameTypeCode>
               <LastName>Hoffman</LastName>
               <FirstName>Laurent</FirstName>
               <MiddleName>Jane</MiddleName>
               <DOB>12/01/1985 00:00:00</DOB>
               <SSN>3.33445566E8</SSN>
               <TitleCode>III</TitleCode>
               <SLastName>H155</SLastName>
               <SFirstName>L653</SFirstName>
               <DateOfInfo>12/13/2012 00:00:00</DateOfInfo>
            </Alias>
            <Alias>
               <NameTypeCode>A</NameTypeCode>
               <LastName>Hoffman</LastName>
               <FirstName>Laurent</FirstName>
               <MiddleName>Jane</MiddleName>
               <DOB>12/01/1985 00:00:00</DOB>
               <SLastName>H155</SLastName>
               <SFirstName>L653</SFirstName>
               <DateOfInfo>12/13/2012 00:00:00</DateOfInfo>
            </Alias>
            <PersonPhone>
               <PhoneTypeCode>RES</PhoneTypeCode>
               <PhoneArea>765</PhoneArea>
               <PhonePrefix>555</PhonePrefix>
               <PhoneSuffix>5555</PhoneSuffix>
               <DateOfInfo>04/08/2014 00:00:00</DateOfInfo>
            </PersonPhone>
         </Person>
         <IncidentPersonRole>
            <RoleType>V</RoleType>
            <CreatorId>STATE_OFFICER11</CreatorId>
            <CreatorDate>07/14/2022 13:20:34</CreatorDate>
            <UpdatorId>TSTC</UpdatorId>
            <UpdatorDate>08/15/2023 20:32:24</UpdatorDate>
         </IncidentPersonRole>
      </IncidentPerson>
      <IncidentProperty>
         <RoleCode>7</RoleCode>
         <CreatorId>STATE_OFFICER11</CreatorId>
         <CreatorDate>07/14/2022 13:21:16</CreatorDate>
         <UpdatorId>STATE_OFFICER11</UpdatorId>
         <UpdatorDate>07/14/2022 13:21:16</UpdatorDate>
         <DateOfInfo>07/14/2022 00:00:00</DateOfInfo>
         <StatusCode>7</StatusCode>
         <DocumentTypeCode>P</DocumentTypeCode>
         <Description>sdsdf</Description>
         <PropertyTypeCode>508</PropertyTypeCode>
         <PropertyValue>80</PropertyValue>
         <Value>80</Value>
         <Evidence>N</Evidence>
         <EvidenceFlag>N</EvidenceFlag>
         <Property_ID>2102</Property_ID>
         <Quantity>1</Quantity>
      </IncidentProperty>
   </IncidentSupplement>
</Incident>