<?xml version="1.0" encoding="UTF-8"?>
<Incident xmlns:xsi="http://www.w3.org/2001/XMLSchema-instance"
          xsi:noNamespaceSchemaLocation="file:///C:/DATA/EJS/SVN_Root/Ejustice/trunk/XMLTransformations/OnlineRMSInternalToIncident/IAOnlineRMSIncidentImport.xsd">
   <IncidentReportNum>16050019</IncidentReportNum>
   <AgencyCode>D42</AgencyCode>
   <ORINum>SC0280000</ORINum>
   <ReportDate>05/17/2016 14:05:00</ReportDate>
   <ReportTime>05/17/2016 14:05:00</ReportTime>
   <StartDate>05/17/2016 14:03:00</StartDate>
   <StartTime>06/01/2016 14:03:00</StartTime>
   <CreatorId>TSTC</CreatorId>
   <CreatorDate>05/17/2016 14:05:17</CreatorDate>
   <UpdatorId>TSTC</UpdatorId>
   <UpdatorDate>09/09/2021 18:46:37</UpdatorDate>
   <IncidentType>
      <IncidentTypeCode>CAD</IncidentTypeCode>
   </IncidentType>
   <IncidentType>
      <IncidentTypeCode>B/H</IncidentTypeCode>
   </IncidentType>
   <IncidentAddress>
      <AddressId>568</AddressId>
      <City>3</City>
      <CreatorId>TSTC</CreatorId>
      <CreatorDate>05/17/2016 14:05:17</CreatorDate>
      <UpdatorId>TSTC</UpdatorId>
      <UpdatorDate>06/21/2017 14:28:47</UpdatorDate>
      <Address>
         <AddressId>568</AddressId>
         <StreetNumber>888</StreetNumber>
         <StreetDirCode>N</StreetDirCode>
         <StreetName>Main</StreetName>
         <StreetTypeCode>ST</StreetTypeCode>
         <City>Cleveland</City>
         <StateCode>IN</StateCode>
         <CountryCode>US</CountryCode>
         <Longitude>-85.85141117873073</Longitude>
         <Latitude>39.94122841706401</Latitude>
         <AddressCommonName>
            <CommonPlaceName>District 42 test</CommonPlaceName>
         </AddressCommonName>
      </Address>
   </IncidentAddress>
   <IncidentSupplement>
      <SupplementSequence>0</SupplementSequence>
      <IncSupplementStatusCode>A</IncSupplementStatusCode>
      <SuppReportDate>05/17/2016 14:05:14</SuppReportDate>
      <SuppReportTime>05/17/2016 14:05:14</SuppReportTime>
      <AgencyOnly>N</AgencyOnly>
      <SecurityLevel>1100</SecurityLevel>
      <SuppAgencyCode>D42</SuppAgencyCode>
      <UnknownNoOffenders>N</UnknownNoOffenders>
      <DsIcrDate>06/06/2017 17:31:34</DsIcrDate>
      <DsIcrSubmissionStatus>SENT WAITING FOR RESPONSE</DsIcrSubmissionStatus>
      <CreatorId>TSTC</CreatorId>
      <CreatorDate>05/17/2016 14:05:17</CreatorDate>
      <UpdatorId>TSTC</UpdatorId>
      <UpdatorDate>08/05/2021 17:38:24</UpdatorDate>
      <IncidentSuppNarrative>
         <NarrativeNumber>1</NarrativeNumber>
         <NarrativeTitle>Original Narrative</NarrativeTitle>
         <NarrativeText>New Incident</NarrativeText>
         <CreatorId>STATE_OFFICER11</CreatorId>
         <CreatorDate>06/03/2016 17:20:27</CreatorDate>
         <UpdatorId>STATE_OFFICER11</UpdatorId>
         <UpdatorDate>06/03/2016 17:20:27</UpdatorDate>
      </IncidentSuppNarrative>
      <IncidentOfficer>
         <OfficerRoleCode>P</OfficerRoleCode>
         <Officer>
            <AgencyCode>D42</AgencyCode>
            <ORINumber>SC0280000</ORINumber>
            <LastName>Ranz</LastName>
            <FirstName>Greg</FirstName>
            <InternalID>9696</InternalID>
         </Officer>
      </IncidentOfficer>
      <IncidentOfficer>
         <OfficerRoleCode>R</OfficerRoleCode>
         <Officer>
            <AgencyCode>D42</AgencyCode>
            <ORINumber>SC0280000</ORINumber>
            <LastName>Ranz</LastName>
            <FirstName>Greg</FirstName>
            <InternalID>9696</InternalID>
         </Officer>
      </IncidentOfficer>
      <IncidentOffense>
         <IncidentId>2509</IncidentId>
         <OffenseNumber>1</OffenseNumber>
         <OffenseStatusCode>00</OffenseStatusCode>
         <OffenseCode>35-43-4-2  T05</OffenseCode>
         <PlaceCode>09</PlaceCode>
         <BiasCode>88</BiasCode>
         <CSAUCode>C</CSAUCode>
         <SupplementSeq>0</SupplementSeq>
         <UCRNumber>1</UCRNumber>
         <OffenseStatusDate>05/17/2016 14:03:00</OffenseStatusDate>
         <AttemptedCompletedCode>C</AttemptedCompletedCode>
         <ArrestChargeCode>35-43-4-2  T05</ArrestChargeCode>
         <CreatorId>STATE_OFFICER11</CreatorId>
         <CreatorDate>06/03/2016 17:16:17</CreatorDate>
         <UpdatorId>STATE_OFFICER11</UpdatorId>
         <UpdatorDate>06/03/2016 17:16:17</UpdatorDate>
      </IncidentOffense>
      <IncidentOffense>
         <IncidentId>2509</IncidentId>
         <OffenseNumber>2</OffenseNumber>
         <OffenseStatusCode>00</OffenseStatusCode>
         <OffenseCode>35-43-2-1  B03</OffenseCode>
         <PlaceCode>40</PlaceCode>
         <BiasCode>15</BiasCode>
         <CSAUCode>A</CSAUCode>
         <SupplementSeq>0</SupplementSeq>
         <UCRNumber>2</UCRNumber>
         <OffenseStatusDate>05/17/2016 14:03:00</OffenseStatusDate>
         <ForcedEntryCode>N</ForcedEntryCode>
         <AttemptedCompletedCode>A</AttemptedCompletedCode>
         <ArrestChargeCode>35-43-2-1  B03</ArrestChargeCode>
         <CreatorId>STATE_OFFICER11</CreatorId>
         <CreatorDate>06/03/2016 17:17:13</CreatorDate>
         <UpdatorId>STATE_OFFICER11</UpdatorId>
         <UpdatorDate>06/03/2016 17:17:13</UpdatorDate>
      </IncidentOffense>
      <IncidentOffense>
         <IncidentId>2509</IncidentId>
         <OffenseNumber>3</OffenseNumber>
         <OffenseStatusCode>00</OffenseStatusCode>
         <OffenseCode>35-43-4-2  T93</OffenseCode>
         <PlaceCode>37</PlaceCode>
         <BiasCode>88</BiasCode>
         <CSAUCode>A</CSAUCode>
         <SupplementSeq>0</SupplementSeq>
         <UCRNumber>3</UCRNumber>
         <OffenseStatusDate>05/17/2016 14:03:00</OffenseStatusDate>
         <AttemptedCompletedCode>A</AttemptedCompletedCode>
         <ArrestChargeCode>35-43-4-2  T93</ArrestChargeCode>
         <CreatorId>STATE_OFFICER11</CreatorId>
         <CreatorDate>06/03/2016 17:17:38</CreatorDate>
         <UpdatorId>STATE_OFFICER11</UpdatorId>
         <UpdatorDate>06/03/2016 17:17:38</UpdatorDate>
      </IncidentOffense>
      <IncidentPerson>
         <ApproxAge>00</ApproxAge>
         <CreatorId>STATE_OFFICER11</CreatorId>
         <CreatorDate>06/03/2016 17:18:05</CreatorDate>
         <UpdatorId>TSTC</UpdatorId>
         <UpdatorDate>05/24/2023 12:41:23</UpdatorDate>
         <Person>
            <PersonId>710</PersonId>
            <RaceCode>A</RaceCode>
            <SexCode>M</SexCode>
            <PersonVerified>Y</PersonVerified>
            <PersonPrimaryName>
               <LastName>Smith</LastName>
               <FirstName>BOb</FirstName>
               <DateOfInfo>04/20/2015 09:52:54</DateOfInfo>
               <SLastName>S530</SLastName>
               <SFirstName>B100</SFirstName>
            </PersonPrimaryName>
            <Alias>
               <NameTypeCode>P</NameTypeCode>
               <LastName>Smith</LastName>
               <FirstName>BOb</FirstName>
               <SLastName>S530</SLastName>
               <SFirstName>B100</SFirstName>
               <DateOfInfo>04/20/2015 09:52:54</DateOfInfo>
            </Alias>
            <PersonAddress>
               <StreetNumber>456</StreetNumber>
               <StreetDirCode>W</StreetDirCode>
               <StreetName>Automation</StreetName>
               <StreetTypeCode>WAY</StreetTypeCode>
               <SubTypeCode>APT</SubTypeCode>
               <City>Greensboro</City>
               <StateCode>NC</StateCode>
               <Zip5>27401</Zip5>
               <CountryCode>US</CountryCode>
               <Longitude>-79.75681</Longitude>
               <Latitude>36.067604</Latitude>
               <Beat>104</Beat>
               <SubBeat>West Patrol</SubBeat>
            </PersonAddress>
         </Person>
         <IncidentPersonRole>
            <RoleType>S</RoleType>
            <CreatorId>STATE_OFFICER11</CreatorId>
            <CreatorDate>06/03/2016 17:18:05</CreatorDate>
            <UpdatorId>TSTC</UpdatorId>
            <UpdatorDate>08/15/2023 20:32:23</UpdatorDate>
         </IncidentPersonRole>
      </IncidentPerson>
      <IncidentPerson>
         <ApproxAge>47</ApproxAge>
         <ResidentStatusCode>R</ResidentStatusCode>
         <CreatorId>BIGGUY@GMAIL.COM2</CreatorId>
         <CreatorDate>06/03/2016 17:18:36</CreatorDate>
         <UpdatorId>TSTC</UpdatorId>
         <UpdatorDate>05/24/2023 12:41:23</UpdatorDate>
         <Person>
            <PersonId>614</PersonId>
            <RaceCode>B</RaceCode>
            <SexCode>M</SexCode>
            <PersonVerified>Y</PersonVerified>
            <PersonPrimaryName>
               <LastName>Smith</LastName>
               <FirstName>Willard</FirstName>
               <MiddleName>Carroll</MiddleName>
               <DOB>09/25/1968 00:00:00</DOB>
               <DateOfInfo>10/24/2014 17:16:14</DateOfInfo>
               <SLastName>S530</SLastName>
               <SFirstName>W463</SFirstName>
            </PersonPrimaryName>
            <Alias>
               <NameTypeCode>P</NameTypeCode>
               <LastName>Smith</LastName>
               <FirstName>Willard</FirstName>
               <MiddleName>Carroll</MiddleName>
               <DOB>09/25/1968 00:00:00</DOB>
               <SLastName>S530</SLastName>
               <SFirstName>W463</SFirstName>
               <DateOfInfo>10/24/2014 17:16:14</DateOfInfo>
            </Alias>
            <PersonAddress>
               <StreetNumber>428</StreetNumber>
               <StreetName>Grand</StreetName>
               <StreetTypeCode>AVE</StreetTypeCode>
               <City>Brooklyn</City>
               <StateCode>NY</StateCode>
               <Zip5>11238</Zip5>
               <CountryCode>US</CountryCode>
               <Longitude>-73.962135</Longitude>
               <Latitude>40.683561</Latitude>
               <Beat>Test</Beat>
               <SubBeat>Area</SubBeat>
            </PersonAddress>
         </Person>
         <IncidentPersonRole>
            <RoleType>V</RoleType>
            <CreatorId>STATE_OFFICER11</CreatorId>
            <CreatorDate>06/03/2016 17:18:36</CreatorDate>
            <UpdatorId>TSTC</UpdatorId>
            <UpdatorDate>08/15/2023 20:32:23</UpdatorDate>
         </IncidentPersonRole>
      </IncidentPerson>
      <IncidentVehicle>
         <VEHICLE_ID>208</VEHICLE_ID>
         <RoleCode>VI</RoleCode>
         <CreatorId>STATE_OFFICER11</CreatorId>
         <CreatorDate>06/03/2016 17:20:07</CreatorDate>
         <UpdatorId>STATE_OFFICER11</UpdatorId>
         <UpdatorDate>06/03/2016 17:20:07</UpdatorDate>
         <DateOfInfo>04/18/2014 14:43:03</DateOfInfo>
         <StatusCode>8</StatusCode>
         <VIN>876YUI789YUI</VIN>
         <VehicleYear>2014</VehicleYear>
         <VehicleMakeCode>CADI</VehicleMakeCode>
         <VehicleModelCode>61</VehicleModelCode>
         <VehPriColorCode>BLK</VehPriColorCode>
         <VehicleLicStateCode>IL</VehicleLicStateCode>
         <VehicleLicNumber>HY45IY</VehicleLicNumber>
         <VehConditionCode>G</VehConditionCode>
      </IncidentVehicle>
      <IncidentProperty>
         <RoleCode>8</RoleCode>
         <CreatorId>STATE_OFFICER11</CreatorId>
         <CreatorDate>06/03/2016 17:19:08</CreatorDate>
         <UpdatorId>TSTC</UpdatorId>
         <UpdatorDate>08/10/2017 23:00:45</UpdatorDate>
         <DateOfInfo>06/03/2016 00:00:00</DateOfInfo>
         <StatusCode>8</StatusCode>
         <DocumentTypeCode>P</DocumentTypeCode>
         <PropertyTypeCode>487</PropertyTypeCode>
         <PropertyValue>0</PropertyValue>
         <Value>0</Value>
         <Evidence>N</Evidence>
         <EvidenceFlag>N</EvidenceFlag>
         <Property_ID>1481</Property_ID>
         <Make>honda</Make>
         <Quantity>1</Quantity>
      </IncidentProperty>
      <IncidentProperty>
         <RoleCode>7</RoleCode>
         <CreatorId>STATE_OFFICER11</CreatorId>
         <CreatorDate>06/03/2016 17:19:45</CreatorDate>
         <UpdatorId>TSTC</UpdatorId>
         <UpdatorDate>08/10/2017 23:00:16</UpdatorDate>
         <DateOfInfo>06/03/2016 00:00:00</DateOfInfo>
         <StatusCode>7</StatusCode>
         <DocumentTypeCode>P</DocumentTypeCode>
         <PropertyTypeCode>427</PropertyTypeCode>
         <PropertyValue>500</PropertyValue>
         <Value>500</Value>
         <Evidence>Y</Evidence>
         <EvidenceFlag>Y</EvidenceFlag>
         <ExternalEvidenceId>676</ExternalEvidenceId>
         <Property_ID>1482</Property_ID>
         <Make>Vase</Make>
         <Quantity>1</Quantity>
      </IncidentProperty>
   </IncidentSupplement>
</Incident>