<?xml version="1.0" encoding="UTF-8"?>
<Incident xmlns:xsi="http://www.w3.org/2001/XMLSchema-instance"
          xsi:noNamespaceSchemaLocation="file:///C:/DATA/EJS/SVN_Root/Ejustice/trunk/XMLTransformations/OnlineRMSInternalToIncident/IAOnlineRMSIncidentImport.xsd">
   <IncidentReportNum>2015ROOT0207</IncidentReportNum>
   <AgencyCode>D42</AgencyCode>
   <ORINum>SC0280000</ORINum>
   <ReportDate>10/16/2015 18:49:00</ReportDate>
   <ReportTime>10/16/2015 18:49:00</ReportTime>
   <StartDate>10/16/2015 18:49:00</StartDate>
   <StartTime>10/01/2015 18:49:00</StartTime>
   <Summary>Testing for domain project</Summary>
   <CreatorId>PDPD2</CreatorId>
   <CreatorDate>10/16/2015 18:49:29</CreatorDate>
   <UpdatorId>TSTC</UpdatorId>
   <UpdatorDate>09/09/2021 18:46:37</UpdatorDate>
   <IncidentType>
      <IncidentTypeCode>CAB</IncidentTypeCode>
   </IncidentType>
   <IncidentAddress>
      <AddressId>22</AddressId>
      <Beat>104</Beat>
      <SubBeat>West Patrol</SubBeat>
      <City>18</City>
      <CreatorId>STATE_OFFICER11</CreatorId>
      <CreatorDate>10/16/2015 18:49:48</CreatorDate>
      <UpdatorId>TSTC</UpdatorId>
      <UpdatorDate>10/16/2015 18:50:03</UpdatorDate>
      <Address>
         <AddressId>22</AddressId>
         <StreetNumber>1355</StreetNumber>
         <StreetDirCode>W</StreetDirCode>
         <StreetName>COUNTY LINE</StreetName>
         <StreetTypeCode>RD</StreetTypeCode>
         <StreetSuffixCode>N</StreetSuffixCode>
         <SubTypeCode>APT</SubTypeCode>
         <SubNumber>A100</SubNumber>
         <City>DILLON</City>
         <StateCode>CO</StateCode>
         <Zip5>80302</Zip5>
         <Beat>104</Beat>
         <SubBeat>West Patrol</SubBeat>
         <AddressCommonName>
            <CommonPlaceName>Outside Store</CommonPlaceName>
         </AddressCommonName>
      </Address>
   </IncidentAddress>
   <IncidentSupplement>
      <SupplementSequence>0</SupplementSequence>
      <IncSupplementStatusCode>A</IncSupplementStatusCode>
      <SuppReportDate>10/16/2015 18:49:29</SuppReportDate>
      <SuppReportTime>10/16/2015 18:49:29</SuppReportTime>
      <AgencyOnly>N</AgencyOnly>
      <SecurityLevel>1201</SecurityLevel>
      <SuppAgencyCode>D42</SuppAgencyCode>
      <UnknownNoOffenders>N</UnknownNoOffenders>
      <DsIcrDate>10/16/2015 18:52:06</DsIcrDate>
      <DsIcrSubmissionStatus>NOT REPORTABLE</DsIcrSubmissionStatus>
      <CreatorId>STATE_OFFICER11</CreatorId>
      <CreatorDate>10/16/2015 18:49:29</CreatorDate>
      <UpdatorId>TSTC</UpdatorId>
      <UpdatorDate>08/05/2021 17:38:24</UpdatorDate>
      <IncidentSuppNarrative>
         <NarrativeNumber>1</NarrativeNumber>
         <NarrativeTitle>Original Narrative</NarrativeTitle>
         <NarrativeText>&amp;nbsp;Adding narrative</NarrativeText>
         <CreatorId>BIGGUY@GMAIL.COM</CreatorId>
         <CreatorDate>10/16/2015 18:51:28</CreatorDate>
         <UpdatorId>TSTC</UpdatorId>
         <UpdatorDate>07/12/2017 12:54:39</UpdatorDate>
      </IncidentSuppNarrative>
      <IncidentOfficer>
         <OfficerRoleCode>P</OfficerRoleCode>
         <Officer>
            <AgencyCode>D42</AgencyCode>
            <ORINumber>SC0280000</ORINumber>
            <LastName>Ranz</LastName>
            <FirstName>Greg</FirstName>
            <InternalID>9696</InternalID>
         </Officer>
      </IncidentOfficer>
      <IncidentOfficer>
         <OfficerRoleCode>R</OfficerRoleCode>
         <Officer>
            <AgencyCode>D42</AgencyCode>
            <ORINumber>SC0280000</ORINumber>
            <LastName>Ranz</LastName>
            <FirstName>Greg</FirstName>
            <InternalID>9696</InternalID>
         </Officer>
      </IncidentOfficer>
      <IncidentOffense>
         <IncidentId>2394</IncidentId>
         <OffenseNumber>1</OffenseNumber>
         <OffenseStatusCode>00</OffenseStatusCode>
         <OffenseCode>16-42-19-16</OffenseCode>
         <PlaceCode>07</PlaceCode>
         <BiasCode>61</BiasCode>
         <CSAUCode>A</CSAUCode>
         <SupplementSeq>0</SupplementSeq>
         <UCRNumber>1</UCRNumber>
         <OffenseStatusDate>10/16/2015 18:49:00</OffenseStatusDate>
         <AttemptedCompletedCode>A</AttemptedCompletedCode>
         <ArrestChargeCode>16-42-19-16</ArrestChargeCode>
         <CreatorId>STATE_OFFICER11</CreatorId>
         <CreatorDate>10/16/2015 18:50:31</CreatorDate>
         <UpdatorId>STATE_OFFICER11</UpdatorId>
         <UpdatorDate>10/16/2015 18:50:31</UpdatorDate>
      </IncidentOffense>
      <IncidentPerson>
         <ApproxAge>14</ApproxAge>
         <ResidentStatusCode>O</ResidentStatusCode>
         <CreatorId>STATE_OFFICER11</CreatorId>
         <CreatorDate>10/16/2015 18:50:56</CreatorDate>
         <UpdatorId>TSTC</UpdatorId>
         <UpdatorDate>05/24/2023 12:41:21</UpdatorDate>
         <Person>
            <PersonId>765</PersonId>
            <RaceCode>I</RaceCode>
            <SexCode>F</SexCode>
            <PersonVerified>Y</PersonVerified>
            <PersonPrimaryName>
               <LastName>Brown</LastName>
               <FirstName>Sally</FirstName>
               <MiddleName>Susan</MiddleName>
               <DOB>06/02/2001 00:00:00</DOB>
               <DateOfInfo>10/14/2015 10:10:36</DateOfInfo>
               <SLastName>B650</SLastName>
               <SFirstName>S400</SFirstName>
            </PersonPrimaryName>
            <Alias>
               <NameTypeCode>P</NameTypeCode>
               <LastName>Brown</LastName>
               <FirstName>Sally</FirstName>
               <MiddleName>Susan</MiddleName>
               <DOB>06/02/2001 00:00:00</DOB>
               <SLastName>B650</SLastName>
               <SFirstName>S400</SFirstName>
               <DateOfInfo>10/14/2015 10:10:36</DateOfInfo>
            </Alias>
            <PersonAddress>
               <StreetNumber>5</StreetNumber>
               <StreetName>Times</StreetName>
               <StreetTypeCode>SQ</StreetTypeCode>
               <City>Manhattan</City>
               <StateCode>NY</StateCode>
               <Zip5>10036</Zip5>
               <CountryCode>US</CountryCode>
               <CountyCode>NaN</CountyCode>
               <Longitude>-73.987515</Longitude>
               <Latitude>40.755944</Latitude>
            </PersonAddress>
         </Person>
         <IncidentPersonRole>
            <RoleType>S</RoleType>
            <CreatorId>STATE_OFFICER11</CreatorId>
            <CreatorDate>10/16/2015 18:50:56</CreatorDate>
            <UpdatorId>TSTC</UpdatorId>
            <UpdatorDate>08/15/2023 20:32:22</UpdatorDate>
         </IncidentPersonRole>
      </IncidentPerson>
      <IncidentPerson>
         <ApproxAge>23</ApproxAge>
         <ResidentStatusCode>U</ResidentStatusCode>
         <CreatorId>STATE_OFFICER11</CreatorId>
         <CreatorDate>10/16/2015 18:51:18</CreatorDate>
         <UpdatorId>TSTC</UpdatorId>
         <UpdatorDate>05/24/2023 12:41:21</UpdatorDate>
         <Person>
            <PersonId>373</PersonId>
            <RaceCode>W</RaceCode>
            <SexCode>M</SexCode>
            <EthnicityCode>A</EthnicityCode>
            <PersonVerified>Y</PersonVerified>
            <PersonPrimaryName>
               <LastName>BEAVER</LastName>
               <FirstName>TYLER</FirstName>
               <DOB>07/24/1992 00:00:00</DOB>
               <DateOfInfo>09/05/2012 14:14:09</DateOfInfo>
               <SLastName>B160</SLastName>
               <SFirstName>T460</SFirstName>
            </PersonPrimaryName>
            <PersonPrimaryName>
               <LastName>Beaver</LastName>
               <FirstName>Tyler</FirstName>
               <MiddleName>Joseph</MiddleName>
               <DOB>07/24/1992 00:00:00</DOB>
               <SSN>1.07241992E8</SSN>
               <TitleCode>JR</TitleCode>
               <DateOfInfo>02/06/2014 00:00:00</DateOfInfo>
               <SLastName>B160</SLastName>
               <SFirstName>T460</SFirstName>
            </PersonPrimaryName>
            <Alias>
               <NameTypeCode>A</NameTypeCode>
               <LastName>BEAVER</LastName>
               <FirstName>TYLER</FirstName>
               <DOB>07/24/1992 00:00:00</DOB>
               <SLastName>B160</SLastName>
               <SFirstName>T460</SFirstName>
               <DateOfInfo>09/05/2012 14:14:09</DateOfInfo>
            </Alias>
            <Alias>
               <NameTypeCode>P</NameTypeCode>
               <LastName>Beaver</LastName>
               <FirstName>Tyler</FirstName>
               <MiddleName>Joseph</MiddleName>
               <DOB>07/24/1992 00:00:00</DOB>
               <SSN>1.07241992E8</SSN>
               <TitleCode>JR</TitleCode>
               <SLastName>B160</SLastName>
               <SFirstName>T460</SFirstName>
               <DateOfInfo>02/06/2014 00:00:00</DateOfInfo>
            </Alias>
            <PersonAddress>
               <StreetNumber>20755</StreetNumber>
               <StreetName>RIVERWOOD</StreetName>
               <StreetTypeCode>AVE</StreetTypeCode>
               <City>NOBLESVILLE</City>
               <StateCode>IN</StateCode>
               <Zip5>46062</Zip5>
            </PersonAddress>
         </Person>
         <IncidentPersonRole>
            <RoleType>V</RoleType>
            <CreatorId>STATE_OFFICER11</CreatorId>
            <CreatorDate>10/16/2015 18:51:18</CreatorDate>
            <UpdatorId>TSTC</UpdatorId>
            <UpdatorDate>08/15/2023 20:32:22</UpdatorDate>
         </IncidentPersonRole>
      </IncidentPerson>
   </IncidentSupplement>
</Incident>