<?xml version="1.0" encoding="UTF-8"?>
<Incident xmlns:xsi="http://www.w3.org/2001/XMLSchema-instance"
          xsi:noNamespaceSchemaLocation="file:///C:/DATA/EJS/SVN_Root/Ejustice/trunk/XMLTransformations/OnlineRMSInternalToIncident/IAOnlineRMSIncidentImport.xsd">
   <IncidentReportNum>2017D4210121</IncidentReportNum>
   <AgencyCode>D42</AgencyCode>
   <ORINum>SC0280000</ORINum>
   <ReportDate>09/07/2017 08:12:00</ReportDate>
   <ReportTime>09/07/2017 08:12:00</ReportTime>
   <StartDate>09/07/2017 08:12:00</StartDate>
   <StartTime>09/01/2017 08:12:00</StartTime>
   <Summary>evidence testing</Summary>
   <CreatorId>D_OFFICER</CreatorId>
   <CreatorDate>09/08/2017 08:12:30</CreatorDate>
   <UpdatorId>TSTC</UpdatorId>
   <UpdatorDate>09/09/2021 18:46:40</UpdatorDate>
   <IncidentType>
      <IncidentTypeCode>CCD</IncidentTypeCode>
   </IncidentType>
   <IncidentAddress>
      <AddressId>534</AddressId>
      <City>7</City>
      <CreatorId>D_OFFICER</CreatorId>
      <CreatorDate>09/08/2017 08:13:47</CreatorDate>
      <UpdatorId>TSTC</UpdatorId>
      <UpdatorDate>09/08/2017 08:13:58</UpdatorDate>
      <Address>
         <AddressId>534</AddressId>
         <StreetNumber>3722</StreetNumber>
         <StreetDirCode>E</StreetDirCode>
         <StreetName>Cactus Creek</StreetName>
         <StreetTypeCode>CT</StreetTypeCode>
         <City>Highlands Ranch</City>
         <StateCode>CO</StateCode>
         <Zip5>80126</Zip5>
         <CountryCode>US</CountryCode>
         <Longitude>-104.945016</Longitude>
         <Latitude>39.565181</Latitude>
         <AddressCommonName>
            <CommonPlaceName>District 42 test</CommonPlaceName>
         </AddressCommonName>
      </Address>
   </IncidentAddress>
   <IncidentSupplement>
      <SupplementSequence>0</SupplementSequence>
      <IncSupplementStatusCode>A</IncSupplementStatusCode>
      <SuppReportDate>09/08/2017 08:12:31</SuppReportDate>
      <SuppReportTime>09/08/2017 08:12:31</SuppReportTime>
      <AgencyOnly>N</AgencyOnly>
      <SecurityLevel>1201</SecurityLevel>
      <SuppAgencyCode>D42</SuppAgencyCode>
      <UnknownNoOffenders>N</UnknownNoOffenders>
      <DsIcrDate>09/08/2017 13:39:07</DsIcrDate>
      <DsIcrSubmissionStatus>SENT WAITING FOR RESPONSE</DsIcrSubmissionStatus>
      <CreatorId>D_OFFICER</CreatorId>
      <CreatorDate>09/08/2017 08:12:31</CreatorDate>
      <UpdatorId>TSTC</UpdatorId>
      <UpdatorDate>08/05/2021 17:38:26</UpdatorDate>
      <IncidentSuppNarrative>
         <NarrativeNumber>1</NarrativeNumber>
         <NarrativeTitle>Original Narrative</NarrativeTitle>
         <NarrativeText>testing evidence</NarrativeText>
         <CreatorId>D_OFFICER</CreatorId>
         <CreatorDate>09/08/2017 13:33:59</CreatorDate>
         <UpdatorId>D_OFFICER</UpdatorId>
         <UpdatorDate>09/08/2017 13:33:59</UpdatorDate>
      </IncidentSuppNarrative>
      <IncidentOfficer>
         <OfficerRoleCode>P</OfficerRoleCode>
         <Officer>
            <AgencyCode>D42</AgencyCode>
            <ORINumber>SC0280000</ORINumber>
            <LastName>Ranz</LastName>
            <FirstName>Greg</FirstName>
            <InternalID>9696</InternalID>
         </Officer>
      </IncidentOfficer>
      <IncidentOfficer>
         <OfficerRoleCode>R</OfficerRoleCode>
         <Officer>
            <AgencyCode>D42</AgencyCode>
            <ORINumber>SC0280000</ORINumber>
            <LastName>M</LastName>
            <FirstName>Dana</FirstName>
            <InternalID>12345</InternalID>
         </Officer>
      </IncidentOfficer>
      <IncidentOffense>
         <IncidentId>2971</IncidentId>
         <OffenseNumber>1</OffenseNumber>
         <OffenseStatusCode>00</OffenseStatusCode>
         <OffenseCode>35-43-2-1  B08</OffenseCode>
         <PlaceCode>07</PlaceCode>
         <BiasCode>88</BiasCode>
         <CSAUCode>C</CSAUCode>
         <SupplementSeq>0</SupplementSeq>
         <UCRNumber>1</UCRNumber>
         <OffenseStatusDate>09/07/2017 08:12:00</OffenseStatusDate>
         <ForcedEntryCode>N</ForcedEntryCode>
         <AttemptedCompletedCode>C</AttemptedCompletedCode>
         <ArrestChargeCode>35-43-2-1  B08</ArrestChargeCode>
         <CreatorId>D_OFFICER</CreatorId>
         <CreatorDate>09/08/2017 08:14:41</CreatorDate>
         <UpdatorId>D_OFFICER</UpdatorId>
         <UpdatorDate>09/08/2017 08:14:41</UpdatorDate>
      </IncidentOffense>
      <IncidentOffense>
         <IncidentId>2971</IncidentId>
         <OffenseNumber>2</OffenseNumber>
         <OffenseStatusCode>00</OffenseStatusCode>
         <OffenseCode>35-43-4-2  T05</OffenseCode>
         <PlaceCode>07</PlaceCode>
         <BiasCode>88</BiasCode>
         <CSAUCode>C</CSAUCode>
         <SupplementSeq>0</SupplementSeq>
         <UCRNumber>2</UCRNumber>
         <OffenseStatusDate>09/07/2017 08:12:00</OffenseStatusDate>
         <AttemptedCompletedCode>C</AttemptedCompletedCode>
         <ArrestChargeCode>35-43-4-2  T05</ArrestChargeCode>
         <CreatorId>D_OFFICER</CreatorId>
         <CreatorDate>09/08/2017 08:15:08</CreatorDate>
         <UpdatorId>D_OFFICER</UpdatorId>
         <UpdatorDate>09/08/2017 08:15:08</UpdatorDate>
      </IncidentOffense>
      <IncidentPerson>
         <ApproxAge>45</ApproxAge>
         <CreatorId>D_OFFICER</CreatorId>
         <CreatorDate>09/08/2017 08:15:42</CreatorDate>
         <UpdatorId>TSTC</UpdatorId>
         <UpdatorDate>05/24/2023 12:41:24</UpdatorDate>
         <Person>
            <PersonId>878</PersonId>
            <RaceCode>W</RaceCode>
            <SexCode>M</SexCode>
            <PersonVerified>Y</PersonVerified>
            <PersonPrimaryName>
               <LastName>Jamie</LastName>
               <FirstName>Chef</FirstName>
               <DOB>06/01/2017 00:00:00</DOB>
               <SSN>1.11111112E8</SSN>
               <DateOfInfo>06/06/2017 00:00:00</DateOfInfo>
               <SLastName>J500</SLastName>
               <SFirstName>C100</SFirstName>
            </PersonPrimaryName>
            <PersonPrimaryName>
               <LastName>Oliver</LastName>
               <FirstName>Jamie</FirstName>
               <DOB>06/01/1972 00:00:00</DOB>
               <SSN>1.11111111E8</SSN>
               <DateOfInfo>06/06/2017 10:01:11</DateOfInfo>
               <SLastName>O416</SLastName>
               <SFirstName>J500</SFirstName>
            </PersonPrimaryName>
            <Alias>
               <NameTypeCode>N</NameTypeCode>
               <LastName>Jamie</LastName>
               <FirstName>Chef</FirstName>
               <DOB>06/01/2017 00:00:00</DOB>
               <SSN>1.11111112E8</SSN>
               <SLastName>J500</SLastName>
               <SFirstName>C100</SFirstName>
               <DateOfInfo>06/06/2017 00:00:00</DateOfInfo>
            </Alias>
            <Alias>
               <NameTypeCode>P</NameTypeCode>
               <LastName>Oliver</LastName>
               <FirstName>Jamie</FirstName>
               <DOB>06/01/1972 00:00:00</DOB>
               <SSN>1.11111111E8</SSN>
               <SLastName>O416</SLastName>
               <SFirstName>J500</SFirstName>
               <DateOfInfo>06/06/2017 10:01:11</DateOfInfo>
            </Alias>
            <PersonAddress>
               <StreetNumber>86</StreetNumber>
               <StreetDirCode>NE</StreetDirCode>
               <StreetName>ASHWOOD</StreetName>
               <StreetTypeCode>LN</StreetTypeCode>
               <StreetSuffixCode>N</StreetSuffixCode>
               <City>DILLON</City>
               <CountryCode>US</CountryCode>
               <Beat>Test</Beat>
               <SubBeat>Area</SubBeat>
            </PersonAddress>
            <PersonPhone>
               <PhoneTypeCode>RES</PhoneTypeCode>
               <PhoneArea>720</PhoneArea>
               <PhonePrefix>111</PhonePrefix>
               <PhoneSuffix>1111</PhoneSuffix>
               <DateOfInfo>06/06/2017 00:00:00</DateOfInfo>
            </PersonPhone>
            <PersonPhone>
               <PhoneTypeCode>CEL</PhoneTypeCode>
               <PhoneArea>303</PhoneArea>
               <PhonePrefix>111</PhonePrefix>
               <PhoneSuffix>1111</PhoneSuffix>
               <DateOfInfo>06/06/2017 00:00:00</DateOfInfo>
            </PersonPhone>
         </Person>
         <IncidentPersonRole>
            <RoleType>S</RoleType>
            <CreatorId>D_OFFICER</CreatorId>
            <CreatorDate>09/08/2017 08:15:42</CreatorDate>
            <UpdatorId>TSTC</UpdatorId>
            <UpdatorDate>08/15/2023 20:32:23</UpdatorDate>
         </IncidentPersonRole>
      </IncidentPerson>
      <IncidentPerson>
         <ApproxAge>37</ApproxAge>
         <ResidentStatusCode>R</ResidentStatusCode>
         <CreatorId>D_OFFICER</CreatorId>
         <CreatorDate>09/08/2017 08:16:12</CreatorDate>
         <UpdatorId>TSTC</UpdatorId>
         <UpdatorDate>05/24/2023 12:41:24</UpdatorDate>
         <Person>
            <PersonId>444</PersonId>
            <RaceCode>W</RaceCode>
            <SexCode>M</SexCode>
            <PersonVerified>Y</PersonVerified>
            <PersonPrimaryName>
               <LastName>Holmes</LastName>
               <FirstName>John</FirstName>
               <DateOfInfo>05/09/2013 10:34:47</DateOfInfo>
               <SLastName>H452</SLastName>
               <SFirstName>J500</SFirstName>
            </PersonPrimaryName>
            <Alias>
               <NameTypeCode>P</NameTypeCode>
               <LastName>Holmes</LastName>
               <FirstName>John</FirstName>
               <SLastName>H452</SLastName>
               <SFirstName>J500</SFirstName>
               <DateOfInfo>05/09/2013 10:34:47</DateOfInfo>
            </Alias>
         </Person>
         <IncidentPersonRole>
            <RoleType>V</RoleType>
            <CreatorId>D_OFFICER</CreatorId>
            <CreatorDate>09/08/2017 08:16:13</CreatorDate>
            <UpdatorId>TSTC</UpdatorId>
            <UpdatorDate>08/15/2023 20:32:23</UpdatorDate>
         </IncidentPersonRole>
      </IncidentPerson>
      <IncidentBusiness>
         <BusinessNumber>240000032</BusinessNumber>
         <BusinessName>New Org</BusinessName>
         <IncBusinessRoleCode>V</IncBusinessRoleCode>
         <CreatorId>D_OFFICER</CreatorId>
         <CreatorDate>09/08/2017 08:16:47</CreatorDate>
         <UpdatorId>D_OFFICER</UpdatorId>
         <UpdatorDate>09/08/2017 08:16:47</UpdatorDate>
      </IncidentBusiness>
      <IncidentProperty>
         <RoleCode>7</RoleCode>
         <CreatorId>D_OFFICER</CreatorId>
         <CreatorDate>09/08/2017 08:18:21</CreatorDate>
         <UpdatorId>STATE_OFFICER11</UpdatorId>
         <UpdatorDate>09/11/2017 12:56:00</UpdatorDate>
         <DateOfInfo>09/08/2017 00:00:00</DateOfInfo>
         <StatusCode>7</StatusCode>
         <DocumentTypeCode>P</DocumentTypeCode>
         <Description>balloons</Description>
         <PropertyTypeCode>544</PropertyTypeCode>
         <PropertyValue>50</PropertyValue>
         <Value>50</Value>
         <SerialNumber>12345</SerialNumber>
         <Evidence>Y</Evidence>
         <EvidenceFlag>Y</EvidenceFlag>
         <ExternalEvidenceId>712</ExternalEvidenceId>
         <Property_ID>1678</Property_ID>
         <PrimaryColor>RED</PrimaryColor>
         <SecondaryColor>WHI</SecondaryColor>
         <Make>Helium</Make>
         <Quantity>1</Quantity>
      </IncidentProperty>
      <IncidentProperty>
         <RoleCode>7</RoleCode>
         <CreatorId>D_OFFICER</CreatorId>
         <CreatorDate>09/08/2017 08:18:21</CreatorDate>
         <UpdatorId>STATE_OFFICER11</UpdatorId>
         <UpdatorDate>09/11/2017 12:56:00</UpdatorDate>
         <DateOfInfo>09/08/2017 00:00:00</DateOfInfo>
         <StatusCode>7</StatusCode>
         <DocumentTypeCode>P</DocumentTypeCode>
         <Description>balloons</Description>
         <PropertyTypeCode>544</PropertyTypeCode>
         <PropertyValue>50</PropertyValue>
         <Value>50</Value>
         <SerialNumber>12345</SerialNumber>
         <Evidence>Y</Evidence>
         <EvidenceFlag>Y</EvidenceFlag>
         <ExternalEvidenceId>712</ExternalEvidenceId>
         <Property_ID>1678</Property_ID>
         <PrimaryColor>RED</PrimaryColor>
         <SecondaryColor>WHI</SecondaryColor>
         <Make>Helium</Make>
         <Quantity>1</Quantity>
      </IncidentProperty>
      <IncidentProperty>
         <RoleCode>7</RoleCode>
         <CreatorId>D_OFFICER</CreatorId>
         <CreatorDate>09/08/2017 09:27:00</CreatorDate>
         <UpdatorId>STATE_OFFICER11</UpdatorId>
         <UpdatorDate>09/08/2017 18:49:10</UpdatorDate>
         <DateOfInfo>09/08/2017 00:00:00</DateOfInfo>
         <StatusCode>7</StatusCode>
         <DocumentTypeCode>D</DocumentTypeCode>
         <Description>plant 1</Description>
         <PropertyTypeCode>105</PropertyTypeCode>
         <PropertyValue>100</PropertyValue>
         <Value>100</Value>
         <Evidence>Y</Evidence>
         <EvidenceFlag>Y</EvidenceFlag>
         <ExternalEvidenceId>713</ExternalEvidenceId>
         <Property_ID>1679</Property_ID>
         <DrugTypeCode>N</DrugTypeCode>
         <Quantity>1</Quantity>
         <QuantityUnit>FO</QuantityUnit>
      </IncidentProperty>
      <IncidentProperty>
         <RoleCode>7</RoleCode>
         <CreatorId>D_OFFICER</CreatorId>
         <CreatorDate>09/08/2017 09:27:00</CreatorDate>
         <UpdatorId>STATE_OFFICER11</UpdatorId>
         <UpdatorDate>09/08/2017 18:49:10</UpdatorDate>
         <DateOfInfo>09/08/2017 00:00:00</DateOfInfo>
         <StatusCode>7</StatusCode>
         <DocumentTypeCode>D</DocumentTypeCode>
         <Description>plant 1</Description>
         <PropertyTypeCode>105</PropertyTypeCode>
         <PropertyValue>100</PropertyValue>
         <Value>100</Value>
         <Evidence>Y</Evidence>
         <EvidenceFlag>Y</EvidenceFlag>
         <ExternalEvidenceId>713</ExternalEvidenceId>
         <Property_ID>1679</Property_ID>
         <DrugTypeCode>N</DrugTypeCode>
         <Quantity>1</Quantity>
         <QuantityUnit>FO</QuantityUnit>
      </IncidentProperty>
      <IncidentProperty>
         <RoleCode>7</RoleCode>
         <CreatorId>D_OFFICER</CreatorId>
         <CreatorDate>09/08/2017 09:28:23</CreatorDate>
         <UpdatorId>STATE_OFFICER11</UpdatorId>
         <UpdatorDate>09/08/2017 18:49:10</UpdatorDate>
         <DateOfInfo>09/08/2017 00:00:00</DateOfInfo>
         <StatusCode>7</StatusCode>
         <DocumentTypeCode>O</DocumentTypeCode>
         <Description>bank</Description>
         <PropertyTypeCode>43</PropertyTypeCode>
         <PropertyValue>500</PropertyValue>
         <Value>500</Value>
         <Evidence>Y</Evidence>
         <EvidenceFlag>Y</EvidenceFlag>
         <ExternalEvidenceId>714</ExternalEvidenceId>
         <Property_ID>1680</Property_ID>
         <AccountNumber>0</AccountNumber>
         <Amount>0</Amount>
         <Bank>1st bank</Bank>
      </IncidentProperty>
      <IncidentProperty>
         <RoleCode>7</RoleCode>
         <CreatorId>D_OFFICER</CreatorId>
         <CreatorDate>09/08/2017 09:29:53</CreatorDate>
         <UpdatorId>STATE_OFFICER11</UpdatorId>
         <UpdatorDate>09/12/2017 13:01:08</UpdatorDate>
         <DateOfInfo>09/08/2017 00:00:00</DateOfInfo>
         <StatusCode>7</StatusCode>
         <DocumentTypeCode>C</DocumentTypeCode>
         <PropertyTypeCode>CSH</PropertyTypeCode>
         <PropertyValue>100</PropertyValue>
         <Value>100</Value>
         <Evidence>Y</Evidence>
         <EvidenceFlag>Y</EvidenceFlag>
         <ExternalEvidenceId>715</ExternalEvidenceId>
         <Property_ID>1681</Property_ID>
         <Quantity>10</Quantity>
         <Amount>100</Amount>
      </IncidentProperty>
      <IncidentProperty>
         <RoleCode>7</RoleCode>
         <CreatorId>D_OFFICER</CreatorId>
         <CreatorDate>09/08/2017 09:31:25</CreatorDate>
         <UpdatorId>STATE_OFFICER11</UpdatorId>
         <UpdatorDate>09/11/2017 12:30:11</UpdatorDate>
         <DateOfInfo>09/08/2017 00:00:00</DateOfInfo>
         <StatusCode>7</StatusCode>
         <DocumentTypeCode>G</DocumentTypeCode>
         <Description>gun 1</Description>
         <PropertyTypeCode>610</PropertyTypeCode>
         <PropertyValue>1</PropertyValue>
         <Value>1</Value>
         <SerialNumber>111</SerialNumber>
         <Evidence>Y</Evidence>
         <EvidenceFlag>Y</EvidenceFlag>
         <ExternalEvidenceId>716</ExternalEvidenceId>
         <Property_ID>1682</Property_ID>
         <PrimaryColor>BLK</PrimaryColor>
         <SecondaryColor>DBL</SecondaryColor>
         <Quantity>2</Quantity>
      </IncidentProperty>
      <IncidentProperty>
         <RoleCode>7</RoleCode>
         <CreatorId>D_OFFICER</CreatorId>
         <CreatorDate>09/08/2017 09:31:25</CreatorDate>
         <UpdatorId>STATE_OFFICER11</UpdatorId>
         <UpdatorDate>09/11/2017 12:30:11</UpdatorDate>
         <DateOfInfo>09/08/2017 00:00:00</DateOfInfo>
         <StatusCode>7</StatusCode>
         <DocumentTypeCode>G</DocumentTypeCode>
         <Description>gun 1</Description>
         <PropertyTypeCode>610</PropertyTypeCode>
         <PropertyValue>1</PropertyValue>
         <Value>1</Value>
         <SerialNumber>111</SerialNumber>
         <Evidence>Y</Evidence>
         <EvidenceFlag>Y</EvidenceFlag>
         <ExternalEvidenceId>716</ExternalEvidenceId>
         <Property_ID>1682</Property_ID>
         <PrimaryColor>BLK</PrimaryColor>
         <SecondaryColor>DBL</SecondaryColor>
         <Quantity>2</Quantity>
      </IncidentProperty>
      <IncidentProperty>
         <RoleCode>7</RoleCode>
         <CreatorId>D_OFFICER</CreatorId>
         <CreatorDate>09/08/2017 09:31:25</CreatorDate>
         <UpdatorId>STATE_OFFICER11</UpdatorId>
         <UpdatorDate>09/11/2017 12:30:11</UpdatorDate>
         <DateOfInfo>09/08/2017 00:00:00</DateOfInfo>
         <StatusCode>7</StatusCode>
         <DocumentTypeCode>G</DocumentTypeCode>
         <Description>gun 2</Description>
         <PropertyTypeCode>610</PropertyTypeCode>
         <PropertyValue>2</PropertyValue>
         <Value>2</Value>
         <SerialNumber>222</SerialNumber>
         <Evidence>Y</Evidence>
         <EvidenceFlag>Y</EvidenceFlag>
         <ExternalEvidenceId>717</ExternalEvidenceId>
         <Property_ID>1683</Property_ID>
         <PrimaryColor>GRY</PrimaryColor>
         <SecondaryColor>LBL</SecondaryColor>
         <Quantity>2</Quantity>
      </IncidentProperty>
      <IncidentProperty>
         <RoleCode>7</RoleCode>
         <CreatorId>D_OFFICER</CreatorId>
         <CreatorDate>09/08/2017 09:31:25</CreatorDate>
         <UpdatorId>STATE_OFFICER11</UpdatorId>
         <UpdatorDate>09/11/2017 12:30:11</UpdatorDate>
         <DateOfInfo>09/08/2017 00:00:00</DateOfInfo>
         <StatusCode>7</StatusCode>
         <DocumentTypeCode>G</DocumentTypeCode>
         <Description>gun 2</Description>
         <PropertyTypeCode>610</PropertyTypeCode>
         <PropertyValue>2</PropertyValue>
         <Value>2</Value>
         <SerialNumber>222</SerialNumber>
         <Evidence>Y</Evidence>
         <EvidenceFlag>Y</EvidenceFlag>
         <ExternalEvidenceId>717</ExternalEvidenceId>
         <Property_ID>1683</Property_ID>
         <PrimaryColor>GRY</PrimaryColor>
         <SecondaryColor>LBL</SecondaryColor>
         <Quantity>2</Quantity>
      </IncidentProperty>
      <IncidentProperty>
         <RoleCode>7</RoleCode>
         <CreatorId>D_OFFICER</CreatorId>
         <CreatorDate>09/08/2017 12:04:27</CreatorDate>
         <UpdatorId>D_OFFICER</UpdatorId>
         <UpdatorDate>09/08/2017 13:28:31</UpdatorDate>
         <DateOfInfo>09/08/2017 00:00:00</DateOfInfo>
         <StatusCode>7</StatusCode>
         <DocumentTypeCode>P</DocumentTypeCode>
         <PropertyTypeCode>472</PropertyTypeCode>
         <PropertyValue>80</PropertyValue>
         <Value>80</Value>
         <Evidence>Y</Evidence>
         <EvidenceFlag>Y</EvidenceFlag>
         <ExternalEvidenceId>718</ExternalEvidenceId>
         <Property_ID>1684</Property_ID>
         <PrimaryColor>LAV</PrimaryColor>
         <SecondaryColor>BLU</SecondaryColor>
         <Make>Nike</Make>
         <Quantity>1</Quantity>
      </IncidentProperty>
      <IncidentProperty>
         <RoleCode>7</RoleCode>
         <CreatorId>D_OFFICER</CreatorId>
         <CreatorDate>09/08/2017 12:04:27</CreatorDate>
         <UpdatorId>D_OFFICER</UpdatorId>
         <UpdatorDate>09/08/2017 13:28:31</UpdatorDate>
         <DateOfInfo>09/08/2017 00:00:00</DateOfInfo>
         <StatusCode>7</StatusCode>
         <DocumentTypeCode>P</DocumentTypeCode>
         <PropertyTypeCode>472</PropertyTypeCode>
         <PropertyValue>80</PropertyValue>
         <Value>80</Value>
         <Evidence>Y</Evidence>
         <EvidenceFlag>Y</EvidenceFlag>
         <ExternalEvidenceId>718</ExternalEvidenceId>
         <Property_ID>1684</Property_ID>
         <PrimaryColor>LAV</PrimaryColor>
         <SecondaryColor>BLU</SecondaryColor>
         <Make>Nike</Make>
         <Quantity>1</Quantity>
      </IncidentProperty>
      <IncidentProperty>
         <CreatorId>D_OFFICER</CreatorId>
         <CreatorDate>09/08/2017 12:06:17</CreatorDate>
         <UpdatorId>STATE_OFFICER11</UpdatorId>
         <UpdatorDate>09/13/2017 13:26:50</UpdatorDate>
         <DateOfInfo>09/08/2017 00:00:00</DateOfInfo>
         <StatusCode>10</StatusCode>
         <DocumentTypeCode>D</DocumentTypeCode>
         <Description>asdf</Description>
         <PropertyTypeCode>106</PropertyTypeCode>
         <PropertyValue>0</PropertyValue>
         <Value>0</Value>
         <Evidence>Y</Evidence>
         <EvidenceFlag>Y</EvidenceFlag>
         <ExternalEvidenceId>719</ExternalEvidenceId>
         <Property_ID>1685</Property_ID>
         <DrugTypeCode>D</DrugTypeCode>
         <Quantity>1</Quantity>
         <QuantityUnit>GM</QuantityUnit>
      </IncidentProperty>
      <IncidentProperty>
         <RoleCode>7</RoleCode>
         <CreatorId>D_OFFICER</CreatorId>
         <CreatorDate>09/08/2017 12:07:37</CreatorDate>
         <UpdatorId>STATE_OFFICER11</UpdatorId>
         <UpdatorDate>10/16/2017 15:52:47</UpdatorDate>
         <DateOfInfo>09/08/2017 00:00:00</DateOfInfo>
         <StatusCode>7</StatusCode>
         <DocumentTypeCode>O</DocumentTypeCode>
         <PropertyTypeCode>X42</PropertyTypeCode>
         <PropertyValue>0</PropertyValue>
         <Value>0</Value>
         <Evidence>Y</Evidence>
         <EvidenceFlag>Y</EvidenceFlag>
         <ExternalEvidenceId>720</ExternalEvidenceId>
         <Property_ID>1686</Property_ID>
         <AccountName>4444</AccountName>
         <AccountNumber>0</AccountNumber>
         <Amount>600</Amount>
         <Bank>1st Bank</Bank>
      </IncidentProperty>
      <IncidentProperty>
         <RoleCode>7</RoleCode>
         <CreatorId>D_OFFICER</CreatorId>
         <CreatorDate>09/08/2017 12:07:37</CreatorDate>
         <UpdatorId>STATE_OFFICER11</UpdatorId>
         <UpdatorDate>10/16/2017 15:52:47</UpdatorDate>
         <DateOfInfo>09/08/2017 00:00:00</DateOfInfo>
         <StatusCode>7</StatusCode>
         <DocumentTypeCode>O</DocumentTypeCode>
         <PropertyTypeCode>X42</PropertyTypeCode>
         <PropertyValue>0</PropertyValue>
         <Value>0</Value>
         <Evidence>Y</Evidence>
         <EvidenceFlag>Y</EvidenceFlag>
         <ExternalEvidenceId>720</ExternalEvidenceId>
         <Property_ID>1686</Property_ID>
         <AccountName>4444</AccountName>
         <AccountNumber>0</AccountNumber>
         <Amount>600</Amount>
         <Bank>1st Bank</Bank>
      </IncidentProperty>
      <IncidentProperty>
         <RoleCode>7</RoleCode>
         <CreatorId>D_OFFICER</CreatorId>
         <CreatorDate>09/08/2017 13:24:06</CreatorDate>
         <UpdatorId>STATE_OFFICER11</UpdatorId>
         <UpdatorDate>09/13/2017 12:48:31</UpdatorDate>
         <DateOfInfo>09/08/2017 00:00:00</DateOfInfo>
         <StatusCode>7</StatusCode>
         <DocumentTypeCode>C</DocumentTypeCode>
         <PropertyTypeCode>CSH</PropertyTypeCode>
         <PropertyValue>400</PropertyValue>
         <Value>400</Value>
         <Evidence>Y</Evidence>
         <EvidenceFlag>Y</EvidenceFlag>
         <ExternalEvidenceId>721</ExternalEvidenceId>
         <Property_ID>1687</Property_ID>
         <Quantity>4</Quantity>
         <Amount>400</Amount>
      </IncidentProperty>
      <IncidentProperty>
         <RoleCode>7</RoleCode>
         <CreatorId>D_OFFICER</CreatorId>
         <CreatorDate>09/08/2017 13:24:06</CreatorDate>
         <UpdatorId>STATE_OFFICER11</UpdatorId>
         <UpdatorDate>09/13/2017 12:48:31</UpdatorDate>
         <DateOfInfo>09/08/2017 00:00:00</DateOfInfo>
         <StatusCode>7</StatusCode>
         <DocumentTypeCode>C</DocumentTypeCode>
         <PropertyTypeCode>CSH</PropertyTypeCode>
         <PropertyValue>400</PropertyValue>
         <Value>400</Value>
         <Evidence>Y</Evidence>
         <EvidenceFlag>Y</EvidenceFlag>
         <ExternalEvidenceId>721</ExternalEvidenceId>
         <Property_ID>1687</Property_ID>
         <Quantity>4</Quantity>
         <Amount>400</Amount>
      </IncidentProperty>
      <IncidentProperty>
         <RoleCode>7</RoleCode>
         <CreatorId>D_OFFICER</CreatorId>
         <CreatorDate>09/08/2017 13:25:15</CreatorDate>
         <UpdatorId>STATE_OFFICER11</UpdatorId>
         <UpdatorDate>09/13/2017 12:48:31</UpdatorDate>
         <DateOfInfo>09/08/2017 00:00:00</DateOfInfo>
         <StatusCode>7</StatusCode>
         <DocumentTypeCode>G</DocumentTypeCode>
         <PropertyTypeCode>630</PropertyTypeCode>
         <PropertyValue>50</PropertyValue>
         <Value>50</Value>
         <Evidence>Y</Evidence>
         <EvidenceFlag>Y</EvidenceFlag>
         <ExternalEvidenceId>722</ExternalEvidenceId>
         <Property_ID>1688</Property_ID>
         <Make>hhaa</Make>
         <Quantity>1</Quantity>
      </IncidentProperty>
      <IncidentProperty>
         <RoleCode>7</RoleCode>
         <CreatorId>D_OFFICER</CreatorId>
         <CreatorDate>09/08/2017 13:25:15</CreatorDate>
         <UpdatorId>STATE_OFFICER11</UpdatorId>
         <UpdatorDate>09/13/2017 12:48:31</UpdatorDate>
         <DateOfInfo>09/08/2017 00:00:00</DateOfInfo>
         <StatusCode>7</StatusCode>
         <DocumentTypeCode>G</DocumentTypeCode>
         <PropertyTypeCode>630</PropertyTypeCode>
         <PropertyValue>50</PropertyValue>
         <Value>50</Value>
         <Evidence>Y</Evidence>
         <EvidenceFlag>Y</EvidenceFlag>
         <ExternalEvidenceId>722</ExternalEvidenceId>
         <Property_ID>1688</Property_ID>
         <Make>hhaa</Make>
         <Quantity>1</Quantity>
      </IncidentProperty>
   </IncidentSupplement>
   <IncidentSupplement>
      <SupplementSequence>1</SupplementSequence>
      <IncSupplementStatusCode>A</IncSupplementStatusCode>
      <SuppReportDate>09/08/2017 13:36:44</SuppReportDate>
      <SuppReportTime>09/08/2017 13:36:44</SuppReportTime>
      <AgencyOnly>N</AgencyOnly>
      <SecurityLevel>1201</SecurityLevel>
      <SuppAgencyCode>D42</SuppAgencyCode>
      <UnknownNoOffenders>N</UnknownNoOffenders>
      <DsIcrDate>09/08/2017 13:39:07</DsIcrDate>
      <DsIcrSubmissionStatus>SENT WAITING FOR RESPONSE</DsIcrSubmissionStatus>
      <CreatorId>STATE_OFFICER11</CreatorId>
      <CreatorDate>09/08/2017 13:36:44</CreatorDate>
      <UpdatorId>TSTC</UpdatorId>
      <UpdatorDate>08/05/2021 17:38:28</UpdatorDate>
      <IncidentSuppNarrative>
         <NarrativeNumber>1</NarrativeNumber>
         <NarrativeTitle>Supplement#1 - Narrative</NarrativeTitle>
         <NarrativeText>asdfas</NarrativeText>
         <CreatorId>STATE_OFFICER11</CreatorId>
         <CreatorDate>09/08/2017 13:38:49</CreatorDate>
         <UpdatorId>STATE_OFFICER11</UpdatorId>
         <UpdatorDate>09/08/2017 13:38:49</UpdatorDate>
      </IncidentSuppNarrative>
      <IncidentOfficer>
         <OfficerRoleCode>P</OfficerRoleCode>
         <Officer>
            <AgencyCode>D42</AgencyCode>
            <ORINumber>SC0280000</ORINumber>
            <LastName>Ranz</LastName>
            <FirstName>Greg</FirstName>
            <InternalID>9696</InternalID>
         </Officer>
      </IncidentOfficer>
      <IncidentOfficer>
         <OfficerRoleCode>R</OfficerRoleCode>
         <Officer>
            <AgencyCode>D42</AgencyCode>
            <ORINumber>SC0280000</ORINumber>
            <LastName>Ranz</LastName>
            <FirstName>Greg</FirstName>
            <InternalID>9696</InternalID>
         </Officer>
      </IncidentOfficer>
      <IncidentProperty>
         <RoleCode>7</RoleCode>
         <CreatorId>STATE_OFFICER11</CreatorId>
         <CreatorDate>09/08/2017 13:37:15</CreatorDate>
         <UpdatorId>STATE_OFFICER11</UpdatorId>
         <UpdatorDate>09/11/2017 12:56:00</UpdatorDate>
         <DateOfInfo>09/08/2017 00:00:00</DateOfInfo>
         <StatusCode>7</StatusCode>
         <DocumentTypeCode>P</DocumentTypeCode>
         <Description>balloons</Description>
         <PropertyTypeCode>544</PropertyTypeCode>
         <PropertyValue>50</PropertyValue>
         <Value>50</Value>
         <SerialNumber>12345</SerialNumber>
         <Evidence>Y</Evidence>
         <EvidenceFlag>Y</EvidenceFlag>
         <ExternalEvidenceId>712</ExternalEvidenceId>
         <Property_ID>1678</Property_ID>
         <PrimaryColor>RED</PrimaryColor>
         <SecondaryColor>WHI</SecondaryColor>
         <Make>Helium</Make>
         <Quantity>1</Quantity>
      </IncidentProperty>
      <IncidentProperty>
         <RoleCode>7</RoleCode>
         <CreatorId>STATE_OFFICER11</CreatorId>
         <CreatorDate>09/08/2017 13:37:15</CreatorDate>
         <UpdatorId>STATE_OFFICER11</UpdatorId>
         <UpdatorDate>09/11/2017 12:56:00</UpdatorDate>
         <DateOfInfo>09/08/2017 00:00:00</DateOfInfo>
         <StatusCode>7</StatusCode>
         <DocumentTypeCode>P</DocumentTypeCode>
         <Description>balloons</Description>
         <PropertyTypeCode>544</PropertyTypeCode>
         <PropertyValue>50</PropertyValue>
         <Value>50</Value>
         <SerialNumber>12345</SerialNumber>
         <Evidence>Y</Evidence>
         <EvidenceFlag>Y</EvidenceFlag>
         <ExternalEvidenceId>712</ExternalEvidenceId>
         <Property_ID>1678</Property_ID>
         <PrimaryColor>RED</PrimaryColor>
         <SecondaryColor>WHI</SecondaryColor>
         <Make>Helium</Make>
         <Quantity>1</Quantity>
      </IncidentProperty>
   </IncidentSupplement>
</Incident>