<?xml version="1.0" encoding="UTF-8"?>
<Incident xmlns:xsi="http://www.w3.org/2001/XMLSchema-instance"
          xsi:noNamespaceSchemaLocation="file:///C:/DATA/EJS/SVN_Root/Ejustice/trunk/XMLTransformations/OnlineRMSInternalToIncident/IAOnlineRMSIncidentImport.xsd">
   <IncidentReportNum>2017D4210096</IncidentReportNum>
   <AgencyCode>D42</AgencyCode>
   <ORINum>SC0280000</ORINum>
   <ReportDate>07/06/2017 10:59:00</ReportDate>
   <ReportTime>07/06/2017 10:59:00</ReportTime>
   <StartDate>07/06/2017 10:59:00</StartDate>
   <StartTime>07/01/2017 10:59:00</StartTime>
   <CreatorId>STATE_OFFICER11</CreatorId>
   <CreatorDate>07/06/2017 10:59:37</CreatorDate>
   <UpdatorId>TSTC</UpdatorId>
   <UpdatorDate>09/09/2021 18:46:38</UpdatorDate>
   <IncidentType>
      <IncidentTypeCode>B/V</IncidentTypeCode>
   </IncidentType>
   <IncidentAddress>
      <AddressId>35</AddressId>
      <Beat>Test</Beat>
      <SubBeat>Area</SubBeat>
      <City>51</City>
      <CreatorId>STATE_OFFICER11</CreatorId>
      <CreatorDate>07/06/2017 11:00:06</CreatorDate>
      <UpdatorId>TSTC</UpdatorId>
      <UpdatorDate>07/06/2017 11:02:53</UpdatorDate>
      <Address>
         <AddressId>35</AddressId>
         <StreetNumber>453</StreetNumber>
         <StreetName>Laporte</StreetName>
         <StreetTypeCode>AVE</StreetTypeCode>
         <City>INDIANAPOLIS</City>
         <StateCode>IN</StateCode>
         <Zip5>66625</Zip5>
         <CountryCode>US</CountryCode>
         <Beat>Test</Beat>
         <SubBeat>Area</SubBeat>
         <Longitude>-86.86879</Longitude>
         <Latitude>41.738426</Latitude>
         <AddressCommonName>
            <CommonPlaceName>Dead strip</CommonPlaceName>
         </AddressCommonName>
      </Address>
   </IncidentAddress>
   <IncidentSupplement>
      <SupplementSequence>0</SupplementSequence>
      <IncSupplementStatusCode>A</IncSupplementStatusCode>
      <SuppReportDate>07/06/2017 10:59:37</SuppReportDate>
      <SuppReportTime>07/06/2017 10:59:37</SuppReportTime>
      <AgencyOnly>N</AgencyOnly>
      <SecurityLevel>1201</SecurityLevel>
      <SuppAgencyCode>D42</SuppAgencyCode>
      <UnknownNoOffenders>N</UnknownNoOffenders>
      <DsIcrDate>07/13/2017 12:40:54</DsIcrDate>
      <DsIcrSubmissionStatus>SENT WAITING FOR RESPONSE</DsIcrSubmissionStatus>
      <CreatorId>STATE_OFFICER11</CreatorId>
      <CreatorDate>07/06/2017 10:59:37</CreatorDate>
      <UpdatorId>TSTC</UpdatorId>
      <UpdatorDate>08/05/2021 17:38:27</UpdatorDate>
      <IncidentSuppNarrative>
         <NarrativeNumber>1</NarrativeNumber>
         <NarrativeTitle>Original Narrative</NarrativeTitle>
         <NarrativeText>asdfasdfasd</NarrativeText>
         <CreatorId>STATE_OFFICER11</CreatorId>
         <CreatorDate>07/06/2017 11:03:25</CreatorDate>
         <UpdatorId>STATE_OFFICER11</UpdatorId>
         <UpdatorDate>07/06/2017 11:03:25</UpdatorDate>
      </IncidentSuppNarrative>
      <IncidentOfficer>
         <OfficerRoleCode>P</OfficerRoleCode>
         <Officer>
            <AgencyCode>D42</AgencyCode>
            <ORINumber>SC0280000</ORINumber>
            <LastName>Ranz</LastName>
            <FirstName>Greg</FirstName>
            <InternalID>9696</InternalID>
         </Officer>
      </IncidentOfficer>
      <IncidentOfficer>
         <OfficerRoleCode>R</OfficerRoleCode>
         <Officer>
            <AgencyCode>D42</AgencyCode>
            <ORINumber>SC0280000</ORINumber>
            <LastName>Ranz</LastName>
            <FirstName>Greg</FirstName>
            <InternalID>9696</InternalID>
         </Officer>
      </IncidentOfficer>
      <IncidentOffense>
         <IncidentId>2743</IncidentId>
         <OffenseNumber>1</OffenseNumber>
         <OffenseStatusCode>00</OffenseStatusCode>
         <OffenseCode>35-43-2-1  B08</OffenseCode>
         <PlaceCode>02</PlaceCode>
         <BiasCode>88</BiasCode>
         <CSAUCode>C</CSAUCode>
         <SupplementSeq>0</SupplementSeq>
         <UCRNumber>1</UCRNumber>
         <OffenseStatusDate>07/06/2017 10:59:00</OffenseStatusDate>
         <ForcedEntryCode>N</ForcedEntryCode>
         <AttemptedCompletedCode>C</AttemptedCompletedCode>
         <ArrestChargeCode>35-43-2-1  B08</ArrestChargeCode>
         <CreatorId>STATE_OFFICER11</CreatorId>
         <CreatorDate>07/06/2017 11:01:04</CreatorDate>
         <UpdatorId>STATE_OFFICER11</UpdatorId>
         <UpdatorDate>07/06/2017 11:01:04</UpdatorDate>
      </IncidentOffense>
      <IncidentPerson>
         <ApproxAge>25</ApproxAge>
         <CreatorId>STATE_OFFICER11</CreatorId>
         <CreatorDate>07/06/2017 11:01:52</CreatorDate>
         <UpdatorId>TSTC</UpdatorId>
         <UpdatorDate>05/24/2023 12:41:22</UpdatorDate>
         <Person>
            <PersonId>842</PersonId>
            <RaceCode>W</RaceCode>
            <SexCode>M</SexCode>
            <PersonVerified>Y</PersonVerified>
            <PersonPrimaryName>
               <LastName>Weasley</LastName>
               <FirstName>Ron</FirstName>
               <MiddleName>m</MiddleName>
               <DateOfInfo>10/25/2016 12:06:18</DateOfInfo>
               <SLastName>W240</SLastName>
               <SFirstName>R500</SFirstName>
            </PersonPrimaryName>
            <Alias>
               <NameTypeCode>P</NameTypeCode>
               <LastName>Weasley</LastName>
               <FirstName>Ron</FirstName>
               <MiddleName>m</MiddleName>
               <SLastName>W240</SLastName>
               <SFirstName>R500</SFirstName>
               <DateOfInfo>10/25/2016 12:06:18</DateOfInfo>
            </Alias>
         </Person>
         <IncidentPersonRole>
            <RoleType>S</RoleType>
            <CreatorId>STATE_OFFICER11</CreatorId>
            <CreatorDate>07/06/2017 11:01:52</CreatorDate>
            <UpdatorId>TSTC</UpdatorId>
            <UpdatorDate>08/15/2023 20:32:23</UpdatorDate>
         </IncidentPersonRole>
      </IncidentPerson>
      <IncidentPerson>
         <ApproxAge>31</ApproxAge>
         <ResidentStatusCode>R</ResidentStatusCode>
         <CreatorId>STATE_OFFICER11</CreatorId>
         <CreatorDate>07/06/2017 11:02:28</CreatorDate>
         <UpdatorId>TSTC</UpdatorId>
         <UpdatorDate>05/24/2023 12:41:23</UpdatorDate>
         <Person>
            <PersonId>849</PersonId>
            <RaceCode>I</RaceCode>
            <SexCode>F</SexCode>
            <PersonVerified>Y</PersonVerified>
            <PersonPrimaryName>
               <LastName>Granger</LastName>
               <FirstName>Hermonie</FirstName>
               <DateOfInfo>11/14/2016 15:31:12</DateOfInfo>
               <SLastName>G652</SLastName>
               <SFirstName>H655</SFirstName>
            </PersonPrimaryName>
            <Alias>
               <NameTypeCode>P</NameTypeCode>
               <LastName>Granger</LastName>
               <FirstName>Hermonie</FirstName>
               <SLastName>G652</SLastName>
               <SFirstName>H655</SFirstName>
               <DateOfInfo>11/14/2016 15:31:12</DateOfInfo>
            </Alias>
            <PersonAddress>
               <StreetNumber>858</StreetNumber>
               <StreetName>Donnelly</StreetName>
               <StreetTypeCode>PL</StreetTypeCode>
               <City>Erie</City>
               <StateCode>CO</StateCode>
               <Zip5>80516</Zip5>
               <CountryCode>US</CountryCode>
               <CountyCode>NaN</CountyCode>
               <Longitude>-105.03843</Longitude>
               <Latitude>40.037769</Latitude>
            </PersonAddress>
         </Person>
         <IncidentPersonRole>
            <RoleType>V</RoleType>
            <CreatorId>STATE_OFFICER11</CreatorId>
            <CreatorDate>07/06/2017 11:02:29</CreatorDate>
            <UpdatorId>TSTC</UpdatorId>
            <UpdatorDate>08/15/2023 20:32:23</UpdatorDate>
         </IncidentPersonRole>
      </IncidentPerson>
      <IncidentProperty>
         <RoleCode>7</RoleCode>
         <CreatorId>STATE_OFFICER11</CreatorId>
         <CreatorDate>07/06/2017 11:03:17</CreatorDate>
         <UpdatorId>TSTC</UpdatorId>
         <UpdatorDate>08/10/2017 23:00:52</UpdatorDate>
         <DateOfInfo>07/06/2017 00:00:00</DateOfInfo>
         <StatusCode>7</StatusCode>
         <DocumentTypeCode>P</DocumentTypeCode>
         <PropertyTypeCode>427</PropertyTypeCode>
         <PropertyValue>500</PropertyValue>
         <Value>500</Value>
         <Evidence>N</Evidence>
         <EvidenceFlag>N</EvidenceFlag>
         <Property_ID>1620</Property_ID>
         <Make>asdf</Make>
         <Quantity>1</Quantity>
      </IncidentProperty>
   </IncidentSupplement>
</Incident>