<?xml version="1.0" encoding="UTF-8"?>
<Incident xmlns:xsi="http://www.w3.org/2001/XMLSchema-instance"
          xsi:noNamespaceSchemaLocation="file:///C:/DATA/EJS/SVN_Root/Ejustice/trunk/XMLTransformations/OnlineRMSInternalToIncident/IAOnlineRMSIncidentImport.xsd">
   <IncidentReportNum>18-HCSD-0021</IncidentReportNum>
   <AgencyCode>D42</AgencyCode>
   <ORINum>SC0280000</ORINum>
   <ReportDate>03/09/2018 12:00:00</ReportDate>
   <ReportTime>03/09/2018 12:00:00</ReportTime>
   <StartDate>03/09/2018 11:58:00</StartDate>
   <StartTime>03/09/2018 11:58:00</StartTime>
   <Summary>sdf</Summary>
   <CreatorId>TSTC</CreatorId>
   <CreatorDate>03/09/2018 12:01:07</CreatorDate>
   <UpdatorId>STATE_OFFICER11</UpdatorId>
   <UpdatorDate>09/26/2023 14:25:12</UpdatorDate>
   <IncidentType>
      <IncidentTypeCode>OBT</IncidentTypeCode>
   </IncidentType>
   <IncidentAddress>
      <AddressId>1533</AddressId>
      <CreatorId>TSTC</CreatorId>
      <CreatorDate>03/09/2018 12:01:12</CreatorDate>
      <UpdatorId>TSTC</UpdatorId>
      <UpdatorDate>09/26/2023 14:22:11</UpdatorDate>
      <Address>
         <AddressId>1533</AddressId>
         <StreetNumber>600</StreetNumber>
         <StreetName>Oak Boulevard W</StreetName>
         <StreetTypeCode>DR</StreetTypeCode>
         <SubTypeCode>APT</SubTypeCode>
         <SubNumber>456</SubNumber>
         <City>Greenfield</City>
         <StateCode>IN</StateCode>
         <Zip5>46140</Zip5>
         <CountryCode>US</CountryCode>
         <Longitude>-85.9416791939467</Longitude>
         <Latitude>39.784556281303274</Latitude>
      </Address>
   </IncidentAddress>
   <IncidentSupplement>
      <SupplementSequence>0</SupplementSequence>
      <IncSupplementStatusCode>A</IncSupplementStatusCode>
      <SuppReportDate>03/09/2018 12:00:48</SuppReportDate>
      <SuppReportTime>03/09/2018 12:00:48</SuppReportTime>
      <AgencyOnly>N</AgencyOnly>
      <SecurityLevel>1100</SecurityLevel>
      <SuppAgencyCode>D42</SuppAgencyCode>
      <UnknownNoOffenders>N</UnknownNoOffenders>
      <DsIcrDate>09/26/2023 14:25:12</DsIcrDate>
      <DsIcrSubmissionStatus>NOT REPORTABLE</DsIcrSubmissionStatus>
      <CreatorId>TSTC</CreatorId>
      <CreatorDate>03/09/2018 12:01:08</CreatorDate>
      <UpdatorId>STATE_OFFICER11</UpdatorId>
      <UpdatorDate>09/26/2023 14:25:12</UpdatorDate>
      <IncidentSuppNarrative>
         <NarrativeNumber>1</NarrativeNumber>
         <NarrativeTitle>Combined narratives from CAD</NarrativeTitle>
         <NarrativeText>03/09/2018 11:59:52 ANG: This is a test - Add Caller and Vehicle i.e. no owner or operator&lt;br /&gt;</NarrativeText>
         <CreatorId>TSTC</CreatorId>
         <CreatorDate>03/09/2018 12:07:48</CreatorDate>
         <UpdatorId>TSTC</UpdatorId>
         <UpdatorDate>03/09/2018 12:07:49</UpdatorDate>
      </IncidentSuppNarrative>
      <IncidentSuppNarrative>
         <NarrativeNumber>2</NarrativeNumber>
         <NarrativeTitle>Original Narrative</NarrativeTitle>
         <NarrativeText>&lt;p&gt;Gfsgsf - expunged&lt;/p&gt;  &lt;p&gt;s&lt;/p&gt;  &lt;p&gt;s&lt;/p&gt;  &lt;p&gt;s&lt;/p&gt;  &lt;p&gt;s&lt;/p&gt;  &lt;p&gt;s&lt;/p&gt;  &lt;p&gt;s&lt;/p&gt;  &lt;p&gt;s&lt;/p&gt;  &lt;p&gt;&amp;nbsp;&lt;/p&gt;  &lt;p&gt;s&lt;/p&gt;  &lt;p&gt;s&lt;/p&gt;  &lt;p&gt;s&lt;/p&gt;  &lt;p&gt;&amp;nbsp;&lt;/p&gt;  &lt;p&gt;s&lt;/p&gt;  &lt;p&gt;s&lt;/p&gt;  &lt;p&gt;s&lt;/p&gt;  &lt;p&gt;&amp;nbsp;&lt;/p&gt;  &lt;p&gt;ss&lt;/p&gt;  &lt;p&gt;&amp;nbsp;&lt;/p&gt;  &lt;p&gt;s&lt;/p&gt;  &lt;p&gt;s&lt;/p&gt;  &lt;p&gt;s&lt;/p&gt;  &lt;p&gt;s&lt;/p&gt;  &lt;p&gt;&amp;nbsp;&lt;/p&gt;  &lt;p&gt;s&lt;/p&gt;  &lt;p&gt;s&lt;/p&gt;  &lt;p&gt;s&lt;/p&gt; </NarrativeText>
         <CreatorId>STATE_OFFICER11</CreatorId>
         <CreatorDate>09/26/2023 14:34:11</CreatorDate>
         <UpdatorId>STATE_OFFICER11</UpdatorId>
         <UpdatorDate>09/26/2023 14:34:11</UpdatorDate>
      </IncidentSuppNarrative>
      <IncidentOfficer>
         <OfficerRoleCode>P</OfficerRoleCode>
         <Officer>
            <AgencyCode>D42</AgencyCode>
            <ORINumber>SC0280000</ORINumber>
            <LastName>Simpson</LastName>
            <FirstName>Homer</FirstName>
            <InternalID>9696</InternalID>
         </Officer>
      </IncidentOfficer>
      <IncidentOfficer>
         <OfficerRoleCode>R</OfficerRoleCode>
         <Officer>
            <AgencyCode>D42</AgencyCode>
            <ORINumber>SC0280000</ORINumber>
            <LastName>Ranz</LastName>
            <FirstName>Greg</FirstName>
            <InternalID>9696</InternalID>
         </Officer>
      </IncidentOfficer>
      <IncidentVehicle>
         <VEHICLE_ID>659</VEHICLE_ID>
         <RoleCode>OT</RoleCode>
         <CreatorId>TSTC</CreatorId>
         <CreatorDate>03/09/2018 12:01:14</CreatorDate>
         <UpdatorId>TSTC</UpdatorId>
         <UpdatorDate>03/09/2018 12:07:49</UpdatorDate>
         <DateOfInfo>03/09/2018 12:00:35</DateOfInfo>
         <StatusCode>8</StatusCode>
         <VIN>987654310</VIN>
         <VehicleYear>2018</VehicleYear>
         <VehicleMakeCode>HOND</VehicleMakeCode>
         <VehicleModelCode>ACC</VehicleModelCode>
         <VehicleStyleCode>SD</VehicleStyleCode>
         <VehicleTypeCode>AT</VehicleTypeCode>
         <VehPriColorCode>BLU</VehPriColorCode>
         <VehicleLicStateCode>IN</VehicleLicStateCode>
         <VehicleLicNumber>777OOO</VehicleLicNumber>
      </IncidentVehicle>
   </IncidentSupplement>
</Incident>