<?xml version="1.0" encoding="UTF-8"?>
<Incident xmlns:xsi="http://www.w3.org/2001/XMLSchema-instance"
          xsi:noNamespaceSchemaLocation="file:///C:/DATA/EJS/SVN_Root/Ejustice/trunk/XMLTransformations/OnlineRMSInternalToIncident/IAOnlineRMSIncidentImport.xsd">
   <IncidentReportNum>2018D4210149</IncidentReportNum>
   <AgencyCode>D42</AgencyCode>
   <ORINum>SC0280000</ORINum>
   <ReportDate>02/21/2018 11:40:00</ReportDate>
   <ReportTime>02/21/2018 11:40:00</ReportTime>
   <StartDate>02/21/2018 11:40:00</StartDate>
   <StartTime>02/01/2018 11:40:00</StartTime>
   <Summary>testing</Summary>
   <CreatorId>STATE_OFFICER11</CreatorId>
   <CreatorDate>02/21/2018 11:40:40</CreatorDate>
   <UpdatorId>TSTC</UpdatorId>
   <UpdatorDate>09/09/2021 18:46:40</UpdatorDate>
   <IncidentType>
      <IncidentTypeCode>CNG</IncidentTypeCode>
   </IncidentType>
   <IncidentType>
      <IncidentTypeCode>CMF</IncidentTypeCode>
   </IncidentType>
   <IncidentType>
      <IncidentTypeCode>B/V</IncidentTypeCode>
   </IncidentType>
   <IncidentType>
      <IncidentTypeCode>CAD</IncidentTypeCode>
   </IncidentType>
   <IncidentType>
      <IncidentTypeCode>CAB</IncidentTypeCode>
   </IncidentType>
   <IncidentType>
      <IncidentTypeCode>CCD</IncidentTypeCode>
   </IncidentType>
   <IncidentAddress>
      <AddressId>291</AddressId>
      <Beat>104</Beat>
      <SubBeat>West Patrol</SubBeat>
      <City>7</City>
      <CreatorId>STATE_OFFICER11</CreatorId>
      <CreatorDate>02/21/2018 11:41:15</CreatorDate>
      <UpdatorId>TSTC</UpdatorId>
      <UpdatorDate>02/22/2018 15:20:37</UpdatorDate>
      <Address>
         <AddressId>291</AddressId>
         <StreetNumber>6523</StreetNumber>
         <StreetName>Anystreet</StreetName>
         <City>Anytown</City>
         <StateCode>NJ</StateCode>
         <Zip5>45623</Zip5>
         <Zip4>123</Zip4>
         <CountryCode>US</CountryCode>
         <Beat>104</Beat>
         <SubBeat>West Patrol</SubBeat>
         <Longitude>-75</Longitude>
         <Latitude>40</Latitude>
         <AddressCommonName>
            <CommonPlaceName>Dead strip</CommonPlaceName>
         </AddressCommonName>
      </Address>
   </IncidentAddress>
   <IncidentSupplement>
      <SupplementSequence>0</SupplementSequence>
      <IncSupplementStatusCode>A</IncSupplementStatusCode>
      <SuppReportDate>02/21/2018 11:40:40</SuppReportDate>
      <SuppReportTime>02/21/2018 11:40:40</SuppReportTime>
      <AgencyOnly>N</AgencyOnly>
      <SecurityLevel>1201</SecurityLevel>
      <SuppAgencyCode>D42</SuppAgencyCode>
      <UnknownNoOffenders>N</UnknownNoOffenders>
      <DsIcrDate>02/21/2018 12:36:43</DsIcrDate>
      <DsIcrSubmissionStatus>NOT REPORTABLE</DsIcrSubmissionStatus>
      <CreatorId>STATE_OFFICER11</CreatorId>
      <CreatorDate>02/21/2018 11:40:40</CreatorDate>
      <UpdatorId>TSTC</UpdatorId>
      <UpdatorDate>08/05/2021 17:38:27</UpdatorDate>
      <IncidentSuppNarrative>
         <NarrativeNumber>1</NarrativeNumber>
         <NarrativeTitle>Original Narrative</NarrativeTitle>
         <NarrativeText>&lt;p&gt;testing this right now&lt;/p&gt; </NarrativeText>
         <CreatorId>STATE_OFFICER11</CreatorId>
         <CreatorDate>02/21/2018 11:44:23</CreatorDate>
         <UpdatorId>STATE_OFFICER11</UpdatorId>
         <UpdatorDate>02/21/2018 11:44:23</UpdatorDate>
      </IncidentSuppNarrative>
      <IncidentOfficer>
         <OfficerRoleCode>P</OfficerRoleCode>
         <Officer>
            <AgencyCode>D42</AgencyCode>
            <ORINumber>SC0280000</ORINumber>
            <LastName>Ranz SUPER LONG NAME</LastName>
            <FirstName>Greg SUPER LONG NAME</FirstName>
            <InternalID>9696</InternalID>
         </Officer>
      </IncidentOfficer>
      <IncidentOfficer>
         <OfficerRoleCode>R</OfficerRoleCode>
         <Officer>
            <AgencyCode>D42</AgencyCode>
            <ORINumber>SC0280000</ORINumber>
            <LastName>Ranz</LastName>
            <FirstName>Greg</FirstName>
            <InternalID>9696</InternalID>
         </Officer>
      </IncidentOfficer>
      <IncidentOffense>
         <IncidentId>3071</IncidentId>
         <OffenseNumber>1</OffenseNumber>
         <OffenseStatusCode>00</OffenseStatusCode>
         <OffenseCode>14-15-4-3</OffenseCode>
         <PlaceCode>10</PlaceCode>
         <BiasCode>88</BiasCode>
         <CSAUCode>C</CSAUCode>
         <SupplementSeq>0</SupplementSeq>
         <UCRNumber>1</UCRNumber>
         <OffenseStatusDate>02/21/2018 11:40:00</OffenseStatusDate>
         <AttemptedCompletedCode>C</AttemptedCompletedCode>
         <ArrestChargeCode>14-15-4-3</ArrestChargeCode>
         <CreatorId>STATE_OFFICER11</CreatorId>
         <CreatorDate>02/21/2018 11:41:55</CreatorDate>
         <UpdatorId>STATE_OFFICER11</UpdatorId>
         <UpdatorDate>02/21/2018 11:41:55</UpdatorDate>
      </IncidentOffense>
      <IncidentPerson>
         <ApproxAge>41</ApproxAge>
         <CreatorId>STATE_OFFICER11</CreatorId>
         <CreatorDate>02/21/2018 11:42:41</CreatorDate>
         <UpdatorId>TSTC</UpdatorId>
         <UpdatorDate>05/24/2023 12:41:23</UpdatorDate>
         <Person>
            <PersonId>936</PersonId>
            <RaceCode>P</RaceCode>
            <SexCode>F</SexCode>
            <EthnicityCode>O</EthnicityCode>
            <PersonVerified>Y</PersonVerified>
            <PersonPrimaryName>
               <LastName>MOBLEY LONG NAME LONG NAME</LastName>
               <FirstName>ANDREA LONG NAME LONG NAME</FirstName>
               <DOB>01/31/1977 00:00:00</DOB>
               <DateOfInfo>11/16/2017 12:07:45</DateOfInfo>
               <SLastName>M144</SLastName>
               <SFirstName>A536</SFirstName>
            </PersonPrimaryName>
            <Alias>
               <NameTypeCode>P</NameTypeCode>
               <LastName>MOBLEY LONG NAME LONG NAME</LastName>
               <FirstName>ANDREA LONG NAME LONG NAME</FirstName>
               <DOB>01/31/1977 00:00:00</DOB>
               <SLastName>M144</SLastName>
               <SFirstName>A536</SFirstName>
               <DateOfInfo>11/16/2017 12:07:45</DateOfInfo>
            </Alias>
            <PersonAddress>
               <StreetNumber>4233</StreetNumber>
               <StreetDirCode>E</StreetDirCode>
               <StreetName>IRISH HILLS</StreetName>
               <StreetTypeCode>DR</StreetTypeCode>
               <StreetSuffixCode>NE</StreetSuffixCode>
               <SubTypeCode>APT</SubTypeCode>
               <SubNumber>3B</SubNumber>
               <City>SOUTH BEND</City>
               <StateCode>IN</StateCode>
               <Zip5>46614</Zip5>
               <CountryCode>US</CountryCode>
               <CountyCode>NaN</CountyCode>
               <Longitude>-86.209308</Longitude>
               <Latitude>41.63461</Latitude>
               <Beat>Test</Beat>
               <SubBeat>Area</SubBeat>
            </PersonAddress>
            <PersonPhone>
               <PhoneTypeCode>BUS</PhoneTypeCode>
               <PhoneArea>111</PhoneArea>
               <PhonePrefix>111</PhonePrefix>
               <PhoneSuffix>1111</PhoneSuffix>
               <DateOfInfo>02/26/2018 00:00:00</DateOfInfo>
            </PersonPhone>
            <PersonPhone>
               <PhoneTypeCode>CEL</PhoneTypeCode>
               <PhoneArea>222</PhoneArea>
               <PhonePrefix>222</PhonePrefix>
               <PhoneSuffix>2222</PhoneSuffix>
               <DateOfInfo>02/26/2018 00:00:00</DateOfInfo>
            </PersonPhone>
         </Person>
         <IncidentPersonRole>
            <RoleType>S</RoleType>
            <CreatorId>STATE_OFFICER11</CreatorId>
            <CreatorDate>02/21/2018 12:31:03</CreatorDate>
            <UpdatorId>TSTC</UpdatorId>
            <UpdatorDate>08/15/2023 20:32:23</UpdatorDate>
         </IncidentPersonRole>
      </IncidentPerson>
      <IncidentPerson>
         <ApproxAge>00</ApproxAge>
         <CreatorId>STATE_OFFICER11</CreatorId>
         <CreatorDate>02/21/2018 11:43:39</CreatorDate>
         <UpdatorId>TSTC</UpdatorId>
         <UpdatorDate>05/24/2023 12:41:23</UpdatorDate>
         <Person>
            <PersonId>938</PersonId>
            <RaceCode>A</RaceCode>
            <SexCode>M</SexCode>
            <EthnicityCode>U</EthnicityCode>
            <PersonVerified>Y</PersonVerified>
            <PersonPrimaryName>
               <DateOfInfo>02/21/2018 11:43:39</DateOfInfo>
            </PersonPrimaryName>
            <Alias>
               <NameTypeCode>P</NameTypeCode>
               <DateOfInfo>02/21/2018 11:43:39</DateOfInfo>
            </Alias>
         </Person>
         <IncidentPersonRole>
            <RoleType>S</RoleType>
            <CreatorId>STATE_OFFICER11</CreatorId>
            <CreatorDate>02/21/2018 11:43:39</CreatorDate>
            <UpdatorId>TSTC</UpdatorId>
            <UpdatorDate>08/15/2023 20:32:23</UpdatorDate>
         </IncidentPersonRole>
      </IncidentPerson>
   </IncidentSupplement>
</Incident>