<?xml version="1.0" encoding="UTF-8"?>
<Incident xmlns:xsi="http://www.w3.org/2001/XMLSchema-instance"
          xsi:noNamespaceSchemaLocation="file:///C:/DATA/EJS/SVN_Root/Ejustice/trunk/XMLTransformations/OnlineRMSInternalToIncident/IAOnlineRMSIncidentImport.xsd">
   <IncidentReportNum>2017D4210126</IncidentReportNum>
   <AgencyCode>D42</AgencyCode>
   <ORINum>SC0280000</ORINum>
   <ReportDate>09/19/2017 13:12:00</ReportDate>
   <ReportTime>09/19/2017 13:12:00</ReportTime>
   <StartDate>09/19/2017 13:12:00</StartDate>
   <StartTime>09/19/2017 13:12:00</StartTime>
   <Summary>gjjgj</Summary>
   <CreatorId>STATE_OFFICER11</CreatorId>
   <CreatorDate>09/19/2017 13:12:36</CreatorDate>
   <UpdatorId>TSTC</UpdatorId>
   <UpdatorDate>09/09/2021 18:46:39</UpdatorDate>
   <IncidentType>
      <IncidentTypeCode>AIR</IncidentTypeCode>
   </IncidentType>
   <IncidentAddress>
      <AddressId>7</AddressId>
      <Beat>Test</Beat>
      <SubBeat>Area</SubBeat>
      <City>13</City>
      <CreatorId>STATE_OFFICER11</CreatorId>
      <CreatorDate>09/19/2017 13:13:03</CreatorDate>
      <UpdatorId>TSTC</UpdatorId>
      <UpdatorDate>02/20/2019 10:19:43</UpdatorDate>
      <Address>
         <AddressId>7</AddressId>
         <StreetNumber>200</StreetNumber>
         <StreetName>Main</StreetName>
         <SubTypeCode>APT</SubTypeCode>
         <SubNumber>2G</SubNumber>
         <City>INDIANAPOLIS</City>
         <StateCode>IN</StateCode>
         <CountryCode>US</CountryCode>
         <Beat>Test</Beat>
         <SubBeat>Area</SubBeat>
         <AddressCommonName>
            <CommonPlaceName>Bad Place to Live</CommonPlaceName>
         </AddressCommonName>
         <AddressCommonName>
            <CommonPlaceName>ANG TEST</CommonPlaceName>
         </AddressCommonName>
      </Address>
   </IncidentAddress>
   <IncidentSupplement>
      <SupplementSequence>0</SupplementSequence>
      <IncSupplementStatusCode>A</IncSupplementStatusCode>
      <SuppReportDate>09/19/2017 13:12:36</SuppReportDate>
      <SuppReportTime>09/19/2017 13:12:36</SuppReportTime>
      <AgencyOnly>N</AgencyOnly>
      <SecurityLevel>1201</SecurityLevel>
      <SuppAgencyCode>D42</SuppAgencyCode>
      <UnknownNoOffenders>N</UnknownNoOffenders>
      <DsIcrDate>02/20/2019 11:09:30</DsIcrDate>
      <DsIcrSubmissionStatus>NOT REPORTABLE</DsIcrSubmissionStatus>
      <CreatorId>STATE_OFFICER11</CreatorId>
      <CreatorDate>09/19/2017 13:12:36</CreatorDate>
      <UpdatorId>TSTC</UpdatorId>
      <UpdatorDate>08/05/2021 17:38:28</UpdatorDate>
      <IncidentSuppNarrative>
         <NarrativeNumber>1</NarrativeNumber>
         <NarrativeTitle>Original Narrative</NarrativeTitle>
         <NarrativeText>Test&amp;nbsp;</NarrativeText>
         <CreatorId>STATE_OFFICER11</CreatorId>
         <CreatorDate>09/19/2017 13:13:38</CreatorDate>
         <UpdatorId>STATE_OFFICER11</UpdatorId>
         <UpdatorDate>09/19/2017 13:13:38</UpdatorDate>
      </IncidentSuppNarrative>
      <IncidentOfficer>
         <OfficerRoleCode>P</OfficerRoleCode>
         <Officer>
            <AgencyCode>D42</AgencyCode>
            <ORINumber>SC0280000</ORINumber>
            <LastName>Saur</LastName>
            <FirstName>Christine</FirstName>
            <InternalID>SAUR111</InternalID>
         </Officer>
      </IncidentOfficer>
      <IncidentOfficer>
         <OfficerRoleCode>P</OfficerRoleCode>
         <Officer>
            <AgencyCode>D42</AgencyCode>
            <ORINumber>SC0280000</ORINumber>
            <LastName>Ranz</LastName>
            <FirstName>Greg</FirstName>
            <InternalID>9696</InternalID>
         </Officer>
      </IncidentOfficer>
      <IncidentOfficer>
         <OfficerRoleCode>R</OfficerRoleCode>
         <Officer>
            <AgencyCode>D42</AgencyCode>
            <ORINumber>SC0280000</ORINumber>
            <LastName>Ranz</LastName>
            <FirstName>Greg</FirstName>
            <InternalID>9696</InternalID>
         </Officer>
      </IncidentOfficer>
      <IncidentOffense>
         <IncidentId>2980</IncidentId>
         <OffenseNumber>1</OffenseNumber>
         <OffenseStatusCode>00</OffenseStatusCode>
         <OffenseCode>15-17-18-6</OffenseCode>
         <PlaceCode>44</PlaceCode>
         <BiasCode>88</BiasCode>
         <CSAUCode>C</CSAUCode>
         <SupplementSeq>0</SupplementSeq>
         <UCRNumber>1</UCRNumber>
         <OffenseStatusDate>09/19/2017 13:12:00</OffenseStatusDate>
         <AttemptedCompletedCode>C</AttemptedCompletedCode>
         <CreatorId>STATE_OFFICER11</CreatorId>
         <CreatorDate>09/19/2017 13:16:13</CreatorDate>
         <UpdatorId>STATE_OFFICER11</UpdatorId>
         <UpdatorDate>09/19/2017 13:16:13</UpdatorDate>
      </IncidentOffense>
      <IncidentBusiness>
         <BusinessNumber>240000076</BusinessNumber>
         <BusinessName>My Org</BusinessName>
         <IncBusinessRoleCode>I</IncBusinessRoleCode>
         <CreatorId>TSTC</CreatorId>
         <CreatorDate>02/04/2019 12:07:49</CreatorDate>
         <UpdatorId>TSTC</UpdatorId>
         <UpdatorDate>02/04/2019 12:07:49</UpdatorDate>
         <BusinessAddress>
            <AddressId>1632</AddressId>
            <StreetNumber>900</StreetNumber>
            <StreetDirCode>E</StreetDirCode>
            <StreetName>Broadway</StreetName>
            <StreetTypeCode>ST</StreetTypeCode>
            <City>Fortville</City>
            <StateCode>IN</StateCode>
            <Zip5>46040</Zip5>
            <CountryCode>US</CountryCode>
            <CountyCode>30</CountyCode>
            <Longitude>-85.8374079329013</Longitude>
            <Latitude>39.93853846083468</Latitude>
            <BusinessPhone>
               <PhoneTypeCode>BUS</PhoneTypeCode>
               <PhoneArea>111</PhoneArea>
               <PhonePrefix>222</PhonePrefix>
               <PhoneSuffix>3333</PhoneSuffix>
               <DateOfInfo>09/04/2018 00:00:00</DateOfInfo>
            </BusinessPhone>
         </BusinessAddress>
         <BusinessAddress>
            <AddressId>1654</AddressId>
            <StreetNumber>4060</StreetNumber>
            <StreetDirCode>N</StreetDirCode>
            <StreetName>150</StreetName>
            <StreetSuffixCode>W</StreetSuffixCode>
            <SubTypeCode>APT</SubTypeCode>
            <SubNumber>E2</SubNumber>
            <City>COLUMBUS</City>
            <StateCode>IN</StateCode>
            <Zip5>47201</Zip5>
            <CountryCode>US</CountryCode>
            <CountyCode>NaN</CountyCode>
            <Longitude>-85.941931</Longitude>
            <Latitude>39.240633</Latitude>
            <BusinessPhone>
               <PhoneTypeCode>CEL</PhoneTypeCode>
               <PhoneArea>222</PhoneArea>
               <PhonePrefix>333</PhonePrefix>
               <PhoneSuffix>4444</PhoneSuffix>
               <DateOfInfo>02/01/2019 00:00:00</DateOfInfo>
            </BusinessPhone>
         </BusinessAddress>
         <BusinessAddress>
            <AddressId>1653</AddressId>
            <StreetNumber>4060</StreetNumber>
            <StreetDirCode>N</StreetDirCode>
            <StreetName>150</StreetName>
            <StreetSuffixCode>W</StreetSuffixCode>
            <SubTypeCode>APT</SubTypeCode>
            <SubNumber>E2</SubNumber>
            <City>COLUMBUS</City>
            <StateCode>IN</StateCode>
            <Zip5>47201</Zip5>
            <CountryCode>US</CountryCode>
            <CountyCode>NaN</CountyCode>
            <Longitude>-85.9419319</Longitude>
            <Latitude>39.2406334</Latitude>
            <BusinessPhone>
               <PhoneTypeCode>CEL</PhoneTypeCode>
               <PhoneArea>444</PhoneArea>
               <PhonePrefix>555</PhonePrefix>
               <PhoneSuffix>6666</PhoneSuffix>
               <DateOfInfo>02/01/2019 00:00:00</DateOfInfo>
            </BusinessPhone>
         </BusinessAddress>
         <BusinessAddress>
            <AddressId>1580</AddressId>
            <StreetNumber>100</StreetNumber>
            <StreetDirCode>W</StreetDirCode>
            <StreetName>Broadway</StreetName>
            <StreetTypeCode>ST</StreetTypeCode>
            <SubTypeCode>APT</SubTypeCode>
            <SubNumber>50</SubNumber>
            <City>Fortville</City>
            <StateCode>IN</StateCode>
            <Zip5>47201</Zip5>
            <CountryCode>US</CountryCode>
            <Longitude>-85.84760199239552</Longitude>
            <Latitude>39.93132746541561</Latitude>
            <AddressCommonName>
               <CommonPlaceName>BERKSHIRE HATHAWAY HOME SERVICES</CommonPlaceName>
            </AddressCommonName>
            <BusinessPhone>
               <PhoneTypeCode>D/F</PhoneTypeCode>
               <PhoneArea>333</PhoneArea>
               <PhonePrefix>444</PhonePrefix>
               <PhoneSuffix>5555</PhoneSuffix>
               <DateOfInfo>02/01/2018 00:00:00</DateOfInfo>
            </BusinessPhone>
         </BusinessAddress>
      </IncidentBusiness>
   </IncidentSupplement>
</Incident>