<?xml version="1.0" encoding="UTF-8"?>
<Incident xmlns:xsi="http://www.w3.org/2001/XMLSchema-instance"
          xsi:noNamespaceSchemaLocation="file:///C:/DATA/EJS/SVN_Root/Ejustice/trunk/XMLTransformations/OnlineRMSInternalToIncident/IAOnlineRMSIncidentImport.xsd">
   <IncidentReportNum>2018D4210143</IncidentReportNum>
   <AgencyCode>D42</AgencyCode>
   <ORINum>SC0280000</ORINum>
   <ReportDate>02/14/2018 16:48:00</ReportDate>
   <ReportTime>02/14/2018 16:48:00</ReportTime>
   <StartDate>02/14/2018 16:48:00</StartDate>
   <StartTime>02/01/2018 16:48:00</StartTime>
   <CreatorId>STATE_OFFICER11</CreatorId>
   <CreatorDate>02/14/2018 16:48:19</CreatorDate>
   <UpdatorId>TSTC</UpdatorId>
   <UpdatorDate>09/09/2021 18:46:41</UpdatorDate>
   <IncidentType>
      <IncidentTypeCode>B/H</IncidentTypeCode>
   </IncidentType>
   <IncidentAddress>
      <AddressId>1173</AddressId>
      <CreatorId>STATE_OFFICER11</CreatorId>
      <CreatorDate>02/14/2018 16:48:49</CreatorDate>
      <UpdatorId>TSTC</UpdatorId>
      <UpdatorDate>02/14/2018 16:49:01</UpdatorDate>
      <Address>
         <AddressId>1173</AddressId>
         <StreetNumber>2924</StreetNumber>
         <StreetDirCode>E</StreetDirCode>
         <StreetName>1250</StreetName>
         <StreetSuffixCode>S</StreetSuffixCode>
         <SubTypeCode>APT</SubTypeCode>
         <SubNumber>88</SubNumber>
         <City>Battle Ground</City>
         <StateCode>IN</StateCode>
         <Zip5>47920</Zip5>
         <CountryCode>US</CountryCode>
         <CrossStreetNumber>56</CrossStreetNumber>
         <Longitude>-86.813061</Longitude>
         <Latitude>40.569043</Latitude>
      </Address>
   </IncidentAddress>
   <IncidentSupplement>
      <SupplementSequence>0</SupplementSequence>
      <IncSupplementStatusCode>A</IncSupplementStatusCode>
      <SuppReportDate>02/14/2018 16:48:20</SuppReportDate>
      <SuppReportTime>02/14/2018 16:48:20</SuppReportTime>
      <AgencyOnly>N</AgencyOnly>
      <SecurityLevel>1201</SecurityLevel>
      <SuppAgencyCode>D42</SuppAgencyCode>
      <UnknownNoOffenders>N</UnknownNoOffenders>
      <DsIcrDate>02/26/2018 11:39:14</DsIcrDate>
      <DsIcrSubmissionStatus>NOT REPORTABLE</DsIcrSubmissionStatus>
      <CreatorId>STATE_OFFICER11</CreatorId>
      <CreatorDate>02/14/2018 16:48:20</CreatorDate>
      <UpdatorId>TSTC</UpdatorId>
      <UpdatorDate>08/05/2021 17:38:26</UpdatorDate>
      <IncidentSuppNarrative>
         <NarrativeNumber>1</NarrativeNumber>
         <NarrativeTitle>Original Narrative</NarrativeTitle>
         <NarrativeText>&lt;p&gt;dfgh&lt;/p&gt; </NarrativeText>
         <CreatorId>STATE_OFFICER11</CreatorId>
         <CreatorDate>02/14/2018 16:49:13</CreatorDate>
         <UpdatorId>STATE_OFFICER11</UpdatorId>
         <UpdatorDate>02/14/2018 16:49:13</UpdatorDate>
      </IncidentSuppNarrative>
      <IncidentOfficer>
         <OfficerRoleCode>P</OfficerRoleCode>
         <Officer>
            <AgencyCode>D42</AgencyCode>
            <ORINumber>SC0280000</ORINumber>
            <LastName>Ranz</LastName>
            <FirstName>Greg</FirstName>
            <InternalID>9696</InternalID>
         </Officer>
      </IncidentOfficer>
      <IncidentOfficer>
         <OfficerRoleCode>R</OfficerRoleCode>
         <Officer>
            <AgencyCode>D42</AgencyCode>
            <ORINumber>SC0280000</ORINumber>
            <LastName>Ranz</LastName>
            <FirstName>Greg</FirstName>
            <InternalID>9696</InternalID>
         </Officer>
      </IncidentOfficer>
      <IncidentPerson>
         <ApproxAge>45</ApproxAge>
         <CreatorId>STATE_OFFICER11</CreatorId>
         <CreatorDate>02/26/2018 11:38:32</CreatorDate>
         <UpdatorId>TSTC</UpdatorId>
         <UpdatorDate>05/24/2023 12:41:23</UpdatorDate>
         <Person>
            <PersonId>197</PersonId>
            <RaceCode>W</RaceCode>
            <SexCode>M</SexCode>
            <PersonVerified>Y</PersonVerified>
            <PersonPrimaryName>
               <LastName>BECKER</LastName>
               <FirstName>CHRISTOPHER</FirstName>
               <MiddleName>M</MiddleName>
               <DOB>03/28/1972 00:00:00</DOB>
               <DateOfInfo>06/06/2012 14:18:57</DateOfInfo>
               <SLastName>B260</SLastName>
               <SFirstName>C623</SFirstName>
            </PersonPrimaryName>
            <Alias>
               <NameTypeCode>A</NameTypeCode>
               <LastName>BECKER</LastName>
               <FirstName>CHRISTOPHER</FirstName>
               <MiddleName>M</MiddleName>
               <DOB>03/28/1972 00:00:00</DOB>
               <SLastName>B260</SLastName>
               <SFirstName>C623</SFirstName>
               <DateOfInfo>06/06/2012 14:18:57</DateOfInfo>
            </Alias>
            <PersonAddress>
               <StreetNumber>9650</StreetNumber>
               <StreetDirCode>E</StreetDirCode>
               <StreetName>Washington</StreetName>
               <StreetTypeCode>ST</StreetTypeCode>
               <SubNumber>Suite 100</SubNumber>
               <City>Indianapolis</City>
               <StateCode>IN</StateCode>
               <Zip5>46229</Zip5>
               <CountryCode>US</CountryCode>
               <CountyCode>NaN</CountyCode>
               <Longitude>-85.994568</Longitude>
               <Latitude>39.776458</Latitude>
            </PersonAddress>
            <PersonAddress>
               <StreetNumber>6677</StreetNumber>
               <StreetDirCode>BLK</StreetDirCode>
               <StreetName>Harrison</StreetName>
               <StreetTypeCode>WALK</StreetTypeCode>
               <StreetSuffixCode>BLK</StreetSuffixCode>
               <SubTypeCode>APT</SubTypeCode>
               <SubNumber>123</SubNumber>
               <City>Los Angeles</City>
               <StateCode>CA</StateCode>
               <Zip5>12345</Zip5>
               <CountryCode>US</CountryCode>
               <CountyCode>1</CountyCode>
            </PersonAddress>
            <PersonAddress>
               <StreetNumber>6677</StreetNumber>
               <StreetDirCode>BLK</StreetDirCode>
               <StreetName>Harrison</StreetName>
               <StreetTypeCode>WALK</StreetTypeCode>
               <StreetSuffixCode>BLK</StreetSuffixCode>
               <SubTypeCode>APT</SubTypeCode>
               <SubNumber>123</SubNumber>
               <City>Los Angeles</City>
               <StateCode>CA</StateCode>
               <Zip5>12345</Zip5>
               <CountryCode>US</CountryCode>
               <CountyCode>1</CountyCode>
            </PersonAddress>
            <PersonAddress>
               <StreetNumber>700</StreetNumber>
               <StreetDirCode>N</StreetDirCode>
               <StreetName>Johnson Branch</StreetName>
               <StreetTypeCode>RTE</StreetTypeCode>
               <SubTypeCode>APT</SubTypeCode>
               <SubNumber>12B</SubNumber>
               <City>Greenfield</City>
               <StateCode>IN</StateCode>
               <Zip5>46140</Zip5>
               <CountryCode>US</CountryCode>
               <CountyCode>30</CountyCode>
               <Longitude>-85.93763943519708</Longitude>
               <Latitude>39.79212746134808</Latitude>
            </PersonAddress>
            <PersonPhone>
               <PhoneTypeCode>RES</PhoneTypeCode>
               <PhoneArea>333</PhoneArea>
               <PhonePrefix>333</PhonePrefix>
               <PhoneSuffix>3333</PhoneSuffix>
               <DateOfInfo>07/02/2020 00:00:00</DateOfInfo>
            </PersonPhone>
         </Person>
         <IncidentPersonRole>
            <RoleType>S</RoleType>
            <CreatorId>STATE_OFFICER11</CreatorId>
            <CreatorDate>02/26/2018 11:38:32</CreatorDate>
            <UpdatorId>TSTC</UpdatorId>
            <UpdatorDate>08/15/2023 20:32:23</UpdatorDate>
         </IncidentPersonRole>
      </IncidentPerson>
      <IncidentPerson>
         <ApproxAge>48</ApproxAge>
         <ResidentStatusCode>R</ResidentStatusCode>
         <CreatorId>STATE_OFFICER11</CreatorId>
         <CreatorDate>02/26/2018 11:39:01</CreatorDate>
         <UpdatorId>TSTC</UpdatorId>
         <UpdatorDate>05/24/2023 12:41:23</UpdatorDate>
         <Person>
            <PersonId>939</PersonId>
            <RaceCode>P</RaceCode>
            <SexCode>F</SexCode>
            <EthnicityCode>A</EthnicityCode>
            <PersonVerified>Y</PersonVerified>
            <PersonPrimaryName>
               <LastName>Short</LastName>
               <FirstName>Person</FirstName>
               <DateOfInfo>02/26/2018 00:00:00</DateOfInfo>
               <SLastName>S630</SLastName>
               <SFirstName>P625</SFirstName>
            </PersonPrimaryName>
            <PersonPrimaryName>
               <LastName>Name</LastName>
               <FirstName>Another</FirstName>
               <DOB>01/02/1970 00:00:00</DOB>
               <SSN>1.11111111E8</SSN>
               <DateOfInfo>02/26/2018 00:00:00</DateOfInfo>
               <SLastName>N500</SLastName>
               <SFirstName>A536</SFirstName>
            </PersonPrimaryName>
            <PersonPrimaryName>
               <LastName>OLD LONG NAME</LastName>
               <FirstName>Person</FirstName>
               <MiddleName>Middel</MiddleName>
               <DOB>01/02/1970 00:00:00</DOB>
               <SSN>1.11111111E8</SSN>
               <TitleCode>I</TitleCode>
               <DateOfInfo>02/26/2018 09:54:25</DateOfInfo>
               <SLastName>O434</SLastName>
               <SFirstName>P625</SFirstName>
            </PersonPrimaryName>
            <Alias>
               <NameTypeCode>A</NameTypeCode>
               <LastName>Short</LastName>
               <FirstName>Person</FirstName>
               <SLastName>S630</SLastName>
               <SFirstName>P625</SFirstName>
               <DateOfInfo>02/26/2018 00:00:00</DateOfInfo>
            </Alias>
            <Alias>
               <NameTypeCode>N</NameTypeCode>
               <LastName>Name</LastName>
               <FirstName>Another</FirstName>
               <DOB>01/02/1970 00:00:00</DOB>
               <SSN>1.11111111E8</SSN>
               <SLastName>N500</SLastName>
               <SFirstName>A536</SFirstName>
               <DateOfInfo>02/26/2018 00:00:00</DateOfInfo>
            </Alias>
            <Alias>
               <NameTypeCode>P</NameTypeCode>
               <LastName>OLD LONG NAME</LastName>
               <FirstName>Person</FirstName>
               <MiddleName>Middel</MiddleName>
               <DOB>01/02/1970 00:00:00</DOB>
               <SSN>1.11111111E8</SSN>
               <TitleCode>I</TitleCode>
               <SLastName>O434</SLastName>
               <SFirstName>P625</SFirstName>
               <DateOfInfo>02/26/2018 09:54:25</DateOfInfo>
            </Alias>
            <PersonAddress>
               <StreetNumber>12</StreetNumber>
               <StreetDirCode>N</StreetDirCode>
               <StreetName>Main</StreetName>
               <StreetTypeCode>ACRE</StreetTypeCode>
               <StreetSuffixCode>BLK</StreetSuffixCode>
               <SubTypeCode>APT</SubTypeCode>
               <SubNumber>123</SubNumber>
               <City>Mobile</City>
               <StateCode>AL</StateCode>
               <Zip5>11111</Zip5>
               <Zip4>2222</Zip4>
               <CountryCode>US</CountryCode>
               <CountyCode>1</CountyCode>
            </PersonAddress>
            <PersonAddress>
               <StreetNumber>100</StreetNumber>
               <StreetName>Apple</StreetName>
               <StreetTypeCode>BLF</StreetTypeCode>
               <City>Greenfield</City>
               <StateCode>IN</StateCode>
               <Zip5>46140</Zip5>
               <CountryCode>US</CountryCode>
            </PersonAddress>
            <PersonPhone>
               <PhoneTypeCode>RES</PhoneTypeCode>
               <PhoneArea>111</PhoneArea>
               <PhonePrefix>111</PhonePrefix>
               <PhoneSuffix>1111</PhoneSuffix>
               <DateOfInfo>02/26/2018 00:00:00</DateOfInfo>
            </PersonPhone>
            <PersonPhone>
               <PhoneTypeCode>CEL</PhoneTypeCode>
               <PhoneArea>222</PhoneArea>
               <PhonePrefix>222</PhonePrefix>
               <PhoneSuffix>2222</PhoneSuffix>
               <DateOfInfo>02/26/2018 00:00:00</DateOfInfo>
            </PersonPhone>
         </Person>
         <IncidentPersonRole>
            <RoleType>V</RoleType>
            <CreatorId>STATE_OFFICER11</CreatorId>
            <CreatorDate>02/26/2018 11:39:02</CreatorDate>
            <UpdatorId>TSTC</UpdatorId>
            <UpdatorDate>08/15/2023 20:32:23</UpdatorDate>
         </IncidentPersonRole>
      </IncidentPerson>
   </IncidentSupplement>
</Incident>