<?xml version="1.0" encoding="UTF-8"?>
<Incident xmlns:xsi="http://www.w3.org/2001/XMLSchema-instance"
          xsi:noNamespaceSchemaLocation="file:///C:/DATA/EJS/SVN_Root/Ejustice/trunk/XMLTransformations/OnlineRMSInternalToIncident/IAOnlineRMSIncidentImport.xsd">
   <IncidentReportNum>2017D4210064</IncidentReportNum>
   <AgencyCode>D42</AgencyCode>
   <ORINum>SC0280000</ORINum>
   <ReportDate>03/01/2017 09:33:00</ReportDate>
   <ReportTime>03/01/2017 09:33:00</ReportTime>
   <StartDate>03/01/2017 09:33:00</StartDate>
   <StartTime>03/01/2017 09:33:00</StartTime>
   <Summary>asdfasdf</Summary>
   <CreatorId>STATE_OFFICER11</CreatorId>
   <CreatorDate>03/01/2017 09:33:33</CreatorDate>
   <UpdatorId>TSTC</UpdatorId>
   <UpdatorDate>09/09/2021 18:46:41</UpdatorDate>
   <IncidentType>
      <IncidentTypeCode>CAD</IncidentTypeCode>
   </IncidentType>
   <IncidentAddress>
      <AddressId>674</AddressId>
      <City>10</City>
      <CreatorId>STATE_OFFICER11</CreatorId>
      <CreatorDate>03/01/2017 09:34:29</CreatorDate>
      <UpdatorId>TSTC</UpdatorId>
      <UpdatorDate>03/01/2017 12:30:14</UpdatorDate>
      <Address>
         <AddressId>674</AddressId>
         <StreetNumber>4053</StreetNumber>
         <StreetName>Morrison</StreetName>
         <StreetTypeCode>WAY</StreetTypeCode>
         <StreetSuffixCode>NW</StreetSuffixCode>
         <City>Edmonton</City>
         <StateCode>IN</StateCode>
         <Zip5>T5E 6S3</Zip5>
         <CountryCode>CD</CountryCode>
         <Beat>Test</Beat>
         <SubBeat>Area</SubBeat>
         <Longitude>-86.08877101312676</Longitude>
         <Latitude>39.71415990655871</Latitude>
         <AddressCommonName>
            <CommonPlaceName>Dead strip</CommonPlaceName>
         </AddressCommonName>
      </Address>
   </IncidentAddress>
   <IncidentSupplement>
      <SupplementSequence>0</SupplementSequence>
      <IncSupplementStatusCode>A</IncSupplementStatusCode>
      <SuppReportDate>03/01/2017 09:33:34</SuppReportDate>
      <SuppReportTime>03/01/2017 09:33:34</SuppReportTime>
      <AgencyOnly>N</AgencyOnly>
      <SecurityLevel>1201</SecurityLevel>
      <SuppAgencyCode>D42</SuppAgencyCode>
      <UnknownNoOffenders>N</UnknownNoOffenders>
      <DsIcrDate>07/13/2017 12:41:19</DsIcrDate>
      <DsIcrSubmissionStatus>SENT WAITING FOR RESPONSE</DsIcrSubmissionStatus>
      <CreatorId>STATE_OFFICER11</CreatorId>
      <CreatorDate>03/01/2017 09:33:34</CreatorDate>
      <UpdatorId>TSTC</UpdatorId>
      <UpdatorDate>08/05/2021 17:38:26</UpdatorDate>
      <IncidentSuppNarrative>
         <NarrativeNumber>1</NarrativeNumber>
         <NarrativeTitle>Original Narrative</NarrativeTitle>
         <NarrativeText>asdfasdfadsfadsf</NarrativeText>
         <CreatorId>702SUPER</CreatorId>
         <CreatorDate>03/01/2017 12:31:31</CreatorDate>
         <UpdatorId>TSTC</UpdatorId>
         <UpdatorDate>07/13/2017 10:34:30</UpdatorDate>
      </IncidentSuppNarrative>
      <IncidentOfficer>
         <OfficerRoleCode>P</OfficerRoleCode>
         <Officer>
            <AgencyCode>D42</AgencyCode>
            <ORINumber>SC0280000</ORINumber>
            <LastName>Ranz</LastName>
            <FirstName>Greg</FirstName>
            <InternalID>9696</InternalID>
         </Officer>
      </IncidentOfficer>
      <IncidentOfficer>
         <OfficerRoleCode>R</OfficerRoleCode>
         <Officer>
            <AgencyCode>D42</AgencyCode>
            <ORINumber>SC0280000</ORINumber>
            <LastName>Ranz</LastName>
            <FirstName>Greg</FirstName>
            <InternalID>9696</InternalID>
         </Officer>
      </IncidentOfficer>
      <IncidentOffense>
         <IncidentId>2605</IncidentId>
         <OffenseNumber>1</OffenseNumber>
         <OffenseStatusCode>00</OffenseStatusCode>
         <OffenseCode>35-43-2-1  B06</OffenseCode>
         <PlaceCode>46</PlaceCode>
         <BiasCode>41</BiasCode>
         <CSAUCode>C</CSAUCode>
         <SupplementSeq>0</SupplementSeq>
         <UCRNumber>1</UCRNumber>
         <OffenseStatusDate>03/01/2017 09:33:00</OffenseStatusDate>
         <ForcedEntryCode>N</ForcedEntryCode>
         <AttemptedCompletedCode>C</AttemptedCompletedCode>
         <ArrestChargeCode>35-43-2-1  B06</ArrestChargeCode>
         <CreatorId>STATE_OFFICER11</CreatorId>
         <CreatorDate>03/01/2017 12:29:04</CreatorDate>
         <UpdatorId>STATE_OFFICER11</UpdatorId>
         <UpdatorDate>03/01/2017 12:29:04</UpdatorDate>
      </IncidentOffense>
      <IncidentPerson>
         <ApproxAge>57</ApproxAge>
         <ResidentStatusCode>R</ResidentStatusCode>
         <CreatorId>STATE_OFFICER11</CreatorId>
         <CreatorDate>03/01/2017 09:55:24</CreatorDate>
         <UpdatorId>TSTC</UpdatorId>
         <UpdatorDate>05/24/2023 12:41:23</UpdatorDate>
         <Person>
            <PersonId>54</PersonId>
            <RaceCode>W</RaceCode>
            <SexCode>F</SexCode>
            <PersonVerified>Y</PersonVerified>
            <PersonPrimaryName>
               <LastName>Turnbull</LastName>
               <FirstName>Erica</FirstName>
               <DOB>01/01/1960 00:00:00</DOB>
               <DateOfInfo>03/20/2012 10:07:48</DateOfInfo>
               <SLastName>T651</SLastName>
               <SFirstName>E620</SFirstName>
            </PersonPrimaryName>
            <Alias>
               <NameTypeCode>P</NameTypeCode>
               <LastName>Turnbull</LastName>
               <FirstName>Erica</FirstName>
               <DOB>01/01/1960 00:00:00</DOB>
               <SLastName>T651</SLastName>
               <SFirstName>E620</SFirstName>
               <DateOfInfo>03/20/2012 10:07:48</DateOfInfo>
            </Alias>
            <PersonAddress>
               <StreetNumber>9917 </StreetNumber>
               <StreetDirCode>S</StreetDirCode>
               <StreetName>Arthur</StreetName>
               <StreetTypeCode>LN</StreetTypeCode>
               <City>Littleton</City>
               <StateCode>CO</StateCode>
               <Zip5>80130</Zip5>
               <Zip4>1111</Zip4>
               <CountryCode>US</CountryCode>
               <Longitude>-104.919661</Longitude>
               <Latitude>39.536508</Latitude>
            </PersonAddress>
            <PersonAddress>
               <StreetNumber>4053</StreetNumber>
               <StreetName>Morrison</StreetName>
               <StreetTypeCode>WAY</StreetTypeCode>
               <StreetSuffixCode>NW</StreetSuffixCode>
               <City>Edmonton</City>
               <StateCode>IN</StateCode>
               <Zip5>T5E 6S3</Zip5>
               <CountryCode>CD</CountryCode>
               <Longitude>-86.08877101312676</Longitude>
               <Latitude>39.71415990655871</Latitude>
               <Beat>Test</Beat>
               <SubBeat>Area</SubBeat>
            </PersonAddress>
         </Person>
         <IncidentPersonRole>
            <RoleType>CP</RoleType>
            <CreatorId>STATE_OFFICER11</CreatorId>
            <CreatorDate>03/01/2017 09:55:24</CreatorDate>
            <UpdatorId>TSTC</UpdatorId>
            <UpdatorDate>08/15/2023 20:32:22</UpdatorDate>
         </IncidentPersonRole>
      </IncidentPerson>
      <IncidentPerson>
         <ApproxAge>28</ApproxAge>
         <CreatorId>STATE_OFFICER11</CreatorId>
         <CreatorDate>03/01/2017 12:30:50</CreatorDate>
         <UpdatorId>TSTC</UpdatorId>
         <UpdatorDate>05/24/2023 12:41:24</UpdatorDate>
         <Person>
            <PersonId>262</PersonId>
            <RaceCode>U</RaceCode>
            <SexCode>U</SexCode>
            <PersonVerified>Y</PersonVerified>
            <PersonPrimaryName>
               <LastName>RANARD</LastName>
               <FirstName>MARC</FirstName>
               <MiddleName>A</MiddleName>
               <DateOfInfo>06/06/2012 14:50:40</DateOfInfo>
               <SLastName>R563</SLastName>
               <SFirstName>M620</SFirstName>
            </PersonPrimaryName>
            <Alias>
               <NameTypeCode>P</NameTypeCode>
               <LastName>RANARD</LastName>
               <FirstName>MARC</FirstName>
               <MiddleName>A</MiddleName>
               <SLastName>R563</SLastName>
               <SFirstName>M620</SFirstName>
               <DateOfInfo>06/06/2012 14:50:40</DateOfInfo>
            </Alias>
            <PersonAddress>
               <StreetName>RR1BOX40</StreetName>
               <City>BLOOMFIELD</City>
               <StateCode>IN</StateCode>
               <Zip5>47424</Zip5>
            </PersonAddress>
         </Person>
         <IncidentPersonRole>
            <RoleType>S</RoleType>
            <CreatorId>STATE_OFFICER11</CreatorId>
            <CreatorDate>03/01/2017 12:30:50</CreatorDate>
            <UpdatorId>TSTC</UpdatorId>
            <UpdatorDate>08/15/2023 20:32:23</UpdatorDate>
         </IncidentPersonRole>
      </IncidentPerson>
      <IncidentPerson>
         <ApproxAge>46</ApproxAge>
         <ResidentStatusCode>R</ResidentStatusCode>
         <CreatorId>STATE_OFFICER11</CreatorId>
         <CreatorDate>03/01/2017 12:31:12</CreatorDate>
         <UpdatorId>TSTC</UpdatorId>
         <UpdatorDate>05/24/2023 12:41:24</UpdatorDate>
         <Person>
            <PersonId>677</PersonId>
            <RaceCode>W</RaceCode>
            <SexCode>M</SexCode>
            <EthnicityCode>N</EthnicityCode>
            <PersonVerified>Y</PersonVerified>
            <PersonPrimaryName>
               <LastName>Renner</LastName>
               <FirstName>Jeremy</FirstName>
               <MiddleName>Lee</MiddleName>
               <DOB>01/07/1971 00:00:00</DOB>
               <SSN>5.37369533E8</SSN>
               <DateOfInfo>01/19/2015 12:27:46</DateOfInfo>
               <SLastName>R560</SLastName>
               <SFirstName>J650</SFirstName>
            </PersonPrimaryName>
            <Alias>
               <NameTypeCode>P</NameTypeCode>
               <LastName>Renner</LastName>
               <FirstName>Jeremy</FirstName>
               <MiddleName>Lee</MiddleName>
               <DOB>01/07/1971 00:00:00</DOB>
               <SSN>5.37369533E8</SSN>
               <SLastName>R560</SLastName>
               <SFirstName>J650</SFirstName>
               <DateOfInfo>01/19/2015 12:27:46</DateOfInfo>
            </Alias>
            <PersonAddress>
               <StreetNumber>1242</StreetNumber>
               <StreetDirCode>N</StreetDirCode>
               <StreetName>Crescent Heights</StreetName>
               <StreetTypeCode>BLVD</StreetTypeCode>
               <StreetSuffixCode>N</StreetSuffixCode>
               <SubTypeCode>PH</SubTypeCode>
               <SubNumber>123</SubNumber>
               <City>West Hollywood</City>
               <StateCode>CA</StateCode>
               <Zip5>90046</Zip5>
               <CountryCode>US</CountryCode>
               <CountyCode>1</CountyCode>
               <Longitude>-118.365477</Longitude>
               <Latitude>34.093056</Latitude>
               <Beat>Test</Beat>
               <SubBeat>Area</SubBeat>
            </PersonAddress>
            <PersonPhone>
               <PhoneTypeCode>RES</PhoneTypeCode>
               <PhoneArea>537</PhoneArea>
               <PhonePrefix>369</PhonePrefix>
               <PhoneSuffix>5337</PhoneSuffix>
               <DateOfInfo>01/19/2015 00:00:00</DateOfInfo>
            </PersonPhone>
            <PersonPhone>
               <PhoneTypeCode>CEL</PhoneTypeCode>
               <PhoneArea>733</PhoneArea>
               <PhonePrefix>596</PhonePrefix>
               <PhoneSuffix>3735</PhoneSuffix>
               <DateOfInfo>01/19/2015 00:00:00</DateOfInfo>
            </PersonPhone>
            <PersonPhone>
               <PhoneTypeCode>RES</PhoneTypeCode>
               <PhoneArea>212</PhoneArea>
               <PhonePrefix>589</PhonePrefix>
               <PhoneSuffix>8745</PhoneSuffix>
               <DateOfInfo>01/28/2016 00:00:00</DateOfInfo>
            </PersonPhone>
            <PersonPhone>
               <PhoneTypeCode>CEL</PhoneTypeCode>
               <PhoneArea>555</PhoneArea>
               <PhonePrefix>555</PhonePrefix>
               <PhoneSuffix>5555</PhoneSuffix>
               <DateOfInfo>01/29/2016 00:00:00</DateOfInfo>
            </PersonPhone>
         </Person>
         <IncidentPersonRole>
            <RoleType>V</RoleType>
            <CreatorId>STATE_OFFICER11</CreatorId>
            <CreatorDate>03/01/2017 12:31:12</CreatorDate>
            <UpdatorId>TSTC</UpdatorId>
            <UpdatorDate>08/15/2023 20:32:22</UpdatorDate>
         </IncidentPersonRole>
      </IncidentPerson>
      <IncidentProperty>
         <RoleCode>1</RoleCode>
         <CreatorId>STATE_OFFICER11</CreatorId>
         <CreatorDate>03/01/2017 12:31:20</CreatorDate>
         <UpdatorId>TSTC</UpdatorId>
         <UpdatorDate>08/10/2017 23:00:50</UpdatorDate>
         <StatusCode>1</StatusCode>
         <Evidence>N</Evidence>
         <EvidenceFlag>N</EvidenceFlag>
      </IncidentProperty>
   </IncidentSupplement>
</Incident>