<?xml version="1.0" encoding="UTF-8"?>
<Incident xmlns:xsi="http://www.w3.org/2001/XMLSchema-instance"
          xsi:noNamespaceSchemaLocation="file:///C:/DATA/EJS/SVN_Root/Ejustice/trunk/XMLTransformations/OnlineRMSInternalToIncident/IAOnlineRMSIncidentImport.xsd">
   <IncidentReportNum>2017D4210122</IncidentReportNum>
   <AgencyCode>D42</AgencyCode>
   <ORINum>SC0280000</ORINum>
   <ReportDate>09/08/2017 12:08:00</ReportDate>
   <ReportTime>09/08/2017 12:08:00</ReportTime>
   <StartDate>04/15/2015 00:00:00</StartDate>
   <StartTime>09/01/2017 12:34:00</StartTime>
   <Summary>Loud arguing heard by several neighbors.</Summary>
   <CreatorId>CSAUR</CreatorId>
   <CreatorDate>09/08/2017 12:08:29</CreatorDate>
   <UpdatorId>TSTC</UpdatorId>
   <UpdatorDate>09/09/2021 18:46:41</UpdatorDate>
   <IncidentType>
      <IncidentTypeCode>AIR</IncidentTypeCode>
   </IncidentType>
   <IncidentAddress>
      <AddressId>457</AddressId>
      <Beat>Test</Beat>
      <SubBeat>Area</SubBeat>
      <City>1</City>
      <CreatorId>CSAUR</CreatorId>
      <CreatorDate>10/02/2017 18:03:58</CreatorDate>
      <UpdatorId>TSTC</UpdatorId>
      <UpdatorDate>10/02/2017 18:04:29</UpdatorDate>
      <Address>
         <AddressId>457</AddressId>
         <StreetNumber>126</StreetNumber>
         <StreetDirCode>N</StreetDirCode>
         <StreetName>750</StreetName>
         <StreetSuffixCode>W</StreetSuffixCode>
         <StateCode>IN</StateCode>
         <CountryCode>US</CountryCode>
         <Beat>D2</Beat>
         <SubBeat>Sub D2</SubBeat>
         <Longitude>-85.39604</Longitude>
         <Latitude>39.07748</Latitude>
         <AddressCommonName>
            <CommonPlaceName>Test 3</CommonPlaceName>
         </AddressCommonName>
         <AddressCommonName>
            <CommonPlaceName>Test 1</CommonPlaceName>
         </AddressCommonName>
         <AddressCommonName>
            <CommonPlaceName>Test 2</CommonPlaceName>
         </AddressCommonName>
      </Address>
   </IncidentAddress>
   <IncidentSupplement>
      <SupplementSequence>0</SupplementSequence>
      <IncSupplementStatusCode>A</IncSupplementStatusCode>
      <SuppReportDate>09/08/2017 12:08:29</SuppReportDate>
      <SuppReportTime>09/08/2017 12:08:29</SuppReportTime>
      <AgencyOnly>N</AgencyOnly>
      <SecurityLevel>1100</SecurityLevel>
      <SuppAgencyCode>D42</SuppAgencyCode>
      <UnknownNoOffenders>N</UnknownNoOffenders>
      <DsIcrDate>12/10/2018 22:48:33</DsIcrDate>
      <DsIcrSubmissionStatus>SENT WAITING FOR RESPONSE</DsIcrSubmissionStatus>
      <CreatorId>CSAUR</CreatorId>
      <CreatorDate>09/08/2017 12:08:29</CreatorDate>
      <UpdatorId>TSTC</UpdatorId>
      <UpdatorDate>08/05/2021 17:38:25</UpdatorDate>
      <IncidentSuppNarrative>
         <NarrativeNumber>1</NarrativeNumber>
         <NarrativeTitle>Original Narrative</NarrativeTitle>
         <NarrativeText>wdfwerwer</NarrativeText>
         <CreatorId>CSAUR</CreatorId>
         <CreatorDate>10/02/2017 18:03:26</CreatorDate>
         <UpdatorId>CSAUR</UpdatorId>
         <UpdatorDate>10/02/2017 18:03:26</UpdatorDate>
      </IncidentSuppNarrative>
      <IncidentOfficer>
         <OfficerRoleCode>P</OfficerRoleCode>
         <Officer>
            <AgencyCode>D42</AgencyCode>
            <ORINumber>SC0280000</ORINumber>
            <LastName>Wright</LastName>
            <FirstName>Greg</FirstName>
            <InternalID>9696</InternalID>
         </Officer>
      </IncidentOfficer>
      <IncidentOfficer>
         <OfficerRoleCode>R</OfficerRoleCode>
         <Officer>
            <AgencyCode>D42</AgencyCode>
            <ORINumber>SC0280000</ORINumber>
            <LastName>Saur</LastName>
            <FirstName>Christine</FirstName>
            <InternalID>SAUR111</InternalID>
         </Officer>
      </IncidentOfficer>
      <IncidentOfficer>
         <OfficerRoleCode>X</OfficerRoleCode>
         <Officer>
            <AgencyCode>D42</AgencyCode>
            <ORINumber>SC0280000</ORINumber>
            <LastName>Ranz</LastName>
            <FirstName>Greg</FirstName>
            <InternalID>9696</InternalID>
         </Officer>
      </IncidentOfficer>
      <IncidentOffense>
         <IncidentId>2972</IncidentId>
         <OffenseNumber>1</OffenseNumber>
         <OffenseStatusCode>20</OffenseStatusCode>
         <OffenseCode>14-15-9-6</OffenseCode>
         <PlaceCode>45</PlaceCode>
         <BiasCode>43</BiasCode>
         <CSAUCode>A</CSAUCode>
         <SupplementSeq>0</SupplementSeq>
         <UCRNumber>1</UCRNumber>
         <OffenseStatusDate>04/15/2015 00:00:00</OffenseStatusDate>
         <AttemptedCompletedCode>A</AttemptedCompletedCode>
         <ArrestChargeCode>14-15-9-6</ArrestChargeCode>
         <CreatorId>CSAUR</CreatorId>
         <CreatorDate>10/02/2017 18:02:41</CreatorDate>
         <UpdatorId>CSAUR</UpdatorId>
         <UpdatorDate>10/02/2017 18:02:41</UpdatorDate>
      </IncidentOffense>
      <IncidentPerson>
         <ApproxAge>29</ApproxAge>
         <ResidentStatusCode>R</ResidentStatusCode>
         <ClearMultiArrestCode>M</ClearMultiArrestCode>
         <CreatorId>CSAUR</CreatorId>
         <CreatorDate>09/08/2017 12:13:31</CreatorDate>
         <UpdatorId>TSTC</UpdatorId>
         <UpdatorDate>05/24/2023 12:41:22</UpdatorDate>
         <Person>
            <PersonId>355</PersonId>
            <RaceCode>U</RaceCode>
            <SexCode>M</SexCode>
            <PersonVerified>Y</PersonVerified>
            <PersonPrimaryName>
               <LastName>ARNEY</LastName>
               <FirstName>DUSTIN</FirstName>
               <DOB>10/10/1985 00:00:00</DOB>
               <DateOfInfo>09/05/2012 14:13:45</DateOfInfo>
               <SLastName>A650</SLastName>
               <SFirstName>D235</SFirstName>
            </PersonPrimaryName>
            <Alias>
               <NameTypeCode>P</NameTypeCode>
               <LastName>ARNEY</LastName>
               <FirstName>DUSTIN</FirstName>
               <DOB>10/10/1985 00:00:00</DOB>
               <SLastName>A650</SLastName>
               <SFirstName>D235</SFirstName>
               <DateOfInfo>09/05/2012 14:13:45</DateOfInfo>
            </Alias>
            <PersonAddress>
               <StreetNumber>8230</StreetNumber>
               <StreetName>HARRIS</StreetName>
               <StreetTypeCode>RD</StreetTypeCode>
               <City>POLAND</City>
               <StateCode>IN</StateCode>
               <Zip5>47868</Zip5>
            </PersonAddress>
         </Person>
         <IncidentPersonRole>
            <RoleType>A</RoleType>
            <CreatorId>CSAUR</CreatorId>
            <CreatorDate>10/02/2017 18:02:58</CreatorDate>
            <UpdatorId>TSTC</UpdatorId>
            <UpdatorDate>08/15/2023 20:32:23</UpdatorDate>
         </IncidentPersonRole>
         <IncidentPersonRole>
            <RoleType>S</RoleType>
            <CreatorId>CSAUR</CreatorId>
            <CreatorDate>10/02/2017 18:02:58</CreatorDate>
            <UpdatorId>TSTC</UpdatorId>
            <UpdatorDate>08/15/2023 20:32:23</UpdatorDate>
         </IncidentPersonRole>
      </IncidentPerson>
   </IncidentSupplement>
</Incident>