<?xml version="1.0" encoding="UTF-8"?>
<Incident xmlns:xsi="http://www.w3.org/2001/XMLSchema-instance"
          xsi:noNamespaceSchemaLocation="file:///C:/DATA/EJS/SVN_Root/Ejustice/trunk/XMLTransformations/OnlineRMSInternalToIncident/IAOnlineRMSIncidentImport.xsd">
   <IncidentReportNum>2017D4210105</IncidentReportNum>
   <AgencyCode>D42</AgencyCode>
   <ORINum>SC0280000</ORINum>
   <ReportDate>06/24/2017 10:01:00</ReportDate>
   <ReportTime>06/24/2017 10:01:00</ReportTime>
   <StartDate>06/24/2017 10:01:00</StartDate>
   <StartTime>07/01/2017 10:01:00</StartTime>
   <Summary>asdf</Summary>
   <InternalIncident>Y</InternalIncident>
   <CreatorId>STATE_OFFICER11</CreatorId>
   <CreatorDate>07/11/2017 14:32:07</CreatorDate>
   <UpdatorId>TSTC</UpdatorId>
   <UpdatorDate>09/09/2021 18:46:42</UpdatorDate>
   <IncidentType>
      <IncidentTypeCode>B/B</IncidentTypeCode>
   </IncidentType>
   <IncidentAddress>
      <AddressId>120</AddressId>
      <Beat>Test</Beat>
      <SubBeat>Area</SubBeat>
      <City>1</City>
      <CreatorId>ADMIN_TSTC</CreatorId>
      <CreatorDate>07/11/2017 14:32:07</CreatorDate>
      <UpdatorId>TSTC</UpdatorId>
      <UpdatorDate>07/11/2017 14:32:07</UpdatorDate>
      <Address>
         <AddressId>120</AddressId>
         <StreetNumber>100</StreetNumber>
         <StreetName>Ash</StreetName>
         <StreetTypeCode>ST</StreetTypeCode>
         <City>INDIANAPOLIS</City>
         <StateCode>IN</StateCode>
         <Zip5>01234</Zip5>
         <Zip4>7777</Zip4>
         <CountryCode>US</CountryCode>
         <Beat>Test</Beat>
         <SubBeat>Area</SubBeat>
         <Longitude>-86.26354</Longitude>
         <Latitude>39.95494</Latitude>
         <AddressCommonName>
            <CommonPlaceName>Health Center</CommonPlaceName>
         </AddressCommonName>
      </Address>
   </IncidentAddress>
   <IncidentSupplement>
      <SupplementSequence>0</SupplementSequence>
      <IncSupplementStatusCode>A</IncSupplementStatusCode>
      <SuppReportDate>07/11/2017 14:32:07</SuppReportDate>
      <SuppReportTime>07/11/2017 14:32:07</SuppReportTime>
      <AgencyOnly>Y</AgencyOnly>
      <SecurityLevel>1201</SecurityLevel>
      <SuppAgencyCode>D42</SuppAgencyCode>
      <UnknownNoOffenders>N</UnknownNoOffenders>
      <DsIcrDate>07/13/2017 12:41:32</DsIcrDate>
      <DsIcrSubmissionStatus>SENT WAITING FOR RESPONSE</DsIcrSubmissionStatus>
      <CreatorId>STATE_OFFICER11</CreatorId>
      <CreatorDate>07/11/2017 14:32:07</CreatorDate>
      <UpdatorId>TSTC</UpdatorId>
      <UpdatorDate>08/05/2021 17:38:26</UpdatorDate>
      <IncidentSuppNarrative>
         <NarrativeNumber>1</NarrativeNumber>
         <NarrativeTitle>Original Narrative</NarrativeTitle>
         <NarrativeText>&amp;nbsp;sdfdsfd</NarrativeText>
         <CreatorId>ADMIN_TSTC</CreatorId>
         <CreatorDate>07/11/2017 14:32:08</CreatorDate>
         <UpdatorId>ADMIN_TSTC</UpdatorId>
         <UpdatorDate>07/11/2017 14:32:08</UpdatorDate>
      </IncidentSuppNarrative>
      <IncidentOfficer>
         <OfficerRoleCode>P</OfficerRoleCode>
         <Officer>
            <AgencyCode>D42</AgencyCode>
            <ORINumber>SC0280000</ORINumber>
            <LastName>Ranz</LastName>
            <FirstName>Greg</FirstName>
            <InternalID>9696</InternalID>
         </Officer>
      </IncidentOfficer>
      <IncidentOfficer>
         <OfficerRoleCode>R</OfficerRoleCode>
         <Officer>
            <AgencyCode>D42</AgencyCode>
            <ORINumber>SC0280000</ORINumber>
            <LastName>Ranz</LastName>
            <FirstName>Greg</FirstName>
            <InternalID>9696</InternalID>
         </Officer>
      </IncidentOfficer>
      <IncidentOffense>
         <IncidentId>2753</IncidentId>
         <OffenseNumber>1</OffenseNumber>
         <OffenseStatusCode>00</OffenseStatusCode>
         <OffenseCode>35-43-1-1A</OffenseCode>
         <PlaceCode>40</PlaceCode>
         <BiasCode>88</BiasCode>
         <CSAUCode>C</CSAUCode>
         <SupplementSeq>0</SupplementSeq>
         <UCRNumber>1</UCRNumber>
         <OffenseStatusDate>06/24/2017 10:01:00</OffenseStatusDate>
         <AttemptedCompletedCode>C</AttemptedCompletedCode>
         <CreatorId>ADMIN_TSTC</CreatorId>
         <CreatorDate>07/11/2017 14:32:07</CreatorDate>
         <UpdatorId>ADMIN_TSTC</UpdatorId>
         <UpdatorDate>07/11/2017 14:32:07</UpdatorDate>
      </IncidentOffense>
      <IncidentPerson>
         <ApproxAge>27</ApproxAge>
         <ResidentStatusCode>R</ResidentStatusCode>
         <CreatorId>ADMIN_TSTC</CreatorId>
         <CreatorDate>07/11/2017 14:32:08</CreatorDate>
         <UpdatorId>TSTC</UpdatorId>
         <UpdatorDate>05/24/2023 12:41:24</UpdatorDate>
         <Person>
            <PersonId>902</PersonId>
            <RaceCode>W</RaceCode>
            <SexCode>M</SexCode>
            <PersonVerified>Y</PersonVerified>
            <PersonPrimaryName>
               <LastName>PRIMARY</LastName>
               <FirstName>PERSON</FirstName>
               <DOB>01/01/1990 00:00:00</DOB>
               <DateOfInfo>06/16/2017 10:06:08</DateOfInfo>
               <SLastName>P656</SLastName>
               <SFirstName>P625</SFirstName>
            </PersonPrimaryName>
            <PersonPrimaryName>
               <LastName>ALIAS</LastName>
               <FirstName>PERSON</FirstName>
               <DOB>01/01/1990 00:00:00</DOB>
               <SSN>5.55555555E8</SSN>
               <DateOfInfo>06/16/2017 00:00:00</DateOfInfo>
               <SLastName>A420</SLastName>
               <SFirstName>P625</SFirstName>
            </PersonPrimaryName>
            <Alias>
               <NameTypeCode>A</NameTypeCode>
               <LastName>PRIMARY</LastName>
               <FirstName>PERSON</FirstName>
               <DOB>01/01/1990 00:00:00</DOB>
               <SLastName>P656</SLastName>
               <SFirstName>P625</SFirstName>
               <DateOfInfo>06/16/2017 10:06:08</DateOfInfo>
            </Alias>
            <Alias>
               <NameTypeCode>A</NameTypeCode>
               <LastName>ALIAS</LastName>
               <FirstName>PERSON</FirstName>
               <DOB>01/01/1990 00:00:00</DOB>
               <SSN>5.55555555E8</SSN>
               <SLastName>A420</SLastName>
               <SFirstName>P625</SFirstName>
               <DateOfInfo>06/16/2017 00:00:00</DateOfInfo>
            </Alias>
         </Person>
         <IncidentPersonRole>
            <RoleType>V</RoleType>
            <CreatorId>ADMIN_TSTC</CreatorId>
            <CreatorDate>07/11/2017 14:32:08</CreatorDate>
            <UpdatorId>TSTC</UpdatorId>
            <UpdatorDate>08/15/2023 20:32:22</UpdatorDate>
         </IncidentPersonRole>
      </IncidentPerson>
      <IncidentVehicle>
         <VEHICLE_ID>143</VEHICLE_ID>
         <RoleCode>VI</RoleCode>
         <CreatorId>ADMIN_TSTC</CreatorId>
         <CreatorDate>07/11/2017 14:32:08</CreatorDate>
         <UpdatorId>ADMIN_TSTC</UpdatorId>
         <UpdatorDate>07/11/2017 14:32:08</UpdatorDate>
         <DateOfInfo>07/23/2012 00:00:00</DateOfInfo>
         <StatusCode>2</StatusCode>
         <VehicleYear>1995</VehicleYear>
         <VehicleMakeCode>CHEV</VehicleMakeCode>
         <VehicleModelCode>AST</VehicleModelCode>
         <VehSecColorCode>GRN</VehSecColorCode>
         <VehicleLicStateCode>IN</VehicleLicStateCode>
         <VehicleLicNumber>618BV</VehicleLicNumber>
         <VehicleLicYear>2014</VehicleLicYear>
         <VehicleLicMonth>1</VehicleLicMonth>
         <VehicleValue>12121</VehicleValue>
      </IncidentVehicle>
   </IncidentSupplement>
</Incident>