<?xml version="1.0" encoding="UTF-8"?>
<Incident xmlns:xsi="http://www.w3.org/2001/XMLSchema-instance"
          xsi:noNamespaceSchemaLocation="file:///C:/DATA/EJS/SVN_Root/Ejustice/trunk/XMLTransformations/OnlineRMSInternalToIncident/IAOnlineRMSIncidentImport.xsd">
   <IncidentReportNum>2017D4210074</IncidentReportNum>
   <AgencyCode>D42</AgencyCode>
   <ORINum>SC0280000</ORINum>
   <ReportDate>05/09/2017 14:58:00</ReportDate>
   <ReportTime>05/09/2017 14:58:00</ReportTime>
   <StartDate>05/09/2017 14:58:00</StartDate>
   <StartTime>05/01/2017 14:58:00</StartTime>
   <Summary>asdfasdfa</Summary>
   <CreatorId>STATE_OFFICER11</CreatorId>
   <CreatorDate>05/09/2017 14:58:11</CreatorDate>
   <UpdatorId>TSTC</UpdatorId>
   <UpdatorDate>09/09/2021 18:46:40</UpdatorDate>
   <IncidentType>
      <IncidentTypeCode>AIR</IncidentTypeCode>
   </IncidentType>
   <IncidentAddress>
      <AddressId>105</AddressId>
      <City>18</City>
      <CreatorId>STATE_OFFICER11</CreatorId>
      <CreatorDate>05/09/2017 14:58:33</CreatorDate>
      <UpdatorId>TSTC</UpdatorId>
      <UpdatorDate>05/09/2017 15:02:26</UpdatorDate>
      <Address>
         <AddressId>105</AddressId>
         <StreetNumber>4990</StreetNumber>
         <StreetDirCode>BLK</StreetDirCode>
         <StreetName>Exelis</StreetName>
         <StreetTypeCode>ANX</StreetTypeCode>
         <StreetSuffixCode>BLK</StreetSuffixCode>
         <SubTypeCode>FL</SubTypeCode>
         <City>Boulder</City>
         <StateCode>CO</StateCode>
         <Zip5>80301</Zip5>
         <CountryCode>US</CountryCode>
         <CrossStreetDirCode>BLK</CrossStreetDirCode>
         <CrossStreetSuffixCode>BLK</CrossStreetSuffixCode>
         <Longitude>-105.236579</Longitude>
         <Latitude>40.0212</Latitude>
         <AddressCommonName>
            <CommonPlaceName>Exelis</CommonPlaceName>
         </AddressCommonName>
      </Address>
   </IncidentAddress>
   <IncidentSupplement>
      <SupplementSequence>0</SupplementSequence>
      <IncSupplementStatusCode>A</IncSupplementStatusCode>
      <SuppReportDate>05/09/2017 14:58:11</SuppReportDate>
      <SuppReportTime>05/09/2017 14:58:11</SuppReportTime>
      <AgencyOnly>N</AgencyOnly>
      <SecurityLevel>1201</SecurityLevel>
      <SuppAgencyCode>D42</SuppAgencyCode>
      <UnknownNoOffenders>N</UnknownNoOffenders>
      <DsIcrDate>05/09/2017 15:03:24</DsIcrDate>
      <DsIcrSubmissionStatus>NOT REPORTABLE</DsIcrSubmissionStatus>
      <CreatorId>STATE_OFFICER11</CreatorId>
      <CreatorDate>05/09/2017 14:58:11</CreatorDate>
      <UpdatorId>TSTC</UpdatorId>
      <UpdatorDate>08/05/2021 17:38:26</UpdatorDate>
      <IncidentSuppNarrative>
         <NarrativeNumber>1</NarrativeNumber>
         <NarrativeTitle>Original Narrative</NarrativeTitle>
         <NarrativeText>&amp;nbsp;zxcvzcxvzc</NarrativeText>
         <CreatorId>STATE_OFFICER11</CreatorId>
         <CreatorDate>05/09/2017 15:03:01</CreatorDate>
         <UpdatorId>STATE_OFFICER11</UpdatorId>
         <UpdatorDate>05/09/2017 15:03:01</UpdatorDate>
      </IncidentSuppNarrative>
      <IncidentOfficer>
         <OfficerRoleCode>P</OfficerRoleCode>
         <Officer>
            <AgencyCode>D42</AgencyCode>
            <ORINumber>SC0280000</ORINumber>
            <LastName>Ranz</LastName>
            <FirstName>Greg</FirstName>
            <InternalID>9696</InternalID>
         </Officer>
      </IncidentOfficer>
      <IncidentOfficer>
         <OfficerRoleCode>R</OfficerRoleCode>
         <Officer>
            <AgencyCode>D42</AgencyCode>
            <ORINumber>SC0280000</ORINumber>
            <LastName>Ranz</LastName>
            <FirstName>Greg</FirstName>
            <InternalID>9696</InternalID>
         </Officer>
      </IncidentOfficer>
      <IncidentOffense>
         <IncidentId>2660</IncidentId>
         <OffenseNumber>1</OffenseNumber>
         <OffenseStatusCode>00</OffenseStatusCode>
         <OffenseCode>35-43-2-2  C03</OffenseCode>
         <PlaceCode>45</PlaceCode>
         <BiasCode>15</BiasCode>
         <CSAUCode>A</CSAUCode>
         <SupplementSeq>0</SupplementSeq>
         <UCRNumber>1</UCRNumber>
         <OffenseStatusDate>05/09/2017 14:58:00</OffenseStatusDate>
         <AttemptedCompletedCode>A</AttemptedCompletedCode>
         <ArrestChargeCode>35-43-2-2  C03</ArrestChargeCode>
         <CreatorId>STATE_OFFICER11</CreatorId>
         <CreatorDate>05/09/2017 14:59:15</CreatorDate>
         <UpdatorId>STATE_OFFICER11</UpdatorId>
         <UpdatorDate>05/09/2017 14:59:15</UpdatorDate>
      </IncidentOffense>
      <IncidentPerson>
         <ApproxAge>51</ApproxAge>
         <CreatorId>STATE_OFFICER11</CreatorId>
         <CreatorDate>05/09/2017 15:02:53</CreatorDate>
         <UpdatorId>TSTC</UpdatorId>
         <UpdatorDate>05/24/2023 12:41:23</UpdatorDate>
         <Person>
            <PersonId>658</PersonId>
            <RaceCode>W</RaceCode>
            <SexCode>M</SexCode>
            <PersonVerified>Y</PersonVerified>
            <PersonPrimaryName>
               <LastName>Parks</LastName>
               <FirstName>Denise</FirstName>
               <MiddleName>Amy</MiddleName>
               <DOB>05/14/1965 00:00:00</DOB>
               <SSN>6.47903873E8</SSN>
               <DateOfInfo>12/04/2014 15:17:54</DateOfInfo>
               <SLastName>P620</SLastName>
               <SFirstName>D520</SFirstName>
            </PersonPrimaryName>
            <PersonPrimaryName>
               <LastName>Parks</LastName>
               <FirstName>Dee</FirstName>
               <DateOfInfo>12/04/2014 00:00:00</DateOfInfo>
               <SLastName>P620</SLastName>
               <SFirstName>D000</SFirstName>
            </PersonPrimaryName>
            <Alias>
               <NameTypeCode>P</NameTypeCode>
               <LastName>Parks</LastName>
               <FirstName>Denise</FirstName>
               <MiddleName>Amy</MiddleName>
               <DOB>05/14/1965 00:00:00</DOB>
               <SSN>6.47903873E8</SSN>
               <SLastName>P620</SLastName>
               <SFirstName>D520</SFirstName>
               <DateOfInfo>12/04/2014 15:17:54</DateOfInfo>
            </Alias>
            <Alias>
               <NameTypeCode>A</NameTypeCode>
               <LastName>Parks</LastName>
               <FirstName>Dee</FirstName>
               <SLastName>P620</SLastName>
               <SFirstName>D000</SFirstName>
               <DateOfInfo>12/04/2014 00:00:00</DateOfInfo>
            </Alias>
            <PersonAddress>
               <StreetNumber>2639</StreetNumber>
               <StreetDirCode>W</StreetDirCode>
               <StreetName>Pontiac</StreetName>
               <StreetTypeCode>DR</StreetTypeCode>
               <City>KNOX</City>
               <StateCode>IN</StateCode>
               <Zip5>66773</Zip5>
               <CountryCode>US</CountryCode>
               <Longitude>-86.125992</Longitude>
               <Latitude>39.775332</Latitude>
            </PersonAddress>
            <PersonPhone>
               <PhoneTypeCode>CEL</PhoneTypeCode>
               <PhoneArea>458</PhoneArea>
               <PhonePrefix>741</PhonePrefix>
               <PhoneSuffix>5482</PhoneSuffix>
               <DateOfInfo>12/04/2014 00:00:00</DateOfInfo>
            </PersonPhone>
            <PersonPhone>
               <PhoneTypeCode>RES</PhoneTypeCode>
               <PhoneArea>659</PhoneArea>
               <PhonePrefix>478</PhonePrefix>
               <PhoneSuffix>4521</PhoneSuffix>
               <DateOfInfo>12/04/2014 00:00:00</DateOfInfo>
            </PersonPhone>
         </Person>
         <IncidentPersonRole>
            <RoleType>S</RoleType>
            <CreatorId>STATE_OFFICER11</CreatorId>
            <CreatorDate>05/09/2017 15:02:53</CreatorDate>
            <UpdatorId>TSTC</UpdatorId>
            <UpdatorDate>08/15/2023 20:32:22</UpdatorDate>
         </IncidentPersonRole>
      </IncidentPerson>
      <IncidentBusiness>
         <BusinessNumber>240000001</BusinessNumber>
         <BusinessName>SOCIETY</BusinessName>
         <IncBusinessRoleCode>V</IncBusinessRoleCode>
         <CreatorId>STATE_OFFICER11</CreatorId>
         <CreatorDate>05/09/2017 14:59:16</CreatorDate>
         <UpdatorId>STATE_OFFICER11</UpdatorId>
         <UpdatorDate>05/09/2017 14:59:16</UpdatorDate>
      </IncidentBusiness>
   </IncidentSupplement>
</Incident>