<?xml version="1.0" encoding="UTF-8"?>
<Incident xmlns:xsi="http://www.w3.org/2001/XMLSchema-instance"
          xsi:noNamespaceSchemaLocation="file:///C:/DATA/EJS/SVN_Root/Ejustice/trunk/XMLTransformations/OnlineRMSInternalToIncident/IAOnlineRMSIncidentImport.xsd">
   <IncidentReportNum>2017-0105</IncidentReportNum>
   <AgencyCode>D42</AgencyCode>
   <ORINum>SC0280000</ORINum>
   <ReportDate>04/25/2017 11:52:22</ReportDate>
   <ReportTime>04/25/2017 11:52:22</ReportTime>
   <StartDate>04/25/2017 11:51:58</StartDate>
   <StartTime>04/25/2017 11:51:58</StartTime>
   <Summary>asdf</Summary>
   <CreatorId>M_TEST_USER1</CreatorId>
   <CreatorDate>04/25/2017 11:52:24</CreatorDate>
   <UpdatorId>TSTC</UpdatorId>
   <UpdatorDate>09/09/2021 18:46:42</UpdatorDate>
   <IncidentType>
      <IncidentTypeCode>CAD</IncidentTypeCode>
   </IncidentType>
   <IncidentAddress>
      <AddressId>669</AddressId>
      <City>4</City>
      <CreatorId>TSTC</CreatorId>
      <CreatorDate>04/25/2017 11:52:24</CreatorDate>
      <UpdatorId>TSTC</UpdatorId>
      <UpdatorDate>06/09/2017 12:24:12</UpdatorDate>
      <Address>
         <AddressId>669</AddressId>
         <StreetNumber>800</StreetNumber>
         <StreetName>Main</StreetName>
         <StreetTypeCode>ST</StreetTypeCode>
         <City>Belle Vernon</City>
         <StateCode>IN</StateCode>
         <CountryCode>US</CountryCode>
         <Longitude>-79.86199910408847</Longitude>
         <Latitude>40.12195249446411</Latitude>
         <AddressCommonName>
            <CommonPlaceName>FARM GOAT FARM</CommonPlaceName>
         </AddressCommonName>
         <AddressCommonName>
            <CommonPlaceName>Dead strip</CommonPlaceName>
         </AddressCommonName>
      </Address>
   </IncidentAddress>
   <IncidentSupplement>
      <SupplementSequence>0</SupplementSequence>
      <IncSupplementStatusCode>A</IncSupplementStatusCode>
      <SuppReportDate>04/25/2017 11:52:22</SuppReportDate>
      <SuppReportTime>04/25/2017 11:52:22</SuppReportTime>
      <AgencyOnly>N</AgencyOnly>
      <SecurityLevel>400</SecurityLevel>
      <SuppAgencyCode>D42</SuppAgencyCode>
      <UnknownNoOffenders>N</UnknownNoOffenders>
      <DsIcrDate>06/09/2017 12:26:17</DsIcrDate>
      <DsIcrSubmissionStatus>NOT REPORTABLE</DsIcrSubmissionStatus>
      <CreatorId>TSTC</CreatorId>
      <CreatorDate>04/25/2017 11:52:24</CreatorDate>
      <UpdatorId>TSTC</UpdatorId>
      <UpdatorDate>08/05/2021 17:38:26</UpdatorDate>
      <IncidentSuppNarrative>
         <NarrativeNumber>1</NarrativeNumber>
         <NarrativeTitle>Original Narrative</NarrativeTitle>
         <NarrativeText>&amp;nbsp;asdfasdf</NarrativeText>
         <CreatorId>OFFICER_DMM</CreatorId>
         <CreatorDate>04/26/2017 14:48:49</CreatorDate>
         <UpdatorId>OFFICER_DMM</UpdatorId>
         <UpdatorDate>04/26/2017 14:48:49</UpdatorDate>
      </IncidentSuppNarrative>
      <IncidentOfficer>
         <OfficerRoleCode>P</OfficerRoleCode>
         <Officer>
            <AgencyCode>D34</AgencyCode>
            <ORINumber>852963741</ORINumber>
            <LastName>McMillan</LastName>
            <FirstName>Dana</FirstName>
            <InternalID>DMM12345</InternalID>
         </Officer>
      </IncidentOfficer>
      <IncidentOfficer>
         <OfficerRoleCode>R</OfficerRoleCode>
         <Officer>
            <AgencyCode>D42</AgencyCode>
            <ORINumber>SC0280000</ORINumber>
            <LastName>McMillan</LastName>
            <FirstName>Dana</FirstName>
            <InternalID>DMM12345</InternalID>
         </Officer>
      </IncidentOfficer>
      <IncidentPerson>
         <ApproxAge>27</ApproxAge>
         <CreatorId>OFFICER_DMM</CreatorId>
         <CreatorDate>06/09/2017 12:24:40</CreatorDate>
         <UpdatorId>TSTC</UpdatorId>
         <UpdatorDate>05/24/2023 12:41:24</UpdatorDate>
         <Person>
            <PersonId>892</PersonId>
            <RaceCode>W</RaceCode>
            <SexCode>M</SexCode>
            <EthnicityCode>U</EthnicityCode>
            <PersonVerified>Y</PersonVerified>
            <PersonPrimaryName>
               <LastName>TEST</LastName>
               <FirstName>GUY</FirstName>
               <DOB>01/01/1990 00:00:00</DOB>
               <DateOfInfo>06/09/2017 12:21:00</DateOfInfo>
               <SLastName>T230</SLastName>
               <SFirstName>G000</SFirstName>
            </PersonPrimaryName>
            <Alias>
               <NameTypeCode>P</NameTypeCode>
               <LastName>TEST</LastName>
               <FirstName>GUY</FirstName>
               <DOB>01/01/1990 00:00:00</DOB>
               <SLastName>T230</SLastName>
               <SFirstName>G000</SFirstName>
               <DateOfInfo>06/09/2017 12:21:00</DateOfInfo>
            </Alias>
         </Person>
         <IncidentPersonRole>
            <RoleType>S</RoleType>
            <CreatorId>OFFICER_DMM</CreatorId>
            <CreatorDate>06/09/2017 12:24:40</CreatorDate>
            <UpdatorId>TSTC</UpdatorId>
            <UpdatorDate>08/15/2023 20:32:22</UpdatorDate>
         </IncidentPersonRole>
      </IncidentPerson>
      <IncidentPerson>
         <ApproxAge>52</ApproxAge>
         <ResidentStatusCode>C</ResidentStatusCode>
         <CreatorId>OFFICER_DMM</CreatorId>
         <CreatorDate>06/09/2017 12:25:22</CreatorDate>
         <UpdatorId>TSTC</UpdatorId>
         <UpdatorDate>05/24/2023 12:41:23</UpdatorDate>
         <Person>
            <PersonId>880</PersonId>
            <RaceCode>W</RaceCode>
            <SexCode>M</SexCode>
            <EthnicityCode>U</EthnicityCode>
            <PersonVerified>Y</PersonVerified>
            <PersonPrimaryName>
               <LastName>Nash</LastName>
               <FirstName>Frank</FirstName>
               <DateOfInfo>06/06/2017 12:24:33</DateOfInfo>
               <SLastName>N200</SLastName>
               <SFirstName>F652</SFirstName>
            </PersonPrimaryName>
            <Alias>
               <NameTypeCode>P</NameTypeCode>
               <LastName>Nash</LastName>
               <FirstName>Frank</FirstName>
               <SLastName>N200</SLastName>
               <SFirstName>F652</SFirstName>
               <DateOfInfo>06/06/2017 12:24:33</DateOfInfo>
            </Alias>
         </Person>
         <IncidentPersonRole>
            <RoleType>V</RoleType>
            <CreatorId>OFFICER_DMM</CreatorId>
            <CreatorDate>06/09/2017 12:25:22</CreatorDate>
            <UpdatorId>TSTC</UpdatorId>
            <UpdatorDate>08/15/2023 20:32:23</UpdatorDate>
         </IncidentPersonRole>
      </IncidentPerson>
   </IncidentSupplement>
</Incident>