<?xml version="1.0" encoding="UTF-8"?>
<Incident xmlns:xsi="http://www.w3.org/2001/XMLSchema-instance"
          xsi:noNamespaceSchemaLocation="file:///C:/DATA/EJS/SVN_Root/Ejustice/trunk/XMLTransformations/OnlineRMSInternalToIncident/IAOnlineRMSIncidentImport.xsd">
   <IncidentReportNum>13ISPC000020</IncidentReportNum>
   <AgencyCode>D42</AgencyCode>
   <ORINum>SC0280000</ORINum>
   <ReportDate>03/26/2013 13:17:00</ReportDate>
   <ReportTime>03/26/2013 13:17:00</ReportTime>
   <StartDate>03/26/2013 13:13:00</StartDate>
   <StartTime>03/01/2013 13:13:00</StartTime>
   <EndDate>03/26/2013 13:13:00</EndDate>
   <EndTime>03/01/2013 13:13:00</EndTime>
   <CreatorId>TSTC</CreatorId>
   <CreatorDate>03/26/2013 13:11:59</CreatorDate>
   <UpdatorId>TSTC</UpdatorId>
   <UpdatorDate>09/09/2021 18:46:23</UpdatorDate>
   <IncidentType>
      <IncidentTypeCode>AFR</IncidentTypeCode>
   </IncidentType>
   <IncidentAddress>
      <AddressId>118</AddressId>
      <Beat>Test</Beat>
      <SubBeat>Area</SubBeat>
      <City>1</City>
      <CreatorId>TSTC</CreatorId>
      <CreatorDate>03/26/2013 13:11:59</CreatorDate>
      <UpdatorId>STATE_OFFICER11</UpdatorId>
      <UpdatorDate>03/27/2013 16:27:29</UpdatorDate>
      <Address>
         <AddressId>118</AddressId>
         <StreetNumber>555</StreetNumber>
         <StreetDirCode>E</StreetDirCode>
         <StreetName>PERRY</StreetName>
         <StreetTypeCode>ST</StreetTypeCode>
         <City>VERSAILLES</City>
         <StateCode>IN</StateCode>
         <SubBeat>P69</SubBeat>
         <Longitude>-85.245519</Longitude>
         <Latitude>39.0693128</Latitude>
      </Address>
   </IncidentAddress>
   <IncidentSupplement>
      <SupplementSequence>0</SupplementSequence>
      <IncSupplementStatusCode>A</IncSupplementStatusCode>
      <SuppReportDate>03/26/2013 13:17:46</SuppReportDate>
      <SuppReportTime>03/26/2013 13:17:46</SuppReportTime>
      <AgencyOnly>Y</AgencyOnly>
      <SecurityLevel>1900</SecurityLevel>
      <SuppAgencyCode>D42</SuppAgencyCode>
      <UnknownNoOffenders>N</UnknownNoOffenders>
      <DsIcrDate>07/02/2013 18:18:54</DsIcrDate>
      <DsIcrSubmissionStatus>PROCESS COMPLETE</DsIcrSubmissionStatus>
      <CreatorId>TSTC</CreatorId>
      <CreatorDate>03/26/2013 13:11:59</CreatorDate>
      <UpdatorId>TSTC</UpdatorId>
      <UpdatorDate>08/05/2021 17:38:16</UpdatorDate>
      <IncidentSuppNarrative>
         <NarrativeNumber>1</NarrativeNumber>
         <NarrativeTitle>Combined narratives from CAD</NarrativeTitle>
         <NarrativeText> 03/26/2013 13:17:28  Testing Vehicle Owner&lt;br /&gt;</NarrativeText>
         <CreatorId>TSTC</CreatorId>
         <CreatorDate>03/26/2013 13:11:57</CreatorDate>
         <UpdatorId>TSTC</UpdatorId>
         <UpdatorDate>03/26/2013 13:11:59</UpdatorDate>
      </IncidentSuppNarrative>
      <IncidentOfficer>
         <OfficerRoleCode>P</OfficerRoleCode>
         <Officer>
            <AgencyCode>D42</AgencyCode>
            <ORINumber>SC0280000</ORINumber>
            <LastName>Ranz</LastName>
            <FirstName>Greg</FirstName>
            <InternalID>9696</InternalID>
         </Officer>
      </IncidentOfficer>
      <IncidentOfficer>
         <OfficerRoleCode>R</OfficerRoleCode>
         <Officer>
            <AgencyCode>D42</AgencyCode>
            <ORINumber>SC0280000</ORINumber>
            <LastName>Ranz</LastName>
            <FirstName>Greg</FirstName>
            <InternalID>9696</InternalID>
         </Officer>
      </IncidentOfficer>
      <IncidentOffense>
         <IncidentId>1089</IncidentId>
         <OffenseNumber>1</OffenseNumber>
         <OffenseStatusCode>00</OffenseStatusCode>
         <OffenseCode>35-42-5-1  R03</OffenseCode>
         <PlaceCode>04</PlaceCode>
         <BiasCode>88</BiasCode>
         <CSAUCode>C</CSAUCode>
         <SupplementSeq>0</SupplementSeq>
         <UCRNumber>1</UCRNumber>
         <OffenseStatusDate>03/27/2013 16:23:00</OffenseStatusDate>
         <AttemptedCompletedCode>C</AttemptedCompletedCode>
         <ArrestChargeCode>35-42-5-1  R03</ArrestChargeCode>
         <CreatorId>STATE_OFFICER11</CreatorId>
         <CreatorDate>03/27/2013 16:24:23</CreatorDate>
         <UpdatorId>TSTC</UpdatorId>
         <UpdatorDate>07/02/2013 18:21:29</UpdatorDate>
      </IncidentOffense>
      <IncidentPerson>
         <ApproxAge>40</ApproxAge>
         <CreatorId>STATE_OFFICER11</CreatorId>
         <CreatorDate>03/27/2013 16:25:21</CreatorDate>
         <UpdatorId>TSTC</UpdatorId>
         <UpdatorDate>05/24/2023 12:41:13</UpdatorDate>
         <Person>
            <PersonId>423</PersonId>
            <RaceCode>A</RaceCode>
            <SexCode>M</SexCode>
            <PersonVerified>Y</PersonVerified>
            <PersonPrimaryName>
               <DateOfInfo>03/27/2013 16:25:21</DateOfInfo>
            </PersonPrimaryName>
            <Alias>
               <NameTypeCode>P</NameTypeCode>
               <DateOfInfo>03/27/2013 16:25:21</DateOfInfo>
            </Alias>
         </Person>
         <IncidentPersonRole>
            <RoleType>S</RoleType>
            <CreatorId>STATE_OFFICER11</CreatorId>
            <CreatorDate>03/27/2013 16:25:21</CreatorDate>
            <UpdatorId>TSTC</UpdatorId>
            <UpdatorDate>08/15/2023 20:32:17</UpdatorDate>
         </IncidentPersonRole>
      </IncidentPerson>
      <IncidentBusiness>
         <BusinessNumber>3</BusinessNumber>
         <BusinessName>Bank Of America</BusinessName>
         <IncBusinessRoleCode>V</IncBusinessRoleCode>
         <CreatorId>STATE_OFFICER11</CreatorId>
         <CreatorDate>03/27/2013 16:25:37</CreatorDate>
         <UpdatorId>STATE_OFFICER11</UpdatorId>
         <UpdatorDate>03/27/2013 16:25:37</UpdatorDate>
         <BusinessAddress>
            <AddressId>120</AddressId>
            <StreetNumber>100</StreetNumber>
            <StreetName>Ash</StreetName>
            <StreetTypeCode>ST</StreetTypeCode>
            <City>INDIANAPOLIS</City>
            <StateCode>IN</StateCode>
            <Zip5>01234</Zip5>
            <Zip4>7777</Zip4>
            <CountryCode>US</CountryCode>
            <Longitude>-86.26354</Longitude>
            <Latitude>39.95494</Latitude>
            <Beat>Test</Beat>
            <SubBeat>Area</SubBeat>
            <AddressCommonName>
               <CommonPlaceName>Health Center</CommonPlaceName>
            </AddressCommonName>
            <BusinessPhone>
               <PhoneTypeCode>RES</PhoneTypeCode>
               <PhoneArea>111</PhoneArea>
               <PhonePrefix>222</PhonePrefix>
               <PhoneSuffix>3333</PhoneSuffix>
               <DateOfInfo>11/05/2015 00:00:00</DateOfInfo>
            </BusinessPhone>
            <BusinessPhone>
               <PhoneTypeCode>BUS</PhoneTypeCode>
               <PhoneArea>222</PhoneArea>
               <PhonePrefix>333</PhonePrefix>
               <PhoneSuffix>4444</PhoneSuffix>
               <DateOfInfo>11/05/2015 00:00:00</DateOfInfo>
            </BusinessPhone>
            <BusinessPhone>
               <PhoneTypeCode>BUS</PhoneTypeCode>
               <PhoneArea>555</PhoneArea>
               <PhonePrefix>666</PhonePrefix>
               <PhoneSuffix>7777</PhoneSuffix>
               <DateOfInfo>11/05/2015 00:00:00</DateOfInfo>
            </BusinessPhone>
            <BusinessPhone>
               <PhoneTypeCode>BUS</PhoneTypeCode>
               <PhoneArea>888</PhoneArea>
               <PhonePrefix>888</PhonePrefix>
               <PhoneSuffix>8888</PhoneSuffix>
               <DateOfInfo>11/05/2015 00:00:00</DateOfInfo>
            </BusinessPhone>
            <BusinessPhone>
               <PhoneTypeCode>CEL</PhoneTypeCode>
               <PhoneArea>999</PhoneArea>
               <PhonePrefix>999</PhonePrefix>
               <PhoneSuffix>7999</PhoneSuffix>
               <DateOfInfo>11/05/2015 00:00:00</DateOfInfo>
            </BusinessPhone>
            <BusinessPhone>
               <PhoneTypeCode>D/F</PhoneTypeCode>
               <PhoneArea>777</PhoneArea>
               <PhonePrefix>666</PhonePrefix>
               <PhoneSuffix>7777</PhoneSuffix>
               <DateOfInfo>11/05/2015 00:00:00</DateOfInfo>
            </BusinessPhone>
            <BusinessPhone>
               <PhoneTypeCode>PAG</PhoneTypeCode>
               <PhoneArea>234</PhoneArea>
               <PhonePrefix>234</PhonePrefix>
               <PhoneSuffix>2344</PhoneSuffix>
               <DateOfInfo>11/05/2015 00:00:00</DateOfInfo>
            </BusinessPhone>
            <BusinessPhone>
               <PhoneTypeCode>CEL</PhoneTypeCode>
               <PhoneArea>234</PhoneArea>
               <PhonePrefix>121</PhonePrefix>
               <PhoneSuffix>1111</PhoneSuffix>
               <DateOfInfo>11/05/2015 00:00:00</DateOfInfo>
            </BusinessPhone>
            <BusinessPhone>
               <PhoneTypeCode>BUS</PhoneTypeCode>
               <PhoneArea>234</PhoneArea>
               <PhonePrefix>276</PhonePrefix>
               <PhoneSuffix>6666</PhoneSuffix>
               <DateOfInfo>11/05/2015 00:00:00</DateOfInfo>
            </BusinessPhone>
            <BusinessPhone>
               <PhoneTypeCode>RES</PhoneTypeCode>
               <PhoneArea>747</PhoneArea>
               <PhonePrefix>747</PhonePrefix>
               <PhoneSuffix>7777</PhoneSuffix>
               <DateOfInfo>11/05/2015 00:00:00</DateOfInfo>
            </BusinessPhone>
            <BusinessPhone>
               <PhoneTypeCode>RES</PhoneTypeCode>
               <PhoneArea>969</PhoneArea>
               <PhonePrefix>665</PhonePrefix>
               <PhoneSuffix>5456</PhoneSuffix>
               <DateOfInfo>11/05/2015 00:00:00</DateOfInfo>
            </BusinessPhone>
         </BusinessAddress>
      </IncidentBusiness>
      <IncidentVehicle>
         <VEHICLE_ID>191</VEHICLE_ID>
         <RoleCode>OT</RoleCode>
         <CreatorId>TSTC</CreatorId>
         <CreatorDate>03/26/2013 13:11:59</CreatorDate>
         <UpdatorId>TSTC</UpdatorId>
         <UpdatorDate>03/26/2013 13:11:59</UpdatorDate>
         <DateOfInfo>03/26/2013 13:11:58</DateOfInfo>
         <StatusCode>8</StatusCode>
         <VIN>3456789RFGHJK6TY67</VIN>
         <VehicleYear>2002</VehicleYear>
         <VehicleMakeCode>HOND</VehicleMakeCode>
         <VehicleModelCode>PRE</VehicleModelCode>
         <VehPriColorCode>SIL</VehPriColorCode>
         <VehicleLicStateCode>CO</VehicleLicStateCode>
         <VehicleLicNumber>ABCD1234</VehicleLicNumber>
         <VehicleLicYear>2013</VehicleLicYear>
         <VehConditionCode>G</VehConditionCode>
      </IncidentVehicle>
      <IncidentProperty>
         <RoleCode>7</RoleCode>
         <CreatorId>STATE_OFFICER11</CreatorId>
         <CreatorDate>03/27/2013 16:26:20</CreatorDate>
         <UpdatorId>TSTC</UpdatorId>
         <UpdatorDate>08/10/2017 23:00:34</UpdatorDate>
         <DateOfInfo>03/27/2013 00:00:00</DateOfInfo>
         <StatusCode>7</StatusCode>
         <DocumentTypeCode>C</DocumentTypeCode>
         <PropertyTypeCode>CSH</PropertyTypeCode>
         <PropertyValue>50000</PropertyValue>
         <Value>50000</Value>
         <Evidence>N</Evidence>
         <EvidenceFlag>N</EvidenceFlag>
         <Property_ID>782</Property_ID>
         <Quantity>500</Quantity>
         <Amount>50000</Amount>
      </IncidentProperty>
   </IncidentSupplement>
</Incident>