<?xml version="1.0" encoding="UTF-8"?>
<Incident xmlns:xsi="http://www.w3.org/2001/XMLSchema-instance"
          xsi:noNamespaceSchemaLocation="file:///C:/DATA/EJS/SVN_Root/Ejustice/trunk/XMLTransformations/OnlineRMSInternalToIncident/IAOnlineRMSIncidentImport.xsd">
   <IncidentReportNum>2012-0071</IncidentReportNum>
   <AgencyCode>D42</AgencyCode>
   <ORINum>SC0280000</ORINum>
   <ReportDate>03/30/2012 10:56:00</ReportDate>
   <ReportTime>03/30/2012 10:56:00</ReportTime>
   <StartDate>03/30/2012 10:56:00</StartDate>
   <StartTime>03/01/2012 10:56:00</StartTime>
   <Summary>Test offense </Summary>
   <CreatorId>STATE_OFFICER1</CreatorId>
   <CreatorDate>03/30/2012 10:56:34</CreatorDate>
   <UpdatorId>TSTC</UpdatorId>
   <UpdatorDate>09/09/2021 18:46:17</UpdatorDate>
   <IncidentType>
      <IncidentTypeCode>B/H</IncidentTypeCode>
   </IncidentType>
   <IncidentAddress>
      <AddressId>129</AddressId>
      <CreatorId>TSTC</CreatorId>
      <CreatorDate>09/14/2012 10:33:22</CreatorDate>
      <UpdatorId>C_ADMIN</UpdatorId>
      <UpdatorDate>11/14/2013 16:49:22</UpdatorDate>
      <Address>
         <AddressId>129</AddressId>
         <StreetNumber>123</StreetNumber>
         <StreetDirCode>N</StreetDirCode>
         <StreetName>Main</StreetName>
         <StreetTypeCode>ST</StreetTypeCode>
         <City>BATESVILLE</City>
         <StateCode>IN</StateCode>
         <CountryCode>US</CountryCode>
         <Beat>Test</Beat>
         <SubBeat>Area</SubBeat>
         <Longitude>-85.221902</Longitude>
         <Latitude>39.299375</Latitude>
         <AddressCommonName>
            <CommonPlaceName>123 Main St</CommonPlaceName>
         </AddressCommonName>
         <AddressCommonName>
            <CommonPlaceName>AROUND THE CORNER</CommonPlaceName>
         </AddressCommonName>
      </Address>
   </IncidentAddress>
   <IncidentSupplement>
      <SupplementSequence>0</SupplementSequence>
      <IncSupplementStatusCode>A</IncSupplementStatusCode>
      <SuppReportDate>03/30/2012 10:56:34</SuppReportDate>
      <SuppReportTime>03/30/2012 10:56:34</SuppReportTime>
      <AgencyOnly>N</AgencyOnly>
      <SecurityLevel>1100</SecurityLevel>
      <SuppAgencyCode>D16</SuppAgencyCode>
      <UnknownNoOffenders>N</UnknownNoOffenders>
      <DsIcrDate>10/29/2013 12:33:53</DsIcrDate>
      <DsIcrSubmissionStatus>NOT REPORTABLE</DsIcrSubmissionStatus>
      <CreatorId>STATE_OFFICER1</CreatorId>
      <CreatorDate>03/30/2012 10:56:34</CreatorDate>
      <UpdatorId>TSTC</UpdatorId>
      <UpdatorDate>08/05/2021 17:38:09</UpdatorDate>
      <IncidentSuppNarrative>
         <NarrativeNumber>1</NarrativeNumber>
         <NarrativeTitle>Original Narrative</NarrativeTitle>
         <NarrativeText>test</NarrativeText>
         <CreatorId>STATE_OFFICER1</CreatorId>
         <CreatorDate>03/30/2012 12:18:59</CreatorDate>
         <UpdatorId>STATE_OFFICER1</UpdatorId>
         <UpdatorDate>03/30/2012 12:18:59</UpdatorDate>
      </IncidentSuppNarrative>
      <IncidentOfficer>
         <OfficerRoleCode>P</OfficerRoleCode>
         <Officer>
            <AgencyCode>D16</AgencyCode>
            <ORINumber/>
            <LastName>Arnez</LastName>
            <FirstName>Julio (osuper)</FirstName>
            <InternalID>71</InternalID>
         </Officer>
      </IncidentOfficer>
      <IncidentOfficer>
         <OfficerRoleCode>R</OfficerRoleCode>
         <Officer>
            <AgencyCode>D21</AgencyCode>
            <ORINumber>901234567</ORINumber>
            <LastName>Lauren</LastName>
            <FirstName>Ralph (off)</FirstName>
            <InternalID>100</InternalID>
         </Officer>
      </IncidentOfficer>
      <IncidentPerson>
         <ApproxAge>46</ApproxAge>
         <CreatorId>STATE_OFFICER1</CreatorId>
         <CreatorDate>03/30/2012 11:32:45</CreatorDate>
         <UpdatorId>TSTC</UpdatorId>
         <UpdatorDate>05/24/2023 12:41:09</UpdatorDate>
         <Person>
            <PersonId>70</PersonId>
            <RaceCode>U</RaceCode>
            <SexCode>M</SexCode>
            <PersonVerified>Y</PersonVerified>
            <PersonPrimaryName>
               <LastName>Rotten</LastName>
               <FirstName>Johnny</FirstName>
               <MiddleName>Paul</MiddleName>
               <DOB>01/01/1966 00:00:00</DOB>
               <SSN>5.55667777E8</SSN>
               <DateOfInfo>03/28/2012 13:34:50</DateOfInfo>
               <SLastName>R350</SLastName>
               <SFirstName>J500</SFirstName>
            </PersonPrimaryName>
            <Alias>
               <NameTypeCode>P</NameTypeCode>
               <LastName>Rotten</LastName>
               <FirstName>Johnny</FirstName>
               <MiddleName>Paul</MiddleName>
               <DOB>01/01/1966 00:00:00</DOB>
               <SSN>5.55667777E8</SSN>
               <SLastName>R350</SLastName>
               <SFirstName>J500</SFirstName>
               <DateOfInfo>03/28/2012 13:34:50</DateOfInfo>
            </Alias>
         </Person>
         <IncidentPersonRole>
            <RoleType>S</RoleType>
            <CreatorId>STATE_OFFICER1</CreatorId>
            <CreatorDate>03/30/2012 11:33:01</CreatorDate>
            <UpdatorId>TSTC</UpdatorId>
            <UpdatorDate>08/15/2023 20:32:15</UpdatorDate>
         </IncidentPersonRole>
         <IncidentPersonRole>
            <RoleType>C</RoleType>
            <CreatorId>STATE_OFFICER1</CreatorId>
            <CreatorDate>03/30/2012 11:33:01</CreatorDate>
            <UpdatorId>TSTC</UpdatorId>
            <UpdatorDate>08/15/2023 20:32:15</UpdatorDate>
         </IncidentPersonRole>
      </IncidentPerson>
   </IncidentSupplement>
   <IncidentSupplement>
      <SupplementSequence>1</SupplementSequence>
      <IncSupplementStatusCode>A</IncSupplementStatusCode>
      <SuppReportDate>10/29/2013 12:39:40</SuppReportDate>
      <SuppReportTime>10/29/2013 12:39:40</SuppReportTime>
      <AgencyOnly>N</AgencyOnly>
      <SecurityLevel>1100</SecurityLevel>
      <SuppAgencyCode>OTHR</SuppAgencyCode>
      <UnknownNoOffenders>N</UnknownNoOffenders>
      <DsIcrDate>04/15/2014 00:15:44</DsIcrDate>
      <DsIcrSubmissionStatus>NOT REPORTABLE</DsIcrSubmissionStatus>
      <CreatorId>C_ADMIN</CreatorId>
      <CreatorDate>10/29/2013 12:39:40</CreatorDate>
      <UpdatorId>TSTC</UpdatorId>
      <UpdatorDate>08/05/2021 17:38:19</UpdatorDate>
      <IncidentSuppNarrative>
         <NarrativeNumber>1</NarrativeNumber>
         <NarrativeTitle>Supplement#1 - Narrative</NarrativeTitle>
         <NarrativeText>BURGLARY&amp;nbsp;TEMPLATE&lt;br /&gt;  &lt;br /&gt;  ANY&amp;nbsp;SUSPECTS?</NarrativeText>
         <CreatorId>SA_CIDSUPER</CreatorId>
         <CreatorDate>10/29/2013 12:40:02</CreatorDate>
         <UpdatorId>SA_CIDSUPER</UpdatorId>
         <UpdatorDate>10/29/2013 12:40:02</UpdatorDate>
      </IncidentSuppNarrative>
      <IncidentOfficer>
         <OfficerRoleCode>P</OfficerRoleCode>
         <Officer>
            <AgencyCode>OTHR</AgencyCode>
            <ORINumber>IN344SP00</ORINumber>
            <LastName>Friday</LastName>
            <FirstName>Joe</FirstName>
            <InternalID>11122</InternalID>
         </Officer>
      </IncidentOfficer>
      <IncidentOfficer>
         <OfficerRoleCode>R</OfficerRoleCode>
         <Officer>
            <AgencyCode>SAPD</AgencyCode>
            <ORINumber>IN0570000</ORINumber>
            <LastName>Case</LastName>
            <FirstName>Active</FirstName>
            <InternalID>99</InternalID>
         </Officer>
      </IncidentOfficer>
   </IncidentSupplement>
</Incident>