<?xml version="1.0" encoding="UTF-8"?>
<Incident xmlns:xsi="http://www.w3.org/2001/XMLSchema-instance"
          xsi:noNamespaceSchemaLocation="file:///C:/DATA/EJS/SVN_Root/Ejustice/trunk/XMLTransformations/OnlineRMSInternalToIncident/IAOnlineRMSIncidentImport.xsd">
   <IncidentReportNum>2020D4210326</IncidentReportNum>
   <AgencyCode>D42</AgencyCode>
   <ORINum>SC0280000</ORINum>
   <ReportDate>11/10/2020 10:03:00</ReportDate>
   <ReportTime>11/10/2020 10:03:00</ReportTime>
   <StartDate>11/10/2020 10:03:00</StartDate>
   <StartTime>11/10/2020 10:03:00</StartTime>
   <Summary>asdf</Summary>
   <CreatorId>STATE_OFFICER14</CreatorId>
   <CreatorDate>11/10/2020 10:03:33</CreatorDate>
   <UpdatorId>STATE_OFFICER14</UpdatorId>
   <UpdatorDate>04/04/2022 11:45:55</UpdatorDate>
   <IncidentType>
      <IncidentTypeCode>AIR</IncidentTypeCode>
   </IncidentType>
   <IncidentAddress>
      <AddressId>1712</AddressId>
      <City>7</City>
      <CreatorId>STATE_OFFICER14</CreatorId>
      <CreatorDate>11/10/2020 10:03:55</CreatorDate>
      <UpdatorId>TSTC</UpdatorId>
      <UpdatorDate>11/10/2020 10:04:04</UpdatorDate>
      <Address>
         <AddressId>1712</AddressId>
         <StreetNumber>1222</StreetNumber>
         <StreetDirCode>E</StreetDirCode>
         <StreetName>Elm</StreetName>
         <City>Denver</City>
         <CountryCode>US</CountryCode>
         <Distance>0</Distance>
      </Address>
   </IncidentAddress>
   <IncidentSupplement>
      <SupplementSequence>0</SupplementSequence>
      <IncSupplementStatusCode>A</IncSupplementStatusCode>
      <SuppReportDate>11/10/2020 10:03:33</SuppReportDate>
      <SuppReportTime>11/10/2020 10:03:33</SuppReportTime>
      <AgencyOnly>N</AgencyOnly>
      <SecurityLevel>990</SecurityLevel>
      <SuppAgencyCode>D42</SuppAgencyCode>
      <UnknownNoOffenders>N</UnknownNoOffenders>
      <DsIcrDate>04/04/2022 11:42:15</DsIcrDate>
      <DsIcrSubmissionStatus>READY TO BE PROCESSED-ORIGINAL</DsIcrSubmissionStatus>
      <CreatorId>STATE_OFFICER14</CreatorId>
      <CreatorDate>11/10/2020 10:03:33</CreatorDate>
      <UpdatorId>STATE_OFFICER14</UpdatorId>
      <UpdatorDate>04/04/2022 11:45:55</UpdatorDate>
      <IncidentSuppNarrative>
         <NarrativeNumber>1</NarrativeNumber>
         <NarrativeTitle>Original Narrative</NarrativeTitle>
         <NarrativeText>sdfsdf</NarrativeText>
         <CreatorId>STATE_OFFICER14</CreatorId>
         <CreatorDate>11/10/2020 10:04:35</CreatorDate>
         <UpdatorId>STATE_OFFICER14</UpdatorId>
         <UpdatorDate>11/10/2020 10:04:35</UpdatorDate>
      </IncidentSuppNarrative>
      <IncidentOfficer>
         <OfficerRoleCode>P</OfficerRoleCode>
         <Officer>
            <AgencyCode>D42</AgencyCode>
            <ORINumber>SC0280000</ORINumber>
            <LastName>Smith</LastName>
            <FirstName>Charles</FirstName>
            <InternalID>2014</InternalID>
         </Officer>
      </IncidentOfficer>
      <IncidentOfficer>
         <OfficerRoleCode>R</OfficerRoleCode>
         <Officer>
            <AgencyCode>D42</AgencyCode>
            <ORINumber>SC0280000</ORINumber>
            <LastName>Smith</LastName>
            <FirstName>Charles</FirstName>
            <InternalID>2014</InternalID>
         </Officer>
      </IncidentOfficer>
      <IncidentOffense>
         <IncidentId>3320</IncidentId>
         <OffenseNumber>1</OffenseNumber>
         <OffenseStatusCode>00</OffenseStatusCode>
         <OffenseCode>35-42-2-2  C03</OffenseCode>
         <PlaceCode>25</PlaceCode>
         <BiasCode>88</BiasCode>
         <CSAUCode>C</CSAUCode>
         <SupplementSeq>0</SupplementSeq>
         <UCRNumber>1</UCRNumber>
         <OffenseStatusDate>11/10/2020 10:03:00</OffenseStatusDate>
         <AttemptedCompletedCode>C</AttemptedCompletedCode>
         <ArrestChargeCode>35-42-2-2  C03</ArrestChargeCode>
         <CreatorId>STATE_OFFICER14</CreatorId>
         <CreatorDate>11/10/2020 10:04:27</CreatorDate>
         <UpdatorId>STATE_OFFICER14</UpdatorId>
         <UpdatorDate>11/10/2020 10:04:27</UpdatorDate>
      </IncidentOffense>
      <IncidentPerson>
         <ApproxAge>32</ApproxAge>
         <CreatorId>STATE_OFFICER14</CreatorId>
         <CreatorDate>11/10/2020 11:39:01</CreatorDate>
         <UpdatorId>TSTC</UpdatorId>
         <UpdatorDate>05/24/2023 12:41:25</UpdatorDate>
         <Person>
            <PersonId>1087</PersonId>
            <RaceCode>W</RaceCode>
            <SexCode>F</SexCode>
            <PersonVerified>Y</PersonVerified>
            <PersonPrimaryName>
               <LastName>Anderson</LastName>
               <FirstName>Shelly</FirstName>
               <DOB>08/05/1988 00:00:00</DOB>
               <DateOfInfo>11/10/2020 09:49:02</DateOfInfo>
               <SLastName>A536</SLastName>
               <SFirstName>S400</SFirstName>
            </PersonPrimaryName>
            <Alias>
               <NameTypeCode>P</NameTypeCode>
               <LastName>Anderson</LastName>
               <FirstName>Shelly</FirstName>
               <DOB>08/05/1988 00:00:00</DOB>
               <SLastName>A536</SLastName>
               <SFirstName>S400</SFirstName>
               <DateOfInfo>11/10/2020 09:49:02</DateOfInfo>
            </Alias>
            <PersonPhone>
               <PhoneTypeCode>RES</PhoneTypeCode>
               <PhoneArea>111</PhoneArea>
               <PhonePrefix>122</PhonePrefix>
               <PhoneSuffix>3333</PhoneSuffix>
               <DateOfInfo>11/10/2020 00:00:00</DateOfInfo>
            </PersonPhone>
         </Person>
         <IncidentPersonRole>
            <RoleType>S</RoleType>
            <CreatorId>STATE_OFFICER14</CreatorId>
            <CreatorDate>11/10/2020 11:39:02</CreatorDate>
            <UpdatorId>TSTC</UpdatorId>
            <UpdatorDate>08/15/2023 20:32:24</UpdatorDate>
         </IncidentPersonRole>
      </IncidentPerson>
      <IncidentPerson>
         <ApproxAge>43</ApproxAge>
         <ClearMultiArrestCode>N</ClearMultiArrestCode>
         <CreatorId>STATE_OFFICER14</CreatorId>
         <CreatorDate>11/10/2020 11:49:09</CreatorDate>
         <UpdatorId>TSTC</UpdatorId>
         <UpdatorDate>05/24/2023 12:41:24</UpdatorDate>
         <Person>
            <PersonId>1086</PersonId>
            <RaceCode>W</RaceCode>
            <SexCode>M</SexCode>
            <PersonVerified>Y</PersonVerified>
            <PersonPrimaryName>
               <LastName>Abner</LastName>
               <FirstName>Sherman</FirstName>
               <DOB>06/05/1977 00:00:00</DOB>
               <DateOfInfo>11/09/2020 10:40:37</DateOfInfo>
               <SLastName>A156</SLastName>
               <SFirstName>S655</SFirstName>
            </PersonPrimaryName>
            <Alias>
               <NameTypeCode>P</NameTypeCode>
               <LastName>Abner</LastName>
               <FirstName>Sherman</FirstName>
               <DOB>06/05/1977 00:00:00</DOB>
               <SLastName>A156</SLastName>
               <SFirstName>S655</SFirstName>
               <DateOfInfo>11/09/2020 10:40:37</DateOfInfo>
            </Alias>
         </Person>
         <IncidentPersonRole>
            <RoleType>A</RoleType>
            <CreatorId>STATE_OFFICER14</CreatorId>
            <CreatorDate>04/04/2022 11:41:34</CreatorDate>
            <UpdatorId>TSTC</UpdatorId>
            <UpdatorDate>08/15/2023 20:32:25</UpdatorDate>
         </IncidentPersonRole>
         <IncidentPersonRole>
            <RoleType>S</RoleType>
            <CreatorId>STATE_OFFICER14</CreatorId>
            <CreatorDate>04/04/2022 11:41:34</CreatorDate>
            <UpdatorId>TSTC</UpdatorId>
            <UpdatorDate>08/15/2023 20:32:25</UpdatorDate>
         </IncidentPersonRole>
      </IncidentPerson>
      <IncidentPerson>
         <ApproxAge>47</ApproxAge>
         <ResidentStatusCode>R</ResidentStatusCode>
         <CreatorId>STATE_OFFICER14</CreatorId>
         <CreatorDate>11/10/2020 12:08:39</CreatorDate>
         <UpdatorId>TSTC</UpdatorId>
         <UpdatorDate>05/24/2023 12:41:25</UpdatorDate>
         <Person>
            <PersonId>908</PersonId>
            <RaceCode>W</RaceCode>
            <SexCode>M</SexCode>
            <PersonVerified>Y</PersonVerified>
            <PersonPrimaryName>
               <LastName>Fallon</LastName>
               <FirstName>Jim</FirstName>
               <MiddleName>X3</MiddleName>
               <DOB>06/01/1973 00:00:00</DOB>
               <SSN>3.33333333E8</SSN>
               <DateOfInfo>06/16/2017 11:47:52</DateOfInfo>
               <SLastName>F450</SLastName>
               <SFirstName>J500</SFirstName>
            </PersonPrimaryName>
            <PersonPrimaryName>
               <LastName>Talkshow</LastName>
               <FirstName>King</FirstName>
               <DateOfInfo>06/16/2017 00:00:00</DateOfInfo>
               <SLastName>T420</SLastName>
               <SFirstName>K520</SFirstName>
            </PersonPrimaryName>
            <Alias>
               <NameTypeCode>P</NameTypeCode>
               <LastName>Fallon</LastName>
               <FirstName>Jim</FirstName>
               <MiddleName>X3</MiddleName>
               <DOB>06/01/1973 00:00:00</DOB>
               <SSN>3.33333333E8</SSN>
               <SLastName>F450</SLastName>
               <SFirstName>J500</SFirstName>
               <DateOfInfo>06/16/2017 11:47:52</DateOfInfo>
            </Alias>
            <Alias>
               <NameTypeCode>A</NameTypeCode>
               <LastName>Talkshow</LastName>
               <FirstName>King</FirstName>
               <SLastName>T420</SLastName>
               <SFirstName>K520</SFirstName>
               <DateOfInfo>06/16/2017 00:00:00</DateOfInfo>
            </Alias>
         </Person>
         <IncidentPersonRole>
            <RoleType>S</RoleType>
            <CreatorId>STATE_OFFICER14</CreatorId>
            <CreatorDate>11/10/2020 12:08:39</CreatorDate>
            <UpdatorId>TSTC</UpdatorId>
            <UpdatorDate>08/15/2023 20:32:25</UpdatorDate>
         </IncidentPersonRole>
      </IncidentPerson>
   </IncidentSupplement>
</Incident>