<?xml version="1.0" encoding="UTF-8"?>
<Incident xmlns:xsi="http://www.w3.org/2001/XMLSchema-instance"
          xsi:noNamespaceSchemaLocation="file:///C:/DATA/EJS/SVN_Root/Ejustice/trunk/XMLTransformations/OnlineRMSInternalToIncident/IAOnlineRMSIncidentImport.xsd">
   <IncidentReportNum>2020D4210259</IncidentReportNum>
   <AgencyCode>D42</AgencyCode>
   <ORINum>SC0280000</ORINum>
   <ReportDate>07/07/2020 13:37:00</ReportDate>
   <ReportTime>07/07/2020 13:37:00</ReportTime>
   <StartDate>07/07/2020 13:37:00</StartDate>
   <StartTime>07/07/2020 13:37:00</StartTime>
   <Summary>testTESTTEST</Summary>
   <InternalIncident>N</InternalIncident>
   <CreatorId>STATE_OFFICER11</CreatorId>
   <CreatorDate>07/07/2020 13:38:11</CreatorDate>
   <UpdatorId>STATE_OFFICER11</UpdatorId>
   <UpdatorDate>10/04/2023 10:12:56</UpdatorDate>
   <IncidentType>
      <IncidentTypeCode>CMF</IncidentTypeCode>
   </IncidentType>
   <IncidentAddress>
      <AddressId>1178</AddressId>
      <CreatorId>STATE_OFFICER11</CreatorId>
      <CreatorDate>10/04/2023 09:55:12</CreatorDate>
      <UpdatorId>TSTC</UpdatorId>
      <UpdatorDate>10/04/2023 10:00:44</UpdatorDate>
      <Address>
         <AddressId>1178</AddressId>
         <StreetNumber>123</StreetNumber>
         <StreetName>Greenbrier</StreetName>
         <StreetTypeCode>RD</StreetTypeCode>
         <City>Bullskin</City>
         <StateCode>IN</StateCode>
         <CountryCode>US</CountryCode>
         <Longitude>-79.46369093115253</Longitude>
         <Latitude>40.118490969489045</Latitude>
      </Address>
   </IncidentAddress>
   <IncidentSupplement>
      <SupplementSequence>0</SupplementSequence>
      <IncSupplementStatusCode>A</IncSupplementStatusCode>
      <SuppReportDate>07/07/2020 13:38:12</SuppReportDate>
      <SuppReportTime>07/07/2020 13:38:12</SuppReportTime>
      <AgencyOnly>N</AgencyOnly>
      <SecurityLevel>1100</SecurityLevel>
      <SuppAgencyCode>D42</SuppAgencyCode>
      <UnknownNoOffenders>N</UnknownNoOffenders>
      <DsIcrDate>10/04/2023 10:13:01</DsIcrDate>
      <DsIcrSubmissionStatus>NOT REPORTABLE</DsIcrSubmissionStatus>
      <CreatorId>STATE_OFFICER11</CreatorId>
      <CreatorDate>07/07/2020 13:38:12</CreatorDate>
      <UpdatorId>TSTC</UpdatorId>
      <UpdatorDate>10/04/2023 10:13:01</UpdatorDate>
      <IncidentSuppNarrative>
         <NarrativeNumber>1</NarrativeNumber>
         <NarrativeTitle>Complainant Narrative</NarrativeTitle>
         <NarrativeText>testday</NarrativeText>
         <CreatorId>STATE_OFFICER11</CreatorId>
         <CreatorDate>07/07/2020 13:38:12</CreatorDate>
         <UpdatorId>STATE_OFFICER11</UpdatorId>
         <UpdatorDate>07/07/2020 13:38:12</UpdatorDate>
      </IncidentSuppNarrative>
      <IncidentOfficer>
         <OfficerRoleCode>P</OfficerRoleCode>
         <Officer>
            <AgencyCode>D42</AgencyCode>
            <ORINumber>SC0280000</ORINumber>
            <LastName>Simpson</LastName>
            <FirstName>Homer</FirstName>
            <InternalID>9696</InternalID>
         </Officer>
      </IncidentOfficer>
      <IncidentOfficer>
         <OfficerRoleCode>R</OfficerRoleCode>
         <Officer>
            <AgencyCode>D42</AgencyCode>
            <ORINumber>SC0280000</ORINumber>
            <LastName>Simpson</LastName>
            <FirstName>Homer</FirstName>
            <InternalID>9696</InternalID>
         </Officer>
      </IncidentOfficer>
      <IncidentOffense>
         <IncidentId>3251</IncidentId>
         <OffenseNumber>1</OffenseNumber>
         <OffenseStatusCode>02</OffenseStatusCode>
         <OffenseCode>9-21-6-1</OffenseCode>
         <PlaceCode>25</PlaceCode>
         <BiasCode>88</BiasCode>
         <CSAUCode>C</CSAUCode>
         <SupplementSeq>0</SupplementSeq>
         <UCRNumber>1</UCRNumber>
         <OffenseStatusDate>07/08/2020 01:00:00</OffenseStatusDate>
         <AttemptedCompletedCode>C</AttemptedCompletedCode>
         <CreatorId>STATE_OFFICER11</CreatorId>
         <CreatorDate>10/04/2023 09:55:12</CreatorDate>
         <UpdatorId>STATE_OFFICER11</UpdatorId>
         <UpdatorDate>10/04/2023 10:05:46</UpdatorDate>
      </IncidentOffense>
      <IncidentPerson>
         <ApproxAge>32</ApproxAge>
         <CreatorId>STATE_OFFICER11</CreatorId>
         <CreatorDate>10/04/2023 09:55:12</CreatorDate>
         <UpdatorId>TSTC</UpdatorId>
         <UpdatorDate>10/04/2023 10:12:18</UpdatorDate>
         <Person>
            <PersonId>368</PersonId>
            <RaceCode>W</RaceCode>
            <SexCode>M</SexCode>
            <PersonVerified>Y</PersonVerified>
            <PersonPrimaryName>
               <LastName>LEFFLER</LastName>
               <FirstName>TIMOTHY</FirstName>
               <DOB>08/20/1987 00:00:00</DOB>
               <DateOfInfo>09/05/2012 14:14:02</DateOfInfo>
               <SLastName>L146</SLastName>
               <SFirstName>T530</SFirstName>
            </PersonPrimaryName>
            <Alias>
               <NameTypeCode>P</NameTypeCode>
               <LastName>LEFFLER</LastName>
               <FirstName>TIMOTHY</FirstName>
               <DOB>08/20/1987 00:00:00</DOB>
               <SLastName>L146</SLastName>
               <SFirstName>T530</SFirstName>
               <DateOfInfo>09/05/2012 14:14:02</DateOfInfo>
            </Alias>
            <PersonAddress>
               <StreetNumber>350</StreetNumber>
               <StreetName>B</StreetName>
               <StreetTypeCode>ST</StreetTypeCode>
               <StreetSuffixCode>NE</StreetSuffixCode>
               <City>LINTON</City>
               <StateCode>IN</StateCode>
               <Zip5>47441</Zip5>
               <Beat>Test</Beat>
               <SubBeat>Area</SubBeat>
            </PersonAddress>
         </Person>
         <IncidentPersonRole>
            <RoleType>C</RoleType>
            <CreatorId>STATE_OFFICER11</CreatorId>
            <CreatorDate>10/04/2023 10:12:18</CreatorDate>
            <UpdatorId>STATE_OFFICER11</UpdatorId>
            <UpdatorDate>10/04/2023 10:17:51</UpdatorDate>
         </IncidentPersonRole>
         <IncidentPersonRole>
            <RoleType>S</RoleType>
            <CreatorId>STATE_OFFICER11</CreatorId>
            <CreatorDate>10/04/2023 10:12:18</CreatorDate>
            <UpdatorId>STATE_OFFICER11</UpdatorId>
            <UpdatorDate>10/04/2023 10:12:18</UpdatorDate>
         </IncidentPersonRole>
      </IncidentPerson>
      <IncidentVehicle>
         <VEHICLE_ID>12</VEHICLE_ID>
         <RoleCode>AB</RoleCode>
         <CreatorId>STATE_OFFICER11</CreatorId>
         <CreatorDate>10/04/2023 09:55:13</CreatorDate>
         <UpdatorId>STATE_OFFICER11</UpdatorId>
         <UpdatorDate>10/04/2023 09:55:13</UpdatorDate>
         <DateOfInfo>03/29/2012 00:00:00</DateOfInfo>
         <DateOfInfo>10/24/2014 13:12:50</DateOfInfo>
         <DateOfInfo>05/03/2022 11:07:51</DateOfInfo>
         <DateOfInfo>05/03/2022 11:12:06</DateOfInfo>
         <StatusCode>1</StatusCode>
         <VIN>123</VIN>
         <VehicleYear>2001</VehicleYear>
         <VehicleMakeCode>CHRY</VehicleMakeCode>
         <VehicleModelCode>TNC</VehicleModelCode>
         <VehicleStyleCode>FT</VehicleStyleCode>
         <VehicleTypeCode>TK</VehicleTypeCode>
         <VehPriColorCode>WHI</VehPriColorCode>
         <VehPriColorCode>BLU</VehPriColorCode>
         <VehPriColorCode>BLU</VehPriColorCode>
         <VehPriColorCode>BLU</VehPriColorCode>
         <VehSecColorCode>WHI</VehSecColorCode>
         <VehSecColorCode>BLU</VehSecColorCode>
         <VehSecColorCode>BLU</VehSecColorCode>
         <VehSecColorCode>BLU</VehSecColorCode>
         <VehicleLicStateCode>GA</VehicleLicStateCode>
         <VehicleLicStateCode>GA</VehicleLicStateCode>
         <VehicleLicStateCode>GA</VehicleLicStateCode>
         <VehicleLicStateCode>GA</VehicleLicStateCode>
         <VehicleLicNumber>ABC1234</VehicleLicNumber>
         <VehicleLicNumber>ABC1234</VehicleLicNumber>
         <VehicleLicNumber>ABC1234</VehicleLicNumber>
         <VehicleLicNumber>ABC1234</VehicleLicNumber>
         <VehicleLicYear>2011</VehicleLicYear>
         <VehicleLicYear>2011</VehicleLicYear>
         <VehicleLicYear>2011</VehicleLicYear>
         <VehicleLicYear>2011</VehicleLicYear>
         <VehicleLicMonth>12</VehicleLicMonth>
         <VehicleLicMonth>12</VehicleLicMonth>
         <VehicleLicMonth>12</VehicleLicMonth>
         <VehicleLicMonth>12</VehicleLicMonth>
         <VehicleLicTypeCode>PC</VehicleLicTypeCode>
         <VehicleLicTypeCode>PC</VehicleLicTypeCode>
         <VehicleLicTypeCode>PC</VehicleLicTypeCode>
         <VehicleLicTypeCode>PC</VehicleLicTypeCode>
         <VehConditionCode>G</VehConditionCode>
         <VehDamageCode>NaN</VehDamageCode>
         <VehDamageDesc>Seats wet</VehDamageDesc>
         <VehicleValue>123</VehicleValue>
         <VehicleValue>6000</VehicleValue>
      </IncidentVehicle>
   </IncidentSupplement>
</Incident>