<?xml version="1.0" encoding="UTF-8"?>
<Incident xmlns:xsi="http://www.w3.org/2001/XMLSchema-instance"
          xsi:noNamespaceSchemaLocation="file:///C:/DATA/EJS/SVN_Root/Ejustice/trunk/XMLTransformations/OnlineRMSInternalToIncident/IAOnlineRMSIncidentImport.xsd">
   <IncidentReportNum>2014ISP0000234</IncidentReportNum>
   <AgencyCode>D42</AgencyCode>
   <ORINum>SC0280000</ORINum>
   <ReportDate>03/10/2014 09:24:00</ReportDate>
   <ReportTime>03/10/2014 09:24:00</ReportTime>
   <StartDate>03/10/2014 09:24:00</StartDate>
   <StartTime>03/01/2014 09:24:00</StartTime>
   <Summary>testing approval agency</Summary>
   <CreatorId>STATE_OFFICER11</CreatorId>
   <CreatorDate>03/10/2014 09:24:01</CreatorDate>
   <UpdatorId>TSTC</UpdatorId>
   <UpdatorDate>09/09/2021 18:46:27</UpdatorDate>
   <IncidentType>
      <IncidentTypeCode>CV</IncidentTypeCode>
   </IncidentType>
   <IncidentAddress>
      <AddressId>362</AddressId>
      <SubBeat>P10N</SubBeat>
      <City>18</City>
      <CreatorId>STATE_OFFICER11</CreatorId>
      <CreatorDate>03/10/2014 09:24:26</CreatorDate>
      <UpdatorId>TSTC</UpdatorId>
      <UpdatorDate>03/10/2014 09:26:10</UpdatorDate>
      <Address>
         <AddressId>362</AddressId>
         <StreetNumber>200</StreetNumber>
         <StreetDirCode>E</StreetDirCode>
         <StreetName>MAIN</StreetName>
         <StreetTypeCode>ST</StreetTypeCode>
         <City>HENRYVILLE</City>
         <StateCode>IN</StateCode>
         <CountryCode>US</CountryCode>
         <SubBeat>P10N</SubBeat>
         <Longitude>-85.7661579271898</Longitude>
         <Latitude>38.5403906230523</Latitude>
      </Address>
   </IncidentAddress>
   <IncidentSupplement>
      <SupplementSequence>0</SupplementSequence>
      <IncSupplementStatusCode>A</IncSupplementStatusCode>
      <SuppReportDate>03/10/2014 09:24:01</SuppReportDate>
      <SuppReportTime>03/10/2014 09:24:01</SuppReportTime>
      <AgencyOnly>N</AgencyOnly>
      <SecurityLevel>1201</SecurityLevel>
      <SuppAgencyCode>D42</SuppAgencyCode>
      <UnknownNoOffenders>N</UnknownNoOffenders>
      <DsIcrDate>04/09/2014 15:05:52</DsIcrDate>
      <DsIcrSubmissionStatus>NOT REPORTABLE</DsIcrSubmissionStatus>
      <CreatorId>STATE_OFFICER11</CreatorId>
      <CreatorDate>03/10/2014 09:24:01</CreatorDate>
      <UpdatorId>TSTC</UpdatorId>
      <UpdatorDate>08/05/2021 17:38:18</UpdatorDate>
      <IncidentSuppNarrative>
         <NarrativeNumber>1</NarrativeNumber>
         <NarrativeTitle>Original Narrative</NarrativeTitle>
         <NarrativeText>testing approval</NarrativeText>
         <CreatorId>STATE_OFFICER11</CreatorId>
         <CreatorDate>03/10/2014 09:27:02</CreatorDate>
         <UpdatorId>STATE_OFFICER11</UpdatorId>
         <UpdatorDate>03/10/2014 09:27:02</UpdatorDate>
      </IncidentSuppNarrative>
      <IncidentOfficer>
         <OfficerRoleCode>P</OfficerRoleCode>
         <Officer>
            <AgencyCode>D42</AgencyCode>
            <ORINumber>SC0280000</ORINumber>
            <LastName>Ranz</LastName>
            <FirstName>Greg</FirstName>
            <InternalID>9696</InternalID>
         </Officer>
      </IncidentOfficer>
      <IncidentOfficer>
         <OfficerRoleCode>R</OfficerRoleCode>
         <Officer>
            <AgencyCode>D42</AgencyCode>
            <ORINumber>SC0280000</ORINumber>
            <LastName>Ranz</LastName>
            <FirstName>Greg</FirstName>
            <InternalID>9696</InternalID>
         </Officer>
      </IncidentOfficer>
      <IncidentOffense>
         <IncidentId>1432</IncidentId>
         <OffenseNumber>1</OffenseNumber>
         <OffenseStatusCode>00</OffenseStatusCode>
         <OffenseCode>31-37-3-2</OffenseCode>
         <PlaceCode>20</PlaceCode>
         <BiasCode>88</BiasCode>
         <CSAUCode>C</CSAUCode>
         <SupplementSeq>0</SupplementSeq>
         <UCRNumber>1</UCRNumber>
         <OffenseStatusDate>03/10/2014 09:24:00</OffenseStatusDate>
         <AttemptedCompletedCode>C</AttemptedCompletedCode>
         <ArrestChargeCode>31-37-3-2</ArrestChargeCode>
         <CreatorId>STATE_OFFICER11</CreatorId>
         <CreatorDate>03/10/2014 09:25:34</CreatorDate>
         <UpdatorId>STATE_OFFICER11</UpdatorId>
         <UpdatorDate>03/10/2014 09:25:36</UpdatorDate>
      </IncidentOffense>
      <IncidentPerson>
         <ApproxAge>30</ApproxAge>
         <ResidentStatusCode>R</ResidentStatusCode>
         <CreatorId>STATE_OFFICER11</CreatorId>
         <CreatorDate>03/10/2014 09:26:52</CreatorDate>
         <UpdatorId>TSTC</UpdatorId>
         <UpdatorDate>05/24/2023 12:41:18</UpdatorDate>
         <Person>
            <PersonId>332</PersonId>
            <RaceCode>B</RaceCode>
            <SexCode>M</SexCode>
            <EthnicityCode>O</EthnicityCode>
            <PersonVerified>Y</PersonVerified>
            <PersonPrimaryName>
               <LastName>COLEMAN</LastName>
               <FirstName>FREDDIE</FirstName>
               <MiddleName>LEE JR</MiddleName>
               <DOB>02/27/1984 00:00:00</DOB>
               <SSN>3.08928301E8</SSN>
               <DateOfInfo>07/30/2012 23:42:21</DateOfInfo>
               <SLastName>C455</SLastName>
               <SFirstName>F630</SFirstName>
            </PersonPrimaryName>
            <Alias>
               <NameTypeCode>P</NameTypeCode>
               <LastName>COLEMAN</LastName>
               <FirstName>FREDDIE</FirstName>
               <MiddleName>LEE JR</MiddleName>
               <DOB>02/27/1984 00:00:00</DOB>
               <SSN>3.08928301E8</SSN>
               <SLastName>C455</SLastName>
               <SFirstName>F630</SFirstName>
               <DateOfInfo>07/30/2012 23:42:21</DateOfInfo>
            </Alias>
         </Person>
         <IncidentPersonRole>
            <RoleType>S</RoleType>
            <CreatorId>STATE_OFFICER11</CreatorId>
            <CreatorDate>03/10/2014 09:26:53</CreatorDate>
            <UpdatorId>TSTC</UpdatorId>
            <UpdatorDate>08/15/2023 20:32:20</UpdatorDate>
         </IncidentPersonRole>
      </IncidentPerson>
      <IncidentBusiness>
         <BusinessNumber>240000001</BusinessNumber>
         <BusinessName>SOCIETY</BusinessName>
         <IncBusinessRoleCode>V</IncBusinessRoleCode>
         <CreatorId>STATE_OFFICER11</CreatorId>
         <CreatorDate>03/10/2014 09:25:37</CreatorDate>
         <UpdatorId>STATE_OFFICER11</UpdatorId>
         <UpdatorDate>03/10/2014 09:25:37</UpdatorDate>
      </IncidentBusiness>
   </IncidentSupplement>
</Incident>