<?xml version="1.0" encoding="UTF-8"?>
<Incident xmlns:xsi="http://www.w3.org/2001/XMLSchema-instance"
          xsi:noNamespaceSchemaLocation="file:///C:/DATA/EJS/SVN_Root/Ejustice/trunk/XMLTransformations/OnlineRMSInternalToIncident/IAOnlineRMSIncidentImport.xsd">
   <IncidentReportNum>2013ISP0000169</IncidentReportNum>
   <AgencyCode>D42</AgencyCode>
   <ORINum>SC0280000</ORINum>
   <ReportDate>11/20/2013 18:02:00</ReportDate>
   <ReportTime>11/20/2013 18:02:00</ReportTime>
   <StartDate>11/20/2013 18:02:00</StartDate>
   <StartTime>11/01/2013 18:02:00</StartTime>
   <Summary>test</Summary>
   <CreatorId>PDPD10</CreatorId>
   <CreatorDate>11/20/2013 12:08:01</CreatorDate>
   <UpdatorId>TSTC</UpdatorId>
   <UpdatorDate>09/09/2021 18:46:27</UpdatorDate>
   <IncidentType>
      <IncidentTypeCode>B/B</IncidentTypeCode>
   </IncidentType>
   <IncidentAddress>
      <AddressId>240</AddressId>
      <City>23</City>
      <CreatorId>STATE_OFFICER11</CreatorId>
      <CreatorDate>11/20/2013 18:02:54</CreatorDate>
      <UpdatorId>STATE_OFFICER11</UpdatorId>
      <UpdatorDate>11/20/2013 18:03:22</UpdatorDate>
      <Address>
         <AddressId>240</AddressId>
         <StreetNumber>699</StreetNumber>
         <StreetDirCode>BLK</StreetDirCode>
         <StreetName>ANDERSON</StreetName>
         <StreetTypeCode>AVE</StreetTypeCode>
         <SubTypeCode>BOX</SubTypeCode>
         <City>HOLLAND</City>
         <StateCode>MI</StateCode>
         <Zip5>49423</Zip5>
         <Beat>Test</Beat>
         <SubBeat>Area</SubBeat>
         <AddressCommonName>
            <CommonPlaceName>Dead strip</CommonPlaceName>
         </AddressCommonName>
      </Address>
   </IncidentAddress>
   <IncidentSupplement>
      <SupplementSequence>0</SupplementSequence>
      <IncSupplementStatusCode>A</IncSupplementStatusCode>
      <SuppReportDate>11/20/2013 12:08:02</SuppReportDate>
      <SuppReportTime>11/20/2013 12:08:02</SuppReportTime>
      <AgencyOnly>N</AgencyOnly>
      <SecurityLevel>1201</SecurityLevel>
      <SuppAgencyCode>D42</SuppAgencyCode>
      <UnknownNoOffenders>N</UnknownNoOffenders>
      <DsIcrDate>04/24/2014 15:40:14</DsIcrDate>
      <DsIcrSubmissionStatus>FAILED VALIDATION</DsIcrSubmissionStatus>
      <CreatorId>STATE_OFFICER11</CreatorId>
      <CreatorDate>11/20/2013 12:08:02</CreatorDate>
      <UpdatorId>TSTC</UpdatorId>
      <UpdatorDate>08/05/2021 17:38:19</UpdatorDate>
      <IncidentSuppNarrative>
         <NarrativeNumber>1</NarrativeNumber>
         <NarrativeTitle>Original Narrative</NarrativeTitle>
         <NarrativeText>test</NarrativeText>
         <CreatorId>JOEROCK</CreatorId>
         <CreatorDate>11/20/2013 18:03:36</CreatorDate>
         <UpdatorId>TSTC</UpdatorId>
         <UpdatorDate>07/12/2017 12:56:05</UpdatorDate>
      </IncidentSuppNarrative>
      <IncidentOfficer>
         <OfficerRoleCode>P</OfficerRoleCode>
         <Officer>
            <AgencyCode>D42</AgencyCode>
            <ORINumber>SC0280000</ORINumber>
            <LastName>Ranz</LastName>
            <FirstName>Greg</FirstName>
            <InternalID>9696</InternalID>
         </Officer>
      </IncidentOfficer>
      <IncidentOfficer>
         <OfficerRoleCode>R</OfficerRoleCode>
         <Officer>
            <AgencyCode>D42</AgencyCode>
            <ORINumber>SC0280000</ORINumber>
            <LastName>L'ivangood</LastName>
            <FirstName>D'erek</FirstName>
            <InternalID>1007</InternalID>
         </Officer>
      </IncidentOfficer>
      <IncidentOfficer>
         <OfficerRoleCode>X</OfficerRoleCode>
         <Officer>
            <AgencyCode>D42</AgencyCode>
            <ORINumber>SC0280000</ORINumber>
            <LastName>L'ivangood</LastName>
            <FirstName>D'erek</FirstName>
            <InternalID>1007</InternalID>
         </Officer>
      </IncidentOfficer>
      <IncidentOffense>
         <IncidentId>1335</IncidentId>
         <OffenseNumber>1</OffenseNumber>
         <OffenseStatusCode>02</OffenseStatusCode>
         <OffenseCode>35-43-4-2  T14</OffenseCode>
         <PlaceCode>40</PlaceCode>
         <BiasCode>88</BiasCode>
         <CSAUCode>C</CSAUCode>
         <SupplementSeq>0</SupplementSeq>
         <UCRNumber>1</UCRNumber>
         <OffenseStatusDate>04/24/2014 15:38:00</OffenseStatusDate>
         <AttemptedCompletedCode>C</AttemptedCompletedCode>
         <CreatorId>STATE_OFFICER11</CreatorId>
         <CreatorDate>11/20/2013 12:09:19</CreatorDate>
         <UpdatorId>STATE_OFFICER11</UpdatorId>
         <UpdatorDate>04/24/2014 15:38:40</UpdatorDate>
      </IncidentOffense>
      <IncidentPerson>
         <ApproxAge>29</ApproxAge>
         <ClearMultiArrestCode>N</ClearMultiArrestCode>
         <CreatorId>STATE_OFFICER11</CreatorId>
         <CreatorDate>11/20/2013 12:09:19</CreatorDate>
         <UpdatorId>TSTC</UpdatorId>
         <UpdatorDate>05/24/2023 12:41:15</UpdatorDate>
         <Person>
            <PersonId>348</PersonId>
            <RaceCode>H</RaceCode>
            <SexCode>M</SexCode>
            <PersonVerified>Y</PersonVerified>
            <PersonPrimaryName>
               <LastName>Argueta</LastName>
               <FirstName>Ricardo</FirstName>
               <MiddleName>PICTEST</MiddleName>
               <DOB>12/17/1983 00:00:00</DOB>
               <DateOfInfo>08/29/2012 12:45:28</DateOfInfo>
               <SLastName>A623</SLastName>
               <SFirstName>R263</SFirstName>
            </PersonPrimaryName>
            <PersonPrimaryName>
               <LastName>Ricardo</LastName>
               <FirstName>Riki</FirstName>
               <DateOfInfo>01/02/2013 00:00:00</DateOfInfo>
               <SLastName>R263</SLastName>
               <SFirstName>R200</SFirstName>
            </PersonPrimaryName>
            <Alias>
               <NameTypeCode>P</NameTypeCode>
               <LastName>Argueta</LastName>
               <FirstName>Ricardo</FirstName>
               <MiddleName>PICTEST</MiddleName>
               <DOB>12/17/1983 00:00:00</DOB>
               <SLastName>A623</SLastName>
               <SFirstName>R263</SFirstName>
               <DateOfInfo>08/29/2012 12:45:28</DateOfInfo>
            </Alias>
            <Alias>
               <NameTypeCode>A</NameTypeCode>
               <LastName>Ricardo</LastName>
               <FirstName>Riki</FirstName>
               <SLastName>R263</SLastName>
               <SFirstName>R200</SFirstName>
               <DateOfInfo>01/02/2013 00:00:00</DateOfInfo>
            </Alias>
         </Person>
         <IncidentPersonRole>
            <RoleType>S</RoleType>
            <CreatorId>STATE_OFFICER11</CreatorId>
            <CreatorDate>04/24/2014 15:39:10</CreatorDate>
            <UpdatorId>TSTC</UpdatorId>
            <UpdatorDate>08/15/2023 20:32:19</UpdatorDate>
         </IncidentPersonRole>
         <IncidentPersonRole>
            <RoleType>A</RoleType>
            <CreatorId>STATE_OFFICER11</CreatorId>
            <CreatorDate>04/24/2014 15:39:10</CreatorDate>
            <UpdatorId>TSTC</UpdatorId>
            <UpdatorDate>08/15/2023 20:32:19</UpdatorDate>
         </IncidentPersonRole>
      </IncidentPerson>
      <IncidentPerson>
         <ApproxAge>52</ApproxAge>
         <ResidentStatusCode>R</ResidentStatusCode>
         <CreatorId>STATE_OFFICER11</CreatorId>
         <CreatorDate>04/24/2014 15:38:57</CreatorDate>
         <UpdatorId>TSTC</UpdatorId>
         <UpdatorDate>05/24/2023 12:41:17</UpdatorDate>
         <Person>
            <PersonId>383</PersonId>
            <RaceCode>P</RaceCode>
            <SexCode>M</SexCode>
            <EthnicityCode>H</EthnicityCode>
            <PersonVerified>Y</PersonVerified>
            <PersonPrimaryName>
               <LastName>Agui</LastName>
               <FirstName>CARRERAS</FirstName>
               <DOB>08/19/1967 00:00:00</DOB>
               <DateOfInfo>09/05/2012 00:00:00</DateOfInfo>
               <SLastName>A200</SLastName>
               <SFirstName>C662</SFirstName>
            </PersonPrimaryName>
            <PersonPrimaryName>
               <LastName>Ign</LastName>
               <FirstName>Test</FirstName>
               <DOB>01/01/1986 00:00:00</DOB>
               <DateOfInfo>01/14/2013 00:00:00</DateOfInfo>
               <SLastName>I250</SLastName>
               <SFirstName>T230</SFirstName>
            </PersonPrimaryName>
            <PersonPrimaryName>
               <LastName>Aguero</LastName>
               <FirstName>Carlos</FirstName>
               <DOB>03/03/1979 00:00:00</DOB>
               <DateOfInfo>03/20/2013 00:00:00</DateOfInfo>
               <SLastName>A260</SLastName>
               <SFirstName>C642</SFirstName>
            </PersonPrimaryName>
            <PersonPrimaryName>
               <LastName>Aguero</LastName>
               <FirstName>Carlosena</FirstName>
               <MiddleName>Java</MiddleName>
               <DOB>06/22/1961 00:00:00</DOB>
               <SSN>1.23456789E8</SSN>
               <DateOfInfo>07/11/2013 00:00:00</DateOfInfo>
               <SLastName>A260</SLastName>
               <SFirstName>C642</SFirstName>
            </PersonPrimaryName>
            <PersonPrimaryName>
               <LastName>Dsfq</LastName>
               <FirstName>Joe</FirstName>
               <DOB>05/10/2020 00:00:00</DOB>
               <SSN>9.88888888E8</SSN>
               <TitleCode>JR</TitleCode>
               <DateOfInfo>04/12/2016 00:00:00</DateOfInfo>
               <SLastName>D212</SLastName>
               <SFirstName>J000</SFirstName>
            </PersonPrimaryName>
            <Alias>
               <NameTypeCode>N</NameTypeCode>
               <LastName>Agui</LastName>
               <FirstName>CARRERAS</FirstName>
               <DOB>08/19/1967 00:00:00</DOB>
               <SLastName>A200</SLastName>
               <SFirstName>C662</SFirstName>
               <DateOfInfo>09/05/2012 00:00:00</DateOfInfo>
            </Alias>
            <Alias>
               <NameTypeCode>A</NameTypeCode>
               <LastName>Ign</LastName>
               <FirstName>Test</FirstName>
               <DOB>01/01/1986 00:00:00</DOB>
               <SLastName>I250</SLastName>
               <SFirstName>T230</SFirstName>
               <DateOfInfo>01/14/2013 00:00:00</DateOfInfo>
            </Alias>
            <Alias>
               <NameTypeCode>A</NameTypeCode>
               <LastName>Aguero</LastName>
               <FirstName>Carlos</FirstName>
               <DOB>03/03/1979 00:00:00</DOB>
               <SLastName>A260</SLastName>
               <SFirstName>C642</SFirstName>
               <DateOfInfo>03/20/2013 00:00:00</DateOfInfo>
            </Alias>
            <Alias>
               <NameTypeCode>A</NameTypeCode>
               <LastName>Aguero</LastName>
               <FirstName>Carlosena</FirstName>
               <MiddleName>Java</MiddleName>
               <DOB>06/22/1961 00:00:00</DOB>
               <SSN>1.23456789E8</SSN>
               <SLastName>A260</SLastName>
               <SFirstName>C642</SFirstName>
               <DateOfInfo>07/11/2013 00:00:00</DateOfInfo>
            </Alias>
            <Alias>
               <NameTypeCode>P</NameTypeCode>
               <LastName>Dsfq</LastName>
               <FirstName>Joe</FirstName>
               <DOB>05/10/2020 00:00:00</DOB>
               <SSN>9.88888888E8</SSN>
               <TitleCode>JR</TitleCode>
               <SLastName>D212</SLastName>
               <SFirstName>J000</SFirstName>
               <DateOfInfo>04/12/2016 00:00:00</DateOfInfo>
            </Alias>
            <PersonPhone>
               <PhoneTypeCode>RES</PhoneTypeCode>
               <PhoneArea>444</PhoneArea>
               <PhonePrefix>555</PhonePrefix>
               <PhoneSuffix>6666</PhoneSuffix>
               <DateOfInfo>11/18/2014 00:00:00</DateOfInfo>
            </PersonPhone>
            <PersonPhone>
               <PhoneTypeCode>CEL</PhoneTypeCode>
               <PhoneArea>777</PhoneArea>
               <PhonePrefix>777</PhonePrefix>
               <PhoneSuffix>7777</PhoneSuffix>
               <DateOfInfo>06/06/2017 00:00:00</DateOfInfo>
            </PersonPhone>
         </Person>
         <IncidentPersonRole>
            <RoleType>V</RoleType>
            <CreatorId>STATE_OFFICER11</CreatorId>
            <CreatorDate>04/24/2014 15:39:02</CreatorDate>
            <UpdatorId>TSTC</UpdatorId>
            <UpdatorDate>08/15/2023 20:32:19</UpdatorDate>
         </IncidentPersonRole>
      </IncidentPerson>
      <IncidentProperty>
         <RoleCode>7</RoleCode>
         <CreatorId>STATE_OFFICER11</CreatorId>
         <CreatorDate>04/24/2014 15:39:45</CreatorDate>
         <UpdatorId>TSTC</UpdatorId>
         <UpdatorDate>08/10/2017 23:00:37</UpdatorDate>
         <DateOfInfo>04/24/2014 00:00:00</DateOfInfo>
         <StatusCode>7</StatusCode>
         <DocumentTypeCode>P</DocumentTypeCode>
         <PropertyTypeCode>429</PropertyTypeCode>
         <PropertyValue>12</PropertyValue>
         <Value>12</Value>
         <Evidence>N</Evidence>
         <EvidenceFlag>N</EvidenceFlag>
         <Property_ID>1013</Property_ID>
         <Quantity>1</Quantity>
      </IncidentProperty>
   </IncidentSupplement>
</Incident>