<?xml version="1.0" encoding="UTF-8"?>
<Incident xmlns:xsi="http://www.w3.org/2001/XMLSchema-instance"
          xsi:noNamespaceSchemaLocation="file:///C:/DATA/EJS/SVN_Root/Ejustice/trunk/XMLTransformations/OnlineRMSInternalToIncident/IAOnlineRMSIncidentImport.xsd">
   <IncidentReportNum>2014ISP0000213</IncidentReportNum>
   <AgencyCode>D42</AgencyCode>
   <ORINum>SC0280000</ORINum>
   <ReportDate>02/20/2014 11:08:00</ReportDate>
   <ReportTime>02/20/2014 11:08:00</ReportTime>
   <StartDate>02/20/2014 11:08:00</StartDate>
   <StartTime>02/01/2014 11:08:00</StartTime>
   <CreatorId>STATE_OFFICER11</CreatorId>
   <CreatorDate>02/20/2014 11:04:42</CreatorDate>
   <UpdatorId>TSTC</UpdatorId>
   <UpdatorDate>09/09/2021 18:46:27</UpdatorDate>
   <IncidentType>
      <IncidentTypeCode>CNG</IncidentTypeCode>
   </IncidentType>
   <IncidentAddress>
      <AddressId>240</AddressId>
      <Beat>Test</Beat>
      <SubBeat>Area</SubBeat>
      <City>7</City>
      <CreatorId>STATE_OFFICER11</CreatorId>
      <CreatorDate>02/20/2014 11:08:38</CreatorDate>
      <UpdatorId>STATE_OFFICER11</UpdatorId>
      <UpdatorDate>02/20/2014 11:09:31</UpdatorDate>
      <Address>
         <AddressId>240</AddressId>
         <StreetNumber>699</StreetNumber>
         <StreetDirCode>BLK</StreetDirCode>
         <StreetName>ANDERSON</StreetName>
         <StreetTypeCode>AVE</StreetTypeCode>
         <SubTypeCode>BOX</SubTypeCode>
         <City>HOLLAND</City>
         <StateCode>MI</StateCode>
         <Zip5>49423</Zip5>
         <Beat>Test</Beat>
         <SubBeat>Area</SubBeat>
         <AddressCommonName>
            <CommonPlaceName>Dead strip</CommonPlaceName>
         </AddressCommonName>
      </Address>
   </IncidentAddress>
   <IncidentSupplement>
      <SupplementSequence>0</SupplementSequence>
      <IncSupplementStatusCode>A</IncSupplementStatusCode>
      <SuppReportDate>02/20/2014 11:04:42</SuppReportDate>
      <SuppReportTime>02/20/2014 11:04:42</SuppReportTime>
      <AgencyOnly>N</AgencyOnly>
      <SecurityLevel>1201</SecurityLevel>
      <SuppAgencyCode>D42</SuppAgencyCode>
      <UnknownNoOffenders>N</UnknownNoOffenders>
      <DsIcrDate>02/20/2014 11:16:27</DsIcrDate>
      <DsIcrSubmissionStatus>NOT REPORTABLE</DsIcrSubmissionStatus>
      <CreatorId>STATE_OFFICER11</CreatorId>
      <CreatorDate>02/20/2014 11:04:42</CreatorDate>
      <UpdatorId>TSTC</UpdatorId>
      <UpdatorDate>08/05/2021 17:38:19</UpdatorDate>
      <IncidentSuppNarrative>
         <NarrativeNumber>1</NarrativeNumber>
         <NarrativeTitle>Original Narrative</NarrativeTitle>
         <NarrativeText>test</NarrativeText>
         <CreatorId>STATE_OFFICER11</CreatorId>
         <CreatorDate>02/20/2014 11:09:46</CreatorDate>
         <UpdatorId>STATE_OFFICER11</UpdatorId>
         <UpdatorDate>02/20/2014 11:09:46</UpdatorDate>
      </IncidentSuppNarrative>
      <IncidentOfficer>
         <OfficerRoleCode>P</OfficerRoleCode>
         <Officer>
            <AgencyCode>D42</AgencyCode>
            <ORINumber>SC0280000</ORINumber>
            <LastName>Ranz</LastName>
            <FirstName>Greg</FirstName>
            <InternalID>9696</InternalID>
         </Officer>
      </IncidentOfficer>
      <IncidentOfficer>
         <OfficerRoleCode>R</OfficerRoleCode>
         <Officer>
            <AgencyCode>D42</AgencyCode>
            <ORINumber>SC0280000</ORINumber>
            <LastName>Ranz</LastName>
            <FirstName>Greg</FirstName>
            <InternalID>9696</InternalID>
         </Officer>
      </IncidentOfficer>
   </IncidentSupplement>
</Incident>