<?xml version="1.0" encoding="UTF-8"?>
<Incident xmlns:xsi="http://www.w3.org/2001/XMLSchema-instance"
          xsi:noNamespaceSchemaLocation="file:///C:/DATA/EJS/SVN_Root/Ejustice/trunk/XMLTransformations/OnlineRMSInternalToIncident/IAOnlineRMSIncidentImport.xsd">
   <IncidentReportNum>2014ISP0000242</IncidentReportNum>
   <AgencyCode>D42</AgencyCode>
   <ORINum>SC0280000</ORINum>
   <ReportDate>04/02/2014 13:03:00</ReportDate>
   <ReportTime>04/02/2014 13:03:00</ReportTime>
   <StartDate>04/02/2014 13:03:00</StartDate>
   <StartTime>04/01/2014 13:03:00</StartTime>
   <Summary>asdf</Summary>
   <CreatorId>STATE_CIDSUP8</CreatorId>
   <CreatorDate>04/02/2014 13:03:55</CreatorDate>
   <UpdatorId>TSTC</UpdatorId>
   <UpdatorDate>09/09/2021 18:46:28</UpdatorDate>
   <IncidentType>
      <IncidentTypeCode>B/V</IncidentTypeCode>
   </IncidentType>
   <IncidentAddress>
      <AddressId>37</AddressId>
      <City>11</City>
      <CreatorId>STATE_OFFICER11</CreatorId>
      <CreatorDate>04/02/2014 13:04:02</CreatorDate>
      <UpdatorId>TSTC</UpdatorId>
      <UpdatorDate>04/02/2014 13:04:05</UpdatorDate>
      <Address>
         <AddressId>37</AddressId>
         <StreetNumber>1001</StreetNumber>
         <StreetName>Jefferson</StreetName>
         <StreetTypeCode>CP</StreetTypeCode>
         <City>INDIANAPOLIS</City>
         <StateCode>IN</StateCode>
         <CountryCode>US</CountryCode>
         <Longitude>-86.158073</Longitude>
         <Latitude>39.768515</Latitude>
      </Address>
   </IncidentAddress>
   <IncidentSupplement>
      <SupplementSequence>0</SupplementSequence>
      <IncSupplementStatusCode>A</IncSupplementStatusCode>
      <SuppReportDate>04/02/2014 13:03:55</SuppReportDate>
      <SuppReportTime>04/02/2014 13:03:55</SuppReportTime>
      <AgencyOnly>N</AgencyOnly>
      <SecurityLevel>1201</SecurityLevel>
      <SuppAgencyCode>D42</SuppAgencyCode>
      <UnknownNoOffenders>N</UnknownNoOffenders>
      <DsIcrDate>04/02/2014 13:04:17</DsIcrDate>
      <DsIcrSubmissionStatus>NOT REPORTABLE</DsIcrSubmissionStatus>
      <CreatorId>STATE_OFFICER11</CreatorId>
      <CreatorDate>04/02/2014 13:03:55</CreatorDate>
      <UpdatorId>TSTC</UpdatorId>
      <UpdatorDate>08/05/2021 17:38:19</UpdatorDate>
      <IncidentSuppNarrative>
         <NarrativeNumber>1</NarrativeNumber>
         <NarrativeTitle>Original Narrative</NarrativeTitle>
         <NarrativeText>&amp;nbsp;asdf</NarrativeText>
         <CreatorId>STATE_OFFICER11</CreatorId>
         <CreatorDate>04/02/2014 13:04:08</CreatorDate>
         <UpdatorId>STATE_OFFICER11</UpdatorId>
         <UpdatorDate>04/02/2014 13:04:08</UpdatorDate>
      </IncidentSuppNarrative>
      <IncidentOfficer>
         <OfficerRoleCode>P</OfficerRoleCode>
         <Officer>
            <AgencyCode>D42</AgencyCode>
            <ORINumber>SC0280000</ORINumber>
            <LastName>Ranz</LastName>
            <FirstName>Greg</FirstName>
            <InternalID>9696</InternalID>
         </Officer>
      </IncidentOfficer>
      <IncidentOfficer>
         <OfficerRoleCode>R</OfficerRoleCode>
         <Officer>
            <AgencyCode>D42</AgencyCode>
            <ORINumber>SC0280000</ORINumber>
            <LastName>Ranz</LastName>
            <FirstName>Greg</FirstName>
            <InternalID>9696</InternalID>
         </Officer>
      </IncidentOfficer>
   </IncidentSupplement>
</Incident>