<?xml version="1.0" encoding="UTF-8"?>
<Incident xmlns:xsi="http://www.w3.org/2001/XMLSchema-instance"
          xsi:noNamespaceSchemaLocation="file:///C:/DATA/EJS/SVN_Root/Ejustice/trunk/XMLTransformations/OnlineRMSInternalToIncident/IAOnlineRMSIncidentImport.xsd">
   <IncidentReportNum>2014ISP0000414</IncidentReportNum>
   <AgencyCode>D42</AgencyCode>
   <ORINum>SC0280000</ORINum>
   <ReportDate>06/12/2014 16:41:00</ReportDate>
   <ReportTime>06/12/2014 16:41:00</ReportTime>
   <StartDate>06/12/2014 16:41:00</StartDate>
   <StartTime>06/01/2014 16:41:00</StartTime>
   <CreatorId>STATE_OFFICER13</CreatorId>
   <CreatorDate>06/12/2014 16:41:01</CreatorDate>
   <UpdatorId>TSTC</UpdatorId>
   <UpdatorDate>09/09/2021 18:46:30</UpdatorDate>
   <IncidentType>
      <IncidentTypeCode>B/V</IncidentTypeCode>
   </IncidentType>
   <IncidentAddress>
      <AddressId>347</AddressId>
      <Beat>Test</Beat>
      <SubBeat>Area</SubBeat>
      <City>5</City>
      <CreatorId>STATE_OFFICER13</CreatorId>
      <CreatorDate>06/12/2014 16:41:16</CreatorDate>
      <UpdatorId>STATE_OFFICER13</UpdatorId>
      <UpdatorDate>06/12/2014 16:41:40</UpdatorDate>
      <Address>
         <AddressId>347</AddressId>
         <StreetNumber>86</StreetNumber>
         <StreetDirCode>NE</StreetDirCode>
         <StreetName>ASHWOOD</StreetName>
         <StreetTypeCode>LN</StreetTypeCode>
         <StreetSuffixCode>N</StreetSuffixCode>
         <City>DILLON</City>
         <CountryCode>US</CountryCode>
         <CrossStreetNumber>123</CrossStreetNumber>
         <CrossStreetDirCode>N</CrossStreetDirCode>
         <CrossStreetTypeCode>ACRE</CrossStreetTypeCode>
         <Beat>Test</Beat>
         <SubBeat>Area</SubBeat>
         <AddressCommonName>
            <CommonPlaceName>Dead strip</CommonPlaceName>
         </AddressCommonName>
      </Address>
   </IncidentAddress>
   <IncidentSupplement>
      <SupplementSequence>0</SupplementSequence>
      <IncSupplementStatusCode>A</IncSupplementStatusCode>
      <SuppReportDate>06/12/2014 16:41:01</SuppReportDate>
      <SuppReportTime>06/12/2014 16:41:01</SuppReportTime>
      <AgencyOnly>N</AgencyOnly>
      <SecurityLevel>990</SecurityLevel>
      <SuppAgencyCode>D42</SuppAgencyCode>
      <UnknownNoOffenders>N</UnknownNoOffenders>
      <DsIcrDate>06/12/2014 16:46:49</DsIcrDate>
      <DsIcrSubmissionStatus>READY TO BE PROCESSED-ORIGINAL</DsIcrSubmissionStatus>
      <CreatorId>STATE_OFFICER13</CreatorId>
      <CreatorDate>06/12/2014 16:41:01</CreatorDate>
      <UpdatorId>TSTC</UpdatorId>
      <UpdatorDate>08/05/2021 17:38:20</UpdatorDate>
      <IncidentSuppNarrative>
         <NarrativeNumber>1</NarrativeNumber>
         <NarrativeTitle>Original Narrative</NarrativeTitle>
         <NarrativeText>test</NarrativeText>
         <CreatorId>STATE_OFFICER13</CreatorId>
         <CreatorDate>06/12/2014 16:41:45</CreatorDate>
         <UpdatorId>STATE_OFFICER13</UpdatorId>
         <UpdatorDate>06/12/2014 16:41:45</UpdatorDate>
      </IncidentSuppNarrative>
      <IncidentOfficer>
         <OfficerRoleCode>P</OfficerRoleCode>
         <Officer>
            <AgencyCode>D42</AgencyCode>
            <ORINumber>SC0280000</ORINumber>
            <LastName>L'ivangood</LastName>
            <FirstName>D'erek</FirstName>
            <InternalID>0013</InternalID>
         </Officer>
      </IncidentOfficer>
      <IncidentOfficer>
         <OfficerRoleCode>R</OfficerRoleCode>
         <Officer>
            <AgencyCode>D42</AgencyCode>
            <ORINumber>SC0280000</ORINumber>
            <LastName>L'ivangood</LastName>
            <FirstName>D'erek</FirstName>
            <InternalID>0013</InternalID>
         </Officer>
      </IncidentOfficer>
      <IncidentOffense>
         <IncidentId>1741</IncidentId>
         <OffenseNumber>1</OffenseNumber>
         <OffenseStatusCode>00</OffenseStatusCode>
         <OffenseCode>USC21-841A</OffenseCode>
         <PlaceCode>40</PlaceCode>
         <BiasCode>88</BiasCode>
         <CSAUCode>C</CSAUCode>
         <SupplementSeq>0</SupplementSeq>
         <UCRNumber>1</UCRNumber>
         <OffenseStatusDate>06/12/2014 16:42:00</OffenseStatusDate>
         <AttemptedCompletedCode>C</AttemptedCompletedCode>
         <ArrestChargeCode>USC21-841A</ArrestChargeCode>
         <CreatorId>STATE_OFFICER13</CreatorId>
         <CreatorDate>06/12/2014 16:43:18</CreatorDate>
         <UpdatorId>STATE_OFFICER13</UpdatorId>
         <UpdatorDate>06/12/2014 16:43:18</UpdatorDate>
      </IncidentOffense>
      <IncidentPerson>
         <ApproxAge>59</ApproxAge>
         <CreatorId>STATE_OFFICER13</CreatorId>
         <CreatorDate>06/12/2014 16:43:34</CreatorDate>
         <UpdatorId>TSTC</UpdatorId>
         <UpdatorDate>05/24/2023 12:41:18</UpdatorDate>
         <Person>
            <PersonId>128</PersonId>
            <RaceCode>B</RaceCode>
            <SexCode>M</SexCode>
            <PersonVerified>Y</PersonVerified>
            <PersonPrimaryName>
               <LastName>Blow</LastName>
               <FirstName>Joe</FirstName>
               <MiddleName>Idaho</MiddleName>
               <DOB>06/01/1955 00:00:00</DOB>
               <SSN>1.11113333E8</SSN>
               <DateOfInfo>05/01/2012 09:09:23</DateOfInfo>
               <SLastName>B400</SLastName>
               <SFirstName>J000</SFirstName>
            </PersonPrimaryName>
            <Alias>
               <NameTypeCode>P</NameTypeCode>
               <LastName>Blow</LastName>
               <FirstName>Joe</FirstName>
               <MiddleName>Idaho</MiddleName>
               <DOB>06/01/1955 00:00:00</DOB>
               <SSN>1.11113333E8</SSN>
               <SLastName>B400</SLastName>
               <SFirstName>J000</SFirstName>
               <DateOfInfo>05/01/2012 09:09:23</DateOfInfo>
            </Alias>
            <PersonAddress>
               <StreetNumber>123</StreetNumber>
               <StreetName>Cherry</StreetName>
               <StreetTypeCode>LN</StreetTypeCode>
               <City>Golden</City>
               <StateCode>IN</StateCode>
               <CountryCode>US</CountryCode>
               <CountyCode>30</CountyCode>
               <Longitude>-82.544051</Longitude>
               <Latitude>37.483456</Latitude>
            </PersonAddress>
            <PersonPhone>
               <PhoneTypeCode>BUS</PhoneTypeCode>
               <PhoneArea>888</PhoneArea>
               <PhonePrefix>444</PhonePrefix>
               <PhoneSuffix>8888</PhoneSuffix>
               <DateOfInfo>07/13/2020 00:00:00</DateOfInfo>
            </PersonPhone>
            <PersonPhone>
               <PhoneTypeCode>CEL</PhoneTypeCode>
               <PhoneArea>454</PhoneArea>
               <PhonePrefix>444</PhonePrefix>
               <PhoneSuffix>4566</PhoneSuffix>
               <DateOfInfo>07/13/2020 00:00:00</DateOfInfo>
            </PersonPhone>
            <PersonPhone>
               <PhoneTypeCode>RES</PhoneTypeCode>
               <PhoneArea>777</PhoneArea>
               <PhonePrefix>888</PhonePrefix>
               <PhoneSuffix>7777</PhoneSuffix>
               <DateOfInfo>07/13/2020 00:00:00</DateOfInfo>
            </PersonPhone>
         </Person>
         <IncidentPersonRole>
            <RoleType>S</RoleType>
            <CreatorId>STATE_OFFICER13</CreatorId>
            <CreatorDate>06/12/2014 16:43:34</CreatorDate>
            <UpdatorId>TSTC</UpdatorId>
            <UpdatorDate>08/15/2023 20:32:19</UpdatorDate>
         </IncidentPersonRole>
      </IncidentPerson>
      <IncidentBusiness>
         <BusinessNumber>240000001</BusinessNumber>
         <BusinessName>SOCIETY</BusinessName>
         <IncBusinessRoleCode>V</IncBusinessRoleCode>
         <CreatorId>STATE_OFFICER13</CreatorId>
         <CreatorDate>06/12/2014 16:43:18</CreatorDate>
         <UpdatorId>STATE_OFFICER13</UpdatorId>
         <UpdatorDate>06/12/2014 16:43:18</UpdatorDate>
      </IncidentBusiness>
      <IncidentProperty>
         <RoleCode>6</RoleCode>
         <CreatorId>STATE_OFFICER13</CreatorId>
         <CreatorDate>06/12/2014 16:43:55</CreatorDate>
         <UpdatorId>TSTC</UpdatorId>
         <UpdatorDate>08/10/2017 23:00:41</UpdatorDate>
         <DateOfInfo>06/12/2014 00:00:00</DateOfInfo>
         <StatusCode>6</StatusCode>
         <DocumentTypeCode>D</DocumentTypeCode>
         <PropertyTypeCode>561</PropertyTypeCode>
         <PropertyValue>0</PropertyValue>
         <Value>0</Value>
         <Evidence>N</Evidence>
         <EvidenceFlag>N</EvidenceFlag>
         <Property_ID>1042</Property_ID>
         <DrugTypeCode>C</DrugTypeCode>
         <Quantity>1</Quantity>
         <QuantityUnit>LT</QuantityUnit>
      </IncidentProperty>
   </IncidentSupplement>
</Incident>