<?xml version="1.0" encoding="UTF-8"?>
<Incident xmlns:xsi="http://www.w3.org/2001/XMLSchema-instance"
          xsi:noNamespaceSchemaLocation="file:///C:/DATA/EJS/SVN_Root/Ejustice/trunk/XMLTransformations/OnlineRMSInternalToIncident/IAOnlineRMSIncidentImport.xsd">
   <IncidentReportNum>2014ISP0000590</IncidentReportNum>
   <AgencyCode>D42</AgencyCode>
   <ORINum>SC0280000</ORINum>
   <ReportDate>11/17/2014 17:35:00</ReportDate>
   <ReportTime>11/17/2014 17:35:00</ReportTime>
   <StartDate>11/17/2014 17:35:00</StartDate>
   <StartTime>11/01/2014 17:35:00</StartTime>
   <Summary>test</Summary>
   <CreatorId>STATE_OFFICER13</CreatorId>
   <CreatorDate>11/17/2014 17:35:30</CreatorDate>
   <UpdatorId>TSTC</UpdatorId>
   <UpdatorDate>09/09/2021 18:46:35</UpdatorDate>
   <IncidentType>
      <IncidentTypeCode>B/V</IncidentTypeCode>
   </IncidentType>
   <IncidentAddress>
      <AddressId>291</AddressId>
      <Beat>Test</Beat>
      <SubBeat>Area</SubBeat>
      <City>5</City>
      <CreatorId>STATE_OFFICER13</CreatorId>
      <CreatorDate>11/17/2014 17:35:47</CreatorDate>
      <UpdatorId>STATE_OFFICER13</UpdatorId>
      <UpdatorDate>11/17/2014 17:36:13</UpdatorDate>
      <Address>
         <AddressId>291</AddressId>
         <StreetNumber>6523</StreetNumber>
         <StreetName>Anystreet</StreetName>
         <City>Anytown</City>
         <StateCode>NJ</StateCode>
         <Zip5>45623</Zip5>
         <Zip4>123</Zip4>
         <CountryCode>US</CountryCode>
         <Beat>104</Beat>
         <SubBeat>West Patrol</SubBeat>
         <Longitude>-75</Longitude>
         <Latitude>40</Latitude>
         <AddressCommonName>
            <CommonPlaceName>Dead strip</CommonPlaceName>
         </AddressCommonName>
      </Address>
   </IncidentAddress>
   <IncidentSupplement>
      <SupplementSequence>0</SupplementSequence>
      <IncSupplementStatusCode>A</IncSupplementStatusCode>
      <SuppReportDate>11/17/2014 17:35:30</SuppReportDate>
      <SuppReportTime>11/17/2014 17:35:30</SuppReportTime>
      <AgencyOnly>N</AgencyOnly>
      <SecurityLevel>1100</SecurityLevel>
      <SuppAgencyCode>D42</SuppAgencyCode>
      <UnknownNoOffenders>N</UnknownNoOffenders>
      <DsIcrDate>12/11/2018 08:32:08</DsIcrDate>
      <DsIcrSubmissionStatus>NOT REPORTABLE</DsIcrSubmissionStatus>
      <CreatorId>STATE_OFFICER13</CreatorId>
      <CreatorDate>11/17/2014 17:35:30</CreatorDate>
      <UpdatorId>TSTC</UpdatorId>
      <UpdatorDate>08/05/2021 17:38:23</UpdatorDate>
      <IncidentSuppNarrative>
         <NarrativeNumber>1</NarrativeNumber>
         <NarrativeTitle>Original Narrative</NarrativeTitle>
         <NarrativeText>test</NarrativeText>
         <CreatorId>STATE_OFFICER13</CreatorId>
         <CreatorDate>11/17/2014 17:36:20</CreatorDate>
         <UpdatorId>STATE_OFFICER13</UpdatorId>
         <UpdatorDate>11/17/2014 17:36:20</UpdatorDate>
      </IncidentSuppNarrative>
      <IncidentOfficer>
         <OfficerRoleCode>P</OfficerRoleCode>
         <Officer>
            <AgencyCode>D42</AgencyCode>
            <ORINumber>SC0280000</ORINumber>
            <LastName>Wright</LastName>
            <FirstName>Greg</FirstName>
            <InternalID>9696</InternalID>
         </Officer>
      </IncidentOfficer>
      <IncidentOfficer>
         <OfficerRoleCode>R</OfficerRoleCode>
         <Officer>
            <AgencyCode>D42</AgencyCode>
            <ORINumber>SC0280000</ORINumber>
            <LastName>L'ivangood</LastName>
            <FirstName>D'erek</FirstName>
            <InternalID>0015</InternalID>
         </Officer>
      </IncidentOfficer>
   </IncidentSupplement>
</Incident>