<?xml version="1.0" encoding="UTF-8"?>
<Incident xmlns:xsi="http://www.w3.org/2001/XMLSchema-instance"
          xsi:noNamespaceSchemaLocation="file:///C:/DATA/EJS/SVN_Root/Ejustice/trunk/XMLTransformations/OnlineRMSInternalToIncident/IAOnlineRMSIncidentImport.xsd">
   <IncidentReportNum>2014ISP0000550</IncidentReportNum>
   <AgencyCode>D42</AgencyCode>
   <ORINum>SC0280000</ORINum>
   <ReportDate>10/15/2014 12:25:00</ReportDate>
   <ReportTime>10/15/2014 12:25:00</ReportTime>
   <StartDate>10/15/2014 12:25:00</StartDate>
   <StartTime>10/01/2014 12:25:00</StartTime>
   <Summary>BAIR testing</Summary>
   <CreatorId>STATE_OFFICER11</CreatorId>
   <CreatorDate>10/15/2014 12:25:11</CreatorDate>
   <UpdatorId>TSTC</UpdatorId>
   <UpdatorDate>09/09/2021 18:46:35</UpdatorDate>
   <IncidentType>
      <IncidentTypeCode>CCD</IncidentTypeCode>
   </IncidentType>
   <IncidentAddress>
      <AddressId>291</AddressId>
      <Beat>104</Beat>
      <SubBeat>West Patrol</SubBeat>
      <City>10</City>
      <CreatorId>STATE_OFFICER11</CreatorId>
      <CreatorDate>10/15/2014 12:25:39</CreatorDate>
      <UpdatorId>TSTC</UpdatorId>
      <UpdatorDate>10/15/2014 12:25:48</UpdatorDate>
      <Address>
         <AddressId>291</AddressId>
         <StreetNumber>6523</StreetNumber>
         <StreetName>Anystreet</StreetName>
         <City>Anytown</City>
         <StateCode>NJ</StateCode>
         <Zip5>45623</Zip5>
         <Zip4>123</Zip4>
         <CountryCode>US</CountryCode>
         <Beat>104</Beat>
         <SubBeat>West Patrol</SubBeat>
         <Longitude>-75</Longitude>
         <Latitude>40</Latitude>
         <AddressCommonName>
            <CommonPlaceName>Dead strip</CommonPlaceName>
         </AddressCommonName>
      </Address>
   </IncidentAddress>
   <IncidentSupplement>
      <SupplementSequence>0</SupplementSequence>
      <IncSupplementStatusCode>A</IncSupplementStatusCode>
      <SuppReportDate>10/15/2014 12:25:11</SuppReportDate>
      <SuppReportTime>10/15/2014 12:25:11</SuppReportTime>
      <AgencyOnly>N</AgencyOnly>
      <SecurityLevel>1100</SecurityLevel>
      <SuppAgencyCode>D42</SuppAgencyCode>
      <UnknownNoOffenders>N</UnknownNoOffenders>
      <DsIcrDate>10/15/2014 12:30:12</DsIcrDate>
      <DsIcrSubmissionStatus>NOT REPORTABLE</DsIcrSubmissionStatus>
      <CreatorId>STATE_OFFICER11</CreatorId>
      <CreatorDate>10/15/2014 12:25:11</CreatorDate>
      <UpdatorId>TSTC</UpdatorId>
      <UpdatorDate>08/05/2021 17:38:22</UpdatorDate>
      <IncidentSuppNarrative>
         <NarrativeNumber>1</NarrativeNumber>
         <NarrativeTitle>Original Narrative</NarrativeTitle>
         <NarrativeText>&amp;nbsp;asdfadfa</NarrativeText>
         <CreatorId>STATE_OFFICER11</CreatorId>
         <CreatorDate>10/15/2014 12:28:41</CreatorDate>
         <UpdatorId>STATE_OFFICER11</UpdatorId>
         <UpdatorDate>10/15/2014 12:28:41</UpdatorDate>
      </IncidentSuppNarrative>
      <IncidentOfficer>
         <OfficerRoleCode>P</OfficerRoleCode>
         <Officer>
            <AgencyCode>D42</AgencyCode>
            <ORINumber>SC0280000</ORINumber>
            <LastName>Ranz</LastName>
            <FirstName>Greg</FirstName>
            <InternalID>9696</InternalID>
         </Officer>
      </IncidentOfficer>
      <IncidentOfficer>
         <OfficerRoleCode>R</OfficerRoleCode>
         <Officer>
            <AgencyCode>D42</AgencyCode>
            <ORINumber>SC0280000</ORINumber>
            <LastName>Ranz</LastName>
            <FirstName>Greg</FirstName>
            <InternalID>9696</InternalID>
         </Officer>
      </IncidentOfficer>
      <IncidentOffense>
         <IncidentId>1967</IncidentId>
         <OffenseNumber>1</OffenseNumber>
         <OffenseStatusCode>00</OffenseStatusCode>
         <OffenseCode>23-2-2.5-37</OffenseCode>
         <PlaceCode>04</PlaceCode>
         <BiasCode>88</BiasCode>
         <CSAUCode>C</CSAUCode>
         <SupplementSeq>0</SupplementSeq>
         <UCRNumber>1</UCRNumber>
         <OffenseStatusDate>10/15/2014 12:26:00</OffenseStatusDate>
         <Remarks>fdaf</Remarks>
         <AttemptedCompletedCode>C</AttemptedCompletedCode>
         <ArrestChargeCode>23-2-2.5-37</ArrestChargeCode>
         <CreatorId>STATE_OFFICER11</CreatorId>
         <CreatorDate>10/15/2014 12:26:20</CreatorDate>
         <UpdatorId>STATE_OFFICER11</UpdatorId>
         <UpdatorDate>10/15/2014 12:26:22</UpdatorDate>
      </IncidentOffense>
      <IncidentOffense>
         <IncidentId>1967</IncidentId>
         <OffenseNumber>2</OffenseNumber>
         <OffenseStatusCode>00</OffenseStatusCode>
         <OffenseCode>13-30-10-6</OffenseCode>
         <PlaceCode>04</PlaceCode>
         <BiasCode>88</BiasCode>
         <CSAUCode>C</CSAUCode>
         <SupplementSeq>0</SupplementSeq>
         <UCRNumber>2</UCRNumber>
         <OffenseStatusDate>10/15/2014 12:26:00</OffenseStatusDate>
         <AttemptedCompletedCode>C</AttemptedCompletedCode>
         <ArrestChargeCode>13-30-10-6</ArrestChargeCode>
         <CreatorId>STATE_OFFICER11</CreatorId>
         <CreatorDate>10/15/2014 12:27:04</CreatorDate>
         <UpdatorId>STATE_OFFICER11</UpdatorId>
         <UpdatorDate>10/15/2014 12:27:05</UpdatorDate>
      </IncidentOffense>
      <IncidentPerson>
         <ApproxAge>61</ApproxAge>
         <CreatorId>STATE_OFFICER11</CreatorId>
         <CreatorDate>10/15/2014 12:27:51</CreatorDate>
         <UpdatorId>TSTC</UpdatorId>
         <UpdatorDate>05/24/2023 12:41:18</UpdatorDate>
         <Person>
            <PersonId>497</PersonId>
            <RaceCode>A</RaceCode>
            <SexCode>M</SexCode>
            <PersonVerified>Y</PersonVerified>
            <PersonPrimaryName>
               <LastName>Telecom</LastName>
               <FirstName>TW</FirstName>
               <DateOfInfo>02/12/2014 16:02:43</DateOfInfo>
               <SLastName>T425</SLastName>
               <SFirstName>T000</SFirstName>
            </PersonPrimaryName>
            <Alias>
               <NameTypeCode>P</NameTypeCode>
               <LastName>Telecom</LastName>
               <FirstName>TW</FirstName>
               <SLastName>T425</SLastName>
               <SFirstName>T000</SFirstName>
               <DateOfInfo>02/12/2014 16:02:43</DateOfInfo>
            </Alias>
         </Person>
         <IncidentPersonRole>
            <RoleType>S</RoleType>
            <CreatorId>STATE_OFFICER11</CreatorId>
            <CreatorDate>10/15/2014 12:27:51</CreatorDate>
            <UpdatorId>TSTC</UpdatorId>
            <UpdatorDate>08/15/2023 20:32:21</UpdatorDate>
         </IncidentPersonRole>
      </IncidentPerson>
      <IncidentPerson>
         <ApproxAge>55</ApproxAge>
         <ResidentStatusCode>R</ResidentStatusCode>
         <CreatorId>STATE_OFFICER11</CreatorId>
         <CreatorDate>10/15/2014 12:28:16</CreatorDate>
         <UpdatorId>TSTC</UpdatorId>
         <UpdatorDate>05/24/2023 12:41:18</UpdatorDate>
         <Person>
            <PersonId>207</PersonId>
            <RaceCode>U</RaceCode>
            <SexCode>U</SexCode>
            <PersonVerified>Y</PersonVerified>
            <PersonPrimaryName>
               <LastName>WATSON</LastName>
               <FirstName>JOHN</FirstName>
               <MiddleName>W</MiddleName>
               <DateOfInfo>06/06/2012 14:19:01</DateOfInfo>
               <SLastName>W325</SLastName>
               <SFirstName>J500</SFirstName>
            </PersonPrimaryName>
            <Alias>
               <NameTypeCode>P</NameTypeCode>
               <LastName>WATSON</LastName>
               <FirstName>JOHN</FirstName>
               <MiddleName>W</MiddleName>
               <SLastName>W325</SLastName>
               <SFirstName>J500</SFirstName>
               <DateOfInfo>06/06/2012 14:19:01</DateOfInfo>
            </Alias>
         </Person>
         <IncidentPersonRole>
            <RoleType>V</RoleType>
            <CreatorId>STATE_OFFICER11</CreatorId>
            <CreatorDate>10/15/2014 12:28:16</CreatorDate>
            <UpdatorId>TSTC</UpdatorId>
            <UpdatorDate>08/15/2023 20:32:21</UpdatorDate>
         </IncidentPersonRole>
      </IncidentPerson>
      <IncidentVehicle>
         <VEHICLE_ID>139</VEHICLE_ID>
         <RoleCode>ST</RoleCode>
         <CreatorId>STATE_CAL9</CreatorId>
         <CreatorDate>10/15/2014 12:29:39</CreatorDate>
         <UpdatorId>TSTC</UpdatorId>
         <UpdatorDate>07/13/2017 10:34:34</UpdatorDate>
         <DateOfInfo>07/24/2012 00:00:00</DateOfInfo>
         <DateOfInfo>05/02/2016 13:46:19</DateOfInfo>
         <StatusCode>8</StatusCode>
         <VIN>1HGCP26788A105630</VIN>
         <VehicleYear>2008</VehicleYear>
         <VehicleMakeCode>HOND</VehicleMakeCode>
         <VehicleModelCode>ACC</VehicleModelCode>
         <VehSecColorCode>MAR</VehSecColorCode>
         <VehSecColorCode>MAR</VehSecColorCode>
         <VehicleLicStateCode>IL</VehicleLicStateCode>
         <VehicleLicStateCode>IL</VehicleLicStateCode>
         <VehicleLicNumber>A571854</VehicleLicNumber>
         <VehicleLicNumber>A571854</VehicleLicNumber>
         <VehicleLicYear>2016</VehicleLicYear>
         <VehicleLicYear>2016</VehicleLicYear>
         <VehicleLicMonth>7</VehicleLicMonth>
         <VehicleLicMonth>7</VehicleLicMonth>
      </IncidentVehicle>
   </IncidentSupplement>
</Incident>