<?xml version="1.0" encoding="UTF-8"?>
<Incident xmlns:xsi="http://www.w3.org/2001/XMLSchema-instance"
          xsi:noNamespaceSchemaLocation="file:///C:/DATA/EJS/SVN_Root/Ejustice/trunk/XMLTransformations/OnlineRMSInternalToIncident/IAOnlineRMSIncidentImport.xsd">
   <IncidentReportNum>2015ROOT0006</IncidentReportNum>
   <AgencyCode>D42</AgencyCode>
   <ORINum>SC0280000</ORINum>
   <ReportDate>01/07/2015 00:41:00</ReportDate>
   <ReportTime>01/07/2015 00:41:00</ReportTime>
   <StartDate>01/07/2015 00:41:00</StartDate>
   <StartTime>01/01/2015 00:41:00</StartTime>
   <CreatorId>STATE_OFFICER11</CreatorId>
   <CreatorDate>01/08/2015 00:41:24</CreatorDate>
   <UpdatorId>TSTC</UpdatorId>
   <UpdatorDate>09/09/2021 18:46:34</UpdatorDate>
   <IncidentType>
      <IncidentTypeCode>CAB</IncidentTypeCode>
   </IncidentType>
   <IncidentAddress>
      <AddressId>287</AddressId>
      <CreatorId>STATE_OFFICER11</CreatorId>
      <CreatorDate>01/08/2015 00:41:42</CreatorDate>
      <UpdatorId>TSTC</UpdatorId>
      <UpdatorDate>01/08/2015 00:41:49</UpdatorDate>
      <Address>
         <AddressId>287</AddressId>
         <StreetNumber>5011</StreetNumber>
         <StreetDirCode>E</StreetDirCode>
         <StreetName>Wexton</StreetName>
         <StreetTypeCode>BND</StreetTypeCode>
         <City>DECATUR</City>
         <StateCode>GA</StateCode>
         <Zip5>80201</Zip5>
         <CountryCode>US</CountryCode>
         <Longitude>-84.243733</Longitude>
         <Latitude>33.756988</Latitude>
      </Address>
   </IncidentAddress>
   <IncidentSupplement>
      <SupplementSequence>0</SupplementSequence>
      <IncSupplementStatusCode>A</IncSupplementStatusCode>
      <SuppReportDate>01/08/2015 00:41:24</SuppReportDate>
      <SuppReportTime>01/08/2015 00:41:24</SuppReportTime>
      <AgencyOnly>N</AgencyOnly>
      <SecurityLevel>1201</SecurityLevel>
      <SuppAgencyCode>D42</SuppAgencyCode>
      <UnknownNoOffenders>N</UnknownNoOffenders>
      <DsIcrDate>01/08/2015 00:42:47</DsIcrDate>
      <DsIcrSubmissionStatus>NOT REPORTABLE</DsIcrSubmissionStatus>
      <CreatorId>STATE_OFFICER11</CreatorId>
      <CreatorDate>01/08/2015 00:41:24</CreatorDate>
      <UpdatorId>TSTC</UpdatorId>
      <UpdatorDate>08/05/2021 17:38:23</UpdatorDate>
      <IncidentSuppNarrative>
         <NarrativeNumber>1</NarrativeNumber>
         <NarrativeTitle>Original Narrative</NarrativeTitle>
         <NarrativeText>&amp;nbsp;sfgsfgsdfg</NarrativeText>
         <CreatorId>STATE_OFFICER11</CreatorId>
         <CreatorDate>01/08/2015 00:41:54</CreatorDate>
         <UpdatorId>STATE_OFFICER11</UpdatorId>
         <UpdatorDate>01/08/2015 00:41:54</UpdatorDate>
      </IncidentSuppNarrative>
      <IncidentOfficer>
         <OfficerRoleCode>P</OfficerRoleCode>
         <Officer>
            <AgencyCode>D42</AgencyCode>
            <ORINumber>SC0280000</ORINumber>
            <LastName>Ranz</LastName>
            <FirstName>Greg</FirstName>
            <InternalID>9696</InternalID>
         </Officer>
      </IncidentOfficer>
      <IncidentOfficer>
         <OfficerRoleCode>R</OfficerRoleCode>
         <Officer>
            <AgencyCode>D42</AgencyCode>
            <ORINumber>SC0280000</ORINumber>
            <LastName>Ranz</LastName>
            <FirstName>Greg</FirstName>
            <InternalID>9696</InternalID>
         </Officer>
      </IncidentOfficer>
   </IncidentSupplement>
</Incident>