<?xml version="1.0" encoding="UTF-8"?>
<Incident xmlns:xsi="http://www.w3.org/2001/XMLSchema-instance"
          xsi:noNamespaceSchemaLocation="file:///C:/DATA/EJS/SVN_Root/Ejustice/trunk/XMLTransformations/OnlineRMSInternalToIncident/IAOnlineRMSIncidentImport.xsd">
   <IncidentReportNum>2014ISP0000577</IncidentReportNum>
   <AgencyCode>D42</AgencyCode>
   <ORINum>SC0280000</ORINum>
   <ReportDate>11/05/2014 11:18:00</ReportDate>
   <ReportTime>11/05/2014 11:18:00</ReportTime>
   <StartDate>11/05/2014 11:18:00</StartDate>
   <StartTime>11/01/2014 11:18:00</StartTime>
   <Summary>adfasdfa</Summary>
   <CreatorId>STATE_OFFICER11</CreatorId>
   <CreatorDate>11/05/2014 11:18:38</CreatorDate>
   <UpdatorId>TSTC</UpdatorId>
   <UpdatorDate>09/09/2021 18:46:34</UpdatorDate>
   <IncidentType>
      <IncidentTypeCode>CAB</IncidentTypeCode>
   </IncidentType>
   <IncidentAddress>
      <AddressId>370</AddressId>
      <City>14</City>
      <CreatorId>STATE_OFFICER11</CreatorId>
      <CreatorDate>11/05/2014 11:18:59</CreatorDate>
      <UpdatorId>TSTC</UpdatorId>
      <UpdatorDate>11/05/2014 11:19:02</UpdatorDate>
      <Address>
         <AddressId>370</AddressId>
         <StreetNumber>12345</StreetNumber>
         <StreetDirCode>N</StreetDirCode>
         <StreetName>FAKE</StreetName>
         <StreetTypeCode>ST</StreetTypeCode>
         <SubTypeCode>APT</SubTypeCode>
         <SubNumber>1101</SubNumber>
         <StateCode>IN</StateCode>
         <CountryCode>US</CountryCode>
         <Longitude>-84.89408744049356</Longitude>
         <Latitude>39.81160697921166</Latitude>
         <AddressCommonName>
            <CommonPlaceName>POIBADZIP</CommonPlaceName>
         </AddressCommonName>
      </Address>
   </IncidentAddress>
   <IncidentSupplement>
      <SupplementSequence>0</SupplementSequence>
      <IncSupplementStatusCode>A</IncSupplementStatusCode>
      <SuppReportDate>11/05/2014 11:18:38</SuppReportDate>
      <SuppReportTime>11/05/2014 11:18:38</SuppReportTime>
      <AgencyOnly>N</AgencyOnly>
      <SecurityLevel>1100</SecurityLevel>
      <SuppAgencyCode>D42</SuppAgencyCode>
      <UnknownNoOffenders>N</UnknownNoOffenders>
      <DsIcrDate>11/13/2014 15:57:22</DsIcrDate>
      <DsIcrSubmissionStatus>READY TO BE PROCESSED-ORIGINAL</DsIcrSubmissionStatus>
      <CreatorId>STATE_OFFICER11</CreatorId>
      <CreatorDate>11/05/2014 11:18:38</CreatorDate>
      <UpdatorId>TSTC</UpdatorId>
      <UpdatorDate>08/05/2021 17:38:21</UpdatorDate>
      <IncidentSuppNarrative>
         <NarrativeNumber>1</NarrativeNumber>
         <NarrativeTitle>Original Narrative</NarrativeTitle>
         <NarrativeText>&amp;nbsp;asdfadfadf</NarrativeText>
         <CreatorId>STATE_OFFICER11</CreatorId>
         <CreatorDate>11/05/2014 11:21:10</CreatorDate>
         <UpdatorId>STATE_OFFICER11</UpdatorId>
         <UpdatorDate>11/05/2014 11:21:10</UpdatorDate>
      </IncidentSuppNarrative>
      <IncidentOfficer>
         <OfficerRoleCode>P</OfficerRoleCode>
         <Officer>
            <AgencyCode>D42</AgencyCode>
            <ORINumber>SC0280000</ORINumber>
            <LastName>Ranz</LastName>
            <FirstName>Greg</FirstName>
            <InternalID>9696</InternalID>
         </Officer>
      </IncidentOfficer>
      <IncidentOfficer>
         <OfficerRoleCode>R</OfficerRoleCode>
         <Officer>
            <AgencyCode>D42</AgencyCode>
            <ORINumber>SC0280000</ORINumber>
            <LastName>Ranz</LastName>
            <FirstName>Greg</FirstName>
            <InternalID>9696</InternalID>
         </Officer>
      </IncidentOfficer>
      <IncidentOffense>
         <IncidentId>2002</IncidentId>
         <OffenseNumber>1</OffenseNumber>
         <OffenseStatusCode>00</OffenseStatusCode>
         <OffenseCode>14-15-4-1</OffenseCode>
         <PlaceCode>40</PlaceCode>
         <BiasCode>61</BiasCode>
         <CSAUCode>C</CSAUCode>
         <SupplementSeq>0</SupplementSeq>
         <UCRNumber>1</UCRNumber>
         <OffenseStatusDate>11/05/2014 11:20:00</OffenseStatusDate>
         <AttemptedCompletedCode>C</AttemptedCompletedCode>
         <ArrestChargeCode>14-15-4-1</ArrestChargeCode>
         <CreatorId>STATE_OFFICER11</CreatorId>
         <CreatorDate>11/05/2014 11:21:04</CreatorDate>
         <UpdatorId>STATE_OFFICER11</UpdatorId>
         <UpdatorDate>11/05/2014 11:21:04</UpdatorDate>
      </IncidentOffense>
   </IncidentSupplement>
</Incident>