<?xml version="1.0" encoding="UTF-8"?>
<Incident xmlns:xsi="http://www.w3.org/2001/XMLSchema-instance"
          xsi:noNamespaceSchemaLocation="file:///C:/DATA/EJS/SVN_Root/Ejustice/trunk/XMLTransformations/OnlineRMSInternalToIncident/IAOnlineRMSIncidentImport.xsd">
   <IncidentReportNum>2015ROOT0082</IncidentReportNum>
   <AgencyCode>D42</AgencyCode>
   <ORINum>SC0280000</ORINum>
   <ReportDate>03/10/2015 10:59:00</ReportDate>
   <ReportTime>03/10/2015 10:59:00</ReportTime>
   <StartDate>03/10/2015 10:59:00</StartDate>
   <StartTime>03/01/2015 10:59:00</StartTime>
   <Summary>victim - person 2</Summary>
   <CreatorId>STATE_OFFICER11</CreatorId>
   <CreatorDate>03/10/2015 10:59:13</CreatorDate>
   <UpdatorId>TSTC</UpdatorId>
   <UpdatorDate>09/09/2021 18:46:36</UpdatorDate>
   <IncidentType>
      <IncidentTypeCode>CAD</IncidentTypeCode>
   </IncidentType>
   <IncidentAddress>
      <AddressId>436</AddressId>
      <CreatorId>STATE_OFFICER11</CreatorId>
      <CreatorDate>03/10/2015 10:59:31</CreatorDate>
      <UpdatorId>STATE_OFFICER11</UpdatorId>
      <UpdatorDate>05/29/2015 16:51:13</UpdatorDate>
      <Address>
         <AddressId>436</AddressId>
         <StreetNumber>987</StreetNumber>
         <StreetName>Construction</StreetName>
         <StreetTypeCode>ST</StreetTypeCode>
         <City>Denver</City>
         <StateCode>CO</StateCode>
         <CountryCode>US</CountryCode>
      </Address>
   </IncidentAddress>
   <IncidentSupplement>
      <SupplementSequence>0</SupplementSequence>
      <IncSupplementStatusCode>A</IncSupplementStatusCode>
      <SuppReportDate>03/10/2015 10:59:13</SuppReportDate>
      <SuppReportTime>03/10/2015 10:59:13</SuppReportTime>
      <AgencyOnly>N</AgencyOnly>
      <SecurityLevel>1201</SecurityLevel>
      <SuppAgencyCode>D42</SuppAgencyCode>
      <UnknownNoOffenders>N</UnknownNoOffenders>
      <DsIcrDate>05/29/2015 16:09:09</DsIcrDate>
      <DsIcrSubmissionStatus>NOT REPORTABLE</DsIcrSubmissionStatus>
      <CreatorId>STATE_OFFICER11</CreatorId>
      <CreatorDate>03/10/2015 10:59:13</CreatorDate>
      <UpdatorId>TSTC</UpdatorId>
      <UpdatorDate>08/05/2021 17:38:22</UpdatorDate>
      <IncidentSuppNarrative>
         <NarrativeNumber>1</NarrativeNumber>
         <NarrativeTitle>Original Narrative</NarrativeTitle>
         <NarrativeText>&amp;nbsp;victim</NarrativeText>
         <CreatorId>STATE_OFFICER11</CreatorId>
         <CreatorDate>03/10/2015 11:00:42</CreatorDate>
         <UpdatorId>STATE_OFFICER11</UpdatorId>
         <UpdatorDate>03/10/2015 11:00:42</UpdatorDate>
      </IncidentSuppNarrative>
      <IncidentOfficer>
         <OfficerRoleCode>P</OfficerRoleCode>
         <Officer>
            <AgencyCode>D42</AgencyCode>
            <ORINumber>SC0280000</ORINumber>
            <LastName>Ranz</LastName>
            <FirstName>Greg</FirstName>
            <InternalID>9696</InternalID>
         </Officer>
      </IncidentOfficer>
      <IncidentOfficer>
         <OfficerRoleCode>R</OfficerRoleCode>
         <Officer>
            <AgencyCode>D42</AgencyCode>
            <ORINumber>SC0280000</ORINumber>
            <LastName>Hanover</LastName>
            <FirstName>Jeff</FirstName>
            <InternalID>96965</InternalID>
         </Officer>
      </IncidentOfficer>
      <IncidentPerson>
         <ApproxAge>25</ApproxAge>
         <ResidentStatusCode>R</ResidentStatusCode>
         <CreatorId>STATE_OFFICER11</CreatorId>
         <CreatorDate>03/10/2015 11:00:33</CreatorDate>
         <UpdatorId>TSTC</UpdatorId>
         <UpdatorDate>05/24/2023 12:41:19</UpdatorDate>
         <Person>
            <PersonId>696</PersonId>
            <RaceCode>W</RaceCode>
            <SexCode>M</SexCode>
            <PersonVerified>Y</PersonVerified>
            <PersonPrimaryName>
               <LastName>Incident</LastName>
               <FirstName>Person 2</FirstName>
               <DOB>03/08/1990 00:00:00</DOB>
               <DateOfInfo>03/10/2015 10:45:29</DateOfInfo>
               <SLastName>I523</SLastName>
               <SFirstName>P625</SFirstName>
            </PersonPrimaryName>
            <Alias>
               <NameTypeCode>A</NameTypeCode>
               <LastName>Incident</LastName>
               <FirstName>Person 2</FirstName>
               <DOB>03/08/1990 00:00:00</DOB>
               <SLastName>I523</SLastName>
               <SFirstName>P625</SFirstName>
               <DateOfInfo>03/10/2015 10:45:29</DateOfInfo>
            </Alias>
            <PersonAddress>
               <StreetNumber>401</StreetNumber>
               <StreetName>CLEARVIEW</StreetName>
               <StreetTypeCode>LN</StreetTypeCode>
               <StateCode>IN</StateCode>
               <CountryCode>US</CountryCode>
               <Longitude>-85.25513</Longitude>
               <Latitude>39.06228</Latitude>
            </PersonAddress>
         </Person>
         <IncidentPersonRole>
            <RoleType>V</RoleType>
            <CreatorId>STATE_OFFICER11</CreatorId>
            <CreatorDate>03/10/2015 11:00:33</CreatorDate>
            <UpdatorId>TSTC</UpdatorId>
            <UpdatorDate>08/15/2023 20:32:18</UpdatorDate>
         </IncidentPersonRole>
      </IncidentPerson>
   </IncidentSupplement>
</Incident>