<?xml version="1.0" encoding="UTF-8"?>
<Incident xmlns:xsi="http://www.w3.org/2001/XMLSchema-instance"
          xsi:noNamespaceSchemaLocation="file:///C:/DATA/EJS/SVN_Root/Ejustice/trunk/XMLTransformations/OnlineRMSInternalToIncident/IAOnlineRMSIncidentImport.xsd">
   <IncidentReportNum>2016D4210007</IncidentReportNum>
   <AgencyCode>D42</AgencyCode>
   <ORINum>SC0280000</ORINum>
   <ReportDate>01/27/2016 09:48:00</ReportDate>
   <ReportTime>01/27/2016 09:48:00</ReportTime>
   <StartDate>01/27/2016 09:48:00</StartDate>
   <StartTime>01/01/2016 09:48:00</StartTime>
   <Summary>testing w/o offense</Summary>
   <CreatorId>STATE_OFFICER11</CreatorId>
   <CreatorDate>01/27/2016 09:48:32</CreatorDate>
   <UpdatorId>TSTC</UpdatorId>
   <UpdatorDate>09/09/2021 18:46:37</UpdatorDate>
   <IncidentType>
      <IncidentTypeCode>CAD</IncidentTypeCode>
   </IncidentType>
   <IncidentAddress>
      <AddressId>471</AddressId>
      <Beat>Test</Beat>
      <SubBeat>Area</SubBeat>
      <City>19</City>
      <CreatorId>STATE_OFFICER11</CreatorId>
      <CreatorDate>01/27/2016 09:48:50</CreatorDate>
      <UpdatorId>TSTC</UpdatorId>
      <UpdatorDate>01/27/2016 09:49:01</UpdatorDate>
      <Address>
         <AddressId>471</AddressId>
         <StreetNumber>717</StreetNumber>
         <StreetName>Clough</StreetName>
         <StreetTypeCode>AVE</StreetTypeCode>
         <City>Superior</City>
         <StateCode>WI</StateCode>
         <Zip5>54880</Zip5>
         <CountryCode>US</CountryCode>
         <Beat>Test</Beat>
         <SubBeat>Area</SubBeat>
         <Longitude>-92.090824</Longitude>
         <Latitude>46.729562</Latitude>
         <AddressCommonName>
            <CommonPlaceName>Dead strip</CommonPlaceName>
         </AddressCommonName>
      </Address>
   </IncidentAddress>
   <IncidentSupplement>
      <SupplementSequence>0</SupplementSequence>
      <IncSupplementStatusCode>A</IncSupplementStatusCode>
      <SuppReportDate>03/07/2016 12:59:59</SuppReportDate>
      <SuppReportTime>01/27/2016 09:48:32</SuppReportTime>
      <AgencyOnly>N</AgencyOnly>
      <SecurityLevel>1201</SecurityLevel>
      <SuppAgencyCode>D42</SuppAgencyCode>
      <UnknownNoOffenders>N</UnknownNoOffenders>
      <DsIcrDate>01/27/2016 10:57:08</DsIcrDate>
      <DsIcrSubmissionStatus>NOT REPORTABLE</DsIcrSubmissionStatus>
      <CreatorId>STATE_OFFICER11</CreatorId>
      <CreatorDate>01/27/2016 09:48:32</CreatorDate>
      <UpdatorId>TSTC</UpdatorId>
      <UpdatorDate>08/05/2021 17:38:25</UpdatorDate>
      <IncidentSuppNarrative>
         <NarrativeNumber>1</NarrativeNumber>
         <NarrativeTitle>Original Narrative</NarrativeTitle>
         <NarrativeText>&amp;nbsp;different offense</NarrativeText>
         <CreatorId>STATE_OFFICER11</CreatorId>
         <CreatorDate>01/27/2016 09:50:21</CreatorDate>
         <UpdatorId>STATE_OFFICER11</UpdatorId>
         <UpdatorDate>01/27/2016 09:50:21</UpdatorDate>
      </IncidentSuppNarrative>
      <IncidentOfficer>
         <OfficerRoleCode>P</OfficerRoleCode>
         <Officer>
            <AgencyCode>D42</AgencyCode>
            <ORINumber>SC0280000</ORINumber>
            <LastName>Ranz</LastName>
            <FirstName>Greg</FirstName>
            <InternalID>9696</InternalID>
         </Officer>
      </IncidentOfficer>
      <IncidentOfficer>
         <OfficerRoleCode>R</OfficerRoleCode>
         <Officer>
            <AgencyCode>D42</AgencyCode>
            <ORINumber>SC0280000</ORINumber>
            <LastName>Ranz</LastName>
            <FirstName>Greg</FirstName>
            <InternalID>9696</InternalID>
         </Officer>
      </IncidentOfficer>
      <IncidentOffense>
         <IncidentId>2435</IncidentId>
         <OffenseNumber>1</OffenseNumber>
         <OffenseStatusCode>05</OffenseStatusCode>
         <OffenseCode>14-22-6-6</OffenseCode>
         <PlaceCode>05</PlaceCode>
         <BiasCode>88</BiasCode>
         <CSAUCode>A</CSAUCode>
         <SupplementSeq>0</SupplementSeq>
         <UCRNumber>1</UCRNumber>
         <OffenseStatusDate>01/27/2016 09:48:00</OffenseStatusDate>
         <AttemptedCompletedCode>A</AttemptedCompletedCode>
         <CreatorId>STATE_OFFICER11</CreatorId>
         <CreatorDate>01/27/2016 09:50:12</CreatorDate>
         <UpdatorId>STATE_OFFICER11</UpdatorId>
         <UpdatorDate>01/27/2016 09:50:12</UpdatorDate>
      </IncidentOffense>
   </IncidentSupplement>
</Incident>