<?xml version="1.0" encoding="UTF-8"?>
<Incident xmlns:xsi="http://www.w3.org/2001/XMLSchema-instance"
          xsi:noNamespaceSchemaLocation="file:///C:/DATA/EJS/SVN_Root/Ejustice/trunk/XMLTransformations/OnlineRMSInternalToIncident/IAOnlineRMSIncidentImport.xsd">
   <IncidentReportNum>2015ROOT0209</IncidentReportNum>
   <AgencyCode>D42</AgencyCode>
   <ORINum>SC0280000</ORINum>
   <ReportDate>01/01/2015 11:32:00</ReportDate>
   <ReportTime>01/01/2015 11:32:00</ReportTime>
   <StartDate>01/01/2015 11:32:00</StartDate>
   <StartTime>10/01/2015 11:32:00</StartTime>
   <CreatorId>STATE_OSUPER3</CreatorId>
   <CreatorDate>10/23/2015 11:32:55</CreatorDate>
   <UpdatorId>TSTC</UpdatorId>
   <UpdatorDate>09/09/2021 18:46:37</UpdatorDate>
   <IncidentType>
      <IncidentTypeCode>STP</IncidentTypeCode>
   </IncidentType>
   <IncidentAddress>
      <AddressId>347</AddressId>
      <Beat>Test</Beat>
      <SubBeat>Area</SubBeat>
      <City>10</City>
      <CreatorId>42CIDSUP</CreatorId>
      <CreatorDate>10/23/2015 11:33:44</CreatorDate>
      <UpdatorId>TSTC</UpdatorId>
      <UpdatorDate>10/23/2015 11:36:07</UpdatorDate>
      <Address>
         <AddressId>347</AddressId>
         <StreetNumber>86</StreetNumber>
         <StreetDirCode>NE</StreetDirCode>
         <StreetName>ASHWOOD</StreetName>
         <StreetTypeCode>LN</StreetTypeCode>
         <StreetSuffixCode>N</StreetSuffixCode>
         <City>DILLON</City>
         <CountryCode>US</CountryCode>
         <CrossStreetNumber>123</CrossStreetNumber>
         <CrossStreetDirCode>N</CrossStreetDirCode>
         <CrossStreetTypeCode>ACRE</CrossStreetTypeCode>
         <Beat>Test</Beat>
         <SubBeat>Area</SubBeat>
         <AddressCommonName>
            <CommonPlaceName>Dead strip</CommonPlaceName>
         </AddressCommonName>
      </Address>
   </IncidentAddress>
   <IncidentSupplement>
      <SupplementSequence>0</SupplementSequence>
      <IncSupplementStatusCode>A</IncSupplementStatusCode>
      <SuppReportDate>10/23/2015 11:32:56</SuppReportDate>
      <SuppReportTime>10/23/2015 11:32:56</SuppReportTime>
      <AgencyOnly>N</AgencyOnly>
      <SecurityLevel>1100</SecurityLevel>
      <SuppAgencyCode>D42</SuppAgencyCode>
      <UnknownNoOffenders>N</UnknownNoOffenders>
      <DsIcrDate>10/23/2015 11:40:39</DsIcrDate>
      <DsIcrSubmissionStatus>SENT WAITING FOR RESPONSE</DsIcrSubmissionStatus>
      <CreatorId>42CIDSUP</CreatorId>
      <CreatorDate>10/23/2015 11:32:56</CreatorDate>
      <UpdatorId>TSTC</UpdatorId>
      <UpdatorDate>08/05/2021 17:38:24</UpdatorDate>
      <IncidentSuppNarrative>
         <NarrativeNumber>1</NarrativeNumber>
         <NarrativeTitle>Original Narrative</NarrativeTitle>
         <NarrativeText>&amp;nbsp;test</NarrativeText>
         <CreatorId>42CIDSUP</CreatorId>
         <CreatorDate>10/23/2015 11:39:53</CreatorDate>
         <UpdatorId>42CIDSUP</UpdatorId>
         <UpdatorDate>10/23/2015 11:39:53</UpdatorDate>
      </IncidentSuppNarrative>
      <IncidentOfficer>
         <OfficerRoleCode>P</OfficerRoleCode>
         <Officer>
            <AgencyCode>D22</AgencyCode>
            <ORINumber>147258369</ORINumber>
            <LastName>Collins</LastName>
            <FirstName>Sgt.</FirstName>
            <InternalID>5513</InternalID>
         </Officer>
      </IncidentOfficer>
      <IncidentOfficer>
         <OfficerRoleCode>R</OfficerRoleCode>
         <Officer>
            <AgencyCode>D22</AgencyCode>
            <ORINumber>147258369</ORINumber>
            <LastName>Collins</LastName>
            <FirstName>Sgt.</FirstName>
            <InternalID>5513</InternalID>
         </Officer>
      </IncidentOfficer>
      <IncidentOffense>
         <IncidentId>2396</IncidentId>
         <OffenseNumber>1</OffenseNumber>
         <OffenseStatusCode>00</OffenseStatusCode>
         <OffenseCode>35-43-4-2  T71</OffenseCode>
         <PlaceCode>01</PlaceCode>
         <BiasCode>88</BiasCode>
         <CSAUCode>C</CSAUCode>
         <SupplementSeq>0</SupplementSeq>
         <UCRNumber>1</UCRNumber>
         <OffenseStatusDate>01/01/2015 11:32:00</OffenseStatusDate>
         <AttemptedCompletedCode>C</AttemptedCompletedCode>
         <ArrestChargeCode>35-43-4-2  T71</ArrestChargeCode>
         <CreatorId>42CIDSUP</CreatorId>
         <CreatorDate>10/23/2015 11:34:36</CreatorDate>
         <UpdatorId>42CIDSUP</UpdatorId>
         <UpdatorDate>10/23/2015 11:34:36</UpdatorDate>
      </IncidentOffense>
      <IncidentPerson>
         <ApproxAge>31</ApproxAge>
         <ResidentStatusCode>R</ResidentStatusCode>
         <CreatorId>42CIDSUP</CreatorId>
         <CreatorDate>10/23/2015 11:35:01</CreatorDate>
         <UpdatorId>TSTC</UpdatorId>
         <UpdatorDate>05/24/2023 12:41:22</UpdatorDate>
         <Person>
            <PersonId>348</PersonId>
            <RaceCode>H</RaceCode>
            <SexCode>M</SexCode>
            <PersonVerified>Y</PersonVerified>
            <PersonPrimaryName>
               <LastName>Argueta</LastName>
               <FirstName>Ricardo</FirstName>
               <MiddleName>PICTEST</MiddleName>
               <DOB>12/17/1983 00:00:00</DOB>
               <DateOfInfo>08/29/2012 12:45:28</DateOfInfo>
               <SLastName>A623</SLastName>
               <SFirstName>R263</SFirstName>
            </PersonPrimaryName>
            <PersonPrimaryName>
               <LastName>Ricardo</LastName>
               <FirstName>Riki</FirstName>
               <DateOfInfo>01/02/2013 00:00:00</DateOfInfo>
               <SLastName>R263</SLastName>
               <SFirstName>R200</SFirstName>
            </PersonPrimaryName>
            <Alias>
               <NameTypeCode>P</NameTypeCode>
               <LastName>Argueta</LastName>
               <FirstName>Ricardo</FirstName>
               <MiddleName>PICTEST</MiddleName>
               <DOB>12/17/1983 00:00:00</DOB>
               <SLastName>A623</SLastName>
               <SFirstName>R263</SFirstName>
               <DateOfInfo>08/29/2012 12:45:28</DateOfInfo>
            </Alias>
            <Alias>
               <NameTypeCode>A</NameTypeCode>
               <LastName>Ricardo</LastName>
               <FirstName>Riki</FirstName>
               <SLastName>R263</SLastName>
               <SFirstName>R200</SFirstName>
               <DateOfInfo>01/02/2013 00:00:00</DateOfInfo>
            </Alias>
         </Person>
         <IncidentPersonRole>
            <RoleType>S</RoleType>
            <CreatorId>42CIDSUP</CreatorId>
            <CreatorDate>10/23/2015 11:35:01</CreatorDate>
            <UpdatorId>TSTC</UpdatorId>
            <UpdatorDate>08/15/2023 20:32:22</UpdatorDate>
         </IncidentPersonRole>
      </IncidentPerson>
      <IncidentPerson>
         <ApproxAge>00</ApproxAge>
         <ResidentStatusCode>R</ResidentStatusCode>
         <CreatorId>42CIDSUP</CreatorId>
         <CreatorDate>10/23/2015 11:35:37</CreatorDate>
         <UpdatorId>TSTC</UpdatorId>
         <UpdatorDate>05/24/2023 12:41:22</UpdatorDate>
         <Person>
            <PersonId>617</PersonId>
            <RaceCode>W</RaceCode>
            <SexCode>M</SexCode>
            <PersonVerified>Y</PersonVerified>
            <PersonPrimaryName>
               <LastName>Elston</LastName>
               <FirstName>Jeff</FirstName>
               <DateOfInfo>10/29/2014 16:15:54</DateOfInfo>
               <SLastName>E423</SLastName>
               <SFirstName>J100</SFirstName>
            </PersonPrimaryName>
            <Alias>
               <NameTypeCode>P</NameTypeCode>
               <LastName>Elston</LastName>
               <FirstName>Jeff</FirstName>
               <SLastName>E423</SLastName>
               <SFirstName>J100</SFirstName>
               <DateOfInfo>10/29/2014 16:15:54</DateOfInfo>
            </Alias>
            <PersonPhone>
               <PhoneTypeCode>CEL</PhoneTypeCode>
               <PhoneArea>123</PhoneArea>
               <PhonePrefix>455</PhonePrefix>
               <PhoneSuffix>6987</PhoneSuffix>
               <DateOfInfo>10/29/2015 00:00:00</DateOfInfo>
            </PersonPhone>
         </Person>
         <IncidentPersonRole>
            <RoleType>V</RoleType>
            <CreatorId>42CIDSUP</CreatorId>
            <CreatorDate>10/23/2015 11:35:37</CreatorDate>
            <UpdatorId>TSTC</UpdatorId>
            <UpdatorDate>08/15/2023 20:32:22</UpdatorDate>
         </IncidentPersonRole>
      </IncidentPerson>
      <IncidentProperty>
         <RoleCode>7</RoleCode>
         <CreatorId>42CIDSUP</CreatorId>
         <CreatorDate>10/23/2015 11:39:30</CreatorDate>
         <UpdatorId>TSTC</UpdatorId>
         <UpdatorDate>08/10/2017 23:00:49</UpdatorDate>
         <DateOfInfo>10/23/2015 00:00:00</DateOfInfo>
         <StatusCode>5</StatusCode>
         <DocumentTypeCode>P</DocumentTypeCode>
         <PropertyTypeCode>479</PropertyTypeCode>
         <PropertyValue>1</PropertyValue>
         <Value>1</Value>
         <Evidence>N</Evidence>
         <EvidenceFlag>N</EvidenceFlag>
         <Property_ID>1329</Property_ID>
         <Quantity>1</Quantity>
      </IncidentProperty>
   </IncidentSupplement>
</Incident>