<?xml version="1.0" encoding="UTF-8"?>
<Incident xmlns:xsi="http://www.w3.org/2001/XMLSchema-instance"
          xsi:noNamespaceSchemaLocation="file:///C:/DATA/EJS/SVN_Root/Ejustice/trunk/XMLTransformations/OnlineRMSInternalToIncident/IAOnlineRMSIncidentImport.xsd">
   <IncidentReportNum>2016-0032</IncidentReportNum>
   <AgencyCode>D42</AgencyCode>
   <ORINum>SC0280000</ORINum>
   <ReportDate>11/09/2016 12:03:45</ReportDate>
   <ReportTime>11/09/2016 12:03:45</ReportTime>
   <StartDate>11/09/2016 12:00:00</StartDate>
   <StartTime>11/09/2016 12:00:00</StartTime>
   <CreatorId>TSTC</CreatorId>
   <CreatorDate>11/09/2016 12:03:48</CreatorDate>
   <UpdatorId>TSTC</UpdatorId>
   <UpdatorDate>09/09/2021 18:46:39</UpdatorDate>
   <IncidentType>
      <IncidentTypeCode>B/B</IncidentTypeCode>
   </IncidentType>
   <IncidentAddress>
      <AddressId>661</AddressId>
      <City>6</City>
      <CreatorId>TSTC</CreatorId>
      <CreatorDate>11/09/2016 12:03:48</CreatorDate>
      <UpdatorId>TSTC</UpdatorId>
      <UpdatorDate>06/06/2017 17:39:41</UpdatorDate>
      <Address>
         <AddressId>661</AddressId>
         <StreetNumber>900</StreetNumber>
         <StreetDirCode>S</StreetDirCode>
         <StreetName>Main</StreetName>
         <StreetTypeCode>ST</StreetTypeCode>
         <City>Point Marion</City>
         <StateCode>IN</StateCode>
         <CountryCode>US</CountryCode>
         <Longitude>-79.90416603942457</Longitude>
         <Latitude>39.731785954245204</Latitude>
         <AddressCommonName>
            <CommonPlaceName>District 42 test</CommonPlaceName>
         </AddressCommonName>
      </Address>
   </IncidentAddress>
   <IncidentSupplement>
      <SupplementSequence>0</SupplementSequence>
      <IncSupplementStatusCode>A</IncSupplementStatusCode>
      <SuppReportDate>11/09/2016 12:03:45</SuppReportDate>
      <SuppReportTime>11/09/2016 12:03:45</SuppReportTime>
      <AgencyOnly>N</AgencyOnly>
      <SecurityLevel>1100</SecurityLevel>
      <SuppAgencyCode>D42</SuppAgencyCode>
      <UnknownNoOffenders>N</UnknownNoOffenders>
      <DsIcrDate>06/19/2017 10:18:09</DsIcrDate>
      <DsIcrSubmissionStatus>SENT WAITING FOR RESPONSE</DsIcrSubmissionStatus>
      <CreatorId>TSTC</CreatorId>
      <CreatorDate>11/09/2016 12:03:48</CreatorDate>
      <UpdatorId>TSTC</UpdatorId>
      <UpdatorDate>08/05/2021 17:38:26</UpdatorDate>
      <IncidentSuppNarrative>
         <NarrativeNumber>1</NarrativeNumber>
         <NarrativeTitle>Combined narratives from CAD</NarrativeTitle>
         <NarrativeText>11/09/2016 12:05:33 SUPERUSER2: Test Narrative&lt;br /&gt;</NarrativeText>
         <CreatorId>TSTC</CreatorId>
         <CreatorDate>11/09/2016 12:15:57</CreatorDate>
         <UpdatorId>TSTC</UpdatorId>
         <UpdatorDate>11/09/2016 12:15:58</UpdatorDate>
      </IncidentSuppNarrative>
      <IncidentOfficer>
         <OfficerRoleCode>A</OfficerRoleCode>
         <Officer>
            <AgencyCode>D13</AgencyCode>
            <ORINumber>678901234</ORINumber>
            <LastName>M</LastName>
            <FirstName>Dana</FirstName>
            <InternalID>12345</InternalID>
         </Officer>
      </IncidentOfficer>
      <IncidentOfficer>
         <OfficerRoleCode>P</OfficerRoleCode>
         <Officer>
            <AgencyCode>D42</AgencyCode>
            <ORINumber>SC0280000</ORINumber>
            <LastName>Ranz</LastName>
            <FirstName>Greg</FirstName>
            <InternalID>9696</InternalID>
         </Officer>
      </IncidentOfficer>
      <IncidentOfficer>
         <OfficerRoleCode>R</OfficerRoleCode>
         <Officer>
            <AgencyCode>D42</AgencyCode>
            <ORINumber>SC0280000</ORINumber>
            <LastName>Ranz</LastName>
            <FirstName>Greg</FirstName>
            <InternalID>9696</InternalID>
         </Officer>
      </IncidentOfficer>
      <IncidentOffense>
         <IncidentId>2583</IncidentId>
         <OffenseNumber>1</OffenseNumber>
         <OffenseStatusCode>00</OffenseStatusCode>
         <OffenseCode>35-43-4-2.5 V02</OffenseCode>
         <PlaceCode>40</PlaceCode>
         <BiasCode>88</BiasCode>
         <CSAUCode>C</CSAUCode>
         <SupplementSeq>0</SupplementSeq>
         <UCRNumber>1</UCRNumber>
         <OffenseStatusDate>11/09/2016 12:00:00</OffenseStatusDate>
         <AttemptedCompletedCode>C</AttemptedCompletedCode>
         <ArrestChargeCode>35-43-4-2.5 V02</ArrestChargeCode>
         <CreatorId>STATE_OFFICER11</CreatorId>
         <CreatorDate>01/16/2017 10:33:04</CreatorDate>
         <UpdatorId>STATE_OFFICER11</UpdatorId>
         <UpdatorDate>01/16/2017 10:33:04</UpdatorDate>
      </IncidentOffense>
      <IncidentPerson>
         <ApproxAge>30</ApproxAge>
         <ResidentStatusCode>R</ResidentStatusCode>
         <CreatorId>STATE_OFFICER11</CreatorId>
         <CreatorDate>01/16/2017 10:33:37</CreatorDate>
         <UpdatorId>TSTC</UpdatorId>
         <UpdatorDate>05/24/2023 12:41:22</UpdatorDate>
         <Person>
            <PersonId>211</PersonId>
            <RaceCode>H</RaceCode>
            <SexCode>F</SexCode>
            <EthnicityCode>N</EthnicityCode>
            <PersonVerified>Y</PersonVerified>
            <PersonPrimaryName>
               <LastName>ALEXANDER</LastName>
               <FirstName>KAREN</FirstName>
               <MiddleName>A</MiddleName>
               <DateOfInfo>06/06/2012 14:19:04</DateOfInfo>
               <SLastName>A425</SLastName>
               <SFirstName>K650</SFirstName>
            </PersonPrimaryName>
            <PersonPrimaryName>
               <LastName>Hoffman</LastName>
               <FirstName>Laurent</FirstName>
               <MiddleName>Jane</MiddleName>
               <DOB>12/01/1985 00:00:00</DOB>
               <DateOfInfo>12/13/2012 00:00:00</DateOfInfo>
               <SLastName>H155</SLastName>
               <SFirstName>L653</SFirstName>
            </PersonPrimaryName>
            <PersonPrimaryName>
               <LastName>Alexandria</LastName>
               <FirstName>Shirley</FirstName>
               <MiddleName>Lina</MiddleName>
               <DOB>12/12/1985 00:00:00</DOB>
               <SSN>7.84641359E8</SSN>
               <TitleCode>SR</TitleCode>
               <DateOfInfo>12/13/2012 00:00:00</DateOfInfo>
               <SLastName>A425</SLastName>
               <SFirstName>S640</SFirstName>
            </PersonPrimaryName>
            <PersonPrimaryName>
               <LastName>Hoffman</LastName>
               <FirstName>Laurent</FirstName>
               <MiddleName>Jane</MiddleName>
               <DOB>12/01/1985 00:00:00</DOB>
               <SSN>3.33445566E8</SSN>
               <TitleCode>III</TitleCode>
               <DateOfInfo>12/13/2012 00:00:00</DateOfInfo>
               <SLastName>H155</SLastName>
               <SFirstName>L653</SFirstName>
            </PersonPrimaryName>
            <PersonPrimaryName>
               <LastName>Hoffman</LastName>
               <FirstName>Laurent</FirstName>
               <MiddleName>Jane</MiddleName>
               <DOB>12/01/1985 00:00:00</DOB>
               <DateOfInfo>12/13/2012 00:00:00</DateOfInfo>
               <SLastName>H155</SLastName>
               <SFirstName>L653</SFirstName>
            </PersonPrimaryName>
            <Alias>
               <NameTypeCode>A</NameTypeCode>
               <LastName>ALEXANDER</LastName>
               <FirstName>KAREN</FirstName>
               <MiddleName>A</MiddleName>
               <SLastName>A425</SLastName>
               <SFirstName>K650</SFirstName>
               <DateOfInfo>06/06/2012 14:19:04</DateOfInfo>
            </Alias>
            <Alias>
               <NameTypeCode>A</NameTypeCode>
               <LastName>Hoffman</LastName>
               <FirstName>Laurent</FirstName>
               <MiddleName>Jane</MiddleName>
               <DOB>12/01/1985 00:00:00</DOB>
               <SLastName>H155</SLastName>
               <SFirstName>L653</SFirstName>
               <DateOfInfo>12/13/2012 00:00:00</DateOfInfo>
            </Alias>
            <Alias>
               <NameTypeCode>A</NameTypeCode>
               <LastName>Alexandria</LastName>
               <FirstName>Shirley</FirstName>
               <MiddleName>Lina</MiddleName>
               <DOB>12/12/1985 00:00:00</DOB>
               <SSN>7.84641359E8</SSN>
               <TitleCode>SR</TitleCode>
               <SLastName>A425</SLastName>
               <SFirstName>S640</SFirstName>
               <DateOfInfo>12/13/2012 00:00:00</DateOfInfo>
            </Alias>
            <Alias>
               <NameTypeCode>P</NameTypeCode>
               <LastName>Hoffman</LastName>
               <FirstName>Laurent</FirstName>
               <MiddleName>Jane</MiddleName>
               <DOB>12/01/1985 00:00:00</DOB>
               <SSN>3.33445566E8</SSN>
               <TitleCode>III</TitleCode>
               <SLastName>H155</SLastName>
               <SFirstName>L653</SFirstName>
               <DateOfInfo>12/13/2012 00:00:00</DateOfInfo>
            </Alias>
            <Alias>
               <NameTypeCode>A</NameTypeCode>
               <LastName>Hoffman</LastName>
               <FirstName>Laurent</FirstName>
               <MiddleName>Jane</MiddleName>
               <DOB>12/01/1985 00:00:00</DOB>
               <SLastName>H155</SLastName>
               <SFirstName>L653</SFirstName>
               <DateOfInfo>12/13/2012 00:00:00</DateOfInfo>
            </Alias>
            <PersonPhone>
               <PhoneTypeCode>RES</PhoneTypeCode>
               <PhoneArea>765</PhoneArea>
               <PhonePrefix>555</PhonePrefix>
               <PhoneSuffix>5555</PhoneSuffix>
               <DateOfInfo>04/08/2014 00:00:00</DateOfInfo>
            </PersonPhone>
         </Person>
         <IncidentPersonRole>
            <RoleType>V</RoleType>
            <CreatorId>STATE_OFFICER11</CreatorId>
            <CreatorDate>06/19/2017 10:17:00</CreatorDate>
            <UpdatorId>TSTC</UpdatorId>
            <UpdatorDate>08/15/2023 20:32:23</UpdatorDate>
         </IncidentPersonRole>
      </IncidentPerson>
      <IncidentPerson>
         <ApproxAge>36</ApproxAge>
         <ResidentStatusCode>R</ResidentStatusCode>
         <CreatorId>STATE_OFFICER11</CreatorId>
         <CreatorDate>06/19/2017 10:16:28</CreatorDate>
         <UpdatorId>TSTC</UpdatorId>
         <UpdatorDate>05/24/2023 12:41:21</UpdatorDate>
         <Person>
            <PersonId>885</PersonId>
            <RaceCode>B</RaceCode>
            <SexCode>F</SexCode>
            <PersonVerified>Y</PersonVerified>
            <PersonPrimaryName>
               <LastName>Person01</LastName>
               <FirstName>Incident</FirstName>
               <DOB>11/01/1970 00:00:00</DOB>
               <SSN>1.11111111E8</SSN>
               <DateOfInfo>06/06/2017 16:21:14</DateOfInfo>
               <SLastName>P625</SLastName>
               <SFirstName>I523</SFirstName>
            </PersonPrimaryName>
            <PersonPrimaryName>
               <LastName>Lawless</LastName>
               <FirstName>Lucy</FirstName>
               <DOB>06/01/2017 00:00:00</DOB>
               <DateOfInfo>06/06/2017 00:00:00</DateOfInfo>
               <SLastName>L420</SLastName>
               <SFirstName>L200</SFirstName>
            </PersonPrimaryName>
            <Alias>
               <NameTypeCode>P</NameTypeCode>
               <LastName>Person01</LastName>
               <FirstName>Incident</FirstName>
               <DOB>11/01/1970 00:00:00</DOB>
               <SSN>1.11111111E8</SSN>
               <SLastName>P625</SLastName>
               <SFirstName>I523</SFirstName>
               <DateOfInfo>06/06/2017 16:21:14</DateOfInfo>
            </Alias>
            <Alias>
               <NameTypeCode>M</NameTypeCode>
               <LastName>Lawless</LastName>
               <FirstName>Lucy</FirstName>
               <DOB>06/01/2017 00:00:00</DOB>
               <SLastName>L420</SLastName>
               <SFirstName>L200</SFirstName>
               <DateOfInfo>06/06/2017 00:00:00</DateOfInfo>
            </Alias>
            <PersonAddress>
               <StreetNumber>2740</StreetNumber>
               <StreetDirCode>N</StreetDirCode>
               <StreetName>ADDISON MEADOWS</StreetName>
               <StreetTypeCode>LN</StreetTypeCode>
               <SubTypeCode>BSMT</SubTypeCode>
               <City>INDIANAPOLIS</City>
               <StateCode>PA</StateCode>
               <Zip5>46203</Zip5>
               <Zip4>5555</Zip4>
               <Longitude>-86.059884</Longitude>
               <Latitude>39.728722</Latitude>
               <Beat>Test</Beat>
               <SubBeat>Area</SubBeat>
            </PersonAddress>
         </Person>
         <IncidentPersonRole>
            <RoleType>V</RoleType>
            <CreatorId>STATE_OFFICER11</CreatorId>
            <CreatorDate>06/19/2017 10:16:28</CreatorDate>
            <UpdatorId>TSTC</UpdatorId>
            <UpdatorDate>08/15/2023 20:32:23</UpdatorDate>
         </IncidentPersonRole>
      </IncidentPerson>
      <IncidentVehicle>
         <VEHICLE_ID>361</VEHICLE_ID>
         <RoleCode>ST</RoleCode>
         <CreatorId>STATE_OFFICER11</CreatorId>
         <CreatorDate>06/06/2017 17:40:31</CreatorDate>
         <UpdatorId>STATE_OFFICER11</UpdatorId>
         <UpdatorDate>06/19/2017 10:16:06</UpdatorDate>
         <DateOfInfo>04/25/2017 00:00:00</DateOfInfo>
         <StatusCode>7</StatusCode>
         <VIN>9999999999</VIN>
         <VehicleYear>2018</VehicleYear>
         <VehicleMakeCode>TOYT</VehicleMakeCode>
         <VehicleModelCode>TEST</VehicleModelCode>
         <VehicleStyleCode>CV</VehicleStyleCode>
         <VehicleTypeCode>AT</VehicleTypeCode>
         <VehPriColorCode>BARF</VehPriColorCode>
         <VehSecColorCode>BGE</VehSecColorCode>
         <VehicleLicStateCode>AK</VehicleLicStateCode>
         <VehicleLicNumber>999HOT</VehicleLicNumber>
         <VehicleLicYear>2019</VehicleLicYear>
         <VehicleLicMonth>5</VehicleLicMonth>
         <VehicleLicTypeCode>AQ</VehicleLicTypeCode>
         <VehicleValue>6000</VehicleValue>
      </IncidentVehicle>
   </IncidentSupplement>
</Incident>