<?xml version="1.0" encoding="UTF-8"?>
<Incident xmlns:xsi="http://www.w3.org/2001/XMLSchema-instance"
          xsi:noNamespaceSchemaLocation="file:///C:/DATA/EJS/SVN_Root/Ejustice/trunk/XMLTransformations/OnlineRMSInternalToIncident/IAOnlineRMSIncidentImport.xsd">
   <IncidentReportNum>2018D4210183</IncidentReportNum>
   <AgencyCode>D42</AgencyCode>
   <ORINum>SC0280000</ORINum>
   <ReportDate>09/24/2018 10:08:00</ReportDate>
   <ReportTime>09/24/2018 10:08:00</ReportTime>
   <StartDate>09/24/2018 10:08:00</StartDate>
   <StartTime>09/01/2018 10:08:00</StartTime>
   <Summary>asdfasdfasd</Summary>
   <CreatorId>STATE_OFFICER11</CreatorId>
   <CreatorDate>09/24/2018 10:08:53</CreatorDate>
   <UpdatorId>TSTC</UpdatorId>
   <UpdatorDate>09/09/2021 18:46:38</UpdatorDate>
   <IncidentType>
      <IncidentTypeCode>B/V</IncidentTypeCode>
   </IncidentType>
   <IncidentAddress>
      <AddressId>1628</AddressId>
      <City>12</City>
      <CreatorId>STATE_OFFICER11</CreatorId>
      <CreatorDate>09/24/2018 11:58:47</CreatorDate>
      <UpdatorId>TSTC</UpdatorId>
      <UpdatorDate>09/24/2018 11:58:56</UpdatorDate>
      <Address>
         <AddressId>1628</AddressId>
         <StreetNumber>600</StreetNumber>
         <StreetName>Johnson</StreetName>
         <StreetTypeCode>RD</StreetTypeCode>
         <City>Honea Path</City>
         <StateCode>IN</StateCode>
         <CountryCode>US</CountryCode>
      </Address>
   </IncidentAddress>
   <IncidentSupplement>
      <SupplementSequence>0</SupplementSequence>
      <IncSupplementStatusCode>A</IncSupplementStatusCode>
      <SuppReportDate>09/24/2018 10:08:54</SuppReportDate>
      <SuppReportTime>09/24/2018 10:08:54</SuppReportTime>
      <AgencyOnly>N</AgencyOnly>
      <SecurityLevel>1100</SecurityLevel>
      <SuppAgencyCode>D42</SuppAgencyCode>
      <UnknownNoOffenders>N</UnknownNoOffenders>
      <DsIcrDate>09/24/2018 12:32:48</DsIcrDate>
      <DsIcrSubmissionStatus>SENT WAITING FOR RESPONSE</DsIcrSubmissionStatus>
      <CreatorId>STATE_OFFICER11</CreatorId>
      <CreatorDate>09/24/2018 10:08:54</CreatorDate>
      <UpdatorId>TSTC</UpdatorId>
      <UpdatorDate>08/05/2021 17:38:28</UpdatorDate>
      <IncidentSuppNarrative>
         <NarrativeNumber>1</NarrativeNumber>
         <NarrativeTitle>Original Narrative</NarrativeTitle>
         <NarrativeText>asdfasdf</NarrativeText>
         <CreatorId>STATE_OFFICER11</CreatorId>
         <CreatorDate>09/24/2018 12:31:46</CreatorDate>
         <UpdatorId>STATE_OFFICER11</UpdatorId>
         <UpdatorDate>09/24/2018 12:31:46</UpdatorDate>
      </IncidentSuppNarrative>
      <IncidentOfficer>
         <OfficerRoleCode>P</OfficerRoleCode>
         <Officer>
            <AgencyCode>D42</AgencyCode>
            <ORINumber>SC0280000</ORINumber>
            <LastName>Wright</LastName>
            <FirstName>Greg</FirstName>
            <InternalID>9696</InternalID>
         </Officer>
      </IncidentOfficer>
      <IncidentOfficer>
         <OfficerRoleCode>R</OfficerRoleCode>
         <Officer>
            <AgencyCode>D42</AgencyCode>
            <ORINumber>SC0280000</ORINumber>
            <LastName>Wright</LastName>
            <FirstName>Greg</FirstName>
            <InternalID>9696</InternalID>
         </Officer>
      </IncidentOfficer>
      <IncidentOffense>
         <IncidentId>3170</IncidentId>
         <OffenseNumber>1</OffenseNumber>
         <OffenseStatusCode>00</OffenseStatusCode>
         <OffenseCode>35-42-2-1  B05</OffenseCode>
         <PlaceCode>07</PlaceCode>
         <BiasCode>21</BiasCode>
         <CSAUCode>C</CSAUCode>
         <SupplementSeq>0</SupplementSeq>
         <UCRNumber>1</UCRNumber>
         <OffenseStatusDate>09/24/2018 10:08:00</OffenseStatusDate>
         <AttemptedCompletedCode>C</AttemptedCompletedCode>
         <ArrestChargeCode>35-42-2-1  B05</ArrestChargeCode>
         <CreatorId>STATE_OFFICER11</CreatorId>
         <CreatorDate>09/24/2018 10:10:49</CreatorDate>
         <UpdatorId>STATE_OFFICER11</UpdatorId>
         <UpdatorDate>09/24/2018 10:10:49</UpdatorDate>
      </IncidentOffense>
      <IncidentPerson>
         <ApproxAge>43</ApproxAge>
         <CreatorId>STATE_OFFICER11</CreatorId>
         <CreatorDate>09/24/2018 10:09:52</CreatorDate>
         <UpdatorId>TSTC</UpdatorId>
         <UpdatorDate>05/24/2023 12:41:24</UpdatorDate>
         <Person>
            <PersonId>910</PersonId>
            <RaceCode>W</RaceCode>
            <SexCode>M</SexCode>
            <EthnicityCode>N</EthnicityCode>
            <PersonVerified>Y</PersonVerified>
            <PersonPrimaryName>
               <LastName>Pine</LastName>
               <FirstName>Chris</FirstName>
               <MiddleName>Harold</MiddleName>
               <DOB>04/01/1975 00:00:00</DOB>
               <SSN>1.23123123E8</SSN>
               <TitleCode>I</TitleCode>
               <DateOfInfo>06/21/2017 00:00:00</DateOfInfo>
               <SLastName>P500</SLastName>
               <SFirstName>C620</SFirstName>
            </PersonPrimaryName>
            <PersonPrimaryName>
               <LastName>m</LastName>
               <FirstName>d</FirstName>
               <MiddleName>m</MiddleName>
               <DOB>09/20/1998 00:00:00</DOB>
               <SSN>1.23123123E8</SSN>
               <TitleCode>I</TitleCode>
               <DateOfInfo>09/20/2018 00:00:00</DateOfInfo>
               <SLastName>M000</SLastName>
               <SFirstName>D000</SFirstName>
            </PersonPrimaryName>
            <PersonPrimaryName>
               <LastName>b</LastName>
               <FirstName>b</FirstName>
               <MiddleName>b</MiddleName>
               <TitleCode>III</TitleCode>
               <DateOfInfo>09/20/2018 00:00:00</DateOfInfo>
               <SLastName>B000</SLastName>
               <SFirstName>B000</SFirstName>
            </PersonPrimaryName>
            <Alias>
               <NameTypeCode>P</NameTypeCode>
               <LastName>Pine</LastName>
               <FirstName>Chris</FirstName>
               <MiddleName>Harold</MiddleName>
               <DOB>04/01/1975 00:00:00</DOB>
               <SSN>1.23123123E8</SSN>
               <TitleCode>I</TitleCode>
               <SLastName>P500</SLastName>
               <SFirstName>C620</SFirstName>
               <DateOfInfo>06/21/2017 00:00:00</DateOfInfo>
            </Alias>
            <Alias>
               <NameTypeCode>A</NameTypeCode>
               <LastName>m</LastName>
               <FirstName>d</FirstName>
               <MiddleName>m</MiddleName>
               <DOB>09/20/1998 00:00:00</DOB>
               <SSN>1.23123123E8</SSN>
               <TitleCode>I</TitleCode>
               <SLastName>M000</SLastName>
               <SFirstName>D000</SFirstName>
               <DateOfInfo>09/20/2018 00:00:00</DateOfInfo>
            </Alias>
            <Alias>
               <NameTypeCode>T</NameTypeCode>
               <LastName>b</LastName>
               <FirstName>b</FirstName>
               <MiddleName>b</MiddleName>
               <TitleCode>III</TitleCode>
               <SLastName>B000</SLastName>
               <SFirstName>B000</SFirstName>
               <DateOfInfo>09/20/2018 00:00:00</DateOfInfo>
            </Alias>
            <PersonAddress>
               <StreetNumber>512</StreetNumber>
               <StreetDirCode>E</StreetDirCode>
               <StreetName>7th</StreetName>
               <StreetTypeCode>ST</StreetTypeCode>
               <City>CANNELTON</City>
               <StateCode>IN</StateCode>
               <Zip5>47520</Zip5>
               <CountryCode>US</CountryCode>
               <CountyCode>NaN</CountyCode>
               <Longitude>-86.7353419</Longitude>
               <Latitude>37.9079486</Latitude>
            </PersonAddress>
            <PersonAddress>
               <StreetNumber>8</StreetNumber>
               <StreetName>Tall</StreetName>
               <StreetTypeCode>STCT</StreetTypeCode>
               <City>Denver</City>
               <StateCode>CA</StateCode>
               <Zip5>12345</Zip5>
               <CountryCode>US</CountryCode>
            </PersonAddress>
            <PersonAddress>
               <StreetNumber>3601</StreetNumber>
               <StreetDirCode>E</StreetDirCode>
               <StreetName>100</StreetName>
               <StreetSuffixCode>N</StreetSuffixCode>
               <City>Greenfield</City>
               <StateCode>IN</StateCode>
               <CountryCode>US</CountryCode>
               <Longitude>-85.7348480383171</Longitude>
               <Latitude>39.79958632959407</Latitude>
            </PersonAddress>
            <PersonPhone>
               <PhoneTypeCode>CEL</PhoneTypeCode>
               <PhoneArea>111</PhoneArea>
               <PhonePrefix>222</PhonePrefix>
               <PhoneSuffix>3333</PhoneSuffix>
               <DateOfInfo>09/20/2018 00:00:00</DateOfInfo>
            </PersonPhone>
            <PersonPhone>
               <PhoneTypeCode>RES</PhoneTypeCode>
               <PhoneArea>676</PhoneArea>
               <PhonePrefix>444</PhonePrefix>
               <PhoneSuffix>4444</PhoneSuffix>
               <PhoneExt>1233</PhoneExt>
               <DateOfInfo>09/20/2018 00:00:00</DateOfInfo>
            </PersonPhone>
            <PersonPhone>
               <PhoneTypeCode>PAG</PhoneTypeCode>
               <PhoneArea>545</PhoneArea>
               <PhonePrefix>555</PhonePrefix>
               <PhoneSuffix>5444</PhoneSuffix>
               <DateOfInfo>09/20/2018 00:00:00</DateOfInfo>
            </PersonPhone>
         </Person>
         <IncidentPersonRole>
            <RoleType>S</RoleType>
            <CreatorId>STATE_OFFICER11</CreatorId>
            <CreatorDate>09/24/2018 10:09:52</CreatorDate>
            <UpdatorId>TSTC</UpdatorId>
            <UpdatorDate>08/15/2023 20:32:25</UpdatorDate>
         </IncidentPersonRole>
      </IncidentPerson>
      <IncidentPerson>
         <ApproxAge>38</ApproxAge>
         <ResidentStatusCode>C</ResidentStatusCode>
         <CreatorId>STATE_OFFICER11</CreatorId>
         <CreatorDate>09/24/2018 10:11:21</CreatorDate>
         <UpdatorId>TSTC</UpdatorId>
         <UpdatorDate>05/24/2023 12:41:24</UpdatorDate>
         <Person>
            <PersonId>176</PersonId>
            <RaceCode>U</RaceCode>
            <SexCode>F</SexCode>
            <PersonVerified>Y</PersonVerified>
            <PersonPrimaryName>
               <LastName>NOBLE</LastName>
               <FirstName>RACHEL</FirstName>
               <MiddleName>N</MiddleName>
               <DOB>10/24/1979 00:00:00</DOB>
               <DateOfInfo>06/06/2012 13:56:21</DateOfInfo>
               <SLastName>N140</SLastName>
               <SFirstName>R240</SFirstName>
            </PersonPrimaryName>
            <PersonPrimaryName>
               <LastName>NOBEL</LastName>
               <FirstName>Ray Ray</FirstName>
               <DateOfInfo>03/18/2019 00:00:00</DateOfInfo>
               <SLastName>N140</SLastName>
               <SFirstName>R600</SFirstName>
            </PersonPrimaryName>
            <Alias>
               <NameTypeCode>P</NameTypeCode>
               <LastName>NOBLE</LastName>
               <FirstName>RACHEL</FirstName>
               <MiddleName>N</MiddleName>
               <DOB>10/24/1979 00:00:00</DOB>
               <SLastName>N140</SLastName>
               <SFirstName>R240</SFirstName>
               <DateOfInfo>06/06/2012 13:56:21</DateOfInfo>
            </Alias>
            <Alias>
               <NameTypeCode>A</NameTypeCode>
               <LastName>NOBEL</LastName>
               <FirstName>Ray Ray</FirstName>
               <SLastName>N140</SLastName>
               <SFirstName>R600</SFirstName>
               <DateOfInfo>03/18/2019 00:00:00</DateOfInfo>
            </Alias>
         </Person>
         <IncidentPersonRole>
            <RoleType>V</RoleType>
            <CreatorId>STATE_OFFICER11</CreatorId>
            <CreatorDate>09/24/2018 10:11:22</CreatorDate>
            <UpdatorId>TSTC</UpdatorId>
            <UpdatorDate>08/15/2023 20:32:23</UpdatorDate>
         </IncidentPersonRole>
      </IncidentPerson>
   </IncidentSupplement>
   <IncidentSupplement>
      <SupplementSequence>1</SupplementSequence>
      <IncSupplementStatusCode>A</IncSupplementStatusCode>
      <SuppReportDate>12/03/2018 10:45:46</SuppReportDate>
      <SuppReportTime>12/03/2018 10:45:46</SuppReportTime>
      <AgencyOnly>N</AgencyOnly>
      <SecurityLevel>1100</SecurityLevel>
      <SuppAgencyCode>D42</SuppAgencyCode>
      <UnknownNoOffenders>N</UnknownNoOffenders>
      <DsIcrDate>11/14/2019 10:46:50</DsIcrDate>
      <DsIcrSubmissionStatus>DATASET_INSERT_PENDING</DsIcrSubmissionStatus>
      <CreatorId>STATE_OFFICER11</CreatorId>
      <CreatorDate>12/03/2018 10:45:46</CreatorDate>
      <UpdatorId>TSTC</UpdatorId>
      <UpdatorDate>08/05/2021 17:38:27</UpdatorDate>
      <IncidentSuppNarrative>
         <NarrativeNumber>1</NarrativeNumber>
         <NarrativeTitle>Supplement #1 Narrative</NarrativeTitle>
         <NarrativeText>erterer</NarrativeText>
         <CreatorId>STATE_OFFICER11</CreatorId>
         <CreatorDate>11/14/2019 10:46:12</CreatorDate>
         <UpdatorId>STATE_OFFICER11</UpdatorId>
         <UpdatorDate>11/14/2019 10:46:12</UpdatorDate>
      </IncidentSuppNarrative>
      <IncidentOfficer>
         <OfficerRoleCode>P</OfficerRoleCode>
         <Officer>
            <AgencyCode>D42</AgencyCode>
            <ORINumber>SC0280000</ORINumber>
            <LastName>Wright</LastName>
            <FirstName>Greg</FirstName>
            <InternalID>9696</InternalID>
         </Officer>
      </IncidentOfficer>
      <IncidentOfficer>
         <OfficerRoleCode>R</OfficerRoleCode>
         <Officer>
            <AgencyCode>D42</AgencyCode>
            <ORINumber>SC0280000</ORINumber>
            <LastName>Wright</LastName>
            <FirstName>Greg</FirstName>
            <InternalID>9696</InternalID>
         </Officer>
      </IncidentOfficer>
      <IncidentOfficer>
         <OfficerRoleCode>R</OfficerRoleCode>
         <Officer>
            <AgencyCode>D42</AgencyCode>
            <ORINumber>SC0280000</ORINumber>
            <LastName>USER</LastName>
            <FirstName>JMS</FirstName>
            <InternalID>12345</InternalID>
         </Officer>
      </IncidentOfficer>
      <IncidentOfficer>
         <OfficerRoleCode>X</OfficerRoleCode>
         <Officer>
            <AgencyCode>D42</AgencyCode>
            <ORINumber>SC0280000</ORINumber>
            <LastName>Wright</LastName>
            <FirstName>Greg</FirstName>
            <InternalID>9696</InternalID>
         </Officer>
      </IncidentOfficer>
      <IncidentOfficer>
         <OfficerRoleCode>X</OfficerRoleCode>
         <Officer>
            <AgencyCode>D42</AgencyCode>
            <ORINumber>SC0280000</ORINumber>
            <LastName>USER</LastName>
            <FirstName>JMS</FirstName>
            <InternalID>12345</InternalID>
         </Officer>
      </IncidentOfficer>
      <IncidentOffense>
         <IncidentId>3170</IncidentId>
         <OffenseNumber>2</OffenseNumber>
         <OffenseStatusCode>00</OffenseStatusCode>
         <OffenseCode>35-43-2-1  B01</OffenseCode>
         <PlaceCode>47</PlaceCode>
         <BiasCode>16</BiasCode>
         <CSAUCode>C</CSAUCode>
         <SupplementSeq>1</SupplementSeq>
         <UCRNumber>2</UCRNumber>
         <OffenseStatusDate>09/24/2018 10:08:00</OffenseStatusDate>
         <ForcedEntryCode>N</ForcedEntryCode>
         <AttemptedCompletedCode>C</AttemptedCompletedCode>
         <CreatorId>STATE_OFFICER11</CreatorId>
         <CreatorDate>03/08/2019 11:20:49</CreatorDate>
         <UpdatorId>STATE_OFFICER11</UpdatorId>
         <UpdatorDate>03/08/2019 11:20:49</UpdatorDate>
      </IncidentOffense>
      <IncidentOffense>
         <IncidentId>3170</IncidentId>
         <OffenseNumber>3</OffenseNumber>
         <OffenseStatusCode>00</OffenseStatusCode>
         <OffenseCode>35-45-1-3</OffenseCode>
         <PlaceCode>40</PlaceCode>
         <BiasCode>88</BiasCode>
         <CSAUCode>C</CSAUCode>
         <SupplementSeq>1</SupplementSeq>
         <UCRNumber>3</UCRNumber>
         <OffenseStatusDate>11/13/2019 10:43:00</OffenseStatusDate>
         <AttemptedCompletedCode>C</AttemptedCompletedCode>
         <CreatorId>STATE_OFFICER11</CreatorId>
         <CreatorDate>03/12/2019 12:09:38</CreatorDate>
         <UpdatorId>STATE_OFFICER11</UpdatorId>
         <UpdatorDate>11/14/2019 10:43:47</UpdatorDate>
      </IncidentOffense>
      <IncidentPerson>
         <ApproxAge>43</ApproxAge>
         <ResidentStatusCode>R</ResidentStatusCode>
         <CreatorId>STATE_OFFICER11</CreatorId>
         <CreatorDate>03/07/2019 15:44:52</CreatorDate>
         <UpdatorId>TSTC</UpdatorId>
         <UpdatorDate>05/24/2023 12:41:23</UpdatorDate>
         <Person>
            <PersonId>469</PersonId>
            <RaceCode>W</RaceCode>
            <SexCode>M</SexCode>
            <PersonVerified>Y</PersonVerified>
            <PersonPrimaryName>
               <LastName>Aaberg</LastName>
               <FirstName>Ken</FirstName>
               <DOB>07/09/1975 00:00:00</DOB>
               <SSN>1.23456789E8</SSN>
               <DateOfInfo>07/09/2013 15:43:42</DateOfInfo>
               <SLastName>A162</SLastName>
               <SFirstName>K500</SFirstName>
            </PersonPrimaryName>
            <PersonPrimaryName>
               <LastName>Free</LastName>
               <FirstName>Fredd</FirstName>
               <DateOfInfo>10/22/2018 00:00:00</DateOfInfo>
               <SLastName>F600</SLastName>
               <SFirstName>F630</SFirstName>
            </PersonPrimaryName>
            <Alias>
               <NameTypeCode>P</NameTypeCode>
               <LastName>Aaberg</LastName>
               <FirstName>Ken</FirstName>
               <DOB>07/09/1975 00:00:00</DOB>
               <SSN>1.23456789E8</SSN>
               <SLastName>A162</SLastName>
               <SFirstName>K500</SFirstName>
               <DateOfInfo>07/09/2013 15:43:42</DateOfInfo>
            </Alias>
            <Alias>
               <NameTypeCode>M</NameTypeCode>
               <LastName>Free</LastName>
               <FirstName>Fredd</FirstName>
               <SLastName>F600</SLastName>
               <SFirstName>F630</SFirstName>
               <DateOfInfo>10/22/2018 00:00:00</DateOfInfo>
            </Alias>
            <PersonAddress>
               <StreetNumber>86</StreetNumber>
               <StreetDirCode>NE</StreetDirCode>
               <StreetName>ASHWOOD</StreetName>
               <StreetTypeCode>LN</StreetTypeCode>
               <StreetSuffixCode>N</StreetSuffixCode>
               <City>DILLON</City>
               <CountryCode>US</CountryCode>
               <Beat>Test</Beat>
               <SubBeat>Area</SubBeat>
            </PersonAddress>
            <PersonAddress>
               <StreetNumber>1770</StreetNumber>
               <StreetDirCode>BLK</StreetDirCode>
               <StreetName>Lincoln</StreetName>
               <City>Denver</City>
               <StateCode>CO</StateCode>
               <Zip5>80104</Zip5>
               <CountryCode>US</CountryCode>
               <CountyCode>30</CountyCode>
               <Longitude>-104.999408</Longitude>
               <Latitude>39.739577</Latitude>
            </PersonAddress>
            <PersonAddress>
               <StreetNumber>400</StreetNumber>
               <StreetName>Elm</StreetName>
               <StreetTypeCode>ST</StreetTypeCode>
               <City>Fortville</City>
               <StateCode>IN</StateCode>
               <Zip5>46040</Zip5>
               <CountryCode>US</CountryCode>
               <CountyCode>30</CountyCode>
               <Longitude>-85.84358784985562</Longitude>
               <Latitude>39.93291330899494</Latitude>
            </PersonAddress>
            <PersonAddress>
               <StreetNumber>556</StreetNumber>
               <StreetName>Howard</StreetName>
               <City>Denver</City>
               <StateCode>CO</StateCode>
               <Zip5>80111</Zip5>
               <CountryCode>US</CountryCode>
            </PersonAddress>
            <PersonAddress>
               <StreetNumber>877</StreetNumber>
               <StreetName>Harbor</StreetName>
               <City>INDIANAPOLIS</City>
               <StateCode>IN</StateCode>
               <Zip5>A6221</Zip5>
               <CountyCode>30</CountyCode>
            </PersonAddress>
            <PersonPhone>
               <PhoneTypeCode>RES</PhoneTypeCode>
               <PhoneArea>987</PhoneArea>
               <PhonePrefix>987</PhonePrefix>
               <PhoneSuffix>9876</PhoneSuffix>
               <DateOfInfo>11/18/2014 00:00:00</DateOfInfo>
            </PersonPhone>
            <PersonPhone>
               <PhoneTypeCode>CEL</PhoneTypeCode>
               <PhoneArea>123</PhoneArea>
               <PhonePrefix>123</PhonePrefix>
               <PhoneSuffix>1234</PhoneSuffix>
               <DateOfInfo>11/18/2014 00:00:00</DateOfInfo>
            </PersonPhone>
            <PersonPhone>
               <PhoneTypeCode>CEL</PhoneTypeCode>
               <PhoneArea>111</PhoneArea>
               <PhonePrefix>111</PhonePrefix>
               <PhoneSuffix>1111</PhoneSuffix>
               <PhoneExt>111</PhoneExt>
               <DateOfInfo>10/22/2018 00:00:00</DateOfInfo>
            </PersonPhone>
         </Person>
         <IncidentPersonRole>
            <RoleType>D</RoleType>
            <CreatorId>STATE_OFFICER11</CreatorId>
            <CreatorDate>04/05/2019 12:51:35</CreatorDate>
            <UpdatorId>TSTC</UpdatorId>
            <UpdatorDate>08/15/2023 20:32:23</UpdatorDate>
         </IncidentPersonRole>
         <IncidentPersonRole>
            <RoleType>FF</RoleType>
            <CreatorId>STATE_OFFICER11</CreatorId>
            <CreatorDate>04/05/2019 12:51:35</CreatorDate>
            <UpdatorId>TSTC</UpdatorId>
            <UpdatorDate>08/15/2023 20:32:23</UpdatorDate>
         </IncidentPersonRole>
      </IncidentPerson>
      <IncidentPerson>
         <ApproxAge>27</ApproxAge>
         <ClearMultiArrestCode>N</ClearMultiArrestCode>
         <CreatorId>STATE_OFFICER11</CreatorId>
         <CreatorDate>03/12/2019 12:09:38</CreatorDate>
         <UpdatorId>TSTC</UpdatorId>
         <UpdatorDate>05/24/2023 12:41:22</UpdatorDate>
         <Person>
            <PersonId>1003</PersonId>
            <RaceCode>W</RaceCode>
            <SexCode>M</SexCode>
            <EthnicityCode>N</EthnicityCode>
            <PersonVerified>Y</PersonVerified>
            <PersonPrimaryName>
               <LastName>JAMES</LastName>
               <FirstName>JIM</FirstName>
               <DOB>11/01/1990 00:00:00</DOB>
               <DateOfInfo>02/10/2019 17:06:14</DateOfInfo>
               <SLastName>J520</SLastName>
               <SFirstName>J500</SFirstName>
            </PersonPrimaryName>
            <Alias>
               <NameTypeCode>P</NameTypeCode>
               <LastName>JAMES</LastName>
               <FirstName>JIM</FirstName>
               <DOB>11/01/1990 00:00:00</DOB>
               <SLastName>J520</SLastName>
               <SFirstName>J500</SFirstName>
               <DateOfInfo>02/10/2019 17:06:14</DateOfInfo>
            </Alias>
            <PersonAddress>
               <StreetNumber>201</StreetNumber>
               <StreetDirCode>W</StreetDirCode>
               <StreetName>Southwest</StreetName>
               <StreetTypeCode>PKWY</StreetTypeCode>
               <City>Lewisville</City>
               <StateCode>TX</StateCode>
               <Zip5>75067</Zip5>
               <CountryCode>US</CountryCode>
               <Longitude>-96.998336</Longitude>
               <Latitude>33.0229911</Latitude>
            </PersonAddress>
            <PersonPhone>
               <PhoneTypeCode>CEL</PhoneTypeCode>
               <PhoneArea>908</PhoneArea>
               <PhonePrefix>555</PhonePrefix>
               <PhoneSuffix>5555</PhoneSuffix>
               <DateOfInfo>02/10/2019 00:00:00</DateOfInfo>
            </PersonPhone>
         </Person>
         <IncidentPersonRole>
            <RoleType>A</RoleType>
            <CreatorId>STATE_OFFICER11</CreatorId>
            <CreatorDate>11/14/2019 10:44:21</CreatorDate>
            <UpdatorId>TSTC</UpdatorId>
            <UpdatorDate>08/15/2023 20:32:24</UpdatorDate>
         </IncidentPersonRole>
         <IncidentPersonRole>
            <RoleType>S</RoleType>
            <CreatorId>STATE_OFFICER11</CreatorId>
            <CreatorDate>11/14/2019 10:44:21</CreatorDate>
            <UpdatorId>TSTC</UpdatorId>
            <UpdatorDate>08/15/2023 20:32:24</UpdatorDate>
         </IncidentPersonRole>
      </IncidentPerson>
      <IncidentBusiness>
         <BusinessNumber>240000001</BusinessNumber>
         <BusinessName>SOCIETY</BusinessName>
         <IncBusinessRoleCode>V</IncBusinessRoleCode>
         <CreatorId>STATE_OFFICER11</CreatorId>
         <CreatorDate>03/12/2019 12:09:40</CreatorDate>
         <UpdatorId>STATE_OFFICER11</UpdatorId>
         <UpdatorDate>03/12/2019 12:09:40</UpdatorDate>
      </IncidentBusiness>
      <IncidentBusiness>
         <BusinessNumber>240000007</BusinessNumber>
         <BusinessName>Automation Industries</BusinessName>
         <IncBusinessRoleCode>V</IncBusinessRoleCode>
         <CreatorId>STATE_OFFICER11</CreatorId>
         <CreatorDate>12/10/2018 16:24:53</CreatorDate>
         <UpdatorId>STATE_OFFICER11</UpdatorId>
         <UpdatorDate>11/14/2019 10:44:58</UpdatorDate>
         <BusinessAddress>
            <AddressId>216</AddressId>
            <StreetNumber>2740</StreetNumber>
            <StreetDirCode>N</StreetDirCode>
            <StreetName>ADDISON MEADOWS</StreetName>
            <StreetTypeCode>LN</StreetTypeCode>
            <SubTypeCode>BSMT</SubTypeCode>
            <City>INDIANAPOLIS</City>
            <StateCode>PA</StateCode>
            <Zip5>46203</Zip5>
            <Zip4>5555</Zip4>
            <Longitude>-86.059884</Longitude>
            <Latitude>39.728722</Latitude>
            <Beat>Test</Beat>
            <SubBeat>Area</SubBeat>
            <AddressCommonName>
               <CommonPlaceName>Joes House</CommonPlaceName>
            </AddressCommonName>
         </BusinessAddress>
         <BusinessAddress>
            <AddressId>457</AddressId>
            <StreetNumber>126</StreetNumber>
            <StreetDirCode>N</StreetDirCode>
            <StreetName>750</StreetName>
            <StreetSuffixCode>W</StreetSuffixCode>
            <StateCode>IN</StateCode>
            <CountryCode>US</CountryCode>
            <Longitude>-85.39604</Longitude>
            <Latitude>39.07748</Latitude>
            <Beat>D2</Beat>
            <SubBeat>Sub D2</SubBeat>
            <AddressCommonName>
               <CommonPlaceName>Test 3</CommonPlaceName>
            </AddressCommonName>
            <AddressCommonName>
               <CommonPlaceName>Test 1</CommonPlaceName>
            </AddressCommonName>
            <AddressCommonName>
               <CommonPlaceName>Test 2</CommonPlaceName>
            </AddressCommonName>
         </BusinessAddress>
         <BusinessAddress>
            <AddressId>203</AddressId>
            <StreetNumber>123</StreetNumber>
            <StreetDirCode>E</StreetDirCode>
            <StreetName>Livingwell</StreetName>
            <StreetTypeCode>ST</StreetTypeCode>
            <City>Denver</City>
            <StateCode>CO</StateCode>
            <CountryCode>US</CountryCode>
            <Longitude>-104.984717</Longitude>
            <Latitude>39.737567</Latitude>
         </BusinessAddress>
      </IncidentBusiness>
      <IncidentBusiness>
         <BusinessNumber>240000070</BusinessNumber>
         <BusinessName>All Blacks Rugby Kiwisr</BusinessName>
         <IncBusinessRoleCode>I</IncBusinessRoleCode>
         <CreatorId>STATE_OFFICER11</CreatorId>
         <CreatorDate>04/05/2019 12:53:04</CreatorDate>
         <UpdatorId>STATE_OFFICER11</UpdatorId>
         <UpdatorDate>04/05/2019 12:53:04</UpdatorDate>
         <BusinessAddress>
            <AddressId>533</AddressId>
            <StreetNumber>503</StreetNumber>
            <StreetName>Silver Sage</StreetName>
            <StreetTypeCode>ST</StreetTypeCode>
            <City>Miles City</City>
            <StateCode>MT</StateCode>
            <Zip5>59301</Zip5>
            <CountryCode>US</CountryCode>
            <Longitude>-105.814718</Longitude>
            <Latitude>46.389615</Latitude>
            <BusinessPhone>
               <PhoneTypeCode>BUS</PhoneTypeCode>
               <PhoneArea>406</PhoneArea>
               <PhonePrefix>888</PhonePrefix>
               <PhoneSuffix>8888</PhoneSuffix>
               <DateOfInfo>11/23/2015 00:00:00</DateOfInfo>
            </BusinessPhone>
            <BusinessPhone>
               <PhoneTypeCode>CEL</PhoneTypeCode>
               <PhoneArea>222</PhoneArea>
               <PhonePrefix>222</PhonePrefix>
               <PhoneSuffix>2222</PhoneSuffix>
               <DateOfInfo>04/25/2017 00:00:00</DateOfInfo>
            </BusinessPhone>
         </BusinessAddress>
         <BusinessAddress>
            <AddressId>457</AddressId>
            <StreetNumber>126</StreetNumber>
            <StreetDirCode>N</StreetDirCode>
            <StreetName>750</StreetName>
            <StreetSuffixCode>W</StreetSuffixCode>
            <StateCode>IN</StateCode>
            <CountryCode>US</CountryCode>
            <Longitude>-85.39604</Longitude>
            <Latitude>39.07748</Latitude>
            <Beat>D2</Beat>
            <SubBeat>Sub D2</SubBeat>
            <AddressCommonName>
               <CommonPlaceName>Test 3</CommonPlaceName>
            </AddressCommonName>
            <AddressCommonName>
               <CommonPlaceName>Test 1</CommonPlaceName>
            </AddressCommonName>
            <AddressCommonName>
               <CommonPlaceName>Test 2</CommonPlaceName>
            </AddressCommonName>
            <BusinessPhone>
               <PhoneTypeCode>CEL</PhoneTypeCode>
               <PhoneArea>666</PhoneArea>
               <PhonePrefix>444</PhonePrefix>
               <PhoneSuffix>6677</PhoneSuffix>
               <DateOfInfo>10/06/2018 00:00:00</DateOfInfo>
            </BusinessPhone>
         </BusinessAddress>
         <BusinessAddress>
            <AddressId>532</AddressId>
            <StreetNumber>2815 Tompy</StreetNumber>
            <City>MILES CITY</City>
            <StateCode>MT</StateCode>
            <Zip5>59301</Zip5>
            <CountryCode>US</CountryCode>
            <BusinessPhone>
               <PhoneTypeCode>BUS</PhoneTypeCode>
               <PhoneArea>406</PhoneArea>
               <PhonePrefix>555</PhonePrefix>
               <PhoneSuffix>5555</PhoneSuffix>
               <DateOfInfo>11/23/2015 00:00:00</DateOfInfo>
            </BusinessPhone>
         </BusinessAddress>
         <BusinessAddress>
            <AddressId>640</AddressId>
            <StreetNumber>200</StreetNumber>
            <StreetDirCode>W</StreetDirCode>
            <StreetName>Ash</StreetName>
            <StreetTypeCode>ST</StreetTypeCode>
            <City>Lebanon</City>
            <StateCode>IN</StateCode>
            <Zip5>46052</Zip5>
            <CountryCode>US</CountryCode>
            <CountyCode>33</CountyCode>
            <Beat>104</Beat>
            <SubBeat>West Patrol</SubBeat>
         </BusinessAddress>
      </IncidentBusiness>
      <IncidentVehicle>
         <VEHICLE_ID>361</VEHICLE_ID>
         <RoleCode>OT</RoleCode>
         <CreatorId>STATE_OFFICER11</CreatorId>
         <CreatorDate>12/10/2018 16:25:44</CreatorDate>
         <UpdatorId>STATE_OFFICER11</UpdatorId>
         <UpdatorDate>12/10/2018 16:25:44</UpdatorDate>
         <DateOfInfo>04/25/2017 00:00:00</DateOfInfo>
         <StatusCode>16</StatusCode>
         <VIN>9999999999</VIN>
         <VehicleYear>2018</VehicleYear>
         <VehicleMakeCode>TOYT</VehicleMakeCode>
         <VehicleModelCode>TEST</VehicleModelCode>
         <VehicleStyleCode>CV</VehicleStyleCode>
         <VehicleTypeCode>AT</VehicleTypeCode>
         <VehPriColorCode>BARF</VehPriColorCode>
         <VehSecColorCode>BGE</VehSecColorCode>
         <VehicleLicStateCode>AK</VehicleLicStateCode>
         <VehicleLicNumber>999HOT</VehicleLicNumber>
         <VehicleLicYear>2019</VehicleLicYear>
         <VehicleLicMonth>5</VehicleLicMonth>
         <VehicleLicTypeCode>AQ</VehicleLicTypeCode>
         <VehicleValue>6000</VehicleValue>
      </IncidentVehicle>
      <IncidentVehicle>
         <VEHICLE_ID>218</VEHICLE_ID>
         <RoleCode>AB</RoleCode>
         <CreatorId>STATE_OFFICER11</CreatorId>
         <CreatorDate>03/12/2019 12:07:59</CreatorDate>
         <UpdatorId>STATE_OFFICER11</UpdatorId>
         <UpdatorDate>03/12/2019 12:07:59</UpdatorDate>
         <DateOfInfo>11/04/2014 00:00:00</DateOfInfo>
         <DateOfInfo>12/06/2018 11:03:43</DateOfInfo>
         <DateOfInfo>11/27/2018 23:43:00</DateOfInfo>
         <StatusCode>12</StatusCode>
         <VIN>AJJDL599V74HR75B</VIN>
         <VehicleYear>2009</VehicleYear>
         <VehicleMakeCode>CHEV</VehicleMakeCode>
         <VehicleModelCode>CAM</VehicleModelCode>
         <VehicleStyleCode>4D</VehicleStyleCode>
         <VehicleTypeCode>AT</VehicleTypeCode>
         <VehPriColorCode>WHI</VehPriColorCode>
         <VehPriColorCode>YEL</VehPriColorCode>
         <VehPriColorCode>YEL</VehPriColorCode>
         <VehSecColorCode>BLU</VehSecColorCode>
         <VehSecColorCode>DBL</VehSecColorCode>
         <VehSecColorCode>DBL</VehSecColorCode>
         <VehicleLicStateCode>MK</VehicleLicStateCode>
         <VehicleLicStateCode>MK</VehicleLicStateCode>
         <VehicleLicNumber>GTO98837</VehicleLicNumber>
         <VehicleLicNumber>GTO98837</VehicleLicNumber>
         <VehicleLicNumber>GTO98837</VehicleLicNumber>
         <VehicleLicYear>2015</VehicleLicYear>
         <VehicleLicYear>2016</VehicleLicYear>
         <VehicleLicYear>2016</VehicleLicYear>
         <VehicleLicMonth>6</VehicleLicMonth>
         <VehicleLicMonth>7</VehicleLicMonth>
         <VehicleLicMonth>7</VehicleLicMonth>
         <VehicleLicTypeCode>AR</VehicleLicTypeCode>
         <VehicleLicTypeCode>AR</VehicleLicTypeCode>
         <VehConditionCode>F</VehConditionCode>
         <VehDamageCode>1</VehDamageCode>
         <VehDamageDesc>Testing</VehDamageDesc>
         <VehicleValue>123</VehicleValue>
         <VehicleMiscID>123</VehicleMiscID>
         <VehicleMiscID>123</VehicleMiscID>
      </IncidentVehicle>
      <IncidentProperty>
         <RoleCode>7</RoleCode>
         <CreatorId>STATE_OFFICER11</CreatorId>
         <CreatorDate>11/14/2019 10:45:44</CreatorDate>
         <UpdatorId>STATE_OFFICER11</UpdatorId>
         <UpdatorDate>11/14/2019 10:45:44</UpdatorDate>
         <DateOfInfo>11/14/2019 00:00:00</DateOfInfo>
         <StatusCode>7</StatusCode>
         <DocumentTypeCode>P</DocumentTypeCode>
         <PropertyTypeCode>330</PropertyTypeCode>
         <PropertyValue>50</PropertyValue>
         <Value>50</Value>
         <SerialNumber>KJHNKJH</SerialNumber>
         <Evidence>N</Evidence>
         <EvidenceFlag>N</EvidenceFlag>
         <Property_ID>1932</Property_ID>
         <Quantity>1</Quantity>
      </IncidentProperty>
   </IncidentSupplement>
</Incident>