<?xml version="1.0" encoding="UTF-8"?>
<Incident xmlns:xsi="http://www.w3.org/2001/XMLSchema-instance"
          xsi:noNamespaceSchemaLocation="file:///C:/DATA/EJS/SVN_Root/Ejustice/trunk/XMLTransformations/OnlineRMSInternalToIncident/IAOnlineRMSIncidentImport.xsd">
   <IncidentReportNum>2016D4210029</IncidentReportNum>
   <AgencyCode>D42</AgencyCode>
   <ORINum>SC0280000</ORINum>
   <ReportDate>04/15/2016 14:44:00</ReportDate>
   <ReportTime>04/15/2016 14:44:00</ReportTime>
   <StartDate>04/15/2016 14:44:00</StartDate>
   <StartTime>04/01/2016 14:44:00</StartTime>
   <Summary>asdfasdf. This is a test to see what fits in the box. </Summary>
   <CreatorId>STATE_OFFICER11</CreatorId>
   <CreatorDate>04/15/2016 14:44:58</CreatorDate>
   <UpdatorId>TSTC</UpdatorId>
   <UpdatorDate>09/09/2021 18:46:40</UpdatorDate>
   <IncidentType>
      <IncidentTypeCode>AIR</IncidentTypeCode>
   </IncidentType>
   <IncidentType>
      <IncidentTypeCode>CAD</IncidentTypeCode>
   </IncidentType>
   <IncidentAddress>
      <IncAddrComment>Test remarks. Test remarks. Test remarks. Test remarks.Test remarks.Test remarks.</IncAddrComment>
      <AddressId>295</AddressId>
      <Beat>Test</Beat>
      <SubBeat>Area</SubBeat>
      <City>8</City>
      <CreatorId>STATE_OFFICER11</CreatorId>
      <CreatorDate>04/15/2016 14:46:27</CreatorDate>
      <UpdatorId>TSTC</UpdatorId>
      <UpdatorDate>02/21/2017 17:01:51</UpdatorDate>
      <Address>
         <AddressId>295</AddressId>
         <StreetNumber>654</StreetNumber>
         <StreetDirCode>E</StreetDirCode>
         <StreetName>PERRY</StreetName>
         <StreetTypeCode>ST</StreetTypeCode>
         <StreetSuffixCode>BLK</StreetSuffixCode>
         <SubTypeCode>APT</SubTypeCode>
         <SubNumber>13A</SubNumber>
         <City>VERSAILLES</City>
         <StateCode>IN</StateCode>
         <Zip5>58965</Zip5>
         <CountryCode>US</CountryCode>
         <Beat>Test</Beat>
         <SubBeat>Area</SubBeat>
         <Longitude>-85.2455</Longitude>
         <Latitude>39.0693238</Latitude>
         <AddressCommonName>
            <CommonPlaceName>Dead strip</CommonPlaceName>
         </AddressCommonName>
      </Address>
   </IncidentAddress>
   <IncidentSupplement>
      <SupplementSequence>0</SupplementSequence>
      <IncSupplementStatusCode>A</IncSupplementStatusCode>
      <SuppReportDate>04/15/2016 14:44:58</SuppReportDate>
      <SuppReportTime>04/15/2016 14:44:58</SuppReportTime>
      <AgencyOnly>N</AgencyOnly>
      <SecurityLevel>1201</SecurityLevel>
      <SuppAgencyCode>D42</SuppAgencyCode>
      <UnknownNoOffenders>N</UnknownNoOffenders>
      <DsIcrDate>02/21/2017 17:04:16</DsIcrDate>
      <DsIcrSubmissionStatus>SENT WAITING FOR RESPONSE</DsIcrSubmissionStatus>
      <CreatorId>STATE_OFFICER11</CreatorId>
      <CreatorDate>04/15/2016 14:44:58</CreatorDate>
      <UpdatorId>TSTC</UpdatorId>
      <UpdatorDate>08/05/2021 17:38:24</UpdatorDate>
      <IncidentSuppNarrative>
         <NarrativeNumber>1</NarrativeNumber>
         <NarrativeTitle>Original Narrative</NarrativeTitle>
         <NarrativeText>ZXcZXcZXc</NarrativeText>
         <CreatorId>STATE_OFFICER11</CreatorId>
         <CreatorDate>04/15/2016 14:54:45</CreatorDate>
         <UpdatorId>STATE_OFFICER11</UpdatorId>
         <UpdatorDate>04/15/2016 14:54:45</UpdatorDate>
      </IncidentSuppNarrative>
      <IncidentOfficer>
         <OfficerRoleCode>P</OfficerRoleCode>
         <Officer>
            <AgencyCode>D42</AgencyCode>
            <ORINumber>SC0280000</ORINumber>
            <LastName>Ranz</LastName>
            <FirstName>Greg</FirstName>
            <InternalID>9696</InternalID>
         </Officer>
      </IncidentOfficer>
      <IncidentOfficer>
         <OfficerRoleCode>R</OfficerRoleCode>
         <Officer>
            <AgencyCode>D42</AgencyCode>
            <ORINumber>SC0280000</ORINumber>
            <LastName>Ranz</LastName>
            <FirstName>Greg</FirstName>
            <InternalID>9696</InternalID>
         </Officer>
      </IncidentOfficer>
      <IncidentOffense>
         <IncidentId>2478</IncidentId>
         <OffenseNumber>1</OffenseNumber>
         <OffenseStatusCode>00</OffenseStatusCode>
         <OffenseCode>35-43-2-3B</OffenseCode>
         <PlaceCode>38</PlaceCode>
         <BiasCode>88</BiasCode>
         <CSAUCode>A</CSAUCode>
         <SupplementSeq>0</SupplementSeq>
         <UCRNumber>1</UCRNumber>
         <OffenseStatusDate>04/15/2016 14:44:00</OffenseStatusDate>
         <AttemptedCompletedCode>A</AttemptedCompletedCode>
         <ArrestChargeCode>35-43-2-3B</ArrestChargeCode>
         <CreatorId>STATE_OFFICER9</CreatorId>
         <CreatorDate>04/15/2016 15:14:47</CreatorDate>
         <UpdatorId>TSTC</UpdatorId>
         <UpdatorDate>07/12/2017 13:31:28</UpdatorDate>
      </IncidentOffense>
      <IncidentPerson>
         <ApproxAge>24</ApproxAge>
         <CreatorId>REALLYREALLYREALLYREALLYREALLYVERYLONGUSERNAME</CreatorId>
         <CreatorDate>04/15/2016 15:21:36</CreatorDate>
         <UpdatorId>TSTC</UpdatorId>
         <UpdatorDate>05/24/2023 12:41:21</UpdatorDate>
         <Person>
            <PersonId>20</PersonId>
            <RaceCode>W</RaceCode>
            <SexCode>U</SexCode>
            <PersonVerified>Y</PersonVerified>
            <PersonPrimaryName>
               <LastName>Thompson</LastName>
               <FirstName>Terry</FirstName>
               <DateOfInfo>02/18/2012 18:48:11</DateOfInfo>
               <SLastName>T512</SLastName>
               <SFirstName>T600</SFirstName>
            </PersonPrimaryName>
            <PersonPrimaryName>
               <LastName>Thompsonsen</LastName>
               <FirstName>Theodore</FirstName>
               <DateOfInfo>03/01/2013 00:00:00</DateOfInfo>
               <SLastName>T512</SLastName>
               <SFirstName>T360</SFirstName>
            </PersonPrimaryName>
            <Alias>
               <NameTypeCode>A</NameTypeCode>
               <LastName>Thompson</LastName>
               <FirstName>Terry</FirstName>
               <SLastName>T512</SLastName>
               <SFirstName>T600</SFirstName>
               <DateOfInfo>02/18/2012 18:48:11</DateOfInfo>
            </Alias>
            <Alias>
               <NameTypeCode>P</NameTypeCode>
               <LastName>Thompsonsen</LastName>
               <FirstName>Theodore</FirstName>
               <SLastName>T512</SLastName>
               <SFirstName>T360</SFirstName>
               <DateOfInfo>03/01/2013 00:00:00</DateOfInfo>
            </Alias>
            <PersonAddress>
               <StreetNumber>752</StreetNumber>
               <StreetDirCode>E</StreetDirCode>
               <StreetName>Coil</StreetName>
               <StreetTypeCode>APTS</StreetTypeCode>
               <SubTypeCode>BSMT</SubTypeCode>
               <City>INDIANAPOLIS</City>
               <StateCode>IN</StateCode>
               <Zip5>43221</Zip5>
               <Zip4>5</Zip4>
               <CountryCode>US</CountryCode>
               <CountyCode>27</CountyCode>
               <Longitude>-86.14465</Longitude>
               <Latitude>39.874427</Latitude>
               <Beat>Test</Beat>
               <SubBeat>Area</SubBeat>
            </PersonAddress>
         </Person>
         <IncidentPersonRole>
            <RoleType>S</RoleType>
            <CreatorId>STATE_OFFICER11</CreatorId>
            <CreatorDate>04/15/2016 15:21:36</CreatorDate>
            <UpdatorId>TSTC</UpdatorId>
            <UpdatorDate>08/15/2023 20:32:22</UpdatorDate>
         </IncidentPersonRole>
      </IncidentPerson>
      <IncidentPerson>
         <ApproxAge>65</ApproxAge>
         <ResidentStatusCode>R</ResidentStatusCode>
         <CreatorId>STATE_OFFICER11</CreatorId>
         <CreatorDate>04/15/2016 15:22:08</CreatorDate>
         <UpdatorId>TSTC</UpdatorId>
         <UpdatorDate>05/24/2023 12:41:21</UpdatorDate>
         <Person>
            <PersonId>589</PersonId>
            <RaceCode>U</RaceCode>
            <SexCode>F</SexCode>
            <EthnicityCode>N</EthnicityCode>
            <PersonVerified>Y</PersonVerified>
            <PersonPrimaryName>
               <LastName>Dough</LastName>
               <FirstName>Janey</FirstName>
               <MiddleName>X</MiddleName>
               <DOB>02/01/1951 00:00:00</DOB>
               <SSN>8.77777777E8</SSN>
               <DateOfInfo>09/12/2014 13:02:10</DateOfInfo>
               <SLastName>D200</SLastName>
               <SFirstName>J500</SFirstName>
            </PersonPrimaryName>
            <Alias>
               <NameTypeCode>P</NameTypeCode>
               <LastName>Dough</LastName>
               <FirstName>Janey</FirstName>
               <MiddleName>X</MiddleName>
               <DOB>02/01/1951 00:00:00</DOB>
               <SSN>8.77777777E8</SSN>
               <SLastName>D200</SLastName>
               <SFirstName>J500</SFirstName>
               <DateOfInfo>09/12/2014 13:02:10</DateOfInfo>
            </Alias>
            <PersonAddress>
               <StreetNumber>55</StreetNumber>
               <StreetName>MICHAEL</StreetName>
               <StreetTypeCode>ST</StreetTypeCode>
               <City>SALEM</City>
               <Beat>Test</Beat>
               <SubBeat>Area</SubBeat>
            </PersonAddress>
            <PersonPhone>
               <PhoneTypeCode>CEL</PhoneTypeCode>
               <PhoneArea>589</PhoneArea>
               <PhonePrefix>658</PhonePrefix>
               <PhoneSuffix>7451</PhoneSuffix>
               <DateOfInfo>02/21/2017 00:00:00</DateOfInfo>
            </PersonPhone>
         </Person>
         <IncidentPersonRole>
            <RoleType>V</RoleType>
            <CreatorId>STATE_OFFICER11</CreatorId>
            <CreatorDate>04/15/2016 15:22:09</CreatorDate>
            <UpdatorId>TSTC</UpdatorId>
            <UpdatorDate>08/15/2023 20:32:22</UpdatorDate>
         </IncidentPersonRole>
      </IncidentPerson>
      <IncidentProperty>
         <RoleCode>8</RoleCode>
         <CreatorId>STATE_OFFICER11</CreatorId>
         <CreatorDate>04/15/2016 15:22:48</CreatorDate>
         <UpdatorId>TSTC</UpdatorId>
         <UpdatorDate>08/10/2017 23:00:50</UpdatorDate>
         <DateOfInfo>04/15/2016 00:00:00</DateOfInfo>
         <StatusCode>8</StatusCode>
         <DocumentTypeCode>P</DocumentTypeCode>
         <PropertyTypeCode>424</PropertyTypeCode>
         <PropertyValue>0</PropertyValue>
         <Value>0</Value>
         <Evidence>N</Evidence>
         <EvidenceFlag>N</EvidenceFlag>
         <Property_ID>1477</Property_ID>
         <Quantity>1</Quantity>
      </IncidentProperty>
   </IncidentSupplement>
   <IncidentSupplement>
      <SupplementSequence>1</SupplementSequence>
      <IncSupplementStatusCode>A</IncSupplementStatusCode>
      <SuppReportDate>05/05/2016 09:16:10</SuppReportDate>
      <SuppReportTime>05/05/2016 09:16:10</SuppReportTime>
      <AgencyOnly>N</AgencyOnly>
      <SecurityLevel>1201</SecurityLevel>
      <SuppAgencyCode>D42</SuppAgencyCode>
      <UnknownNoOffenders>N</UnknownNoOffenders>
      <DsIcrDate>02/21/2017 17:04:16</DsIcrDate>
      <DsIcrSubmissionStatus>SENT WAITING FOR RESPONSE</DsIcrSubmissionStatus>
      <CreatorId>STATE_OFFICER11</CreatorId>
      <CreatorDate>05/05/2016 09:16:10</CreatorDate>
      <UpdatorId>TSTC</UpdatorId>
      <UpdatorDate>08/05/2021 17:38:25</UpdatorDate>
      <IncidentSuppNarrative>
         <NarrativeNumber>1</NarrativeNumber>
         <NarrativeTitle>Supplement#1 - Narrative</NarrativeTitle>
         <NarrativeText>&amp;nbsp;test</NarrativeText>
         <CreatorId>STATE_OFFICER11</CreatorId>
         <CreatorDate>08/23/2016 12:46:56</CreatorDate>
         <UpdatorId>STATE_OFFICER11</UpdatorId>
         <UpdatorDate>08/23/2016 12:46:56</UpdatorDate>
      </IncidentSuppNarrative>
      <IncidentOfficer>
         <OfficerRoleCode>P</OfficerRoleCode>
         <Officer>
            <AgencyCode>D42</AgencyCode>
            <ORINumber>SC0280000</ORINumber>
            <LastName>Ranz</LastName>
            <FirstName>Greg</FirstName>
            <InternalID>9696</InternalID>
         </Officer>
      </IncidentOfficer>
      <IncidentOfficer>
         <OfficerRoleCode>R</OfficerRoleCode>
         <Officer>
            <AgencyCode>D42</AgencyCode>
            <ORINumber>SC0280000</ORINumber>
            <LastName>Ranz</LastName>
            <FirstName>Greg</FirstName>
            <InternalID>9696</InternalID>
         </Officer>
      </IncidentOfficer>
   </IncidentSupplement>
   <IncidentSupplement>
      <SupplementSequence>2</SupplementSequence>
      <IncSupplementStatusCode>A</IncSupplementStatusCode>
      <SuppReportDate>08/23/2016 12:48:53</SuppReportDate>
      <SuppReportTime>08/23/2016 12:48:53</SuppReportTime>
      <AgencyOnly>N</AgencyOnly>
      <SecurityLevel>1201</SecurityLevel>
      <SuppAgencyCode>D42</SuppAgencyCode>
      <UnknownNoOffenders>N</UnknownNoOffenders>
      <DsIcrDate>02/21/2017 17:04:16</DsIcrDate>
      <DsIcrSubmissionStatus>SENT WAITING FOR RESPONSE</DsIcrSubmissionStatus>
      <CreatorId>STATE_OFFICER11</CreatorId>
      <CreatorDate>08/23/2016 12:48:53</CreatorDate>
      <UpdatorId>TSTC</UpdatorId>
      <UpdatorDate>08/05/2021 17:38:25</UpdatorDate>
      <IncidentSuppNarrative>
         <NarrativeNumber>1</NarrativeNumber>
         <NarrativeTitle>Supplement#2 - Narrative</NarrativeTitle>
         <NarrativeText>&amp;nbsp;test</NarrativeText>
         <CreatorId>STATE_OFFICER11</CreatorId>
         <CreatorDate>08/23/2016 12:50:37</CreatorDate>
         <UpdatorId>STATE_OFFICER11</UpdatorId>
         <UpdatorDate>08/23/2016 12:50:37</UpdatorDate>
      </IncidentSuppNarrative>
      <IncidentOfficer>
         <OfficerRoleCode>P</OfficerRoleCode>
         <Officer>
            <AgencyCode>D42</AgencyCode>
            <ORINumber>SC0280000</ORINumber>
            <LastName>Ranz</LastName>
            <FirstName>Greg</FirstName>
            <InternalID>9696</InternalID>
         </Officer>
      </IncidentOfficer>
      <IncidentOfficer>
         <OfficerRoleCode>R</OfficerRoleCode>
         <Officer>
            <AgencyCode>D42</AgencyCode>
            <ORINumber>SC0280000</ORINumber>
            <LastName>Ranz</LastName>
            <FirstName>Greg</FirstName>
            <InternalID>9696</InternalID>
         </Officer>
      </IncidentOfficer>
   </IncidentSupplement>
   <IncidentSupplement>
      <SupplementSequence>3</SupplementSequence>
      <IncSupplementStatusCode>A</IncSupplementStatusCode>
      <SuppReportDate>02/14/2017 10:59:29</SuppReportDate>
      <SuppReportTime>02/14/2017 10:59:29</SuppReportTime>
      <AgencyOnly>N</AgencyOnly>
      <SecurityLevel>1201</SecurityLevel>
      <SuppAgencyCode>D42</SuppAgencyCode>
      <UnknownNoOffenders>N</UnknownNoOffenders>
      <DsIcrDate>02/21/2017 17:04:16</DsIcrDate>
      <DsIcrSubmissionStatus>SENT WAITING FOR RESPONSE</DsIcrSubmissionStatus>
      <CreatorId>STATE_OFFICER11</CreatorId>
      <CreatorDate>02/14/2017 10:59:29</CreatorDate>
      <UpdatorId>TSTC</UpdatorId>
      <UpdatorDate>08/05/2021 17:38:25</UpdatorDate>
      <IncidentSuppNarrative>
         <NarrativeNumber>1</NarrativeNumber>
         <NarrativeTitle>Supplement#3 - Narrative</NarrativeTitle>
         <NarrativeText>&amp;nbsp;dsfghdgjdhgjdghjdghjdghjdghjdghj.&amp;nbsp;Name: Janey X Dough Sex: Female Race: Unknown DOB: 02/01/1951&lt;br&gt;Year: 2002 Vin: DB123455678901234 Make: HONDA/AMERICAN HONDA MOTOR CO, INC(HOND) Model: CIVIC (AND CRX) License: 123456ASW License State: AK Month: 3 Year: 2004&lt;br&gt;&lt;br&gt;&lt;br&gt; &amp;nbsp;</NarrativeText>
         <CreatorId>STATE_OFFICER11</CreatorId>
         <CreatorDate>02/21/2017 17:03:36</CreatorDate>
         <UpdatorId>STATE_OFFICER11</UpdatorId>
         <UpdatorDate>02/21/2017 17:03:36</UpdatorDate>
      </IncidentSuppNarrative>
      <IncidentOfficer>
         <OfficerRoleCode>P</OfficerRoleCode>
         <Officer>
            <AgencyCode>D42</AgencyCode>
            <ORINumber>SC0280000</ORINumber>
            <LastName>Ranz</LastName>
            <FirstName>Greg</FirstName>
            <InternalID>9696</InternalID>
         </Officer>
      </IncidentOfficer>
      <IncidentOfficer>
         <OfficerRoleCode>R</OfficerRoleCode>
         <Officer>
            <AgencyCode>D42</AgencyCode>
            <ORINumber>SC0280000</ORINumber>
            <LastName>Ranz</LastName>
            <FirstName>Greg</FirstName>
            <InternalID>9696</InternalID>
         </Officer>
      </IncidentOfficer>
      <IncidentOffense>
         <IncidentId>2478</IncidentId>
         <OffenseNumber>2</OffenseNumber>
         <OffenseStatusCode>05</OffenseStatusCode>
         <OffenseCode>35-42-2-1  B03</OffenseCode>
         <PlaceCode>45</PlaceCode>
         <BiasCode>43</BiasCode>
         <CSAUCode>C</CSAUCode>
         <SupplementSeq>3</SupplementSeq>
         <UCRNumber>2</UCRNumber>
         <OffenseStatusDate>04/15/2016 14:44:00</OffenseStatusDate>
         <AttemptedCompletedCode>C</AttemptedCompletedCode>
         <ArrestChargeCode>35-42-2-1  B03</ArrestChargeCode>
         <CreatorId>STATE_OFFICER11</CreatorId>
         <CreatorDate>02/21/2017 17:02:20</CreatorDate>
         <UpdatorId>STATE_OFFICER11</UpdatorId>
         <UpdatorDate>02/21/2017 17:02:20</UpdatorDate>
      </IncidentOffense>
      <IncidentPerson>
         <ApproxAge>25</ApproxAge>
         <ResidentStatusCode>R</ResidentStatusCode>
         <CreatorId>STATE_OFFICER11</CreatorId>
         <CreatorDate>02/14/2017 11:00:18</CreatorDate>
         <UpdatorId>TSTC</UpdatorId>
         <UpdatorDate>05/24/2023 12:41:23</UpdatorDate>
         <Person>
            <PersonId>859</PersonId>
            <RaceCode>W</RaceCode>
            <SexCode>M</SexCode>
            <EthnicityCode>U</EthnicityCode>
            <PersonVerified>Y</PersonVerified>
            <PersonPrimaryName>
               <LastName>Reynolds</LastName>
               <FirstName>Aaron</FirstName>
               <MiddleName>Frank</MiddleName>
               <DOB>10/01/1990 00:00:00</DOB>
               <DateOfInfo>02/14/2017 10:41:22</DateOfInfo>
               <SLastName>R543</SLastName>
               <SFirstName>A650</SFirstName>
            </PersonPrimaryName>
            <Alias>
               <NameTypeCode>P</NameTypeCode>
               <LastName>Reynolds</LastName>
               <FirstName>Aaron</FirstName>
               <MiddleName>Frank</MiddleName>
               <DOB>10/01/1990 00:00:00</DOB>
               <SLastName>R543</SLastName>
               <SFirstName>A650</SFirstName>
               <DateOfInfo>02/14/2017 10:41:22</DateOfInfo>
            </Alias>
            <PersonAddress>
               <StreetNumber>888</StreetNumber>
               <StreetDirCode>W</StreetDirCode>
               <StreetName>Main</StreetName>
               <StreetTypeCode>ST</StreetTypeCode>
               <City>Lebanon</City>
               <StateCode>CO</StateCode>
               <Zip5>46052</Zip5>
               <CountryCode>US</CountryCode>
               <Longitude>-86.41424687496583</Longitude>
               <Latitude>39.69883279172986</Latitude>
            </PersonAddress>
            <PersonPhone>
               <PhoneTypeCode>RES</PhoneTypeCode>
               <PhoneArea>111</PhoneArea>
               <PhonePrefix>111</PhonePrefix>
               <PhoneSuffix>1111</PhoneSuffix>
               <DateOfInfo>02/14/2017 00:00:00</DateOfInfo>
            </PersonPhone>
            <PersonPhone>
               <PhoneTypeCode>CEL</PhoneTypeCode>
               <PhoneArea>222</PhoneArea>
               <PhonePrefix>222</PhonePrefix>
               <PhoneSuffix>2222</PhoneSuffix>
               <DateOfInfo>02/14/2017 00:00:00</DateOfInfo>
            </PersonPhone>
         </Person>
         <IncidentPersonRole>
            <RoleType>V</RoleType>
            <CreatorId>STATE_OFFICER11</CreatorId>
            <CreatorDate>02/14/2017 11:00:18</CreatorDate>
            <UpdatorId>TSTC</UpdatorId>
            <UpdatorDate>08/15/2023 20:32:23</UpdatorDate>
         </IncidentPersonRole>
      </IncidentPerson>
      <IncidentPerson>
         <ApproxAge>01</ApproxAge>
         <ResidentStatusCode>R</ResidentStatusCode>
         <CreatorId>STATE_OFFICER11</CreatorId>
         <CreatorDate>02/21/2017 17:03:06</CreatorDate>
         <UpdatorId>TSTC</UpdatorId>
         <UpdatorDate>05/24/2023 12:41:23</UpdatorDate>
         <Person>
            <PersonId>709</PersonId>
            <RaceCode>I</RaceCode>
            <SexCode>F</SexCode>
            <PersonVerified>Y</PersonVerified>
            <PersonPrimaryName>
               <LastName>Guy</LastName>
               <FirstName>Simple</FirstName>
               <DOB>03/17/2015 00:00:00</DOB>
               <DateOfInfo>04/16/2015 09:26:50</DateOfInfo>
               <SLastName>G000</SLastName>
               <SFirstName>S514</SFirstName>
            </PersonPrimaryName>
            <Alias>
               <NameTypeCode>P</NameTypeCode>
               <LastName>Guy</LastName>
               <FirstName>Simple</FirstName>
               <DOB>03/17/2015 00:00:00</DOB>
               <SLastName>G000</SLastName>
               <SFirstName>S514</SFirstName>
               <DateOfInfo>04/16/2015 09:26:50</DateOfInfo>
            </Alias>
         </Person>
         <IncidentPersonRole>
            <RoleType>V</RoleType>
            <CreatorId>STATE_OFFICER11</CreatorId>
            <CreatorDate>02/21/2017 17:03:06</CreatorDate>
            <UpdatorId>TSTC</UpdatorId>
            <UpdatorDate>08/15/2023 20:32:22</UpdatorDate>
         </IncidentPersonRole>
      </IncidentPerson>
      <IncidentVehicle>
         <VEHICLE_ID>5</VEHICLE_ID>
         <RoleCode>AR</RoleCode>
         <CreatorId>STATE_OFFICER11</CreatorId>
         <CreatorDate>02/14/2017 11:00:57</CreatorDate>
         <UpdatorId>STATE_OFFICER11</UpdatorId>
         <UpdatorDate>02/14/2017 11:00:57</UpdatorDate>
         <DateOfInfo>03/02/2012 11:02:45</DateOfInfo>
         <DateOfInfo>03/06/2017 13:21:24</DateOfInfo>
         <StatusCode>16</StatusCode>
         <VIN>DB123455678901234</VIN>
         <VehicleYear>2002</VehicleYear>
         <VehicleMakeCode>HOND</VehicleMakeCode>
         <VehicleModelCode>CIV</VehicleModelCode>
         <VehicleStyleCode>CP</VehicleStyleCode>
         <VehicleTypeCode>AT</VehicleTypeCode>
         <VehPriColorCode>AME</VehPriColorCode>
         <VehPriColorCode>SIL</VehPriColorCode>
         <VehSecColorCode>BGE</VehSecColorCode>
         <VehSecColorCode>AME</VehSecColorCode>
         <VehicleLicStateCode>AK</VehicleLicStateCode>
         <VehicleLicStateCode>AK</VehicleLicStateCode>
         <VehicleLicNumber>123456ASW</VehicleLicNumber>
         <VehicleLicNumber>ABC</VehicleLicNumber>
         <VehicleLicYear>2004</VehicleLicYear>
         <VehicleLicYear>2015</VehicleLicYear>
         <VehicleLicMonth>3</VehicleLicMonth>
         <VehicleLicMonth>6</VehicleLicMonth>
         <VehicleLicTypeCode>AQ</VehicleLicTypeCode>
         <VehicleLicTypeCode>BU</VehicleLicTypeCode>
         <VehConditionCode>F</VehConditionCode>
         <VehConditionCode>G</VehConditionCode>
         <VehDamageCode>1</VehDamageCode>
         <VehDamageCode>11</VehDamageCode>
         <VehicleMotorCC>123456</VehicleMotorCC>
         <VehicleValue>700</VehicleValue>
         <VehicleValue>15000</VehicleValue>
         <VehicleMiscID>345345345</VehicleMiscID>
      </IncidentVehicle>
   </IncidentSupplement>
</Incident>