<?xml version="1.0" encoding="UTF-8"?>
<Incident xmlns:xsi="http://www.w3.org/2001/XMLSchema-instance"
          xsi:noNamespaceSchemaLocation="file:///C:/DATA/EJS/SVN_Root/Ejustice/trunk/XMLTransformations/OnlineRMSInternalToIncident/IAOnlineRMSIncidentImport.xsd">
   <IncidentReportNum>2019D4210222</IncidentReportNum>
   <AgencyCode>D42</AgencyCode>
   <ORINum>SC0280000</ORINum>
   <ReportDate>03/18/2019 23:07:00</ReportDate>
   <ReportTime>03/18/2019 23:07:00</ReportTime>
   <StartDate>03/18/2019 23:07:00</StartDate>
   <StartTime>03/18/2019 23:07:00</StartTime>
   <Summary>Yes hello</Summary>
   <CreatorId>STATE_OFFICER11</CreatorId>
   <CreatorDate>03/18/2019 23:07:15</CreatorDate>
   <UpdatorId>TSTC</UpdatorId>
   <UpdatorDate>09/09/2021 18:46:42</UpdatorDate>
   <IncidentType>
      <IncidentTypeCode>AIR</IncidentTypeCode>
   </IncidentType>
   <IncidentType>
      <IncidentTypeCode>B/H</IncidentTypeCode>
   </IncidentType>
   <IncidentAddress>
      <AddressId>1667</AddressId>
      <City>1</City>
      <CreatorId>STATE_OFFICER11</CreatorId>
      <CreatorDate>03/18/2019 23:08:55</CreatorDate>
      <UpdatorId>TSTC</UpdatorId>
      <UpdatorDate>03/18/2019 23:09:13</UpdatorDate>
      <Address>
         <AddressId>1667</AddressId>
         <StreetNumber>600</StreetNumber>
         <StreetDirCode>N</StreetDirCode>
         <StreetName>Apple</StreetName>
         <StreetTypeCode>ST</StreetTypeCode>
         <City>Greenfield</City>
         <StateCode>IN</StateCode>
         <Zip5>46140</Zip5>
         <CountryCode>US</CountryCode>
         <Distance>0</Distance>
         <Beat>Test</Beat>
         <SubBeat>Area</SubBeat>
         <Longitude>-85.755636</Longitude>
         <Latitude>39.791329</Latitude>
         <AddressCommonName>
            <CommonPlaceName>ANG TEST</CommonPlaceName>
         </AddressCommonName>
      </Address>
   </IncidentAddress>
   <IncidentSupplement>
      <SupplementSequence>0</SupplementSequence>
      <IncSupplementStatusCode>A</IncSupplementStatusCode>
      <SuppReportDate>03/18/2019 23:07:15</SuppReportDate>
      <SuppReportTime>03/18/2019 23:07:15</SuppReportTime>
      <AgencyOnly>N</AgencyOnly>
      <SecurityLevel>1100</SecurityLevel>
      <SuppAgencyCode>D42</SuppAgencyCode>
      <UnknownNoOffenders>N</UnknownNoOffenders>
      <DsIcrDate>03/19/2019 12:34:29</DsIcrDate>
      <DsIcrSubmissionStatus>SENT WAITING FOR RESPONSE</DsIcrSubmissionStatus>
      <CreatorId>STATE_OFFICER11</CreatorId>
      <CreatorDate>03/18/2019 23:07:15</CreatorDate>
      <UpdatorId>TSTC</UpdatorId>
      <UpdatorDate>08/05/2021 17:38:28</UpdatorDate>
      <IncidentSuppNarrative>
         <NarrativeNumber>1</NarrativeNumber>
         <NarrativeTitle>Original Narrative</NarrativeTitle>
         <NarrativeText>fsdfsdfYear: 2017 Vin: 1111111111 Make: ACURA(ACUR) Model: INTEGRA License: BON888X License State: IN &amp;nbsp; Top Color: Blue Bottom Color: -</NarrativeText>
         <CreatorId>STATE_OFFICER11</CreatorId>
         <CreatorDate>03/19/2019 12:33:25</CreatorDate>
         <UpdatorId>STATE_OFFICER11</UpdatorId>
         <UpdatorDate>03/19/2019 12:33:25</UpdatorDate>
      </IncidentSuppNarrative>
      <IncidentOfficer>
         <OfficerRoleCode>P</OfficerRoleCode>
         <Officer>
            <AgencyCode>D42</AgencyCode>
            <ORINumber>SC0280000</ORINumber>
            <LastName>Wright</LastName>
            <FirstName>Greg</FirstName>
            <InternalID>9696</InternalID>
         </Officer>
      </IncidentOfficer>
      <IncidentOfficer>
         <OfficerRoleCode>R</OfficerRoleCode>
         <Officer>
            <AgencyCode>D42</AgencyCode>
            <ORINumber>SC0280000</ORINumber>
            <LastName>Wright</LastName>
            <FirstName>Greg</FirstName>
            <InternalID>9696</InternalID>
         </Officer>
      </IncidentOfficer>
      <IncidentOffense>
         <IncidentId>3211</IncidentId>
         <OffenseNumber>1</OffenseNumber>
         <OffenseStatusCode>00</OffenseStatusCode>
         <OffenseCode>35-42-5-1  R03</OffenseCode>
         <PlaceCode>47</PlaceCode>
         <BiasCode>82</BiasCode>
         <CSAUCode>C</CSAUCode>
         <SupplementSeq>0</SupplementSeq>
         <UCRNumber>1</UCRNumber>
         <OffenseStatusDate>03/18/2019 23:07:00</OffenseStatusDate>
         <AttemptedCompletedCode>C</AttemptedCompletedCode>
         <CreatorId>STATE_OFFICER11</CreatorId>
         <CreatorDate>03/19/2019 12:31:18</CreatorDate>
         <UpdatorId>STATE_OFFICER11</UpdatorId>
         <UpdatorDate>03/19/2019 12:31:18</UpdatorDate>
      </IncidentOffense>
      <IncidentPerson>
         <ApproxAge>69</ApproxAge>
         <CreatorId>STATE_OFFICER11</CreatorId>
         <CreatorDate>03/18/2019 23:10:02</CreatorDate>
         <UpdatorId>TSTC</UpdatorId>
         <UpdatorDate>05/24/2023 12:41:24</UpdatorDate>
         <Person>
            <PersonId>549</PersonId>
            <RaceCode>B</RaceCode>
            <SexCode>F</SexCode>
            <EthnicityCode>U</EthnicityCode>
            <PersonVerified>Y</PersonVerified>
            <PersonPrimaryName>
               <LastName>Anderson</LastName>
               <FirstName>Alore</FirstName>
               <MiddleName>Samuel</MiddleName>
               <DOB>07/06/1949 00:00:00</DOB>
               <TitleCode>I</TitleCode>
               <DateOfInfo>04/25/2014 14:53:26</DateOfInfo>
               <SLastName>A536</SLastName>
               <SFirstName>A460</SFirstName>
            </PersonPrimaryName>
            <Alias>
               <NameTypeCode>P</NameTypeCode>
               <LastName>Anderson</LastName>
               <FirstName>Alore</FirstName>
               <MiddleName>Samuel</MiddleName>
               <DOB>07/06/1949 00:00:00</DOB>
               <TitleCode>I</TitleCode>
               <SLastName>A536</SLastName>
               <SFirstName>A460</SFirstName>
               <DateOfInfo>04/25/2014 14:53:26</DateOfInfo>
            </Alias>
            <PersonAddress>
               <StreetNumber>52400</StreetNumber>
               <StreetDirCode>E</StreetDirCode>
               <StreetName>County Road 17</StreetName>
               <City>Bristol</City>
               <StateCode>IN</StateCode>
               <CountryCode>US</CountryCode>
               <CountyCode>20</CountyCode>
               <Longitude>-85.888474</Longitude>
               <Latitude>41.732221</Latitude>
            </PersonAddress>
            <PersonAddress>
               <StreetNumber>1238</StreetNumber>
               <StreetDirCode>E</StreetDirCode>
               <StreetName>Calrson</StreetName>
               <StreetTypeCode>LN</StreetTypeCode>
               <City>ABBOTT</City>
               <StateCode>AL</StateCode>
               <Zip5>24334</Zip5>
               <Zip4>2344</Zip4>
               <CountryCode>US</CountryCode>
               <CountyCode>1</CountyCode>
            </PersonAddress>
            <PersonAddress>
               <StreetNumber>100</StreetNumber>
               <StreetName>Apple</StreetName>
               <StreetTypeCode>BLF</StreetTypeCode>
               <City>Greenfield</City>
               <StateCode>IN</StateCode>
               <Zip5>46140</Zip5>
               <CountryCode>US</CountryCode>
            </PersonAddress>
            <PersonPhone>
               <PhoneTypeCode>RES</PhoneTypeCode>
               <PhoneArea>321</PhoneArea>
               <PhonePrefix>312</PhonePrefix>
               <PhoneSuffix>3213</PhoneSuffix>
               <DateOfInfo>05/07/2014 00:00:00</DateOfInfo>
            </PersonPhone>
            <PersonPhone>
               <PhoneTypeCode>CEL</PhoneTypeCode>
               <PhoneArea>222</PhoneArea>
               <PhonePrefix>222</PhonePrefix>
               <PhoneSuffix>2222</PhoneSuffix>
               <DateOfInfo>06/28/2017 00:00:00</DateOfInfo>
            </PersonPhone>
         </Person>
         <IncidentPersonRole>
            <RoleType>S</RoleType>
            <CreatorId>STATE_OFFICER11</CreatorId>
            <CreatorDate>03/18/2019 23:10:02</CreatorDate>
            <UpdatorId>TSTC</UpdatorId>
            <UpdatorDate>08/15/2023 20:32:23</UpdatorDate>
         </IncidentPersonRole>
      </IncidentPerson>
      <IncidentPerson>
         <ApproxAge>20</ApproxAge>
         <ResidentStatusCode>R</ResidentStatusCode>
         <CreatorId>STATE_OFFICER11</CreatorId>
         <CreatorDate>03/19/2019 12:31:56</CreatorDate>
         <UpdatorId>TSTC</UpdatorId>
         <UpdatorDate>05/24/2023 12:41:23</UpdatorDate>
         <Person>
            <PersonId>1010</PersonId>
            <RaceCode>A</RaceCode>
            <SexCode>F</SexCode>
            <PersonVerified>Y</PersonVerified>
            <PersonPrimaryName>
               <LastName>Kimball</LastName>
               <FirstName>Person02</FirstName>
               <DateOfInfo>03/13/2019 15:23:00</DateOfInfo>
               <SLastName>K514</SLastName>
               <SFirstName>P625</SFirstName>
            </PersonPrimaryName>
            <PersonPrimaryName>
               <LastName>Kimball</LastName>
               <FirstName>Person02 Nickname</FirstName>
               <DateOfInfo>03/13/2019 00:00:00</DateOfInfo>
               <SLastName>K514</SLastName>
               <SFirstName>P625</SFirstName>
            </PersonPrimaryName>
            <Alias>
               <NameTypeCode>A</NameTypeCode>
               <LastName>Kimball</LastName>
               <FirstName>Person02</FirstName>
               <SLastName>K514</SLastName>
               <SFirstName>P625</SFirstName>
               <DateOfInfo>03/13/2019 15:23:00</DateOfInfo>
            </Alias>
            <Alias>
               <NameTypeCode>N</NameTypeCode>
               <LastName>Kimball</LastName>
               <FirstName>Person02 Nickname</FirstName>
               <SLastName>K514</SLastName>
               <SFirstName>P625</SFirstName>
               <DateOfInfo>03/13/2019 00:00:00</DateOfInfo>
            </Alias>
         </Person>
         <IncidentPersonRole>
            <RoleType>V</RoleType>
            <CreatorId>STATE_OFFICER11</CreatorId>
            <CreatorDate>03/19/2019 12:31:57</CreatorDate>
            <UpdatorId>TSTC</UpdatorId>
            <UpdatorDate>08/15/2023 20:32:23</UpdatorDate>
         </IncidentPersonRole>
      </IncidentPerson>
      <IncidentVehicle>
         <VEHICLE_ID>593</VEHICLE_ID>
         <RoleCode>VI</RoleCode>
         <CreatorId>STATE_OFFICER11</CreatorId>
         <CreatorDate>03/19/2019 12:32:56</CreatorDate>
         <UpdatorId>STATE_OFFICER11</UpdatorId>
         <UpdatorDate>03/19/2019 12:32:56</UpdatorDate>
         <DateOfInfo>10/08/2018 19:57:28</DateOfInfo>
         <DateOfInfo>12/01/2017 14:05:43</DateOfInfo>
         <DateOfInfo>03/25/2019 11:52:02</DateOfInfo>
         <StatusCode>7</StatusCode>
         <VIN>abc123</VIN>
         <VehicleYear>2016</VehicleYear>
         <VehicleMakeCode>MAZD</VehicleMakeCode>
         <VehicleModelCode>RX7</VehicleModelCode>
         <VehicleStyleCode>SD</VehicleStyleCode>
         <VehicleTypeCode>AT</VehicleTypeCode>
         <VehPriColorCode>BLU</VehPriColorCode>
         <VehPriColorCode>BLU</VehPriColorCode>
         <VehPriColorCode>BLU</VehPriColorCode>
         <VehSecColorCode>SIL</VehSecColorCode>
         <VehSecColorCode>SIL</VehSecColorCode>
         <VehicleLicStateCode>IN</VehicleLicStateCode>
         <VehicleLicStateCode>IN</VehicleLicStateCode>
         <VehicleLicStateCode>IN</VehicleLicStateCode>
         <VehicleLicNumber>BON888X</VehicleLicNumber>
         <VehicleLicNumber>BON888X</VehicleLicNumber>
         <VehicleLicNumber>BON888X</VehicleLicNumber>
         <VehicleLicYear>2010</VehicleLicYear>
         <VehicleLicMonth>1</VehicleLicMonth>
         <VehicleLicTypeCode>AR</VehicleLicTypeCode>
         <VehConditionCode>F</VehConditionCode>
         <VehDamageCode>0</VehDamageCode>
         <VehDamageDesc>Damage Remarks</VehDamageDesc>
         <VehicleValue>1000</VehicleValue>
         <VehicleValue>233</VehicleValue>
         <VehicleValue>20000</VehicleValue>
         <VehicleMiscID>MY CAR</VehicleMiscID>
      </IncidentVehicle>
      <IncidentProperty>
         <RoleCode>7</RoleCode>
         <CreatorId>STATE_OFFICER11</CreatorId>
         <CreatorDate>03/19/2019 12:32:36</CreatorDate>
         <UpdatorId>STATE_OFFICER11</UpdatorId>
         <UpdatorDate>03/19/2019 12:32:36</UpdatorDate>
         <DateOfInfo>03/19/2019 00:00:00</DateOfInfo>
         <StatusCode>7</StatusCode>
         <DocumentTypeCode>P</DocumentTypeCode>
         <PropertyTypeCode>472</PropertyTypeCode>
         <PropertyValue>100</PropertyValue>
         <Value>100</Value>
         <Evidence>N</Evidence>
         <EvidenceFlag>N</EvidenceFlag>
         <Property_ID>1892</Property_ID>
         <Quantity>1</Quantity>
      </IncidentProperty>
   </IncidentSupplement>
   <IncidentSupplement>
      <SupplementSequence>1</SupplementSequence>
      <IncSupplementStatusCode>A</IncSupplementStatusCode>
      <SuppReportDate>03/19/2019 12:34:38</SuppReportDate>
      <SuppReportTime>03/19/2019 12:34:38</SuppReportTime>
      <AgencyOnly>N</AgencyOnly>
      <SecurityLevel>1100</SecurityLevel>
      <SuppAgencyCode>D42</SuppAgencyCode>
      <UnknownNoOffenders>N</UnknownNoOffenders>
      <DsIcrDate>11/09/2020 09:59:21</DsIcrDate>
      <DsIcrSubmissionStatus>DATASET_INSERT_PENDING</DsIcrSubmissionStatus>
      <CreatorId>STATE_OFFICER11</CreatorId>
      <CreatorDate>03/19/2019 12:34:38</CreatorDate>
      <UpdatorId>TSTC</UpdatorId>
      <UpdatorDate>08/05/2021 17:38:28</UpdatorDate>
      <IncidentSuppNarrative>
         <NarrativeNumber>1</NarrativeNumber>
         <NarrativeTitle>Supplement #1 Narrative</NarrativeTitle>
         <NarrativeText>asdf</NarrativeText>
         <CreatorId>STATE_OFFICER11</CreatorId>
         <CreatorDate>11/09/2020 09:57:59</CreatorDate>
         <UpdatorId>STATE_OFFICER11</UpdatorId>
         <UpdatorDate>11/09/2020 09:57:59</UpdatorDate>
      </IncidentSuppNarrative>
      <IncidentOfficer>
         <OfficerRoleCode>P</OfficerRoleCode>
         <Officer>
            <AgencyCode>D42</AgencyCode>
            <ORINumber>SC0280000</ORINumber>
            <LastName>Simpson</LastName>
            <FirstName>Homer</FirstName>
            <InternalID>9696</InternalID>
         </Officer>
      </IncidentOfficer>
      <IncidentOfficer>
         <OfficerRoleCode>R</OfficerRoleCode>
         <Officer>
            <AgencyCode>D42</AgencyCode>
            <ORINumber>SC0280000</ORINumber>
            <LastName>Wright</LastName>
            <FirstName>Greg</FirstName>
            <InternalID>9696</InternalID>
         </Officer>
      </IncidentOfficer>
      <IncidentVehicle>
         <VEHICLE_ID>236</VEHICLE_ID>
         <RoleCode>VI</RoleCode>
         <CreatorId>STATE_OFFICER11</CreatorId>
         <CreatorDate>03/19/2019 12:35:55</CreatorDate>
         <UpdatorId>STATE_OFFICER11</UpdatorId>
         <UpdatorDate>03/19/2019 12:35:55</UpdatorDate>
         <DateOfInfo>02/29/2016 13:11:46</DateOfInfo>
         <DateOfInfo>10/03/2018 00:00:00</DateOfInfo>
         <DateOfInfo>10/29/2018 12:45:32</DateOfInfo>
         <DateOfInfo>10/03/2018 13:57:47</DateOfInfo>
         <DateOfInfo>04/02/2019 15:11:30</DateOfInfo>
         <DateOfInfo>10/29/2018 13:13:31</DateOfInfo>
         <DateOfInfo>05/07/2021 11:17:49</DateOfInfo>
         <DateOfInfo>03/03/2021 15:44:14</DateOfInfo>
         <StatusCode>5</StatusCode>
         <VIN>FGHJKLRTYUI567890</VIN>
         <VehicleMakeCode>AMER</VehicleMakeCode>
         <VehicleModelCode>RC</VehicleModelCode>
         <VehicleStyleCode>4D</VehicleStyleCode>
         <VehicleTypeCode>AT</VehicleTypeCode>
         <VehPriColorCode>RED</VehPriColorCode>
         <VehPriColorCode>BLK</VehPriColorCode>
         <VehPriColorCode>BLK</VehPriColorCode>
         <VehPriColorCode>BLK</VehPriColorCode>
         <VehPriColorCode>BLK</VehPriColorCode>
         <VehPriColorCode>BLK</VehPriColorCode>
         <VehPriColorCode>BLK</VehPriColorCode>
         <VehPriColorCode>BLK</VehPriColorCode>
         <VehSecColorCode>BLU</VehSecColorCode>
         <VehSecColorCode>BLU</VehSecColorCode>
         <VehSecColorCode>BLU</VehSecColorCode>
         <VehSecColorCode>BLU</VehSecColorCode>
         <VehSecColorCode>BLU</VehSecColorCode>
         <VehSecColorCode>BLU</VehSecColorCode>
         <VehSecColorCode>BLU</VehSecColorCode>
         <VehicleLicStateCode>CO</VehicleLicStateCode>
         <VehicleLicStateCode>AG</VehicleLicStateCode>
         <VehicleLicStateCode>AG</VehicleLicStateCode>
         <VehicleLicStateCode>AG</VehicleLicStateCode>
         <VehicleLicStateCode>AG</VehicleLicStateCode>
         <VehicleLicStateCode>AG</VehicleLicStateCode>
         <VehicleLicStateCode>AG</VehicleLicStateCode>
         <VehicleLicStateCode>AG</VehicleLicStateCode>
         <VehicleLicNumber>YYYYUUUUU</VehicleLicNumber>
         <VehicleLicNumber>987tyu</VehicleLicNumber>
         <VehicleLicNumber>987tyu</VehicleLicNumber>
         <VehicleLicNumber>987tyu</VehicleLicNumber>
         <VehicleLicNumber>987tyu</VehicleLicNumber>
         <VehicleLicNumber>987tyu</VehicleLicNumber>
         <VehicleLicNumber>987tyu</VehicleLicNumber>
         <VehicleLicNumber>987tyu</VehicleLicNumber>
         <VehicleLicYear>2010</VehicleLicYear>
         <VehicleLicYear>2010</VehicleLicYear>
         <VehicleLicYear>2010</VehicleLicYear>
         <VehicleLicYear>2010</VehicleLicYear>
         <VehicleLicYear>2010</VehicleLicYear>
         <VehicleLicYear>2010</VehicleLicYear>
         <VehicleLicYear>2010</VehicleLicYear>
         <VehicleLicMonth>4</VehicleLicMonth>
         <VehicleLicMonth>4</VehicleLicMonth>
         <VehicleLicMonth>4</VehicleLicMonth>
         <VehicleLicMonth>4</VehicleLicMonth>
         <VehicleLicMonth>4</VehicleLicMonth>
         <VehicleLicMonth>4</VehicleLicMonth>
         <VehicleLicMonth>4</VehicleLicMonth>
         <VehicleLicTypeCode>PC</VehicleLicTypeCode>
         <VehicleLicTypeCode>PC</VehicleLicTypeCode>
         <VehicleLicTypeCode>PC</VehicleLicTypeCode>
         <VehicleLicTypeCode>PC</VehicleLicTypeCode>
         <VehicleLicTypeCode>PC</VehicleLicTypeCode>
         <VehicleLicTypeCode>PC</VehicleLicTypeCode>
         <VehicleLicTypeCode>PC</VehicleLicTypeCode>
         <VehConditionCode>P</VehConditionCode>
         <VehDamageCode>11</VehDamageCode>
         <VehDamageDesc>dfgdfgdfg</VehDamageDesc>
         <VehicleValue>1000</VehicleValue>
         <VehicleValue>10000</VehicleValue>
         <VehicleValue>1000</VehicleValue>
         <VehicleValue>455</VehicleValue>
      </IncidentVehicle>
      <IncidentProperty>
         <RoleCode>7</RoleCode>
         <CreatorId>STATE_OFFICER11</CreatorId>
         <CreatorDate>03/19/2019 12:35:28</CreatorDate>
         <UpdatorId>STATE_OFFICER11</UpdatorId>
         <UpdatorDate>03/19/2019 12:35:28</UpdatorDate>
         <DateOfInfo>03/19/2019 00:00:00</DateOfInfo>
         <StatusCode>7</StatusCode>
         <DocumentTypeCode>P</DocumentTypeCode>
         <PropertyTypeCode>460</PropertyTypeCode>
         <PropertyValue>444</PropertyValue>
         <Value>444</Value>
         <Evidence>N</Evidence>
         <EvidenceFlag>N</EvidenceFlag>
         <Property_ID>1893</Property_ID>
         <Quantity>0</Quantity>
      </IncidentProperty>
      <IncidentProperty>
         <RoleCode>7</RoleCode>
         <CreatorId>STATE_OFFICER11</CreatorId>
         <CreatorDate>03/19/2019 12:35:28</CreatorDate>
         <UpdatorId>STATE_OFFICER11</UpdatorId>
         <UpdatorDate>03/19/2019 12:35:28</UpdatorDate>
         <DateOfInfo>03/19/2019 00:00:00</DateOfInfo>
         <StatusCode>7</StatusCode>
         <DocumentTypeCode>P</DocumentTypeCode>
         <PropertyTypeCode>472</PropertyTypeCode>
         <PropertyValue>555</PropertyValue>
         <Value>555</Value>
         <Evidence>N</Evidence>
         <EvidenceFlag>N</EvidenceFlag>
         <Property_ID>1894</Property_ID>
         <Quantity>0</Quantity>
      </IncidentProperty>
      <IncidentProperty>
         <RoleCode>7</RoleCode>
         <CreatorId>STATE_OFFICER11</CreatorId>
         <CreatorDate>03/19/2019 12:36:23</CreatorDate>
         <UpdatorId>STATE_OFFICER11</UpdatorId>
         <UpdatorDate>03/19/2019 12:36:23</UpdatorDate>
         <DateOfInfo>03/19/2019 00:00:00</DateOfInfo>
         <StatusCode>7</StatusCode>
         <DocumentTypeCode>G</DocumentTypeCode>
         <PropertyTypeCode>620</PropertyTypeCode>
         <PropertyValue>555</PropertyValue>
         <Value>555</Value>
         <Evidence>N</Evidence>
         <EvidenceFlag>N</EvidenceFlag>
         <Property_ID>1895</Property_ID>
         <Quantity>0</Quantity>
      </IncidentProperty>
      <IncidentProperty>
         <RoleCode>7</RoleCode>
         <CreatorId>STATE_OFFICER11</CreatorId>
         <CreatorDate>11/09/2020 09:57:07</CreatorDate>
         <UpdatorId>STATE_OFFICER11</UpdatorId>
         <UpdatorDate>12/15/2020 17:04:46</UpdatorDate>
         <DateOfInfo>11/09/2020 00:00:00</DateOfInfo>
         <StatusCode>5</StatusCode>
         <DocumentTypeCode>P</DocumentTypeCode>
         <PropertyTypeCode>509</PropertyTypeCode>
         <PropertyValue>50</PropertyValue>
         <Value>50</Value>
         <Evidence>Y</Evidence>
         <EvidenceFlag>Y</EvidenceFlag>
         <ExternalEvidenceId>807</ExternalEvidenceId>
         <Property_ID>1984</Property_ID>
         <Make>le</Make>
         <Quantity>1</Quantity>
      </IncidentProperty>
      <IncidentProperty>
         <RoleCode>7</RoleCode>
         <CreatorId>STATE_OFFICER11</CreatorId>
         <CreatorDate>11/09/2020 09:57:08</CreatorDate>
         <UpdatorId>STATE_OFFICER11</UpdatorId>
         <UpdatorDate>12/15/2020 17:04:46</UpdatorDate>
         <DateOfInfo>11/09/2020 00:00:00</DateOfInfo>
         <StatusCode>5</StatusCode>
         <DocumentTypeCode>P</DocumentTypeCode>
         <PropertyTypeCode>490</PropertyTypeCode>
         <PropertyValue>500</PropertyValue>
         <Value>500</Value>
         <Evidence>Y</Evidence>
         <EvidenceFlag>Y</EvidenceFlag>
         <ExternalEvidenceId>808</ExternalEvidenceId>
         <Property_ID>1985</Property_ID>
         <Make>canon</Make>
         <Quantity>1</Quantity>
      </IncidentProperty>
   </IncidentSupplement>
</Incident>