<?xml version="1.0" encoding="UTF-8"?>
<Incident xmlns:xsi="http://www.w3.org/2001/XMLSchema-instance"
          xsi:noNamespaceSchemaLocation="file:///C:/DATA/EJS/SVN_Root/Ejustice/trunk/XMLTransformations/OnlineRMSInternalToIncident/IAOnlineRMSIncidentImport.xsd">
   <IncidentReportNum>2020D4210258</IncidentReportNum>
   <AgencyCode>D42</AgencyCode>
   <ORINum>SC0280000</ORINum>
   <ReportDate>07/02/2020 14:09:00</ReportDate>
   <ReportTime>07/02/2020 14:09:00</ReportTime>
   <StartDate>07/02/2020 14:09:00</StartDate>
   <StartTime>07/02/2020 14:09:00</StartTime>
   <Summary>wsdfsdfsdfsdf</Summary>
   <CreatorId>STATE_OFFICER14</CreatorId>
   <CreatorDate>07/02/2020 14:09:39</CreatorDate>
   <UpdatorId>TSTC</UpdatorId>
   <UpdatorDate>09/09/2021 18:46:43</UpdatorDate>
   <IncidentType>
      <IncidentTypeCode>AIR</IncidentTypeCode>
   </IncidentType>
   <IncidentType>
      <IncidentTypeCode>CCD</IncidentTypeCode>
   </IncidentType>
   <IncidentAddress>
      <AddressId>1692</AddressId>
      <City>1</City>
      <CreatorId>STATE_OFFICER14</CreatorId>
      <CreatorDate>07/02/2020 14:10:43</CreatorDate>
      <UpdatorId>TSTC</UpdatorId>
      <UpdatorDate>07/02/2020 14:10:52</UpdatorDate>
      <Address>
         <AddressId>1692</AddressId>
         <StreetNumber>6677</StreetNumber>
         <StreetDirCode>BLK</StreetDirCode>
         <StreetName>Harrison</StreetName>
         <StreetTypeCode>WALK</StreetTypeCode>
         <StreetSuffixCode>BLK</StreetSuffixCode>
         <SubTypeCode>APT</SubTypeCode>
         <SubNumber>123</SubNumber>
         <City>Los Angeles</City>
         <StateCode>CA</StateCode>
         <Zip5>12345</Zip5>
         <CountryCode>US</CountryCode>
      </Address>
   </IncidentAddress>
   <IncidentSupplement>
      <SupplementSequence>0</SupplementSequence>
      <IncSupplementStatusCode>A</IncSupplementStatusCode>
      <SuppReportDate>07/02/2020 14:09:40</SuppReportDate>
      <SuppReportTime>07/02/2020 14:09:40</SuppReportTime>
      <AgencyOnly>N</AgencyOnly>
      <SecurityLevel>990</SecurityLevel>
      <SuppAgencyCode>D42</SuppAgencyCode>
      <UnknownNoOffenders>N</UnknownNoOffenders>
      <DsIcrDate>07/02/2020 14:15:00</DsIcrDate>
      <DsIcrSubmissionStatus>NOT REPORTABLE</DsIcrSubmissionStatus>
      <CreatorId>STATE_OFFICER14</CreatorId>
      <CreatorDate>07/02/2020 14:09:40</CreatorDate>
      <UpdatorId>TSTC</UpdatorId>
      <UpdatorDate>08/05/2021 17:38:29</UpdatorDate>
      <IncidentSuppNarrative>
         <NarrativeNumber>1</NarrativeNumber>
         <NarrativeTitle>Original Narrative</NarrativeTitle>
         <NarrativeText>zxczxzxczxczxczxc</NarrativeText>
         <CreatorId>STATE_OFFICER14</CreatorId>
         <CreatorDate>07/02/2020 14:14:03</CreatorDate>
         <UpdatorId>STATE_OFFICER14</UpdatorId>
         <UpdatorDate>07/02/2020 14:14:03</UpdatorDate>
      </IncidentSuppNarrative>
      <IncidentOfficer>
         <OfficerRoleCode>P</OfficerRoleCode>
         <Officer>
            <AgencyCode>D42</AgencyCode>
            <ORINumber>SC0280000</ORINumber>
            <LastName>Smith</LastName>
            <FirstName>Charles</FirstName>
            <InternalID>2014</InternalID>
         </Officer>
      </IncidentOfficer>
      <IncidentOfficer>
         <OfficerRoleCode>R</OfficerRoleCode>
         <Officer>
            <AgencyCode>D42</AgencyCode>
            <ORINumber>SC0280000</ORINumber>
            <LastName>Smith</LastName>
            <FirstName>Charles</FirstName>
            <InternalID>2014</InternalID>
         </Officer>
      </IncidentOfficer>
      <IncidentOffense>
         <IncidentId>3250</IncidentId>
         <OffenseNumber>1</OffenseNumber>
         <OffenseStatusCode>00</OffenseStatusCode>
         <OffenseCode>7.1-5-11-14</OffenseCode>
         <PlaceCode>07</PlaceCode>
         <BiasCode>84</BiasCode>
         <CSAUCode>C</CSAUCode>
         <SupplementSeq>0</SupplementSeq>
         <UCRNumber>1</UCRNumber>
         <OffenseStatusDate>07/02/2020 14:09:00</OffenseStatusDate>
         <AttemptedCompletedCode>C</AttemptedCompletedCode>
         <CreatorId>STATE_OFFICER14</CreatorId>
         <CreatorDate>07/02/2020 14:12:45</CreatorDate>
         <UpdatorId>STATE_OFFICER14</UpdatorId>
         <UpdatorDate>07/02/2020 14:12:45</UpdatorDate>
      </IncidentOffense>
      <IncidentPerson>
         <ApproxAge>36</ApproxAge>
         <CreatorId>STATE_OFFICER14</CreatorId>
         <CreatorDate>07/02/2020 14:13:22</CreatorDate>
         <UpdatorId>TSTC</UpdatorId>
         <UpdatorDate>05/24/2023 12:41:22</UpdatorDate>
         <Person>
            <PersonId>335</PersonId>
            <RaceCode>B</RaceCode>
            <SexCode>M</SexCode>
            <EthnicityCode>O</EthnicityCode>
            <PersonVerified>Y</PersonVerified>
            <PersonPrimaryName>
               <LastName>COLEMANT</LastName>
               <FirstName>FREDDIET</FirstName>
               <MiddleName>LEE JRRR</MiddleName>
               <DOB>05/27/1984 00:00:00</DOB>
               <SSN>5.08928303E8</SSN>
               <DateOfInfo>07/31/2012 18:53:11</DateOfInfo>
               <SLastName>C455</SLastName>
               <SFirstName>F633</SFirstName>
            </PersonPrimaryName>
            <Alias>
               <NameTypeCode>P</NameTypeCode>
               <LastName>COLEMANT</LastName>
               <FirstName>FREDDIET</FirstName>
               <MiddleName>LEE JRRR</MiddleName>
               <DOB>05/27/1984 00:00:00</DOB>
               <SSN>5.08928303E8</SSN>
               <SLastName>C455</SLastName>
               <SFirstName>F633</SFirstName>
               <DateOfInfo>07/31/2012 18:53:11</DateOfInfo>
            </Alias>
            <PersonAddress>
               <StreetNumber>600</StreetNumber>
               <StreetDirCode>S</StreetDirCode>
               <StreetName>Oak</StreetName>
               <StreetTypeCode>ST</StreetTypeCode>
               <SubTypeCode>APT</SubTypeCode>
               <SubNumber>60</SubNumber>
               <City>Fortville</City>
               <StateCode>IN</StateCode>
               <Zip5>46040</Zip5>
               <CountryCode>US</CountryCode>
               <Longitude>-85.84520712002464</Longitude>
               <Latitude>39.93032165963095</Latitude>
            </PersonAddress>
            <PersonPhone>
               <PhoneTypeCode>RES</PhoneTypeCode>
               <PhoneArea>222</PhoneArea>
               <PhonePrefix>222</PhonePrefix>
               <PhoneSuffix>2222</PhoneSuffix>
               <DateOfInfo>07/02/2020 00:00:00</DateOfInfo>
            </PersonPhone>
         </Person>
         <IncidentPersonRole>
            <RoleType>S</RoleType>
            <CreatorId>STATE_OFFICER14</CreatorId>
            <CreatorDate>07/02/2020 14:13:22</CreatorDate>
            <UpdatorId>TSTC</UpdatorId>
            <UpdatorDate>08/15/2023 20:32:25</UpdatorDate>
         </IncidentPersonRole>
      </IncidentPerson>
      <IncidentBusiness>
         <BusinessNumber>240000001</BusinessNumber>
         <BusinessName>SOCIETY</BusinessName>
         <IncBusinessRoleCode>V</IncBusinessRoleCode>
         <CreatorId>STATE_OFFICER14</CreatorId>
         <CreatorDate>07/02/2020 14:12:46</CreatorDate>
         <UpdatorId>STATE_OFFICER14</UpdatorId>
         <UpdatorDate>07/02/2020 14:12:46</UpdatorDate>
      </IncidentBusiness>
   </IncidentSupplement>
</Incident>