<?xml version="1.0" encoding="UTF-8"?>
<Incident xmlns:xsi="http://www.w3.org/2001/XMLSchema-instance"
          xsi:noNamespaceSchemaLocation="file:///C:/DATA/EJS/SVN_Root/Ejustice/trunk/XMLTransformations/OnlineRMSInternalToIncident/IAOnlineRMSIncidentImport.xsd">
   <IncidentReportNum>2020D4210241</IncidentReportNum>
   <AgencyCode>D42</AgencyCode>
   <ORINum>SC0280000</ORINum>
   <ReportDate>03/27/2020 15:25:00</ReportDate>
   <ReportTime>03/27/2020 15:25:00</ReportTime>
   <StartDate>03/27/2020 15:25:00</StartDate>
   <StartTime>03/27/2020 15:25:00</StartTime>
   <Summary>dfg</Summary>
   <CreatorId>STATE_OFFICER14</CreatorId>
   <CreatorDate>03/27/2020 15:25:38</CreatorDate>
   <UpdatorId>TSTC</UpdatorId>
   <UpdatorDate>09/09/2021 18:46:43</UpdatorDate>
   <IncidentType>
      <IncidentTypeCode>AIR</IncidentTypeCode>
   </IncidentType>
   <IncidentAddress>
      <AddressId>1701</AddressId>
      <City>15</City>
      <CreatorId>STATE_OFFICER14</CreatorId>
      <CreatorDate>03/27/2020 15:26:47</CreatorDate>
      <UpdatorId>TSTC</UpdatorId>
      <UpdatorDate>03/27/2020 15:27:00</UpdatorDate>
      <Address>
         <AddressId>1701</AddressId>
         <StreetNumber>689</StreetNumber>
         <StreetName>Putnum</StreetName>
         <StreetTypeCode>ST</StreetTypeCode>
         <City>INDIANAPOLIS</City>
         <StateCode>IN</StateCode>
         <Zip5>12345</Zip5>
         <CountryCode>US</CountryCode>
      </Address>
   </IncidentAddress>
   <IncidentSupplement>
      <SupplementSequence>0</SupplementSequence>
      <IncSupplementStatusCode>A</IncSupplementStatusCode>
      <SuppReportDate>03/27/2020 15:25:39</SuppReportDate>
      <SuppReportTime>03/27/2020 15:25:39</SuppReportTime>
      <AgencyOnly>N</AgencyOnly>
      <SecurityLevel>1800</SecurityLevel>
      <SuppAgencyCode>D42</SuppAgencyCode>
      <UnknownNoOffenders>N</UnknownNoOffenders>
      <DsIcrDate>07/02/2020 14:29:29</DsIcrDate>
      <DsIcrSubmissionStatus>NOT REPORTABLE</DsIcrSubmissionStatus>
      <CreatorId>STATE_OFFICER14</CreatorId>
      <CreatorDate>03/27/2020 15:25:39</CreatorDate>
      <UpdatorId>TSTC</UpdatorId>
      <UpdatorDate>08/05/2021 17:38:29</UpdatorDate>
      <IncidentSuppNarrative>
         <NarrativeNumber>1</NarrativeNumber>
         <NarrativeTitle>Original Narrative</NarrativeTitle>
         <NarrativeText>sdfsdf</NarrativeText>
         <CreatorId>STATE_OFFICER14</CreatorId>
         <CreatorDate>03/27/2020 15:28:39</CreatorDate>
         <UpdatorId>STATE_OFFICER14</UpdatorId>
         <UpdatorDate>03/27/2020 15:28:39</UpdatorDate>
      </IncidentSuppNarrative>
      <IncidentOfficer>
         <OfficerRoleCode>P</OfficerRoleCode>
         <Officer>
            <AgencyCode>D42</AgencyCode>
            <ORINumber>SC0280000</ORINumber>
            <LastName>Smith</LastName>
            <FirstName>Charles</FirstName>
            <InternalID>2014</InternalID>
         </Officer>
      </IncidentOfficer>
      <IncidentOfficer>
         <OfficerRoleCode>R</OfficerRoleCode>
         <Officer>
            <AgencyCode>D42</AgencyCode>
            <ORINumber>SC0280000</ORINumber>
            <LastName>Smith</LastName>
            <FirstName>Charles</FirstName>
            <InternalID>2014</InternalID>
         </Officer>
      </IncidentOfficer>
      <IncidentOffense>
         <IncidentId>3231</IncidentId>
         <OffenseNumber>1</OffenseNumber>
         <OffenseStatusCode>00</OffenseStatusCode>
         <OffenseCode>16-42-19-16</OffenseCode>
         <PlaceCode>25</PlaceCode>
         <BiasCode>88</BiasCode>
         <CSAUCode>C</CSAUCode>
         <SupplementSeq>0</SupplementSeq>
         <UCRNumber>1</UCRNumber>
         <OffenseStatusDate>03/27/2020 15:25:00</OffenseStatusDate>
         <AttemptedCompletedCode>C</AttemptedCompletedCode>
         <CreatorId>STATE_OFFICER14</CreatorId>
         <CreatorDate>03/27/2020 15:27:36</CreatorDate>
         <UpdatorId>STATE_OFFICER14</UpdatorId>
         <UpdatorDate>03/27/2020 15:27:36</UpdatorDate>
      </IncidentOffense>
      <IncidentPerson>
         <ApproxAge>40</ApproxAge>
         <CreatorId>STATE_OFFICER14</CreatorId>
         <CreatorDate>03/27/2020 15:28:25</CreatorDate>
         <UpdatorId>TSTC</UpdatorId>
         <UpdatorDate>05/24/2023 12:41:24</UpdatorDate>
         <Person>
            <PersonId>872</PersonId>
            <RaceCode>W</RaceCode>
            <SexCode>M</SexCode>
            <PersonVerified>Y</PersonVerified>
            <PersonPrimaryName>
               <LastName>Aveeno</LastName>
               <FirstName>Tom</FirstName>
               <DOB>01/01/1980 00:00:00</DOB>
               <SSN>1.11111111E8</SSN>
               <DateOfInfo>05/22/2017 12:41:38</DateOfInfo>
               <SLastName>A150</SLastName>
               <SFirstName>T500</SFirstName>
            </PersonPrimaryName>
            <Alias>
               <NameTypeCode>P</NameTypeCode>
               <LastName>Aveeno</LastName>
               <FirstName>Tom</FirstName>
               <DOB>01/01/1980 00:00:00</DOB>
               <SSN>1.11111111E8</SSN>
               <SLastName>A150</SLastName>
               <SFirstName>T500</SFirstName>
               <DateOfInfo>05/22/2017 12:41:38</DateOfInfo>
            </Alias>
         </Person>
         <IncidentPersonRole>
            <RoleType>S</RoleType>
            <CreatorId>STATE_OFFICER14</CreatorId>
            <CreatorDate>03/27/2020 15:28:26</CreatorDate>
            <UpdatorId>TSTC</UpdatorId>
            <UpdatorDate>08/15/2023 20:32:25</UpdatorDate>
         </IncidentPersonRole>
      </IncidentPerson>
   </IncidentSupplement>
   <IncidentSupplement>
      <SupplementSequence>1</SupplementSequence>
      <IncSupplementStatusCode>A</IncSupplementStatusCode>
      <SuppReportDate>07/02/2020 14:28:07</SuppReportDate>
      <SuppReportTime>07/02/2020 14:28:07</SuppReportTime>
      <AgencyOnly>N</AgencyOnly>
      <SecurityLevel>1100</SecurityLevel>
      <SuppAgencyCode>D42</SuppAgencyCode>
      <UnknownNoOffenders>N</UnknownNoOffenders>
      <DsIcrDate>07/02/2020 14:29:29</DsIcrDate>
      <DsIcrSubmissionStatus>NOT REPORTABLE</DsIcrSubmissionStatus>
      <CreatorId>STATE_OFFICER14</CreatorId>
      <CreatorDate>07/02/2020 14:28:07</CreatorDate>
      <UpdatorId>TSTC</UpdatorId>
      <UpdatorDate>08/05/2021 17:38:29</UpdatorDate>
      <IncidentSuppNarrative>
         <NarrativeNumber>1</NarrativeNumber>
         <NarrativeTitle>Supplement #1 Narrative</NarrativeTitle>
         <NarrativeText>dfgdgdgf</NarrativeText>
         <CreatorId>STATE_OFFICER14</CreatorId>
         <CreatorDate>07/02/2020 14:29:17</CreatorDate>
         <UpdatorId>STATE_OFFICER14</UpdatorId>
         <UpdatorDate>07/02/2020 14:29:17</UpdatorDate>
      </IncidentSuppNarrative>
      <IncidentOfficer>
         <OfficerRoleCode>P</OfficerRoleCode>
         <Officer>
            <AgencyCode>D42</AgencyCode>
            <ORINumber>SC0280000</ORINumber>
            <LastName>Smith</LastName>
            <FirstName>Charles</FirstName>
            <InternalID>2014</InternalID>
         </Officer>
      </IncidentOfficer>
      <IncidentOfficer>
         <OfficerRoleCode>R</OfficerRoleCode>
         <Officer>
            <AgencyCode>D42</AgencyCode>
            <ORINumber>SC0280000</ORINumber>
            <LastName>Smith</LastName>
            <FirstName>Charles</FirstName>
            <InternalID>2014</InternalID>
         </Officer>
      </IncidentOfficer>
      <IncidentPerson>
         <ApproxAge>35</ApproxAge>
         <CreatorId>STATE_OFFICER14</CreatorId>
         <CreatorDate>07/02/2020 14:28:28</CreatorDate>
         <UpdatorId>TSTC</UpdatorId>
         <UpdatorDate>05/24/2023 12:41:22</UpdatorDate>
         <Person>
            <PersonId>335</PersonId>
            <RaceCode>B</RaceCode>
            <SexCode>M</SexCode>
            <EthnicityCode>O</EthnicityCode>
            <PersonVerified>Y</PersonVerified>
            <PersonPrimaryName>
               <LastName>COLEMANT</LastName>
               <FirstName>FREDDIET</FirstName>
               <MiddleName>LEE JRRR</MiddleName>
               <DOB>05/27/1984 00:00:00</DOB>
               <SSN>5.08928303E8</SSN>
               <DateOfInfo>07/31/2012 18:53:11</DateOfInfo>
               <SLastName>C455</SLastName>
               <SFirstName>F633</SFirstName>
            </PersonPrimaryName>
            <Alias>
               <NameTypeCode>P</NameTypeCode>
               <LastName>COLEMANT</LastName>
               <FirstName>FREDDIET</FirstName>
               <MiddleName>LEE JRRR</MiddleName>
               <DOB>05/27/1984 00:00:00</DOB>
               <SSN>5.08928303E8</SSN>
               <SLastName>C455</SLastName>
               <SFirstName>F633</SFirstName>
               <DateOfInfo>07/31/2012 18:53:11</DateOfInfo>
            </Alias>
            <PersonAddress>
               <StreetNumber>600</StreetNumber>
               <StreetDirCode>S</StreetDirCode>
               <StreetName>Oak</StreetName>
               <StreetTypeCode>ST</StreetTypeCode>
               <SubTypeCode>APT</SubTypeCode>
               <SubNumber>60</SubNumber>
               <City>Fortville</City>
               <StateCode>IN</StateCode>
               <Zip5>46040</Zip5>
               <CountryCode>US</CountryCode>
               <Longitude>-85.84520712002464</Longitude>
               <Latitude>39.93032165963095</Latitude>
            </PersonAddress>
            <PersonPhone>
               <PhoneTypeCode>RES</PhoneTypeCode>
               <PhoneArea>222</PhoneArea>
               <PhonePrefix>222</PhonePrefix>
               <PhoneSuffix>2222</PhoneSuffix>
               <DateOfInfo>07/02/2020 00:00:00</DateOfInfo>
            </PersonPhone>
         </Person>
         <IncidentPersonRole>
            <RoleType>S</RoleType>
            <CreatorId>STATE_OFFICER14</CreatorId>
            <CreatorDate>07/02/2020 14:28:28</CreatorDate>
            <UpdatorId>TSTC</UpdatorId>
            <UpdatorDate>08/15/2023 20:32:25</UpdatorDate>
         </IncidentPersonRole>
      </IncidentPerson>
   </IncidentSupplement>
</Incident>