<?xml version="1.0" encoding="UTF-8"?>
<Incident xmlns:xsi="http://www.w3.org/2001/XMLSchema-instance"
          xsi:noNamespaceSchemaLocation="file:///C:/DATA/EJS/SVN_Root/Ejustice/trunk/XMLTransformations/OnlineRMSInternalToIncident/IAOnlineRMSIncidentImport.xsd">
   <IncidentReportNum>2022D4210400</IncidentReportNum>
   <AgencyCode>D42</AgencyCode>
   <ORINum>SC0280000</ORINum>
   <ReportDate>04/16/2021 18:14:00</ReportDate>
   <ReportTime>04/16/2021 18:14:00</ReportTime>
   <StartDate>04/16/2021 18:14:00</StartDate>
   <StartTime>04/16/2021 18:14:00</StartTime>
   <Summary>asdfasdf</Summary>
   <InternalIncident>N</InternalIncident>
   <CreatorId>STATE_OFFICER11</CreatorId>
   <CreatorDate>06/28/2022 09:44:13</CreatorDate>
   <UpdatorId>STATE_OFFICER11</UpdatorId>
   <UpdatorDate>02/13/2023 11:19:53</UpdatorDate>
   <IncidentType>
      <IncidentTypeCode>CAD</IncidentTypeCode>
   </IncidentType>
   <IncidentAddress>
      <AddressId>1775</AddressId>
      <Beat>Test</Beat>
      <SubBeat>Area</SubBeat>
      <City>13</City>
      <CreatorId>STATE_OFFICER11</CreatorId>
      <CreatorDate>06/28/2022 09:44:16</CreatorDate>
      <UpdatorId>TSTC</UpdatorId>
      <UpdatorDate>09/16/2022 15:29:50</UpdatorDate>
      <Address>
         <AddressId>1775</AddressId>
         <StreetNumber>806</StreetNumber>
         <StreetName>Myrtle</StreetName>
         <StreetTypeCode>AVE</StreetTypeCode>
         <City>Frankfort</City>
         <StateCode>IN</StateCode>
         <Zip5>46041</Zip5>
         <CountryCode>US</CountryCode>
         <Beat>Test</Beat>
         <SubBeat>Area</SubBeat>
         <Longitude>-86.524798</Longitude>
         <Latitude>40.2875</Latitude>
         <AddressCommonName>
            <CommonPlaceName>Wild West Hall</CommonPlaceName>
         </AddressCommonName>
         <AddressCommonName>
            <CommonPlaceName>ANG TEST</CommonPlaceName>
         </AddressCommonName>
      </Address>
   </IncidentAddress>
   <IncidentSupplement>
      <SupplementSequence>0</SupplementSequence>
      <IncSupplementStatusCode>A</IncSupplementStatusCode>
      <SuppReportDate>06/28/2022 09:44:13</SuppReportDate>
      <SuppReportTime>06/28/2022 09:44:13</SuppReportTime>
      <AgencyOnly>N</AgencyOnly>
      <SecurityLevel>1100</SecurityLevel>
      <SuppAgencyCode>D42</SuppAgencyCode>
      <UnknownNoOffenders>N</UnknownNoOffenders>
      <DsIcrDate>02/13/2023 11:20:13</DsIcrDate>
      <DsIcrSubmissionStatus>NOT REPORTABLE</DsIcrSubmissionStatus>
      <CreatorId>STATE_OFFICER11</CreatorId>
      <CreatorDate>06/28/2022 09:44:13</CreatorDate>
      <UpdatorId>TSTC</UpdatorId>
      <UpdatorDate>02/13/2023 11:20:13</UpdatorDate>
      <IncidentSuppNarrative>
         <NarrativeNumber>1</NarrativeNumber>
         <NarrativeTitle>Original Narrative</NarrativeTitle>
         <NarrativeText>asdfasdf</NarrativeText>
         <CreatorId>STATE_OFFICER11</CreatorId>
         <CreatorDate>02/13/2023 11:17:52</CreatorDate>
         <UpdatorId>STATE_OFFICER11</UpdatorId>
         <UpdatorDate>02/13/2023 11:17:52</UpdatorDate>
      </IncidentSuppNarrative>
      <IncidentOfficer>
         <OfficerRoleCode>P</OfficerRoleCode>
         <Officer>
            <AgencyCode>D42</AgencyCode>
            <ORINumber>SC0280000</ORINumber>
            <LastName>Simpson</LastName>
            <FirstName>Homer</FirstName>
            <InternalID>9696</InternalID>
         </Officer>
      </IncidentOfficer>
      <IncidentOfficer>
         <OfficerRoleCode>R</OfficerRoleCode>
         <Officer>
            <AgencyCode>D42</AgencyCode>
            <ORINumber>SC0280000</ORINumber>
            <LastName>Simpson</LastName>
            <FirstName>Homer</FirstName>
            <InternalID>9696</InternalID>
         </Officer>
      </IncidentOfficer>
      <IncidentOffense>
         <IncidentId>3404</IncidentId>
         <OffenseNumber>1</OffenseNumber>
         <OffenseStatusCode>00</OffenseStatusCode>
         <OffenseCode>35-45-2-2</OffenseCode>
         <PlaceCode>25</PlaceCode>
         <BiasCode>88</BiasCode>
         <CSAUCode>C</CSAUCode>
         <SupplementSeq>0</SupplementSeq>
         <UCRNumber>1</UCRNumber>
         <OffenseStatusDate>04/16/2021 18:14:00</OffenseStatusDate>
         <AttemptedCompletedCode>C</AttemptedCompletedCode>
         <CreatorId>STATE_OFFICER11</CreatorId>
         <CreatorDate>09/16/2022 15:27:54</CreatorDate>
         <UpdatorId>STATE_OFFICER11</UpdatorId>
         <UpdatorDate>09/16/2022 15:27:54</UpdatorDate>
      </IncidentOffense>
      <IncidentPerson>
         <ApproxAge>00</ApproxAge>
         <CreatorId>STATE_OFFICER11</CreatorId>
         <CreatorDate>06/28/2022 09:44:15</CreatorDate>
         <UpdatorId>TSTC</UpdatorId>
         <UpdatorDate>05/24/2023 12:41:25</UpdatorDate>
         <Person>
            <PersonId>691</PersonId>
            <RaceCode>I</RaceCode>
            <SexCode>F</SexCode>
            <EthnicityCode>U</EthnicityCode>
            <PersonVerified>Y</PersonVerified>
            <PersonPrimaryName>
               <LastName>Able</LastName>
               <FirstName>Person</FirstName>
               <DateOfInfo>03/04/2015 16:46:37</DateOfInfo>
               <SLastName>A140</SLastName>
               <SFirstName>P625</SFirstName>
            </PersonPrimaryName>
            <Alias>
               <NameTypeCode>P</NameTypeCode>
               <LastName>Able</LastName>
               <FirstName>Person</FirstName>
               <SLastName>A140</SLastName>
               <SFirstName>P625</SFirstName>
               <DateOfInfo>03/04/2015 16:46:37</DateOfInfo>
            </Alias>
            <PersonAddress>
               <StreetNumber>15</StreetNumber>
               <StreetDirCode>W</StreetDirCode>
               <StreetName>Howard</StreetName>
               <StreetTypeCode>PL</StreetTypeCode>
               <SubTypeCode>APT</SubTypeCode>
               <SubNumber>101</SubNumber>
               <City>Denver</City>
               <StateCode>CO</StateCode>
               <Zip5>80204</Zip5>
               <Zip4>1111</Zip4>
               <CountryCode>US</CountryCode>
               <CountyCode>26</CountyCode>
               <Longitude>-105.027336</Longitude>
               <Latitude>39.738611</Latitude>
               <Beat>Test</Beat>
               <SubBeat>Area</SubBeat>
            </PersonAddress>
         </Person>
         <IncidentPersonRole>
            <RoleType>S</RoleType>
            <CreatorId>STATE_OFFICER11</CreatorId>
            <CreatorDate>06/28/2022 09:44:15</CreatorDate>
            <UpdatorId>TSTC</UpdatorId>
            <UpdatorDate>08/15/2023 20:32:24</UpdatorDate>
         </IncidentPersonRole>
      </IncidentPerson>
      <IncidentPerson>
         <ApproxAge>36</ApproxAge>
         <CreatorId>STATE_OFFICER11</CreatorId>
         <CreatorDate>09/16/2022 15:27:13</CreatorDate>
         <UpdatorId>TSTC</UpdatorId>
         <UpdatorDate>05/24/2023 12:41:25</UpdatorDate>
         <Person>
            <PersonId>1172</PersonId>
            <RaceCode>W</RaceCode>
            <SexCode>F</SexCode>
            <EthnicityCode>U</EthnicityCode>
            <PersonVerified>Y</PersonVerified>
            <PersonPrimaryName>
               <LastName>THOMAS</LastName>
               <FirstName>NANCY</FirstName>
               <DateOfInfo>11/08/2021 00:00:00</DateOfInfo>
               <SLastName>T520</SLastName>
               <SFirstName>N520</SFirstName>
            </PersonPrimaryName>
            <PersonPrimaryName>
               <LastName>BAILEY</LastName>
               <FirstName>NANCY</FirstName>
               <MiddleName>MARIE</MiddleName>
               <DOB>06/30/1984 00:00:00</DOB>
               <SSN>1.11111111E8</SSN>
               <DateOfInfo>11/08/2021 09:59:20</DateOfInfo>
               <SLastName>B400</SLastName>
               <SFirstName>N520</SFirstName>
            </PersonPrimaryName>
            <PersonPrimaryName>
               <LastName>B</LastName>
               <FirstName>NANA</FirstName>
               <DateOfInfo>11/08/2021 00:00:00</DateOfInfo>
               <SLastName>B000</SLastName>
               <SFirstName>N500</SFirstName>
            </PersonPrimaryName>
            <Alias>
               <NameTypeCode>A</NameTypeCode>
               <LastName>THOMAS</LastName>
               <FirstName>NANCY</FirstName>
               <SLastName>T520</SLastName>
               <SFirstName>N520</SFirstName>
               <DateOfInfo>11/08/2021 00:00:00</DateOfInfo>
            </Alias>
            <Alias>
               <NameTypeCode>P</NameTypeCode>
               <LastName>BAILEY</LastName>
               <FirstName>NANCY</FirstName>
               <MiddleName>MARIE</MiddleName>
               <DOB>06/30/1984 00:00:00</DOB>
               <SSN>1.11111111E8</SSN>
               <SLastName>B400</SLastName>
               <SFirstName>N520</SFirstName>
               <DateOfInfo>11/08/2021 09:59:20</DateOfInfo>
            </Alias>
            <Alias>
               <NameTypeCode>A</NameTypeCode>
               <LastName>B</LastName>
               <FirstName>NANA</FirstName>
               <SLastName>B000</SLastName>
               <SFirstName>N500</SFirstName>
               <DateOfInfo>11/08/2021 00:00:00</DateOfInfo>
            </Alias>
         </Person>
         <IncidentPersonRole>
            <RoleType>S</RoleType>
            <CreatorId>STATE_OFFICER11</CreatorId>
            <CreatorDate>09/16/2022 15:27:13</CreatorDate>
            <UpdatorId>TSTC</UpdatorId>
            <UpdatorDate>08/15/2023 20:32:25</UpdatorDate>
         </IncidentPersonRole>
      </IncidentPerson>
      <IncidentPerson>
         <ApproxAge>21</ApproxAge>
         <CreatorId>STATE_OFFICER11</CreatorId>
         <CreatorDate>10/26/2022 21:36:41</CreatorDate>
         <UpdatorId>TSTC</UpdatorId>
         <UpdatorDate>05/24/2023 12:41:26</UpdatorDate>
         <Person>
            <PersonId>1206</PersonId>
            <RaceCode>W</RaceCode>
            <SexCode>M</SexCode>
            <EthnicityCode>U</EthnicityCode>
            <PersonVerified>Y</PersonVerified>
            <PersonPrimaryName>
               <LastName>Storage</LastName>
               <FirstName>Person</FirstName>
               <DOB>05/01/1999 00:00:00</DOB>
               <DateOfInfo>10/25/2022 15:22:56</DateOfInfo>
               <SLastName>S362</SLastName>
               <SFirstName>P625</SFirstName>
            </PersonPrimaryName>
            <Alias>
               <NameTypeCode>P</NameTypeCode>
               <LastName>Storage</LastName>
               <FirstName>Person</FirstName>
               <DOB>05/01/1999 00:00:00</DOB>
               <SLastName>S362</SLastName>
               <SFirstName>P625</SFirstName>
               <DateOfInfo>10/25/2022 15:22:56</DateOfInfo>
            </Alias>
         </Person>
         <IncidentPersonRole>
            <RoleType>S</RoleType>
            <CreatorId>STATE_OFFICER11</CreatorId>
            <CreatorDate>10/26/2022 21:36:42</CreatorDate>
            <UpdatorId>TSTC</UpdatorId>
            <UpdatorDate>08/15/2023 20:32:24</UpdatorDate>
         </IncidentPersonRole>
      </IncidentPerson>
   </IncidentSupplement>
</Incident>