<?xml version="1.0" encoding="UTF-8"?>
<Incident xmlns:xsi="http://www.w3.org/2001/XMLSchema-instance"
          xsi:noNamespaceSchemaLocation="file:///C:/DATA/EJS/SVN_Root/Ejustice/trunk/XMLTransformations/OnlineRMSInternalToIncident/IAOnlineRMSIncidentImport.xsd">
   <IncidentReportNum>2021D4210339</IncidentReportNum>
   <AgencyCode>D42</AgencyCode>
   <ORINum>SC0280000</ORINum>
   <ReportDate>03/03/2021 14:34:00</ReportDate>
   <ReportTime>03/03/2021 14:34:00</ReportTime>
   <StartDate>03/03/2021 14:34:00</StartDate>
   <StartTime>03/03/2021 14:34:00</StartTime>
   <Summary>here we go</Summary>
   <CreatorId>STATE_OFFICER11</CreatorId>
   <CreatorDate>03/03/2021 14:34:19</CreatorDate>
   <UpdatorId>STATE_OFFICER11</UpdatorId>
   <UpdatorDate>08/09/2022 13:31:27</UpdatorDate>
   <IncidentType>
      <IncidentTypeCode>CCD</IncidentTypeCode>
   </IncidentType>
   <IncidentAddress>
      <AddressId>1721</AddressId>
      <City>7</City>
      <CreatorId>STATE_OFFICER11</CreatorId>
      <CreatorDate>03/03/2021 15:15:01</CreatorDate>
      <UpdatorId>TSTC</UpdatorId>
      <UpdatorDate>08/09/2022 13:31:27</UpdatorDate>
      <Address>
         <AddressId>1721</AddressId>
         <StreetNumber>2300</StreetNumber>
         <StreetDirCode>W</StreetDirCode>
         <StreetName>Broad</StreetName>
         <StreetTypeCode>ST</StreetTypeCode>
         <City>RICHMOND</City>
         <StateCode>VA</StateCode>
         <Zip5>23269</Zip5>
         <Zip4>2051</Zip4>
         <CountryCode>US</CountryCode>
         <Longitude>-77.4636296</Longitude>
         <Latitude>37.5600243</Latitude>
      </Address>
   </IncidentAddress>
   <IncidentSupplement>
      <SupplementSequence>4</SupplementSequence>
      <IncSupplementStatusCode>A</IncSupplementStatusCode>
      <SuppReportDate>04/07/2022 13:39:26</SuppReportDate>
      <SuppReportTime>04/07/2022 13:39:26</SuppReportTime>
      <AgencyOnly>N</AgencyOnly>
      <SecurityLevel>1800</SecurityLevel>
      <SuppAgencyCode>D42</SuppAgencyCode>
      <UnknownNoOffenders>N</UnknownNoOffenders>
      <DsIcrDate>04/22/2022 09:46:41</DsIcrDate>
      <DsIcrSubmissionStatus>NOT REPORTABLE</DsIcrSubmissionStatus>
      <CreatorId>STATE_OFFICER11</CreatorId>
      <CreatorDate>04/07/2022 13:39:26</CreatorDate>
      <UpdatorId>STATE_OFFICER11</UpdatorId>
      <UpdatorDate>04/22/2022 09:46:42</UpdatorDate>
      <IncidentSuppNarrative>
         <NarrativeNumber>1</NarrativeNumber>
         <NarrativeTitle>Supplement #4 Narrative</NarrativeTitle>
         <NarrativeText>sdfssdfsdf</NarrativeText>
         <CreatorId>STATE_OFFICER11</CreatorId>
         <CreatorDate>04/22/2022 09:46:24</CreatorDate>
         <UpdatorId>STATE_OFFICER11</UpdatorId>
         <UpdatorDate>04/22/2022 09:46:24</UpdatorDate>
      </IncidentSuppNarrative>
      <IncidentOfficer>
         <OfficerRoleCode>P</OfficerRoleCode>
         <Officer>
            <AgencyCode>D42</AgencyCode>
            <ORINumber>SC0280000</ORINumber>
            <LastName>Simpson</LastName>
            <FirstName>Homer</FirstName>
            <InternalID>9696</InternalID>
         </Officer>
      </IncidentOfficer>
      <IncidentOfficer>
         <OfficerRoleCode>R</OfficerRoleCode>
         <Officer>
            <AgencyCode>D42</AgencyCode>
            <ORINumber>SC0280000</ORINumber>
            <LastName>Simpson</LastName>
            <FirstName>Homer</FirstName>
            <InternalID>9696</InternalID>
         </Officer>
      </IncidentOfficer>
   </IncidentSupplement>
</Incident>