<?xml version="1.0" encoding="UTF-8"?>
<Incident xmlns:xsi="http://www.w3.org/2001/XMLSchema-instance"
          xsi:noNamespaceSchemaLocation="file:///C:/DATA/EJS/SVN_Root/Ejustice/trunk/XMLTransformations/OnlineRMSInternalToIncident/IAOnlineRMSIncidentImport.xsd">
   <IncidentReportNum>2014ISP0000192</IncidentReportNum>
   <AgencyCode>D42</AgencyCode>
   <ORINum>SC0280000</ORINum>
   <ReportDate>01/27/2014 17:50:00</ReportDate>
   <ReportTime>01/27/2014 17:50:00</ReportTime>
   <StartDate>01/27/2014 17:50:00</StartDate>
   <StartTime>01/01/2014 17:50:00</StartTime>
   <CreatorId>STATE_OFFICER11</CreatorId>
   <CreatorDate>01/27/2014 17:50:11</CreatorDate>
   <UpdatorId>TSTC</UpdatorId>
   <UpdatorDate>09/09/2021 18:46:24</UpdatorDate>
   <IncidentType>
      <IncidentTypeCode>B/B</IncidentTypeCode>
   </IncidentType>
   <IncidentAddress>
      <AddressId>244</AddressId>
      <Beat>Test</Beat>
      <SubBeat>Area</SubBeat>
      <City>8</City>
      <CreatorId>STATE_OFFICER11</CreatorId>
      <CreatorDate>01/27/2014 17:50:38</CreatorDate>
      <UpdatorId>STATE_OFFICER11</UpdatorId>
      <UpdatorDate>01/27/2014 17:50:56</UpdatorDate>
      <Address>
         <AddressId>244</AddressId>
         <StreetNumber>350</StreetNumber>
         <StreetName>B</StreetName>
         <StreetTypeCode>ST</StreetTypeCode>
         <StreetSuffixCode>NE</StreetSuffixCode>
         <City>LINTON</City>
         <StateCode>IN</StateCode>
         <Zip5>47441</Zip5>
         <Beat>Test</Beat>
         <SubBeat>Area</SubBeat>
         <AddressCommonName>
            <CommonPlaceName>Dead strip</CommonPlaceName>
         </AddressCommonName>
      </Address>
   </IncidentAddress>
   <IncidentSupplement>
      <SupplementSequence>0</SupplementSequence>
      <IncSupplementStatusCode>A</IncSupplementStatusCode>
      <SuppReportDate>01/27/2014 17:50:11</SuppReportDate>
      <SuppReportTime>01/27/2014 17:50:11</SuppReportTime>
      <AgencyOnly>N</AgencyOnly>
      <SecurityLevel>1201</SecurityLevel>
      <SuppAgencyCode>D42</SuppAgencyCode>
      <UnknownNoOffenders>N</UnknownNoOffenders>
      <DsIcrDate>01/27/2014 17:57:00</DsIcrDate>
      <DsIcrSubmissionStatus>FAILED VALIDATION</DsIcrSubmissionStatus>
      <CreatorId>STATE_OFFICER11</CreatorId>
      <CreatorDate>01/27/2014 17:50:11</CreatorDate>
      <UpdatorId>TSTC</UpdatorId>
      <UpdatorDate>08/05/2021 17:38:17</UpdatorDate>
      <IncidentSuppNarrative>
         <NarrativeNumber>1</NarrativeNumber>
         <NarrativeTitle>Original Narrative</NarrativeTitle>
         <NarrativeText>&amp;nbsp;sye</NarrativeText>
         <CreatorId>STATE_OFFICER11</CreatorId>
         <CreatorDate>01/27/2014 17:56:43</CreatorDate>
         <UpdatorId>STATE_OFFICER11</UpdatorId>
         <UpdatorDate>01/27/2014 17:56:43</UpdatorDate>
      </IncidentSuppNarrative>
      <IncidentOfficer>
         <OfficerRoleCode>P</OfficerRoleCode>
         <Officer>
            <AgencyCode>D42</AgencyCode>
            <ORINumber>SC0280000</ORINumber>
            <LastName>Ranz</LastName>
            <FirstName>Greg</FirstName>
            <InternalID>9696</InternalID>
         </Officer>
      </IncidentOfficer>
      <IncidentOfficer>
         <OfficerRoleCode>R</OfficerRoleCode>
         <Officer>
            <AgencyCode>D42</AgencyCode>
            <ORINumber>SC0280000</ORINumber>
            <LastName>Ranz</LastName>
            <FirstName>Greg</FirstName>
            <InternalID>9696</InternalID>
         </Officer>
      </IncidentOfficer>
      <IncidentOffense>
         <IncidentId>1378</IncidentId>
         <OffenseNumber>1</OffenseNumber>
         <OffenseStatusCode>00</OffenseStatusCode>
         <OffenseCode>35-42-2-1.3</OffenseCode>
         <PlaceCode>01</PlaceCode>
         <BiasCode>88</BiasCode>
         <CSAUCode>C</CSAUCode>
         <SupplementSeq>0</SupplementSeq>
         <UCRNumber>1</UCRNumber>
         <OffenseStatusDate>01/27/2014 17:52:00</OffenseStatusDate>
         <AttemptedCompletedCode>C</AttemptedCompletedCode>
         <ArrestChargeCode>35-42-2-1.3</ArrestChargeCode>
         <CreatorId>STATE_OSUPER10</CreatorId>
         <CreatorDate>01/27/2014 17:52:47</CreatorDate>
         <UpdatorId>TSTC</UpdatorId>
         <UpdatorDate>07/12/2017 13:33:16</UpdatorDate>
      </IncidentOffense>
      <IncidentPerson>
         <ApproxAge>47</ApproxAge>
         <ResidentStatusCode>U</ResidentStatusCode>
         <ClearMultiArrestCode>N</ClearMultiArrestCode>
         <CreatorId>STATE_OFFICER11</CreatorId>
         <CreatorDate>01/27/2014 17:53:47</CreatorDate>
         <UpdatorId>TSTC</UpdatorId>
         <UpdatorDate>05/24/2023 12:41:17</UpdatorDate>
         <Person>
            <PersonId>462</PersonId>
            <RaceCode>W</RaceCode>
            <SexCode>M</SexCode>
            <PersonVerified>Y</PersonVerified>
            <PersonPrimaryName>
               <LastName>Shah</LastName>
               <FirstName>Bob</FirstName>
               <DOB>06/06/1966 00:00:00</DOB>
               <SSN>1.23456789E8</SSN>
               <DateOfInfo>06/13/2013 17:49:11</DateOfInfo>
               <SLastName>S000</SLastName>
               <SFirstName>B100</SFirstName>
            </PersonPrimaryName>
            <Alias>
               <NameTypeCode>P</NameTypeCode>
               <LastName>Shah</LastName>
               <FirstName>Bob</FirstName>
               <DOB>06/06/1966 00:00:00</DOB>
               <SSN>1.23456789E8</SSN>
               <SLastName>S000</SLastName>
               <SFirstName>B100</SFirstName>
               <DateOfInfo>06/13/2013 17:49:11</DateOfInfo>
            </Alias>
            <PersonAddress>
               <StreetNumber>100</StreetNumber>
               <StreetName>Ash</StreetName>
               <StreetTypeCode>ST</StreetTypeCode>
               <City>INDIANAPOLIS</City>
               <StateCode>IN</StateCode>
               <Zip5>01234</Zip5>
               <Zip4>7777</Zip4>
               <CountryCode>US</CountryCode>
               <Longitude>-86.26354</Longitude>
               <Latitude>39.95494</Latitude>
               <Beat>Test</Beat>
               <SubBeat>Area</SubBeat>
            </PersonAddress>
         </Person>
         <IncidentPersonRole>
            <RoleType>S</RoleType>
            <CreatorId>STATE_OFFICER11</CreatorId>
            <CreatorDate>01/27/2014 17:53:47</CreatorDate>
            <UpdatorId>TSTC</UpdatorId>
            <UpdatorDate>08/15/2023 20:32:20</UpdatorDate>
         </IncidentPersonRole>
         <IncidentPersonRole>
            <RoleType>A</RoleType>
            <CreatorId>STATE_OFFICER11</CreatorId>
            <CreatorDate>01/27/2014 17:53:47</CreatorDate>
            <UpdatorId>TSTC</UpdatorId>
            <UpdatorDate>08/15/2023 20:32:20</UpdatorDate>
         </IncidentPersonRole>
         <IncidentPersonRole>
            <RoleType>V</RoleType>
            <CreatorId>OFFICER_DMM</CreatorId>
            <CreatorDate>01/27/2014 17:56:35</CreatorDate>
            <UpdatorId>TSTC</UpdatorId>
            <UpdatorDate>08/15/2023 20:32:21</UpdatorDate>
         </IncidentPersonRole>
      </IncidentPerson>
      <IncidentPerson>
         <ApproxAge>48</ApproxAge>
         <CreatorId>STATE_OFFICER11</CreatorId>
         <CreatorDate>01/27/2014 17:55:17</CreatorDate>
         <UpdatorId>TSTC</UpdatorId>
         <UpdatorDate>05/24/2023 12:41:19</UpdatorDate>
         <Person>
            <PersonId>453</PersonId>
            <RaceCode>I</RaceCode>
            <SexCode>F</SexCode>
            <PersonVerified>Y</PersonVerified>
            <PersonPrimaryName>
               <LastName>AUTOMATION</LastName>
               <FirstName>JIMMY</FirstName>
               <MiddleName>B</MiddleName>
               <DOB>12/22/1965 00:00:00</DOB>
               <SSN>447823</SSN>
               <DateOfInfo>05/22/2013 17:43:52</DateOfInfo>
               <SLastName>A353</SLastName>
               <SFirstName>J500</SFirstName>
            </PersonPrimaryName>
            <Alias>
               <NameTypeCode>P</NameTypeCode>
               <LastName>AUTOMATION</LastName>
               <FirstName>JIMMY</FirstName>
               <MiddleName>B</MiddleName>
               <DOB>12/22/1965 00:00:00</DOB>
               <SSN>447823</SSN>
               <SLastName>A353</SLastName>
               <SFirstName>J500</SFirstName>
               <DateOfInfo>05/22/2013 17:43:52</DateOfInfo>
            </Alias>
            <PersonAddress>
               <StreetNumber>122</StreetNumber>
               <StreetDirCode>W</StreetDirCode>
               <StreetName>Elm</StreetName>
               <StreetTypeCode>ST</StreetTypeCode>
               <City>Chicago</City>
               <StateCode>IL</StateCode>
               <Zip5>60610</Zip5>
               <Zip4>1</Zip4>
               <CountryCode>US</CountryCode>
               <CountyCode>1</CountyCode>
               <Longitude>-87.632329</Longitude>
               <Latitude>41.903126</Latitude>
            </PersonAddress>
         </Person>
         <IncidentPersonRole>
            <RoleType>S</RoleType>
            <CreatorId>STATE_OFFICER11</CreatorId>
            <CreatorDate>01/27/2014 17:55:17</CreatorDate>
            <UpdatorId>TSTC</UpdatorId>
            <UpdatorDate>08/15/2023 20:32:21</UpdatorDate>
         </IncidentPersonRole>
      </IncidentPerson>
      <IncidentPerson>
         <ApproxAge>01</ApproxAge>
         <ResidentStatusCode>U</ResidentStatusCode>
         <CreatorId>STATE_OFFICER11</CreatorId>
         <CreatorDate>01/27/2014 17:55:57</CreatorDate>
         <UpdatorId>TSTC</UpdatorId>
         <UpdatorDate>05/24/2023 12:41:19</UpdatorDate>
         <Person>
            <PersonId>463</PersonId>
            <RaceCode>U</RaceCode>
            <SexCode>M</SexCode>
            <PersonVerified>Y</PersonVerified>
            <PersonPrimaryName>
               <LastName>AutomationGuy</LastName>
               <FirstName>Johnny</FirstName>
               <MiddleName>Smith</MiddleName>
               <DOB>01/01/2013 00:00:00</DOB>
               <DateOfInfo>06/18/2013 12:24:48</DateOfInfo>
               <SLastName>A353</SLastName>
               <SFirstName>J500</SFirstName>
            </PersonPrimaryName>
            <Alias>
               <NameTypeCode>P</NameTypeCode>
               <LastName>AutomationGuy</LastName>
               <FirstName>Johnny</FirstName>
               <MiddleName>Smith</MiddleName>
               <DOB>01/01/2013 00:00:00</DOB>
               <SLastName>A353</SLastName>
               <SFirstName>J500</SFirstName>
               <DateOfInfo>06/18/2013 12:24:48</DateOfInfo>
            </Alias>
            <PersonPhone>
               <PhoneTypeCode>CEL</PhoneTypeCode>
               <PhoneArea>555</PhoneArea>
               <PhonePrefix>444</PhonePrefix>
               <PhoneSuffix>7890</PhoneSuffix>
               <DateOfInfo>06/18/2013 00:00:00</DateOfInfo>
            </PersonPhone>
         </Person>
         <IncidentPersonRole>
            <RoleType>V</RoleType>
            <CreatorId>D42_TESTING</CreatorId>
            <CreatorDate>01/27/2014 17:55:57</CreatorDate>
            <UpdatorId>TSTC</UpdatorId>
            <UpdatorDate>08/15/2023 20:32:21</UpdatorDate>
         </IncidentPersonRole>
      </IncidentPerson>
   </IncidentSupplement>
</Incident>