<?xml version="1.0" encoding="UTF-8"?>
<Incident xmlns:xsi="http://www.w3.org/2001/XMLSchema-instance"
          xsi:noNamespaceSchemaLocation="file:///C:/DATA/EJS/SVN_Root/Ejustice/trunk/XMLTransformations/OnlineRMSInternalToIncident/IAOnlineRMSIncidentImport.xsd">
   <IncidentReportNum>2012ISP0000017</IncidentReportNum>
   <AgencyCode>D42</AgencyCode>
   <ORINum>SC0280000</ORINum>
   <ReportDate>06/14/2012 18:02:00</ReportDate>
   <ReportTime>06/14/2012 18:02:00</ReportTime>
   <StartDate>06/14/2012 18:02:00</StartDate>
   <StartTime>06/01/2012 18:02:00</StartTime>
   <CreatorId>STATE_OFFICER11</CreatorId>
   <CreatorDate>06/14/2012 18:02:08</CreatorDate>
   <UpdatorId>TSTC</UpdatorId>
   <UpdatorDate>09/09/2021 18:46:21</UpdatorDate>
   <IncidentAddress>
      <AddressId>173</AddressId>
      <CreatorId>STATE_OFFICER11</CreatorId>
      <CreatorDate>06/14/2012 18:02:24</CreatorDate>
      <UpdatorId>STATE_OFFICER11</UpdatorId>
      <UpdatorDate>06/14/2012 18:02:26</UpdatorDate>
      <Address>
         <AddressId>173</AddressId>
         <StreetNumber>911</StreetNumber>
         <StreetDirCode>E</StreetDirCode>
         <StreetName>Automation</StreetName>
         <StreetTypeCode>ST</StreetTypeCode>
         <SubTypeCode>PH</SubTypeCode>
         <City>Raleigh</City>
         <StateCode>NC</StateCode>
         <Zip5>27601</Zip5>
         <Zip4>1234</Zip4>
         <CountryCode>US</CountryCode>
         <Longitude>-78.631362</Longitude>
         <Latitude>35.77443</Latitude>
      </Address>
   </IncidentAddress>
   <IncidentSupplement>
      <SupplementSequence>0</SupplementSequence>
      <IncSupplementStatusCode>A</IncSupplementStatusCode>
      <SuppReportDate>06/14/2012 18:02:08</SuppReportDate>
      <SuppReportTime>06/14/2012 18:02:08</SuppReportTime>
      <AgencyOnly>N</AgencyOnly>
      <SecurityLevel>1100</SecurityLevel>
      <SuppAgencyCode>D42</SuppAgencyCode>
      <UnknownNoOffenders>N</UnknownNoOffenders>
      <DsIcrDate>06/14/2012 18:04:50</DsIcrDate>
      <DsIcrSubmissionStatus>NOT REPORTABLE</DsIcrSubmissionStatus>
      <CreatorId>STATE_OFFICER11</CreatorId>
      <CreatorDate>06/14/2012 18:02:08</CreatorDate>
      <UpdatorId>TSTC</UpdatorId>
      <UpdatorDate>08/05/2021 17:38:13</UpdatorDate>
      <IncidentSuppNarrative>
         <NarrativeNumber>1</NarrativeNumber>
         <NarrativeTitle>Original Narrative</NarrativeTitle>
         <NarrativeText>test</NarrativeText>
         <CreatorId>STATE_OFFICER11</CreatorId>
         <CreatorDate>06/14/2012 18:02:34</CreatorDate>
         <UpdatorId>STATE_OFFICER11</UpdatorId>
         <UpdatorDate>06/14/2012 18:02:34</UpdatorDate>
      </IncidentSuppNarrative>
      <IncidentOfficer>
         <OfficerRoleCode>P</OfficerRoleCode>
         <Officer>
            <AgencyCode>D42</AgencyCode>
            <ORINumber>SC0280000</ORINumber>
            <LastName>Ranz</LastName>
            <FirstName>Greg</FirstName>
            <InternalID>9696</InternalID>
         </Officer>
      </IncidentOfficer>
      <IncidentOfficer>
         <OfficerRoleCode>R</OfficerRoleCode>
         <Officer>
            <AgencyCode>D42</AgencyCode>
            <ORINumber>SC0280000</ORINumber>
            <LastName>OFFICER</LastName>
            <FirstName>JOHN</FirstName>
            <InternalID>9696</InternalID>
         </Officer>
      </IncidentOfficer>
   </IncidentSupplement>
</Incident>