<?xml version="1.0" encoding="UTF-8"?>
<Incident xmlns:xsi="http://www.w3.org/2001/XMLSchema-instance"
          xsi:noNamespaceSchemaLocation="file:///C:/DATA/EJS/SVN_Root/Ejustice/trunk/XMLTransformations/OnlineRMSInternalToIncident/IAOnlineRMSIncidentImport.xsd">
   <IncidentReportNum>12ISPC000174</IncidentReportNum>
   <AgencyCode>D42</AgencyCode>
   <ORINum>SC0280000</ORINum>
   <ReportDate>08/06/2012 15:51:42</ReportDate>
   <ReportTime>08/06/2012 15:51:42</ReportTime>
   <StartDate>08/06/2012 15:51:34</StartDate>
   <StartTime>08/06/2012 15:51:34</StartTime>
   <CreatorId>FKEYZER@NOMAIL.COM</CreatorId>
   <CreatorDate>08/06/2012 15:51:48</CreatorDate>
   <UpdatorId>TSTC</UpdatorId>
   <UpdatorDate>09/09/2021 18:46:21</UpdatorDate>
   <IncidentAddress>
      <AddressId>186</AddressId>
      <SubBeat>P69</SubBeat>
      <City>2</City>
      <CreatorId>TSTC</CreatorId>
      <CreatorDate>08/06/2012 15:51:48</CreatorDate>
      <UpdatorId>STATE_OFFICER11</UpdatorId>
      <UpdatorDate>08/13/2012 16:41:46</UpdatorDate>
      <Address>
         <AddressId>186</AddressId>
         <StreetNumber>426</StreetNumber>
         <StreetDirCode>E</StreetDirCode>
         <StreetName>PERRY</StreetName>
         <StreetTypeCode>ST</StreetTypeCode>
         <City>VERSAILLES</City>
         <StateCode>IN</StateCode>
         <CountryCode>US</CountryCode>
         <SubBeat>P69</SubBeat>
         <Longitude>-85.245513</Longitude>
         <Latitude>39.0693275</Latitude>
         <AddressCommonName>
            <CommonPlaceName>SECOND &amp; FIFTH</CommonPlaceName>
         </AddressCommonName>
      </Address>
   </IncidentAddress>
   <IncidentSupplement>
      <SupplementSequence>0</SupplementSequence>
      <IncSupplementStatusCode>A</IncSupplementStatusCode>
      <SuppReportDate>08/06/2012 15:51:42</SuppReportDate>
      <SuppReportTime>08/06/2012 15:51:42</SuppReportTime>
      <AgencyOnly>N</AgencyOnly>
      <SecurityLevel>1100</SecurityLevel>
      <SuppAgencyCode>D42</SuppAgencyCode>
      <DsIcrDate>08/13/2012 16:42:30</DsIcrDate>
      <DsIcrSubmissionStatus>NOT REPORTABLE</DsIcrSubmissionStatus>
      <CreatorId>TSTC</CreatorId>
      <CreatorDate>08/06/2012 15:51:48</CreatorDate>
      <UpdatorId>TSTC</UpdatorId>
      <UpdatorDate>08/05/2021 17:38:14</UpdatorDate>
      <IncidentSuppNarrative>
         <NarrativeNumber>1</NarrativeNumber>
         <NarrativeTitle>Original Narrative</NarrativeTitle>
         <NarrativeText>asdfasdf</NarrativeText>
         <CreatorId>STATE_OFFICER11</CreatorId>
         <CreatorDate>08/13/2012 16:41:55</CreatorDate>
         <UpdatorId>STATE_OFFICER11</UpdatorId>
         <UpdatorDate>08/13/2012 16:41:55</UpdatorDate>
      </IncidentSuppNarrative>
      <IncidentOfficer>
         <OfficerRoleCode>P</OfficerRoleCode>
         <Officer>
            <AgencyCode>D42</AgencyCode>
            <ORINumber>SC0280000</ORINumber>
            <LastName>Ranz</LastName>
            <FirstName>Greg</FirstName>
            <InternalID>9696</InternalID>
         </Officer>
      </IncidentOfficer>
      <IncidentOfficer>
         <OfficerRoleCode>R</OfficerRoleCode>
         <Officer>
            <AgencyCode>D42</AgencyCode>
            <ORINumber>SC0280000</ORINumber>
            <LastName>OFFICER</LastName>
            <FirstName>JOHN</FirstName>
            <InternalID>9696</InternalID>
         </Officer>
      </IncidentOfficer>
   </IncidentSupplement>
</Incident>