<?xml version="1.0" encoding="UTF-8"?>
<Incident xmlns:xsi="http://www.w3.org/2001/XMLSchema-instance"
          xsi:noNamespaceSchemaLocation="file:///C:/DATA/EJS/SVN_Root/Ejustice/trunk/XMLTransformations/OnlineRMSInternalToIncident/IAOnlineRMSIncidentImport.xsd">
   <IncidentReportNum>14ISPC000218</IncidentReportNum>
   <AgencyCode>D42</AgencyCode>
   <ORINum>SC0280000</ORINum>
   <ReportDate>06/23/2014 18:08:10</ReportDate>
   <ReportTime>06/23/2014 18:08:10</ReportTime>
   <StartDate>06/23/2014 18:07:36</StartDate>
   <StartTime>06/23/2014 18:07:36</StartTime>
   <CreatorId>TSTC</CreatorId>
   <CreatorDate>06/23/2014 18:08:11</CreatorDate>
   <UpdatorId>TSTC</UpdatorId>
   <UpdatorDate>09/09/2021 18:46:30</UpdatorDate>
   <IncidentType>
      <IncidentTypeCode>B/H</IncidentTypeCode>
   </IncidentType>
   <IncidentAddress>
      <AddressId>390</AddressId>
      <SubBeat>P69</SubBeat>
      <CreatorId>TSTC</CreatorId>
      <CreatorDate>06/23/2014 18:08:11</CreatorDate>
      <UpdatorId>STATE_OFFICER11</UpdatorId>
      <UpdatorDate>06/24/2014 15:45:21</UpdatorDate>
      <Address>
         <AddressId>390</AddressId>
         <StreetNumber>548</StreetNumber>
         <StreetDirCode>E</StreetDirCode>
         <StreetName>PERRY</StreetName>
         <StreetTypeCode>ST</StreetTypeCode>
         <City>VERSAILLES</City>
         <StateCode>IN</StateCode>
         <CountryCode>US</CountryCode>
         <SubBeat>P69</SubBeat>
         <Longitude>-85.24356464114692</Longitude>
         <Latitude>39.06942462407412</Latitude>
         <AddressCommonName>
            <CommonPlaceName>Dead strip</CommonPlaceName>
         </AddressCommonName>
      </Address>
   </IncidentAddress>
   <IncidentSupplement>
      <SupplementSequence>0</SupplementSequence>
      <IncSupplementStatusCode>A</IncSupplementStatusCode>
      <SuppReportDate>06/23/2014 18:08:10</SuppReportDate>
      <SuppReportTime>06/23/2014 18:08:10</SuppReportTime>
      <AgencyOnly>N</AgencyOnly>
      <SecurityLevel>1100</SecurityLevel>
      <SuppAgencyCode>D42</SuppAgencyCode>
      <DsIcrDate>06/24/2014 15:45:37</DsIcrDate>
      <DsIcrSubmissionStatus>NOT REPORTABLE</DsIcrSubmissionStatus>
      <CreatorId>TSTC</CreatorId>
      <CreatorDate>06/23/2014 18:08:11</CreatorDate>
      <UpdatorId>TSTC</UpdatorId>
      <UpdatorDate>08/05/2021 17:38:20</UpdatorDate>
      <IncidentSuppNarrative>
         <NarrativeNumber>1</NarrativeNumber>
         <NarrativeTitle>Original Narrative</NarrativeTitle>
         <NarrativeText>asdf&lt;br /&gt;</NarrativeText>
         <CreatorId>STATE_OFFICER11</CreatorId>
         <CreatorDate>06/24/2014 15:45:27</CreatorDate>
         <UpdatorId>STATE_OFFICER11</UpdatorId>
         <UpdatorDate>06/24/2014 15:45:27</UpdatorDate>
      </IncidentSuppNarrative>
      <IncidentOfficer>
         <OfficerRoleCode>P</OfficerRoleCode>
         <Officer>
            <AgencyCode>D42</AgencyCode>
            <ORINumber>SC0280000</ORINumber>
            <LastName>Ranz</LastName>
            <FirstName>Greg</FirstName>
            <InternalID>9696</InternalID>
         </Officer>
      </IncidentOfficer>
      <IncidentOfficer>
         <OfficerRoleCode>R</OfficerRoleCode>
         <Officer>
            <AgencyCode>D42</AgencyCode>
            <ORINumber>SC0280000</ORINumber>
            <LastName>Ranz</LastName>
            <FirstName>Greg</FirstName>
            <InternalID>9696</InternalID>
         </Officer>
      </IncidentOfficer>
   </IncidentSupplement>
</Incident>