<?xml version="1.0" encoding="UTF-8"?>
<Incident xmlns:xsi="http://www.w3.org/2001/XMLSchema-instance"
          xsi:noNamespaceSchemaLocation="file:///C:/DATA/EJS/SVN_Root/Ejustice/trunk/XMLTransformations/OnlineRMSInternalToIncident/IAOnlineRMSIncidentImport.xsd">
   <IncidentReportNum>2014ISP0000263</IncidentReportNum>
   <AgencyCode>D42</AgencyCode>
   <ORINum>SC0280000</ORINum>
   <ReportDate>04/03/2014 16:46:00</ReportDate>
   <ReportTime>04/03/2014 16:46:00</ReportTime>
   <StartDate>04/03/2014 16:46:00</StartDate>
   <StartTime>04/01/2014 16:46:00</StartTime>
   <CreatorId>PDPD2</CreatorId>
   <CreatorDate>04/03/2014 16:46:05</CreatorDate>
   <UpdatorId>TSTC</UpdatorId>
   <UpdatorDate>09/09/2021 18:46:28</UpdatorDate>
   <IncidentType>
      <IncidentTypeCode>B/V</IncidentTypeCode>
   </IncidentType>
   <IncidentAddress>
      <AddressId>291</AddressId>
      <Beat>104</Beat>
      <SubBeat>West Patrol</SubBeat>
      <City>1</City>
      <CreatorId>STATE_OFFICER13</CreatorId>
      <CreatorDate>04/03/2014 16:46:41</CreatorDate>
      <UpdatorId>STATE_OFFICER13</UpdatorId>
      <UpdatorDate>04/03/2014 16:47:02</UpdatorDate>
      <Address>
         <AddressId>291</AddressId>
         <StreetNumber>6523</StreetNumber>
         <StreetName>Anystreet</StreetName>
         <City>Anytown</City>
         <StateCode>NJ</StateCode>
         <Zip5>45623</Zip5>
         <Zip4>123</Zip4>
         <CountryCode>US</CountryCode>
         <Beat>104</Beat>
         <SubBeat>West Patrol</SubBeat>
         <Longitude>-75</Longitude>
         <Latitude>40</Latitude>
         <AddressCommonName>
            <CommonPlaceName>Dead strip</CommonPlaceName>
         </AddressCommonName>
      </Address>
   </IncidentAddress>
</Incident>