<?xml version="1.0" encoding="UTF-8"?>
<Incident xmlns:xsi="http://www.w3.org/2001/XMLSchema-instance"
          xsi:noNamespaceSchemaLocation="file:///C:/DATA/EJS/SVN_Root/Ejustice/trunk/XMLTransformations/OnlineRMSInternalToIncident/IAOnlineRMSIncidentImport.xsd">
   <IncidentReportNum>2014ISP0000571</IncidentReportNum>
   <AgencyCode>D42</AgencyCode>
   <ORINum>SC0280000</ORINum>
   <ReportDate>11/05/2014 10:57:00</ReportDate>
   <ReportTime>11/05/2014 10:57:00</ReportTime>
   <StartDate>11/05/2014 10:57:00</StartDate>
   <StartTime>11/01/2014 10:57:00</StartTime>
   <Summary>testing BAIR</Summary>
   <CreatorId>STATE_OFFICER11</CreatorId>
   <CreatorDate>11/05/2014 10:57:58</CreatorDate>
   <UpdatorId>TSTC</UpdatorId>
   <UpdatorDate>09/09/2021 18:46:33</UpdatorDate>
   <IncidentType>
      <IncidentTypeCode>CAD</IncidentTypeCode>
   </IncidentType>
   <IncidentAddress>
      <AddressId>389</AddressId>
      <SubBeat>P69</SubBeat>
      <City>18</City>
      <CreatorId>STATE_OFFICER11</CreatorId>
      <CreatorDate>11/05/2014 10:58:22</CreatorDate>
      <UpdatorId>TSTC</UpdatorId>
      <UpdatorDate>11/05/2014 11:02:09</UpdatorDate>
      <Address>
         <AddressId>389</AddressId>
         <StreetNumber>487</StreetNumber>
         <StreetDirCode>E</StreetDirCode>
         <StreetName>PERRY</StreetName>
         <StreetTypeCode>ST</StreetTypeCode>
         <City>VERSAILLES</City>
         <StateCode>IN</StateCode>
         <CountryCode>US</CountryCode>
         <SubBeat>P69</SubBeat>
         <Longitude>-85.23986752551576</Longitude>
         <Latitude>39.06866136708949</Latitude>
      </Address>
   </IncidentAddress>
   <IncidentSupplement>
      <SupplementSequence>0</SupplementSequence>
      <IncSupplementStatusCode>A</IncSupplementStatusCode>
      <SuppReportDate>11/05/2014 10:57:58</SuppReportDate>
      <SuppReportTime>11/05/2014 10:57:58</SuppReportTime>
      <AgencyOnly>N</AgencyOnly>
      <SecurityLevel>1100</SecurityLevel>
      <SuppAgencyCode>D42</SuppAgencyCode>
      <UnknownNoOffenders>N</UnknownNoOffenders>
      <DsIcrDate>02/18/2015 14:53:46</DsIcrDate>
      <DsIcrSubmissionStatus>PROCESS COMPLETE</DsIcrSubmissionStatus>
      <CreatorId>STATE_OFFICER11</CreatorId>
      <CreatorDate>11/05/2014 10:57:58</CreatorDate>
      <UpdatorId>TSTC</UpdatorId>
      <UpdatorDate>08/05/2021 17:38:21</UpdatorDate>
      <IncidentSuppNarrative>
         <NarrativeNumber>1</NarrativeNumber>
         <NarrativeTitle>Original Narrative</NarrativeTitle>
         <NarrativeText>&amp;nbsp;test</NarrativeText>
         <CreatorId>STATE_OFFICER11</CreatorId>
         <CreatorDate>11/05/2014 11:01:46</CreatorDate>
         <UpdatorId>STATE_OFFICER11</UpdatorId>
         <UpdatorDate>11/05/2014 11:01:46</UpdatorDate>
      </IncidentSuppNarrative>
      <IncidentOfficer>
         <OfficerRoleCode>P</OfficerRoleCode>
         <Officer>
            <AgencyCode>D42</AgencyCode>
            <ORINumber>SC0280000</ORINumber>
            <LastName>Ranz</LastName>
            <FirstName>Greg</FirstName>
            <InternalID>9696</InternalID>
         </Officer>
      </IncidentOfficer>
      <IncidentOfficer>
         <OfficerRoleCode>R</OfficerRoleCode>
         <Officer>
            <AgencyCode>D42</AgencyCode>
            <ORINumber>SC0280000</ORINumber>
            <LastName>Ranz</LastName>
            <FirstName>Greg</FirstName>
            <InternalID>9696</InternalID>
         </Officer>
      </IncidentOfficer>
      <IncidentOffense>
         <IncidentId>1996</IncidentId>
         <OffenseNumber>1</OffenseNumber>
         <OffenseStatusCode>00</OffenseStatusCode>
         <OffenseCode>12-32-1-7</OffenseCode>
         <PlaceCode>41</PlaceCode>
         <BiasCode>88</BiasCode>
         <CSAUCode>C</CSAUCode>
         <SupplementSeq>0</SupplementSeq>
         <UCRNumber>1</UCRNumber>
         <OffenseStatusDate>11/05/2014 10:58:00</OffenseStatusDate>
         <AttemptedCompletedCode>C</AttemptedCompletedCode>
         <CreatorId>STATE_OFFICER11</CreatorId>
         <CreatorDate>11/05/2014 10:59:09</CreatorDate>
         <UpdatorId>STATE_OFFICER11</UpdatorId>
         <UpdatorDate>11/05/2014 10:59:11</UpdatorDate>
      </IncidentOffense>
      <IncidentPerson>
         <ApproxAge>30</ApproxAge>
         <ResidentStatusCode>R</ResidentStatusCode>
         <CreatorId>STATE_OFFICER11</CreatorId>
         <CreatorDate>11/05/2014 10:59:54</CreatorDate>
         <UpdatorId>TSTC</UpdatorId>
         <UpdatorDate>05/24/2023 12:41:19</UpdatorDate>
         <Person>
            <PersonId>151</PersonId>
            <RaceCode>U</RaceCode>
            <SexCode>F</SexCode>
            <PersonVerified>Y</PersonVerified>
            <PersonPrimaryName>
               <LastName>FEDEROWICZ</LastName>
               <FirstName>KIMBERLY</FirstName>
               <MiddleName>J</MiddleName>
               <DOB>03/02/1984 00:00:00</DOB>
               <DateOfInfo>06/06/2012 13:56:11</DateOfInfo>
               <SLastName>F362</SLastName>
               <SFirstName>K516</SFirstName>
            </PersonPrimaryName>
            <Alias>
               <NameTypeCode>P</NameTypeCode>
               <LastName>FEDEROWICZ</LastName>
               <FirstName>KIMBERLY</FirstName>
               <MiddleName>J</MiddleName>
               <DOB>03/02/1984 00:00:00</DOB>
               <SLastName>F362</SLastName>
               <SFirstName>K516</SFirstName>
               <DateOfInfo>06/06/2012 13:56:11</DateOfInfo>
            </Alias>
            <PersonAddress>
               <StreetNumber>6523</StreetNumber>
               <StreetName>Anystreet</StreetName>
               <City>Anytown</City>
               <StateCode>NJ</StateCode>
               <Zip5>45623</Zip5>
               <Zip4>123</Zip4>
               <CountryCode>US</CountryCode>
               <Longitude>-75</Longitude>
               <Latitude>40</Latitude>
               <Beat>104</Beat>
               <SubBeat>West Patrol</SubBeat>
            </PersonAddress>
         </Person>
         <IncidentPersonRole>
            <RoleType>S</RoleType>
            <CreatorId>STATE_OFFICER11</CreatorId>
            <CreatorDate>11/05/2014 10:59:54</CreatorDate>
            <UpdatorId>TSTC</UpdatorId>
            <UpdatorDate>08/15/2023 20:32:21</UpdatorDate>
         </IncidentPersonRole>
      </IncidentPerson>
      <IncidentPerson>
         <ApproxAge>54</ApproxAge>
         <ResidentStatusCode>R</ResidentStatusCode>
         <CreatorId>STATE_OFFICER11</CreatorId>
         <CreatorDate>11/05/2014 11:00:27</CreatorDate>
         <UpdatorId>TSTC</UpdatorId>
         <UpdatorDate>05/24/2023 12:41:20</UpdatorDate>
         <Person>
            <PersonId>169</PersonId>
            <RaceCode>U</RaceCode>
            <SexCode>U</SexCode>
            <PersonVerified>Y</PersonVerified>
            <PersonPrimaryName>
               <LastName>WATSON</LastName>
               <FirstName>JOHN</FirstName>
               <MiddleName>W</MiddleName>
               <DateOfInfo>06/06/2012 13:56:18</DateOfInfo>
               <SLastName>W325</SLastName>
               <SFirstName>J500</SFirstName>
            </PersonPrimaryName>
            <Alias>
               <NameTypeCode>P</NameTypeCode>
               <LastName>WATSON</LastName>
               <FirstName>JOHN</FirstName>
               <MiddleName>W</MiddleName>
               <SLastName>W325</SLastName>
               <SFirstName>J500</SFirstName>
               <DateOfInfo>06/06/2012 13:56:18</DateOfInfo>
            </Alias>
         </Person>
         <IncidentPersonRole>
            <RoleType>V</RoleType>
            <CreatorId>STATE_OFFICER11</CreatorId>
            <CreatorDate>11/05/2014 11:00:27</CreatorDate>
            <UpdatorId>TSTC</UpdatorId>
            <UpdatorDate>08/15/2023 20:32:20</UpdatorDate>
         </IncidentPersonRole>
      </IncidentPerson>
      <IncidentVehicle>
         <VEHICLE_ID>63</VEHICLE_ID>
         <RoleCode>VI</RoleCode>
         <CreatorId>STATE_OFFICER11</CreatorId>
         <CreatorDate>11/05/2014 11:01:40</CreatorDate>
         <UpdatorId>STATE_OFFICER11</UpdatorId>
         <UpdatorDate>11/05/2014 11:01:40</UpdatorDate>
         <DateOfInfo>03/19/2013 09:53:06</DateOfInfo>
         <DateOfInfo>03/22/2013 13:40:28</DateOfInfo>
         <StatusCode>7</StatusCode>
         <VIN>ER54TY65WE98</VIN>
         <VehicleYear>2012</VehicleYear>
         <VehicleMakeCode>MERC</VehicleMakeCode>
         <VehicleValue>1.0E6</VehicleValue>
      </IncidentVehicle>
      <IncidentProperty>
         <RoleCode>7</RoleCode>
         <CreatorId>STATE_OFFICER11</CreatorId>
         <CreatorDate>11/05/2014 11:01:10</CreatorDate>
         <UpdatorId>TSTC</UpdatorId>
         <UpdatorDate>08/10/2017 23:00:44</UpdatorDate>
         <DateOfInfo>11/05/2014 00:00:00</DateOfInfo>
         <StatusCode>7</StatusCode>
         <DocumentTypeCode>P</DocumentTypeCode>
         <PropertyTypeCode>472</PropertyTypeCode>
         <PropertyValue>30</PropertyValue>
         <Value>30</Value>
         <Evidence>N</Evidence>
         <EvidenceFlag>N</EvidenceFlag>
         <Property_ID>1140</Property_ID>
         <Quantity>1</Quantity>
      </IncidentProperty>
   </IncidentSupplement>
</Incident>