<?xml version="1.0" encoding="UTF-8"?>
<Incident xmlns:xsi="http://www.w3.org/2001/XMLSchema-instance"
          xsi:noNamespaceSchemaLocation="file:///C:/DATA/EJS/SVN_Root/Ejustice/trunk/XMLTransformations/OnlineRMSInternalToIncident/IAOnlineRMSIncidentImport.xsd">
   <IncidentReportNum>2014ISP0000594</IncidentReportNum>
   <AgencyCode>D42</AgencyCode>
   <ORINum>SC0280000</ORINum>
   <ReportDate>11/24/2014 11:04:00</ReportDate>
   <ReportTime>11/24/2014 11:04:00</ReportTime>
   <StartDate>11/24/2014 11:04:00</StartDate>
   <StartTime>11/01/2014 11:04:00</StartTime>
   <Summary>ttt</Summary>
   <CreatorId>STATE_OFFICER11</CreatorId>
   <CreatorDate>11/24/2014 11:04:36</CreatorDate>
   <UpdatorId>TSTC</UpdatorId>
   <UpdatorDate>09/09/2021 18:46:33</UpdatorDate>
   <IncidentType>
      <IncidentTypeCode>AIR</IncidentTypeCode>
   </IncidentType>
   <IncidentAddress>
      <AddressId>288</AddressId>
      <City>3</City>
      <CreatorId>STATE_OFFICER11</CreatorId>
      <CreatorDate>11/24/2014 11:04:58</CreatorDate>
      <UpdatorId>TSTC</UpdatorId>
      <UpdatorDate>11/24/2014 11:05:04</UpdatorDate>
      <Address>
         <AddressId>288</AddressId>
         <StreetNumber>301</StreetNumber>
         <StreetName>Cobblestone</StreetName>
         <StreetTypeCode>WAY</StreetTypeCode>
         <City>Bedrock</City>
         <StateCode>IN</StateCode>
         <Zip5>43253</Zip5>
         <Zip4>2356</Zip4>
         <CountryCode>US</CountryCode>
         <Beat>Test</Beat>
         <SubBeat>Area</SubBeat>
         <AddressCommonName>
            <CommonPlaceName>Dead strip</CommonPlaceName>
         </AddressCommonName>
      </Address>
   </IncidentAddress>
   <IncidentSupplement>
      <SupplementSequence>0</SupplementSequence>
      <IncSupplementStatusCode>A</IncSupplementStatusCode>
      <SuppReportDate>11/24/2014 11:04:36</SuppReportDate>
      <SuppReportTime>11/24/2014 11:04:36</SuppReportTime>
      <AgencyOnly>N</AgencyOnly>
      <SecurityLevel>1100</SecurityLevel>
      <SuppAgencyCode>D42</SuppAgencyCode>
      <UnknownNoOffenders>N</UnknownNoOffenders>
      <DsIcrDate>11/24/2014 11:08:24</DsIcrDate>
      <DsIcrSubmissionStatus>NOT REPORTABLE</DsIcrSubmissionStatus>
      <CreatorId>STATE_OFFICER11</CreatorId>
      <CreatorDate>11/24/2014 11:04:36</CreatorDate>
      <UpdatorId>TSTC</UpdatorId>
      <UpdatorDate>08/05/2021 17:38:22</UpdatorDate>
      <IncidentSuppNarrative>
         <NarrativeNumber>1</NarrativeNumber>
         <NarrativeTitle>Original Narrative</NarrativeTitle>
         <NarrativeText>&amp;nbsp;asdfasdf</NarrativeText>
         <CreatorId>STATE_OFFICER11</CreatorId>
         <CreatorDate>11/24/2014 11:06:25</CreatorDate>
         <UpdatorId>STATE_OFFICER11</UpdatorId>
         <UpdatorDate>11/24/2014 11:06:25</UpdatorDate>
      </IncidentSuppNarrative>
      <IncidentOfficer>
         <OfficerRoleCode>P</OfficerRoleCode>
         <Officer>
            <AgencyCode>D42</AgencyCode>
            <ORINumber>SC0280000</ORINumber>
            <LastName>Ranz</LastName>
            <FirstName>Greg</FirstName>
            <InternalID>9696</InternalID>
         </Officer>
      </IncidentOfficer>
      <IncidentOfficer>
         <OfficerRoleCode>R</OfficerRoleCode>
         <Officer>
            <AgencyCode>D42</AgencyCode>
            <ORINumber>SC0280000</ORINumber>
            <LastName>Ranz</LastName>
            <FirstName>Greg</FirstName>
            <InternalID>9696</InternalID>
         </Officer>
      </IncidentOfficer>
      <IncidentOffense>
         <IncidentId>2068</IncidentId>
         <OffenseNumber>1</OffenseNumber>
         <OffenseStatusCode>00</OffenseStatusCode>
         <OffenseCode>10-14-3-29.5</OffenseCode>
         <PlaceCode>02</PlaceCode>
         <BiasCode>88</BiasCode>
         <CSAUCode>A</CSAUCode>
         <SupplementSeq>0</SupplementSeq>
         <UCRNumber>1</UCRNumber>
         <OffenseStatusDate>11/24/2014 11:05:00</OffenseStatusDate>
         <AttemptedCompletedCode>A</AttemptedCompletedCode>
         <ArrestChargeCode>10-14-3-29.5</ArrestChargeCode>
         <CreatorId>STATE_OFFICER11</CreatorId>
         <CreatorDate>11/24/2014 11:05:36</CreatorDate>
         <UpdatorId>STATE_OFFICER11</UpdatorId>
         <UpdatorDate>11/24/2014 11:05:38</UpdatorDate>
      </IncidentOffense>
      <IncidentPerson>
         <ApproxAge>21</ApproxAge>
         <ResidentStatusCode>U</ResidentStatusCode>
         <CreatorId>STATE_OFFICER11</CreatorId>
         <CreatorDate>11/24/2014 11:06:18</CreatorDate>
         <UpdatorId>TSTC</UpdatorId>
         <UpdatorDate>05/24/2023 12:41:20</UpdatorDate>
         <Person>
            <PersonId>616</PersonId>
            <RaceCode>W</RaceCode>
            <SexCode>M</SexCode>
            <EthnicityCode>U</EthnicityCode>
            <PersonVerified>Y</PersonVerified>
            <PersonPrimaryName>
               <LastName>Showman</LastName>
               <FirstName>Miles</FirstName>
               <DOB>10/10/1993 00:00:00</DOB>
               <DateOfInfo>10/27/2014 12:53:35</DateOfInfo>
               <SLastName>S550</SLastName>
               <SFirstName>M420</SFirstName>
            </PersonPrimaryName>
            <Alias>
               <NameTypeCode>P</NameTypeCode>
               <LastName>Showman</LastName>
               <FirstName>Miles</FirstName>
               <DOB>10/10/1993 00:00:00</DOB>
               <SLastName>S550</SLastName>
               <SFirstName>M420</SFirstName>
               <DateOfInfo>10/27/2014 12:53:35</DateOfInfo>
            </Alias>
            <PersonAddress>
               <StreetNumber>83</StreetNumber>
               <StreetDirCode>NE</StreetDirCode>
               <StreetName>ASHWOOD</StreetName>
               <StreetTypeCode>LN</StreetTypeCode>
               <StreetSuffixCode>N</StreetSuffixCode>
               <City>DILLON</City>
               <CountryCode>US</CountryCode>
            </PersonAddress>
            <PersonPhone>
               <PhoneTypeCode>CEL</PhoneTypeCode>
               <PhoneArea>218</PhoneArea>
               <PhonePrefix>269</PhonePrefix>
               <PhoneSuffix>1827</PhoneSuffix>
               <DateOfInfo>10/29/2014 00:00:00</DateOfInfo>
            </PersonPhone>
         </Person>
         <IncidentPersonRole>
            <RoleType>S</RoleType>
            <CreatorId>STATE_OFFICER11</CreatorId>
            <CreatorDate>11/24/2014 11:06:18</CreatorDate>
            <UpdatorId>TSTC</UpdatorId>
            <UpdatorDate>08/15/2023 20:32:18</UpdatorDate>
         </IncidentPersonRole>
      </IncidentPerson>
      <IncidentVehicle>
         <VEHICLE_ID>67</VEHICLE_ID>
         <RoleCode>ST</RoleCode>
         <CreatorId>JOE.KADHIM@INTERACT911.COM</CreatorId>
         <CreatorDate>11/24/2014 11:06:50</CreatorDate>
         <UpdatorId>TSTC</UpdatorId>
         <UpdatorDate>07/12/2017 13:27:08</UpdatorDate>
         <DateOfInfo>06/16/2017 13:25:27</DateOfInfo>
         <DateOfInfo>05/10/2021 12:35:40</DateOfInfo>
         <StatusCode>16</StatusCode>
         <VIN>PP44YY33MNOPARTY6</VIN>
         <VehicleYear>2009</VehicleYear>
         <VehicleMakeCode>AMDI</VehicleMakeCode>
         <VehicleModelCode>FE</VehicleModelCode>
         <VehicleTypeCode>XX</VehicleTypeCode>
         <VehPriColorCode>COM</VehPriColorCode>
         <VehPriColorCode>COM</VehPriColorCode>
         <VehSecColorCode>COM</VehSecColorCode>
         <VehSecColorCode>COM</VehSecColorCode>
         <VehicleLicStateCode>MK</VehicleLicStateCode>
         <VehicleLicStateCode>MK</VehicleLicStateCode>
         <VehicleLicNumber>ABC1234</VehicleLicNumber>
         <VehicleLicNumber>COD456</VehicleLicNumber>
         <VehicleLicYear>2010</VehicleLicYear>
         <VehicleLicYear>2010</VehicleLicYear>
         <VehicleLicMonth>6</VehicleLicMonth>
         <VehicleLicMonth>6</VehicleLicMonth>
         <VehicleLicTypeCode>SC</VehicleLicTypeCode>
         <VehicleLicTypeCode>SC</VehicleLicTypeCode>
         <VehConditionCode>G</VehConditionCode>
         <VehDamageCode>11</VehDamageCode>
         <VehDamageDesc>DAMAGE REMARKS - THIS IS A SUPER LONG COMMENT. ONCE AGAIN I HOPE THAT I FITS IN THE BOX ON THE REPORT. OTHERWISE WE WILL BE BUGGING ENGINEERING AGAIN.</VehDamageDesc>
         <VehicleValue>500000</VehicleValue>
         <VehicleMiscID>MISC IDENTIFIER</VehicleMiscID>
         <VehicleMiscID>MISC IDENTIFIER</VehicleMiscID>
      </IncidentVehicle>
   </IncidentSupplement>
</Incident>