<?xml version="1.0" encoding="UTF-8"?>
<Incident xmlns:xsi="http://www.w3.org/2001/XMLSchema-instance"
          xsi:noNamespaceSchemaLocation="file:///C:/DATA/EJS/SVN_Root/Ejustice/trunk/XMLTransformations/OnlineRMSInternalToIncident/IAOnlineRMSIncidentImport.xsd">
   <IncidentReportNum>2014ISP0000588</IncidentReportNum>
   <AgencyCode>D42</AgencyCode>
   <ORINum>SC0280000</ORINum>
   <ReportDate>11/13/2014 11:52:00</ReportDate>
   <ReportTime>11/13/2014 11:52:00</ReportTime>
   <StartDate>11/13/2014 11:52:00</StartDate>
   <StartTime>11/01/2014 11:52:00</StartTime>
   <Summary>sdfg</Summary>
   <CreatorId>STATE_OFFICER11</CreatorId>
   <CreatorDate>11/13/2014 11:51:42</CreatorDate>
   <UpdatorId>TSTC</UpdatorId>
   <UpdatorDate>09/09/2021 18:46:32</UpdatorDate>
   <IncidentType>
      <IncidentTypeCode>B/H</IncidentTypeCode>
   </IncidentType>
   <IncidentAddress>
      <AddressId>120</AddressId>
      <Beat>D2</Beat>
      <SubBeat>Sub D2</SubBeat>
      <City>51</City>
      <CreatorId>STATE_OFFICER11</CreatorId>
      <CreatorDate>11/13/2014 11:53:09</CreatorDate>
      <UpdatorId>TSTC</UpdatorId>
      <UpdatorDate>11/13/2014 11:53:12</UpdatorDate>
      <Address>
         <AddressId>120</AddressId>
         <StreetNumber>100</StreetNumber>
         <StreetName>Ash</StreetName>
         <StreetTypeCode>ST</StreetTypeCode>
         <City>INDIANAPOLIS</City>
         <StateCode>IN</StateCode>
         <Zip5>01234</Zip5>
         <Zip4>7777</Zip4>
         <CountryCode>US</CountryCode>
         <Beat>Test</Beat>
         <SubBeat>Area</SubBeat>
         <Longitude>-86.26354</Longitude>
         <Latitude>39.95494</Latitude>
         <AddressCommonName>
            <CommonPlaceName>Health Center</CommonPlaceName>
         </AddressCommonName>
      </Address>
   </IncidentAddress>
   <IncidentSupplement>
      <SupplementSequence>0</SupplementSequence>
      <IncSupplementStatusCode>A</IncSupplementStatusCode>
      <SuppReportDate>11/13/2014 11:51:42</SuppReportDate>
      <SuppReportTime>11/13/2014 11:51:42</SuppReportTime>
      <AgencyOnly>N</AgencyOnly>
      <SecurityLevel>1201</SecurityLevel>
      <SuppAgencyCode>D42</SuppAgencyCode>
      <UnknownNoOffenders>N</UnknownNoOffenders>
      <DsIcrDate>02/22/2015 20:39:09</DsIcrDate>
      <DsIcrSubmissionStatus>PROCESS COMPLETE</DsIcrSubmissionStatus>
      <CreatorId>STATE_OFFICER11</CreatorId>
      <CreatorDate>11/13/2014 11:51:42</CreatorDate>
      <UpdatorId>TSTC</UpdatorId>
      <UpdatorDate>08/05/2021 17:38:23</UpdatorDate>
      <IncidentSuppNarrative>
         <NarrativeNumber>1</NarrativeNumber>
         <NarrativeTitle>Original Narrative</NarrativeTitle>
         <NarrativeText>asdf</NarrativeText>
         <CreatorId>STATE_OFFICER11</CreatorId>
         <CreatorDate>11/13/2014 11:52:57</CreatorDate>
         <UpdatorId>STATE_OFFICER11</UpdatorId>
         <UpdatorDate>11/13/2014 11:52:57</UpdatorDate>
      </IncidentSuppNarrative>
      <IncidentOfficer>
         <OfficerRoleCode>P</OfficerRoleCode>
         <Officer>
            <AgencyCode>D42</AgencyCode>
            <ORINumber>SC0280000</ORINumber>
            <LastName>Ranz</LastName>
            <FirstName>Greg</FirstName>
            <InternalID>9696</InternalID>
         </Officer>
      </IncidentOfficer>
      <IncidentOfficer>
         <OfficerRoleCode>R</OfficerRoleCode>
         <Officer>
            <AgencyCode>D42</AgencyCode>
            <ORINumber>SC0280000</ORINumber>
            <LastName>Ranz</LastName>
            <FirstName>Greg</FirstName>
            <InternalID>9696</InternalID>
         </Officer>
      </IncidentOfficer>
      <IncidentOffense>
         <IncidentId>2055</IncidentId>
         <OffenseNumber>1</OffenseNumber>
         <OffenseStatusCode>00</OffenseStatusCode>
         <OffenseCode>35-42-1-1  M01        </OffenseCode>
         <PlaceCode>37</PlaceCode>
         <BiasCode>13</BiasCode>
         <CSAUCode>C</CSAUCode>
         <SupplementSeq>0</SupplementSeq>
         <UCRNumber>1</UCRNumber>
         <OffenseStatusDate>11/13/2014 11:52:00</OffenseStatusDate>
         <AttemptedCompletedCode>C</AttemptedCompletedCode>
         <ArrestChargeCode>35-42-1-1  M01        </ArrestChargeCode>
         <CreatorId>STATE_OFFICER11</CreatorId>
         <CreatorDate>11/13/2014 11:52:01</CreatorDate>
         <UpdatorId>STATE_OFFICER11</UpdatorId>
         <UpdatorDate>11/13/2014 11:53:40</UpdatorDate>
      </IncidentOffense>
      <IncidentPerson>
         <ApproxAge>50</ApproxAge>
         <ResidentStatusCode>O</ResidentStatusCode>
         <ClearMultiArrestCode>N</ClearMultiArrestCode>
         <CreatorId>STATE_OSUPER45</CreatorId>
         <CreatorDate>11/13/2014 11:52:37</CreatorDate>
         <UpdatorId>TSTC</UpdatorId>
         <UpdatorDate>05/24/2023 12:41:21</UpdatorDate>
         <Person>
            <PersonId>130</PersonId>
            <RaceCode>W</RaceCode>
            <SexCode>M</SexCode>
            <EthnicityCode>O</EthnicityCode>
            <PersonVerified>Y</PersonVerified>
            <PersonPrimaryName>
               <LastName>Bundy</LastName>
               <FirstName>Al</FirstName>
               <MiddleName>Test</MiddleName>
               <SSN>2.22222223E8</SSN>
               <DateOfInfo>05/03/2011 15:11:42</DateOfInfo>
               <SLastName>B530</SLastName>
               <SFirstName>A400</SFirstName>
            </PersonPrimaryName>
            <Alias>
               <NameTypeCode>P</NameTypeCode>
               <LastName>Bundy</LastName>
               <FirstName>Al</FirstName>
               <MiddleName>Test</MiddleName>
               <SSN>2.22222223E8</SSN>
               <SLastName>B530</SLastName>
               <SFirstName>A400</SFirstName>
               <DateOfInfo>05/03/2011 15:11:42</DateOfInfo>
            </Alias>
            <PersonAddress>
               <StreetNumber>2740</StreetNumber>
               <StreetDirCode>N</StreetDirCode>
               <StreetName>ADDISON MEADOWS</StreetName>
               <StreetTypeCode>LN</StreetTypeCode>
               <SubTypeCode>BSMT</SubTypeCode>
               <City>INDIANAPOLIS</City>
               <StateCode>PA</StateCode>
               <Zip5>46203</Zip5>
               <Zip4>5555</Zip4>
               <Longitude>-86.059884</Longitude>
               <Latitude>39.728722</Latitude>
               <Beat>Test</Beat>
               <SubBeat>Area</SubBeat>
            </PersonAddress>
            <PersonAddress>
               <StreetNumber>200</StreetNumber>
               <StreetName>Main</StreetName>
               <SubTypeCode>APT</SubTypeCode>
               <SubNumber>2G</SubNumber>
               <City>INDIANAPOLIS</City>
               <StateCode>IN</StateCode>
               <CountryCode>US</CountryCode>
               <Beat>Test</Beat>
               <SubBeat>Area</SubBeat>
            </PersonAddress>
            <PersonPhone>
               <PhoneTypeCode>RES</PhoneTypeCode>
               <PhoneArea>309</PhoneArea>
               <PhonePrefix>829</PhonePrefix>
               <PhoneSuffix>0123</PhoneSuffix>
               <DateOfInfo>05/03/2012 00:00:00</DateOfInfo>
            </PersonPhone>
            <PersonPhone>
               <PhoneTypeCode>CEL</PhoneTypeCode>
               <PhoneArea>309</PhoneArea>
               <PhonePrefix>888</PhonePrefix>
               <PhoneSuffix>5040</PhoneSuffix>
               <DateOfInfo>05/03/2012 00:00:00</DateOfInfo>
            </PersonPhone>
         </Person>
         <IncidentPersonRole>
            <RoleType>S</RoleType>
            <CreatorId>STATE_OFFICER11</CreatorId>
            <CreatorDate>11/13/2014 11:54:22</CreatorDate>
            <UpdatorId>TSTC</UpdatorId>
            <UpdatorDate>08/15/2023 20:32:18</UpdatorDate>
         </IncidentPersonRole>
         <IncidentPersonRole>
            <RoleType>A</RoleType>
            <CreatorId>STATE_OFFICER11</CreatorId>
            <CreatorDate>11/13/2014 11:54:22</CreatorDate>
            <UpdatorId>TSTC</UpdatorId>
            <UpdatorDate>08/15/2023 20:32:18</UpdatorDate>
         </IncidentPersonRole>
      </IncidentPerson>
      <IncidentPerson>
         <ApproxAge>13</ApproxAge>
         <ResidentStatusCode>U</ResidentStatusCode>
         <CreatorId>STATE_OFFICER11</CreatorId>
         <CreatorDate>11/13/2014 11:54:02</CreatorDate>
         <UpdatorId>TSTC</UpdatorId>
         <UpdatorDate>05/24/2023 12:41:21</UpdatorDate>
         <Person>
            <PersonId>551</PersonId>
            <RaceCode>H</RaceCode>
            <SexCode>F</SexCode>
            <PersonVerified>Y</PersonVerified>
            <PersonPrimaryName>
               <LastName>Asdfasdf</LastName>
               <FirstName>Asdf</FirstName>
               <DateOfInfo>04/25/2014 14:56:07</DateOfInfo>
               <SLastName>A231</SLastName>
               <SFirstName>A231</SFirstName>
            </PersonPrimaryName>
            <Alias>
               <NameTypeCode>P</NameTypeCode>
               <LastName>Asdfasdf</LastName>
               <FirstName>Asdf</FirstName>
               <SLastName>A231</SLastName>
               <SFirstName>A231</SFirstName>
               <DateOfInfo>04/25/2014 14:56:07</DateOfInfo>
            </Alias>
         </Person>
         <IncidentPersonRole>
            <RoleType>V</RoleType>
            <CreatorId>STATE_OFFICER11</CreatorId>
            <CreatorDate>11/13/2014 11:54:02</CreatorDate>
            <UpdatorId>TSTC</UpdatorId>
            <UpdatorDate>08/15/2023 20:32:20</UpdatorDate>
         </IncidentPersonRole>
      </IncidentPerson>
   </IncidentSupplement>
   <IncidentSupplement>
      <SupplementSequence>1</SupplementSequence>
      <IncSupplementStatusCode>A</IncSupplementStatusCode>
      <SuppReportDate>11/13/2014 13:56:04</SuppReportDate>
      <SuppReportTime>11/13/2014 13:56:04</SuppReportTime>
      <AgencyOnly>N</AgencyOnly>
      <SecurityLevel>1201</SecurityLevel>
      <SuppAgencyCode>D42</SuppAgencyCode>
      <UnknownNoOffenders>N</UnknownNoOffenders>
      <DsIcrDate>02/22/2015 20:39:09</DsIcrDate>
      <DsIcrSubmissionStatus>PROCESS COMPLETE</DsIcrSubmissionStatus>
      <CreatorId>STATE_OFFICER11</CreatorId>
      <CreatorDate>11/13/2014 13:56:04</CreatorDate>
      <UpdatorId>TSTC</UpdatorId>
      <UpdatorDate>08/05/2021 17:38:23</UpdatorDate>
      <IncidentSuppNarrative>
         <NarrativeNumber>1</NarrativeNumber>
         <NarrativeTitle>Supplement#1 - Narrative</NarrativeTitle>
         <NarrativeText>&amp;nbsp;ds</NarrativeText>
         <CreatorId>STATE_OFFICER11</CreatorId>
         <CreatorDate>11/13/2014 13:58:13</CreatorDate>
         <UpdatorId>STATE_OFFICER11</UpdatorId>
         <UpdatorDate>11/13/2014 13:58:13</UpdatorDate>
      </IncidentSuppNarrative>
      <IncidentOfficer>
         <OfficerRoleCode>P</OfficerRoleCode>
         <Officer>
            <AgencyCode>D42</AgencyCode>
            <ORINumber>SC0280000</ORINumber>
            <LastName>Ranz</LastName>
            <FirstName>Greg</FirstName>
            <InternalID>9696</InternalID>
         </Officer>
      </IncidentOfficer>
      <IncidentOfficer>
         <OfficerRoleCode>R</OfficerRoleCode>
         <Officer>
            <AgencyCode>D42</AgencyCode>
            <ORINumber>SC0280000</ORINumber>
            <LastName>Ranz</LastName>
            <FirstName>Greg</FirstName>
            <InternalID>9696</InternalID>
         </Officer>
      </IncidentOfficer>
   </IncidentSupplement>
</Incident>