<?xml version="1.0" encoding="UTF-8"?>
<Incident xmlns:xsi="http://www.w3.org/2001/XMLSchema-instance"
          xsi:noNamespaceSchemaLocation="file:///C:/DATA/EJS/SVN_Root/Ejustice/trunk/XMLTransformations/OnlineRMSInternalToIncident/IAOnlineRMSIncidentImport.xsd">
   <IncidentReportNum>2015ROOT0013</IncidentReportNum>
   <AgencyCode>D42</AgencyCode>
   <ORINum>SC0280000</ORINum>
   <ReportDate>01/19/2015 10:36:00</ReportDate>
   <ReportTime>01/19/2015 10:36:00</ReportTime>
   <StartDate>01/19/2015 10:36:00</StartDate>
   <StartTime>01/19/2015 10:36:00</StartTime>
   <Summary>sdfsdfsdf</Summary>
   <CreatorId>STATE_OFFICER11</CreatorId>
   <CreatorDate>01/19/2015 10:36:20</CreatorDate>
   <UpdatorId>STATE_OFFICER11</UpdatorId>
   <UpdatorDate>04/29/2022 17:39:20</UpdatorDate>
   <IncidentType>
      <IncidentTypeCode>CCD</IncidentTypeCode>
   </IncidentType>
   <IncidentAddress>
      <AddressId>132</AddressId>
      <City>20</City>
      <CreatorId>STATE_OFFICER11</CreatorId>
      <CreatorDate>01/19/2015 10:36:31</CreatorDate>
      <UpdatorId>TSTC</UpdatorId>
      <UpdatorDate>12/12/2018 17:57:17</UpdatorDate>
      <Address>
         <AddressId>132</AddressId>
         <StreetNumber>208</StreetNumber>
         <StreetName>Education</StreetName>
         <StreetTypeCode>AVE</StreetTypeCode>
         <City>Durham</City>
         <CountryCode>US</CountryCode>
         <Beat>Test</Beat>
         <SubBeat>Area</SubBeat>
         <AddressCommonName>
            <CommonPlaceName>Dead strip</CommonPlaceName>
         </AddressCommonName>
      </Address>
   </IncidentAddress>
   <IncidentSupplement>
      <SupplementSequence>0</SupplementSequence>
      <IncSupplementStatusCode>A</IncSupplementStatusCode>
      <SuppReportDate>01/19/2015 10:36:20</SuppReportDate>
      <SuppReportTime>01/19/2015 10:36:20</SuppReportTime>
      <AgencyOnly>N</AgencyOnly>
      <SecurityLevel>1201</SecurityLevel>
      <SuppAgencyCode>D42</SuppAgencyCode>
      <UnknownNoOffenders>N</UnknownNoOffenders>
      <DsIcrDate>12/11/2018 08:30:55</DsIcrDate>
      <DsIcrSubmissionStatus>NOT REPORTABLE</DsIcrSubmissionStatus>
      <CreatorId>STATE_OFFICER11</CreatorId>
      <CreatorDate>01/19/2015 10:36:20</CreatorDate>
      <UpdatorId>TSTC</UpdatorId>
      <UpdatorDate>08/05/2021 17:38:23</UpdatorDate>
      <IncidentSuppNarrative>
         <NarrativeNumber>1</NarrativeNumber>
         <NarrativeTitle>Original Narrative</NarrativeTitle>
         <NarrativeText>&amp;nbsp;sdgsfg</NarrativeText>
         <CreatorId>STATE_OFFICER11</CreatorId>
         <CreatorDate>01/19/2015 10:37:44</CreatorDate>
         <UpdatorId>STATE_OFFICER11</UpdatorId>
         <UpdatorDate>01/19/2015 10:37:44</UpdatorDate>
      </IncidentSuppNarrative>
      <IncidentOfficer>
         <OfficerRoleCode>P</OfficerRoleCode>
         <Officer>
            <AgencyCode>D42</AgencyCode>
            <ORINumber>SC0280000</ORINumber>
            <LastName>Wright</LastName>
            <FirstName>Greg</FirstName>
            <InternalID>9696</InternalID>
         </Officer>
      </IncidentOfficer>
      <IncidentOfficer>
         <OfficerRoleCode>R</OfficerRoleCode>
         <Officer>
            <AgencyCode>D42</AgencyCode>
            <ORINumber>SC0280000</ORINumber>
            <LastName>Ranz</LastName>
            <FirstName>Greg</FirstName>
            <InternalID>9696</InternalID>
         </Officer>
      </IncidentOfficer>
      <IncidentPerson>
         <ApproxAge>00</ApproxAge>
         <ResidentStatusCode>O</ResidentStatusCode>
         <CreatorId>STATE_OFFICER11</CreatorId>
         <CreatorDate>01/19/2015 10:37:05</CreatorDate>
         <UpdatorId>TSTC</UpdatorId>
         <UpdatorDate>05/24/2023 12:41:20</UpdatorDate>
         <Person>
            <PersonId>675</PersonId>
            <RaceCode>W</RaceCode>
            <SexCode>F</SexCode>
            <PersonVerified>Y</PersonVerified>
            <PersonPrimaryName>
               <LastName>Printed</LastName>
               <FirstName>One</FirstName>
               <DateOfInfo>01/19/2015 10:25:33</DateOfInfo>
               <SLastName>P653</SLastName>
               <SFirstName>O500</SFirstName>
            </PersonPrimaryName>
            <Alias>
               <NameTypeCode>P</NameTypeCode>
               <LastName>Printed</LastName>
               <FirstName>One</FirstName>
               <SLastName>P653</SLastName>
               <SFirstName>O500</SFirstName>
               <DateOfInfo>01/19/2015 10:25:33</DateOfInfo>
            </Alias>
            <PersonAddress>
               <StreetNumber>439</StreetNumber>
               <StreetDirCode>NE</StreetDirCode>
               <StreetName>ASHWOOD</StreetName>
               <StreetTypeCode>LN</StreetTypeCode>
               <StreetSuffixCode>N</StreetSuffixCode>
               <City>DILLON</City>
               <StateCode>SC</StateCode>
               <CountryCode>US</CountryCode>
               <CountyCode>NaN</CountyCode>
               <Longitude>-79.516913</Longitude>
               <Latitude>34.3197153</Latitude>
               <Beat>Test</Beat>
               <SubBeat>Area</SubBeat>
            </PersonAddress>
         </Person>
         <IncidentPersonRole>
            <RoleType>V</RoleType>
            <CreatorId>STATE_OFFICER11</CreatorId>
            <CreatorDate>01/19/2015 10:37:06</CreatorDate>
            <UpdatorId>TSTC</UpdatorId>
            <UpdatorDate>08/15/2023 20:32:20</UpdatorDate>
         </IncidentPersonRole>
      </IncidentPerson>
   </IncidentSupplement>
</Incident>