<?xml version="1.0" encoding="UTF-8"?>
<Incident xmlns:xsi="http://www.w3.org/2001/XMLSchema-instance"
          xsi:noNamespaceSchemaLocation="file:///C:/DATA/EJS/SVN_Root/Ejustice/trunk/XMLTransformations/OnlineRMSInternalToIncident/IAOnlineRMSIncidentImport.xsd">
   <IncidentReportNum>2014ISP0000610</IncidentReportNum>
   <AgencyCode>D42</AgencyCode>
   <ORINum>SC0280000</ORINum>
   <ReportDate>12/15/2014 12:29:00</ReportDate>
   <ReportTime>12/15/2014 12:29:00</ReportTime>
   <StartDate>12/15/2014 12:29:00</StartDate>
   <StartTime>12/01/2014 12:29:00</StartTime>
   <Summary>test</Summary>
   <CreatorId>CLIVINGWELL</CreatorId>
   <CreatorDate>12/15/2014 12:29:25</CreatorDate>
   <UpdatorId>TSTC</UpdatorId>
   <UpdatorDate>09/09/2021 18:46:35</UpdatorDate>
   <IncidentType>
      <IncidentTypeCode>CCD</IncidentTypeCode>
   </IncidentType>
   <IncidentAddress>
      <AddressId>413</AddressId>
      <City>11</City>
      <CreatorId>STATE_OFFICER11</CreatorId>
      <CreatorDate>12/15/2014 12:29:40</CreatorDate>
      <UpdatorId>TSTC</UpdatorId>
      <UpdatorDate>12/15/2014 12:29:44</UpdatorDate>
      <Address>
         <AddressId>413</AddressId>
         <StreetNumber>3010</StreetNumber>
         <StreetName>Knollwood</StreetName>
         <StreetTypeCode>LN</StreetTypeCode>
         <City>Glenview</City>
         <StateCode>IL</StateCode>
         <Zip5>60025</Zip5>
         <CountryCode>US</CountryCode>
         <Longitude>-87.832626</Longitude>
         <Latitude>42.076469</Latitude>
      </Address>
   </IncidentAddress>
   <IncidentSupplement>
      <SupplementSequence>0</SupplementSequence>
      <IncSupplementStatusCode>A</IncSupplementStatusCode>
      <SuppReportDate>12/15/2014 12:29:25</SuppReportDate>
      <SuppReportTime>12/15/2014 12:29:25</SuppReportTime>
      <AgencyOnly>N</AgencyOnly>
      <SecurityLevel>1201</SecurityLevel>
      <SuppAgencyCode>D42</SuppAgencyCode>
      <UnknownNoOffenders>N</UnknownNoOffenders>
      <DsIcrDate>02/11/2019 11:28:55</DsIcrDate>
      <DsIcrSubmissionStatus>NOT REPORTABLE</DsIcrSubmissionStatus>
      <CreatorId>STATE_OFFICER11</CreatorId>
      <CreatorDate>12/15/2014 12:29:25</CreatorDate>
      <UpdatorId>TSTC</UpdatorId>
      <UpdatorDate>08/05/2021 17:38:22</UpdatorDate>
      <IncidentSuppNarrative>
         <NarrativeNumber>1</NarrativeNumber>
         <NarrativeTitle>Original Narrative</NarrativeTitle>
         <NarrativeText>&amp;nbsp;adfafadsf</NarrativeText>
         <CreatorId>STATE_OFFICER11</CreatorId>
         <CreatorDate>12/15/2014 12:30:49</CreatorDate>
         <UpdatorId>STATE_OFFICER11</UpdatorId>
         <UpdatorDate>12/15/2014 12:30:49</UpdatorDate>
      </IncidentSuppNarrative>
      <IncidentOfficer>
         <OfficerRoleCode>P</OfficerRoleCode>
         <Officer>
            <AgencyCode>D42</AgencyCode>
            <ORINumber>SC0280000</ORINumber>
            <LastName>Wright</LastName>
            <FirstName>Greg</FirstName>
            <InternalID>9696</InternalID>
         </Officer>
      </IncidentOfficer>
      <IncidentOfficer>
         <OfficerRoleCode>R</OfficerRoleCode>
         <Officer>
            <AgencyCode>D42</AgencyCode>
            <ORINumber>SC0280000</ORINumber>
            <LastName>Ranz</LastName>
            <FirstName>Greg</FirstName>
            <InternalID>9696</InternalID>
         </Officer>
      </IncidentOfficer>
      <IncidentPerson>
         <ApproxAge>38</ApproxAge>
         <CreatorId>STATE_OFFICER11</CreatorId>
         <CreatorDate>12/15/2014 12:30:17</CreatorDate>
         <UpdatorId>TSTC</UpdatorId>
         <UpdatorDate>05/24/2023 12:41:19</UpdatorDate>
         <Person>
            <PersonId>668</PersonId>
            <RaceCode>W</RaceCode>
            <SexCode>F</SexCode>
            <PersonVerified>Y</PersonVerified>
            <PersonPrimaryName>
               <LastName>FA person</LastName>
               <FirstName>One</FirstName>
               <DateOfInfo>12/15/2014 12:19:38</DateOfInfo>
               <SLastName>F162</SLastName>
               <SFirstName>O500</SFirstName>
            </PersonPrimaryName>
            <Alias>
               <NameTypeCode>P</NameTypeCode>
               <LastName>FA person</LastName>
               <FirstName>One</FirstName>
               <SLastName>F162</SLastName>
               <SFirstName>O500</SFirstName>
               <DateOfInfo>12/15/2014 12:19:38</DateOfInfo>
            </Alias>
         </Person>
         <IncidentPersonRole>
            <RoleType>S</RoleType>
            <CreatorId>STATE_OFFICER11</CreatorId>
            <CreatorDate>12/15/2014 12:30:17</CreatorDate>
            <UpdatorId>TSTC</UpdatorId>
            <UpdatorDate>08/15/2023 20:32:19</UpdatorDate>
         </IncidentPersonRole>
      </IncidentPerson>
      <IncidentPerson>
         <ApproxAge>54</ApproxAge>
         <CreatorId>STATE_OFFICER11</CreatorId>
         <CreatorDate>12/15/2014 12:30:38</CreatorDate>
         <UpdatorId>TSTC</UpdatorId>
         <UpdatorDate>05/24/2023 12:41:19</UpdatorDate>
         <Person>
            <PersonId>100</PersonId>
            <RaceCode>P</RaceCode>
            <SexCode>M</SexCode>
            <EthnicityCode>O</EthnicityCode>
            <PersonVerified>Y</PersonVerified>
            <PersonPrimaryName>
               <LastName>Atkins</LastName>
               <FirstName>Steve</FirstName>
               <DOB>01/01/1960 00:00:00</DOB>
               <DateOfInfo>04/11/2012 10:44:20</DateOfInfo>
               <SLastName>A325</SLastName>
               <SFirstName>S310</SFirstName>
            </PersonPrimaryName>
            <PersonPrimaryName>
               <LastName>Atkinson SUPER LONG LAST NAME ALSO</LastName>
               <FirstName>Stephen SUPER LONG FIRST NAME ALSO</FirstName>
               <DOB>06/01/1960 00:00:00</DOB>
               <SSN>8.88888888E8</SSN>
               <DateOfInfo>03/01/2013 00:00:00</DateOfInfo>
               <SLastName>A325</SLastName>
               <SFirstName>S315</SFirstName>
            </PersonPrimaryName>
            <PersonPrimaryName>
               <DateOfInfo>09/06/2012 00:00:00</DateOfInfo>
            </PersonPrimaryName>
            <PersonPrimaryName>
               <LastName>Of the World</LastName>
               <FirstName>King</FirstName>
               <DateOfInfo>11/14/2018 00:00:00</DateOfInfo>
               <SLastName>O136</SLastName>
               <SFirstName>K520</SFirstName>
            </PersonPrimaryName>
            <Alias>
               <NameTypeCode>A</NameTypeCode>
               <LastName>Atkins</LastName>
               <FirstName>Steve</FirstName>
               <DOB>01/01/1960 00:00:00</DOB>
               <SLastName>A325</SLastName>
               <SFirstName>S310</SFirstName>
               <DateOfInfo>04/11/2012 10:44:20</DateOfInfo>
            </Alias>
            <Alias>
               <NameTypeCode>P</NameTypeCode>
               <LastName>Atkinson SUPER LONG LAST NAME ALSO</LastName>
               <FirstName>Stephen SUPER LONG FIRST NAME ALSO</FirstName>
               <DOB>06/01/1960 00:00:00</DOB>
               <SSN>8.88888888E8</SSN>
               <SLastName>A325</SLastName>
               <SFirstName>S315</SFirstName>
               <DateOfInfo>03/01/2013 00:00:00</DateOfInfo>
            </Alias>
            <Alias>
               <NameTypeCode>N</NameTypeCode>
               <DateOfInfo>09/06/2012 00:00:00</DateOfInfo>
            </Alias>
            <Alias>
               <NameTypeCode>A</NameTypeCode>
               <LastName>Of the World</LastName>
               <FirstName>King</FirstName>
               <SLastName>O136</SLastName>
               <SFirstName>K520</SFirstName>
               <DateOfInfo>11/14/2018 00:00:00</DateOfInfo>
            </Alias>
            <PersonAddress>
               <StreetNumber>100</StreetNumber>
               <StreetName>Ash</StreetName>
               <StreetTypeCode>ST</StreetTypeCode>
               <City>INDIANAPOLIS</City>
               <StateCode>IN</StateCode>
               <Zip5>01234</Zip5>
               <Zip4>7777</Zip4>
               <CountryCode>US</CountryCode>
               <Longitude>-86.26354</Longitude>
               <Latitude>39.95494</Latitude>
               <Beat>Test</Beat>
               <SubBeat>Area</SubBeat>
            </PersonAddress>
            <PersonPhone>
               <PhoneTypeCode>RES</PhoneTypeCode>
               <PhoneArea>222</PhoneArea>
               <PhonePrefix>222</PhonePrefix>
               <PhoneSuffix>2222</PhoneSuffix>
               <DateOfInfo>02/21/2018 00:00:00</DateOfInfo>
            </PersonPhone>
            <PersonPhone>
               <PhoneTypeCode>CEL</PhoneTypeCode>
               <PhoneArea>333</PhoneArea>
               <PhonePrefix>444</PhonePrefix>
               <PhoneSuffix>5555</PhoneSuffix>
               <DateOfInfo>11/14/2018 00:00:00</DateOfInfo>
            </PersonPhone>
         </Person>
         <IncidentPersonRole>
            <RoleType>DR</RoleType>
            <CreatorId>STATE_OFFICER11</CreatorId>
            <CreatorDate>12/15/2014 12:30:38</CreatorDate>
            <UpdatorId>TSTC</UpdatorId>
            <UpdatorDate>08/15/2023 20:32:19</UpdatorDate>
         </IncidentPersonRole>
      </IncidentPerson>
   </IncidentSupplement>
</Incident>