<?xml version="1.0" encoding="UTF-8"?>
<Incident xmlns:xsi="http://www.w3.org/2001/XMLSchema-instance"
          xsi:noNamespaceSchemaLocation="file:///C:/DATA/EJS/SVN_Root/Ejustice/trunk/XMLTransformations/OnlineRMSInternalToIncident/IAOnlineRMSIncidentImport.xsd">
   <IncidentReportNum>2014ISP0000505</IncidentReportNum>
   <AgencyCode>D42</AgencyCode>
   <ORINum>SC0280000</ORINum>
   <ReportDate>09/01/2014 17:24:00</ReportDate>
   <ReportTime>09/01/2014 17:24:00</ReportTime>
   <StartDate>09/01/2014 17:24:00</StartDate>
   <StartTime>09/01/2014 17:24:00</StartTime>
   <Summary>32672 testing</Summary>
   <CreatorId>STATE_OFFICER11</CreatorId>
   <CreatorDate>09/01/2014 17:24:06</CreatorDate>
   <UpdatorId>TSTC</UpdatorId>
   <UpdatorDate>09/09/2021 18:46:34</UpdatorDate>
   <IncidentType>
      <IncidentTypeCode>B/H</IncidentTypeCode>
   </IncidentType>
   <IncidentAddress>
      <AddressId>220</AddressId>
      <Beat>Test</Beat>
      <SubBeat>Area</SubBeat>
      <City>3</City>
      <CreatorId>STATE_OFFICER11</CreatorId>
      <CreatorDate>09/01/2014 17:26:04</CreatorDate>
      <UpdatorId>STATE_OFFICER11</UpdatorId>
      <UpdatorDate>10/13/2014 10:44:00</UpdatorDate>
      <Address>
         <AddressId>220</AddressId>
         <StreetNumber>334</StreetNumber>
         <StreetName>JEFFERSON</StreetName>
         <StreetTypeCode>ST</StreetTypeCode>
         <City>BRIDGEPORT</City>
         <StateCode>IL</StateCode>
         <Zip5>62417</Zip5>
         <Beat>Test</Beat>
         <SubBeat>Area</SubBeat>
         <AddressCommonName>
            <CommonPlaceName>District 42 test</CommonPlaceName>
         </AddressCommonName>
      </Address>
   </IncidentAddress>
   <IncidentSupplement>
      <SupplementSequence>0</SupplementSequence>
      <IncSupplementStatusCode>A</IncSupplementStatusCode>
      <SuppReportDate>09/01/2014 17:24:07</SuppReportDate>
      <SuppReportTime>09/01/2014 17:24:07</SuppReportTime>
      <AgencyOnly>N</AgencyOnly>
      <SecurityLevel>1201</SecurityLevel>
      <SuppAgencyCode>D42</SuppAgencyCode>
      <UnknownNoOffenders>N</UnknownNoOffenders>
      <DsIcrDate>09/15/2014 13:30:16</DsIcrDate>
      <DsIcrSubmissionStatus>NOT REPORTABLE</DsIcrSubmissionStatus>
      <CreatorId>STATE_OFFICER11</CreatorId>
      <CreatorDate>09/01/2014 17:24:07</CreatorDate>
      <UpdatorId>TSTC</UpdatorId>
      <UpdatorDate>08/05/2021 17:38:22</UpdatorDate>
      <IncidentSuppNarrative>
         <NarrativeNumber>1</NarrativeNumber>
         <NarrativeTitle>Original Narrative</NarrativeTitle>
         <NarrativeText>&amp;nbsp;test</NarrativeText>
         <CreatorId>STATE_OFFICER11</CreatorId>
         <CreatorDate>09/01/2014 17:29:29</CreatorDate>
         <UpdatorId>STATE_OFFICER11</UpdatorId>
         <UpdatorDate>09/01/2014 17:29:29</UpdatorDate>
      </IncidentSuppNarrative>
      <IncidentOfficer>
         <OfficerRoleCode>P</OfficerRoleCode>
         <Officer>
            <AgencyCode>D42</AgencyCode>
            <ORINumber>SC0280000</ORINumber>
            <LastName>Ranz</LastName>
            <FirstName>Greg</FirstName>
            <InternalID>9696</InternalID>
         </Officer>
      </IncidentOfficer>
      <IncidentOfficer>
         <OfficerRoleCode>R</OfficerRoleCode>
         <Officer>
            <AgencyCode>D42</AgencyCode>
            <ORINumber>SC0280000</ORINumber>
            <LastName>Ranz</LastName>
            <FirstName>Greg</FirstName>
            <InternalID>9696</InternalID>
         </Officer>
      </IncidentOfficer>
      <IncidentOffense>
         <IncidentId>1901</IncidentId>
         <OffenseNumber>1</OffenseNumber>
         <OffenseStatusCode>00</OffenseStatusCode>
         <OffenseCode>13-30-10-5</OffenseCode>
         <PlaceCode>45</PlaceCode>
         <BiasCode>88</BiasCode>
         <CSAUCode>C</CSAUCode>
         <SupplementSeq>0</SupplementSeq>
         <UCRNumber>1</UCRNumber>
         <OffenseStatusDate>09/01/2014 17:26:00</OffenseStatusDate>
         <AttemptedCompletedCode>C</AttemptedCompletedCode>
         <CreatorId>STATE_OFFICER11</CreatorId>
         <CreatorDate>09/01/2014 17:27:03</CreatorDate>
         <UpdatorId>STATE_OFFICER11</UpdatorId>
         <UpdatorDate>09/01/2014 17:27:06</UpdatorDate>
      </IncidentOffense>
      <IncidentPerson>
         <ApproxAge>BB</ApproxAge>
         <CreatorId>STATE_OFFICER11</CreatorId>
         <CreatorDate>09/01/2014 17:28:59</CreatorDate>
         <UpdatorId>TSTC</UpdatorId>
         <UpdatorDate>05/24/2023 12:41:18</UpdatorDate>
         <Person>
            <PersonId>585</PersonId>
            <RaceCode>W</RaceCode>
            <SexCode>M</SexCode>
            <PersonVerified>Y</PersonVerified>
            <PersonPrimaryName>
               <LastName>Poe</LastName>
               <FirstName>Panda</FirstName>
               <DOB>08/06/2014 00:00:00</DOB>
               <DateOfInfo>09/01/2014 17:28:07</DateOfInfo>
               <SLastName>P000</SLastName>
               <SFirstName>P530</SFirstName>
            </PersonPrimaryName>
            <PersonPrimaryName>
               <LastName>Name</LastName>
               <FirstName>Real</FirstName>
               <DateOfInfo>09/01/2014 00:00:00</DateOfInfo>
               <SLastName>N500</SLastName>
               <SFirstName>R400</SFirstName>
            </PersonPrimaryName>
            <Alias>
               <NameTypeCode>A</NameTypeCode>
               <LastName>Poe</LastName>
               <FirstName>Panda</FirstName>
               <DOB>08/06/2014 00:00:00</DOB>
               <SLastName>P000</SLastName>
               <SFirstName>P530</SFirstName>
               <DateOfInfo>09/01/2014 17:28:07</DateOfInfo>
            </Alias>
            <Alias>
               <NameTypeCode>P</NameTypeCode>
               <LastName>Name</LastName>
               <FirstName>Real</FirstName>
               <SLastName>N500</SLastName>
               <SFirstName>R400</SFirstName>
               <DateOfInfo>09/01/2014 00:00:00</DateOfInfo>
            </Alias>
         </Person>
         <IncidentPersonRole>
            <RoleType>S</RoleType>
            <CreatorId>STATE_OFFICER11</CreatorId>
            <CreatorDate>09/01/2014 17:29:00</CreatorDate>
            <UpdatorId>TSTC</UpdatorId>
            <UpdatorDate>08/15/2023 20:32:21</UpdatorDate>
         </IncidentPersonRole>
      </IncidentPerson>
      <IncidentPerson>
         <ApproxAge>18</ApproxAge>
         <ResidentStatusCode>R</ResidentStatusCode>
         <CreatorId>STATE_OFFICER11</CreatorId>
         <CreatorDate>09/01/2014 17:35:08</CreatorDate>
         <UpdatorId>TSTC</UpdatorId>
         <UpdatorDate>05/24/2023 12:41:18</UpdatorDate>
         <Person>
            <PersonId>586</PersonId>
            <RaceCode>W</RaceCode>
            <SexCode>F</SexCode>
            <PersonVerified>Y</PersonVerified>
            <PersonPrimaryName>
               <LastName>Victim</LastName>
               <FirstName>New</FirstName>
               <DOB>09/13/1995 00:00:00</DOB>
               <DateOfInfo>09/01/2014 17:34:44</DateOfInfo>
               <SLastName>V235</SLastName>
               <SFirstName>N000</SFirstName>
            </PersonPrimaryName>
            <PersonPrimaryName>
               <LastName>Cranny</LastName>
               <FirstName>Deborah</FirstName>
               <DateOfInfo>09/01/2014 00:00:00</DateOfInfo>
               <SLastName>C650</SLastName>
               <SFirstName>D160</SFirstName>
            </PersonPrimaryName>
            <Alias>
               <NameTypeCode>A</NameTypeCode>
               <LastName>Victim</LastName>
               <FirstName>New</FirstName>
               <DOB>09/13/1995 00:00:00</DOB>
               <SLastName>V235</SLastName>
               <SFirstName>N000</SFirstName>
               <DateOfInfo>09/01/2014 17:34:44</DateOfInfo>
            </Alias>
            <Alias>
               <NameTypeCode>A</NameTypeCode>
               <LastName>Cranny</LastName>
               <FirstName>Deborah</FirstName>
               <SLastName>C650</SLastName>
               <SFirstName>D160</SFirstName>
               <DateOfInfo>09/01/2014 00:00:00</DateOfInfo>
            </Alias>
         </Person>
         <IncidentPersonRole>
            <RoleType>V</RoleType>
            <CreatorId>STATE_OFFICER11</CreatorId>
            <CreatorDate>09/01/2014 17:35:08</CreatorDate>
            <UpdatorId>TSTC</UpdatorId>
            <UpdatorDate>08/15/2023 20:32:21</UpdatorDate>
         </IncidentPersonRole>
      </IncidentPerson>
      <IncidentPerson>
         <ApproxAge>55</ApproxAge>
         <CreatorId>STATE_OFFICER11</CreatorId>
         <CreatorDate>09/01/2014 17:37:27</CreatorDate>
         <UpdatorId>TSTC</UpdatorId>
         <UpdatorDate>05/24/2023 12:41:18</UpdatorDate>
         <Person>
            <PersonId>587</PersonId>
            <RaceCode>A</RaceCode>
            <SexCode>M</SexCode>
            <PersonVerified>Y</PersonVerified>
            <PersonPrimaryName>
               <LastName>Rough</LastName>
               <FirstName>Thomas</FirstName>
               <DateOfInfo>09/01/2014 00:00:00</DateOfInfo>
               <SLastName>R200</SLastName>
               <SFirstName>T520</SFirstName>
            </PersonPrimaryName>
            <PersonPrimaryName>
               <LastName>Witness</LastName>
               <FirstName>Person</FirstName>
               <DateOfInfo>09/01/2014 17:37:11</DateOfInfo>
               <SLastName>W352</SLastName>
               <SFirstName>P625</SFirstName>
            </PersonPrimaryName>
            <Alias>
               <NameTypeCode>P</NameTypeCode>
               <LastName>Rough</LastName>
               <FirstName>Thomas</FirstName>
               <SLastName>R200</SLastName>
               <SFirstName>T520</SFirstName>
               <DateOfInfo>09/01/2014 00:00:00</DateOfInfo>
            </Alias>
            <Alias>
               <NameTypeCode>A</NameTypeCode>
               <LastName>Witness</LastName>
               <FirstName>Person</FirstName>
               <SLastName>W352</SLastName>
               <SFirstName>P625</SFirstName>
               <DateOfInfo>09/01/2014 17:37:11</DateOfInfo>
            </Alias>
         </Person>
         <IncidentPersonRole>
            <RoleType>DR</RoleType>
            <CreatorId>STATE_OFFICER11</CreatorId>
            <CreatorDate>09/01/2014 17:37:27</CreatorDate>
            <UpdatorId>TSTC</UpdatorId>
            <UpdatorDate>08/15/2023 20:32:21</UpdatorDate>
         </IncidentPersonRole>
      </IncidentPerson>
      <IncidentPerson>
         <ApproxAge>53</ApproxAge>
         <CreatorId>STATE_OFFICER11</CreatorId>
         <CreatorDate>09/01/2014 17:42:27</CreatorDate>
         <UpdatorId>TSTC</UpdatorId>
         <UpdatorDate>05/24/2023 12:41:18</UpdatorDate>
         <Person>
            <PersonId>588</PersonId>
            <RaceCode>M</RaceCode>
            <SexCode>M</SexCode>
            <PersonVerified>Y</PersonVerified>
            <PersonPrimaryName>
               <LastName>Test</LastName>
               <FirstName>Person</FirstName>
               <DateOfInfo>09/01/2014 17:42:11</DateOfInfo>
               <SLastName>T230</SLastName>
               <SFirstName>P625</SFirstName>
            </PersonPrimaryName>
            <Alias>
               <NameTypeCode>P</NameTypeCode>
               <LastName>Test</LastName>
               <FirstName>Person</FirstName>
               <SLastName>T230</SLastName>
               <SFirstName>P625</SFirstName>
               <DateOfInfo>09/01/2014 17:42:11</DateOfInfo>
            </Alias>
         </Person>
         <IncidentPersonRole>
            <RoleType>S</RoleType>
            <CreatorId>STATE_OFFICER11</CreatorId>
            <CreatorDate>09/01/2014 17:42:27</CreatorDate>
            <UpdatorId>TSTC</UpdatorId>
            <UpdatorDate>08/15/2023 20:32:21</UpdatorDate>
         </IncidentPersonRole>
      </IncidentPerson>
   </IncidentSupplement>
   <IncidentSupplement>
      <SupplementSequence>1</SupplementSequence>
      <IncSupplementStatusCode>A</IncSupplementStatusCode>
      <SuppReportDate>09/01/2014 17:46:50</SuppReportDate>
      <SuppReportTime>09/01/2014 17:46:50</SuppReportTime>
      <AgencyOnly>N</AgencyOnly>
      <SecurityLevel>1201</SecurityLevel>
      <SuppAgencyCode>D42</SuppAgencyCode>
      <UnknownNoOffenders>N</UnknownNoOffenders>
      <DsIcrDate>09/15/2014 13:30:16</DsIcrDate>
      <DsIcrSubmissionStatus>NOT REPORTABLE</DsIcrSubmissionStatus>
      <CreatorId>STATE_OFFICER11</CreatorId>
      <CreatorDate>09/01/2014 17:46:50</CreatorDate>
      <UpdatorId>TSTC</UpdatorId>
      <UpdatorDate>08/05/2021 17:38:22</UpdatorDate>
      <IncidentSuppNarrative>
         <NarrativeNumber>1</NarrativeNumber>
         <NarrativeTitle>Supplement#1 - Narrative</NarrativeTitle>
         <NarrativeText>&amp;nbsp;asdfadfadf</NarrativeText>
         <CreatorId>STATE_OFFICER11</CreatorId>
         <CreatorDate>09/01/2014 17:50:55</CreatorDate>
         <UpdatorId>STATE_OFFICER11</UpdatorId>
         <UpdatorDate>09/01/2014 17:50:55</UpdatorDate>
      </IncidentSuppNarrative>
      <IncidentOfficer>
         <OfficerRoleCode>P</OfficerRoleCode>
         <Officer>
            <AgencyCode>D42</AgencyCode>
            <ORINumber>SC0280000</ORINumber>
            <LastName>Ranz</LastName>
            <FirstName>Greg</FirstName>
            <InternalID>9696</InternalID>
         </Officer>
      </IncidentOfficer>
      <IncidentOfficer>
         <OfficerRoleCode>R</OfficerRoleCode>
         <Officer>
            <AgencyCode>D42</AgencyCode>
            <ORINumber>SC0280000</ORINumber>
            <LastName>Ranz</LastName>
            <FirstName>Greg</FirstName>
            <InternalID>9696</InternalID>
         </Officer>
      </IncidentOfficer>
   </IncidentSupplement>
</Incident>