<?xml version="1.0" encoding="UTF-8"?>
<Incident xmlns:xsi="http://www.w3.org/2001/XMLSchema-instance"
          xsi:noNamespaceSchemaLocation="file:///C:/DATA/EJS/SVN_Root/Ejustice/trunk/XMLTransformations/OnlineRMSInternalToIncident/IAOnlineRMSIncidentImport.xsd">
   <IncidentReportNum>2014ISP0000558</IncidentReportNum>
   <AgencyCode>D42</AgencyCode>
   <ORINum>SC0280000</ORINum>
   <ReportDate>10/21/2014 18:09:00</ReportDate>
   <ReportTime>10/21/2014 18:09:00</ReportTime>
   <StartDate>10/21/2014 18:09:00</StartDate>
   <StartTime>10/01/2014 18:09:00</StartTime>
   <Summary>test</Summary>
   <CreatorId>JOHNDOE@GMAIL.COM8</CreatorId>
   <CreatorDate>10/21/2014 18:09:39</CreatorDate>
   <UpdatorId>TSTC</UpdatorId>
   <UpdatorDate>09/09/2021 18:46:34</UpdatorDate>
   <IncidentType>
      <IncidentTypeCode>B/V</IncidentTypeCode>
   </IncidentType>
   <IncidentAddress>
      <AddressId>384</AddressId>
      <CreatorId>TSTC</CreatorId>
      <CreatorDate>11/03/2014 12:45:26</CreatorDate>
      <UpdatorId>STATE_OSUPER1</UpdatorId>
      <UpdatorDate>11/04/2014 13:23:29</UpdatorDate>
      <Address>
         <AddressId>384</AddressId>
         <StreetNumber>123</StreetNumber>
         <StreetName>Fake</StreetName>
         <StreetTypeCode>ST</StreetTypeCode>
         <City>Chicago</City>
         <StateCode>IL</StateCode>
         <Zip5>60607</Zip5>
         <AddressCommonName>
            <CommonPlaceName>sidewalk</CommonPlaceName>
         </AddressCommonName>
      </Address>
   </IncidentAddress>
   <IncidentSupplement>
      <SupplementSequence>0</SupplementSequence>
      <IncSupplementStatusCode>A</IncSupplementStatusCode>
      <SuppReportDate>10/21/2014 18:09:40</SuppReportDate>
      <SuppReportTime>10/21/2014 18:09:40</SuppReportTime>
      <AgencyOnly>N</AgencyOnly>
      <SecurityLevel>1100</SecurityLevel>
      <SuppAgencyCode>D42</SuppAgencyCode>
      <UnknownNoOffenders>N</UnknownNoOffenders>
      <DsIcrDate>11/04/2014 13:23:39</DsIcrDate>
      <DsIcrSubmissionStatus>NOT REPORTABLE</DsIcrSubmissionStatus>
      <CreatorId>STATE_OFFICER13</CreatorId>
      <CreatorDate>10/21/2014 18:09:40</CreatorDate>
      <UpdatorId>TSTC</UpdatorId>
      <UpdatorDate>08/05/2021 17:38:21</UpdatorDate>
      <IncidentSuppNarrative>
         <NarrativeNumber>1</NarrativeNumber>
         <NarrativeTitle>Original Narrative</NarrativeTitle>
         <NarrativeText>test&lt;br /&gt;</NarrativeText>
         <CreatorId>STATE_OFFICER13</CreatorId>
         <CreatorDate>10/21/2014 18:09:52</CreatorDate>
         <UpdatorId>STATE_OFFICER13</UpdatorId>
         <UpdatorDate>10/21/2014 18:09:52</UpdatorDate>
      </IncidentSuppNarrative>
      <IncidentOfficer>
         <OfficerRoleCode>P</OfficerRoleCode>
         <Officer>
            <AgencyCode>D21</AgencyCode>
            <ORINumber>901234567</ORINumber>
            <LastName>Gordmanson</LastName>
            <FirstName>Christian (osuper)</FirstName>
            <InternalID>70</InternalID>
         </Officer>
      </IncidentOfficer>
      <IncidentOfficer>
         <OfficerRoleCode>R</OfficerRoleCode>
         <Officer>
            <AgencyCode>D42</AgencyCode>
            <ORINumber>SC0280000</ORINumber>
            <LastName>L'ivangood</LastName>
            <FirstName>D'erek</FirstName>
            <InternalID>0015</InternalID>
         </Officer>
      </IncidentOfficer>
   </IncidentSupplement>
</Incident>