<?xml version="1.0" encoding="UTF-8"?>
<Incident xmlns:xsi="http://www.w3.org/2001/XMLSchema-instance"
          xsi:noNamespaceSchemaLocation="file:///C:/DATA/EJS/SVN_Root/Ejustice/trunk/XMLTransformations/OnlineRMSInternalToIncident/IAOnlineRMSIncidentImport.xsd">
   <IncidentReportNum>2016D4210005</IncidentReportNum>
   <AgencyCode>D42</AgencyCode>
   <ORINum>SC0280000</ORINum>
   <ReportDate>01/26/2016 13:14:00</ReportDate>
   <ReportTime>01/26/2016 13:14:00</ReportTime>
   <StartDate>01/26/2016 13:14:00</StartDate>
   <StartTime>01/01/2016 13:14:00</StartTime>
   <Summary>tessting form</Summary>
   <CreatorId>STATE_OFFICER11</CreatorId>
   <CreatorDate>01/26/2016 13:14:28</CreatorDate>
   <UpdatorId>TSTC</UpdatorId>
   <UpdatorDate>09/09/2021 18:46:37</UpdatorDate>
   <IncidentType>
      <IncidentTypeCode>CAB</IncidentTypeCode>
   </IncidentType>
   <IncidentAddress>
      <AddressId>393</AddressId>
      <City>3</City>
      <CreatorId>STATE_OFFICER11</CreatorId>
      <CreatorDate>01/26/2016 13:15:06</CreatorDate>
      <UpdatorId>TSTC</UpdatorId>
      <UpdatorDate>01/26/2016 13:15:19</UpdatorDate>
      <Address>
         <AddressId>393</AddressId>
         <StreetNumber>512</StreetNumber>
         <StreetName>16th Street</StreetName>
         <StreetTypeCode>MALL</StreetTypeCode>
         <City>Denver</City>
         <StateCode>CO</StateCode>
         <Zip5>80202</Zip5>
         <CountryCode>US</CountryCode>
         <Longitude>-104.990881</Longitude>
         <Latitude>39.744183</Latitude>
         <AddressCommonName>
            <CommonPlaceName>Dead strip</CommonPlaceName>
         </AddressCommonName>
      </Address>
   </IncidentAddress>
   <IncidentSupplement>
      <SupplementSequence>0</SupplementSequence>
      <IncSupplementStatusCode>A</IncSupplementStatusCode>
      <SuppReportDate>01/26/2016 13:14:28</SuppReportDate>
      <SuppReportTime>01/26/2016 13:14:28</SuppReportTime>
      <AgencyOnly>N</AgencyOnly>
      <SecurityLevel>1201</SecurityLevel>
      <SuppAgencyCode>D42</SuppAgencyCode>
      <UnknownNoOffenders>N</UnknownNoOffenders>
      <DsIcrDate>01/27/2016 12:06:54</DsIcrDate>
      <DsIcrSubmissionStatus>NOT REPORTABLE</DsIcrSubmissionStatus>
      <CreatorId>STATE_OFFICER11</CreatorId>
      <CreatorDate>01/26/2016 13:14:28</CreatorDate>
      <UpdatorId>TSTC</UpdatorId>
      <UpdatorDate>08/05/2021 17:38:25</UpdatorDate>
      <IncidentSuppNarrative>
         <NarrativeNumber>1</NarrativeNumber>
         <NarrativeTitle>Original Narrative</NarrativeTitle>
         <NarrativeText>&amp;nbsp;adfadfa</NarrativeText>
         <CreatorId>STATE_OFFICER11</CreatorId>
         <CreatorDate>01/26/2016 13:16:07</CreatorDate>
         <UpdatorId>STATE_OFFICER11</UpdatorId>
         <UpdatorDate>01/26/2016 13:16:07</UpdatorDate>
      </IncidentSuppNarrative>
      <IncidentOfficer>
         <OfficerRoleCode>P</OfficerRoleCode>
         <Officer>
            <AgencyCode>D42</AgencyCode>
            <ORINumber>SC0280000</ORINumber>
            <LastName>Ranz</LastName>
            <FirstName>Greg</FirstName>
            <InternalID>9696</InternalID>
         </Officer>
      </IncidentOfficer>
      <IncidentOfficer>
         <OfficerRoleCode>R</OfficerRoleCode>
         <Officer>
            <AgencyCode>D42</AgencyCode>
            <ORINumber>SC0280000</ORINumber>
            <LastName>Ranz</LastName>
            <FirstName>Greg</FirstName>
            <InternalID>9696</InternalID>
         </Officer>
      </IncidentOfficer>
      <IncidentOffense>
         <IncidentId>2433</IncidentId>
         <OffenseNumber>1</OffenseNumber>
         <OffenseStatusCode>17</OffenseStatusCode>
         <OffenseCode>16-42-19-16</OffenseCode>
         <PlaceCode>42</PlaceCode>
         <BiasCode>88</BiasCode>
         <CSAUCode>A</CSAUCode>
         <SupplementSeq>0</SupplementSeq>
         <UCRNumber>1</UCRNumber>
         <OffenseStatusDate>01/26/2016 13:14:00</OffenseStatusDate>
         <AttemptedCompletedCode>A</AttemptedCompletedCode>
         <CreatorId>STATE_OFFICER11</CreatorId>
         <CreatorDate>01/26/2016 13:16:02</CreatorDate>
         <UpdatorId>STATE_OFFICER11</UpdatorId>
         <UpdatorDate>01/27/2016 11:57:51</UpdatorDate>
      </IncidentOffense>
   </IncidentSupplement>
</Incident>