<?xml version="1.0" encoding="UTF-8"?>
<Incident xmlns:xsi="http://www.w3.org/2001/XMLSchema-instance"
          xsi:noNamespaceSchemaLocation="file:///C:/DATA/EJS/SVN_Root/Ejustice/trunk/XMLTransformations/OnlineRMSInternalToIncident/IAOnlineRMSIncidentImport.xsd">
   <IncidentReportNum>2015ROOT0215</IncidentReportNum>
   <AgencyCode>D42</AgencyCode>
   <ORINum>SC0280000</ORINum>
   <ReportDate>10/30/2015 13:30:00</ReportDate>
   <ReportTime>10/30/2015 13:30:00</ReportTime>
   <StartDate>10/30/2015 13:30:00</StartDate>
   <StartTime>10/01/2015 13:30:00</StartTime>
   <Summary>asda</Summary>
   <CreatorId>STATE_OFFICER11</CreatorId>
   <CreatorDate>10/30/2015 13:30:35</CreatorDate>
   <UpdatorId>TSTC</UpdatorId>
   <UpdatorDate>09/09/2021 18:46:36</UpdatorDate>
   <IncidentType>
      <IncidentTypeCode>CAB</IncidentTypeCode>
   </IncidentType>
   <IncidentAddress>
      <AddressId>230</AddressId>
      <City>17</City>
      <CreatorId>STATE_OFFICER11</CreatorId>
      <CreatorDate>10/30/2015 13:31:00</CreatorDate>
      <UpdatorId>TSTC</UpdatorId>
      <UpdatorDate>10/30/2015 13:31:09</UpdatorDate>
      <Address>
         <AddressId>230</AddressId>
         <StreetNumber>4637</StreetNumber>
         <StreetName>HILTON</StreetName>
         <StreetTypeCode>AVE</StreetTypeCode>
         <SubTypeCode>APT</SubTypeCode>
         <SubNumber>K</SubNumber>
         <City>COLUMBUS</City>
         <StateCode>OH</StateCode>
         <Zip5>43228</Zip5>
         <Beat>Test</Beat>
         <SubBeat>Area</SubBeat>
         <AddressCommonName>
            <CommonPlaceName>Dead strip</CommonPlaceName>
         </AddressCommonName>
      </Address>
   </IncidentAddress>
   <IncidentSupplement>
      <SupplementSequence>0</SupplementSequence>
      <IncSupplementStatusCode>A</IncSupplementStatusCode>
      <SuppReportDate>10/30/2015 13:30:35</SuppReportDate>
      <SuppReportTime>10/30/2015 13:30:35</SuppReportTime>
      <AgencyOnly>N</AgencyOnly>
      <SecurityLevel>1201</SecurityLevel>
      <SuppAgencyCode>D42</SuppAgencyCode>
      <UnknownNoOffenders>N</UnknownNoOffenders>
      <DsIcrDate>10/30/2015 13:37:23</DsIcrDate>
      <DsIcrSubmissionStatus>NOT REPORTABLE</DsIcrSubmissionStatus>
      <CreatorId>STATE_OFFICER11</CreatorId>
      <CreatorDate>10/30/2015 13:30:35</CreatorDate>
      <UpdatorId>TSTC</UpdatorId>
      <UpdatorDate>08/05/2021 17:38:24</UpdatorDate>
      <IncidentSuppNarrative>
         <NarrativeNumber>1</NarrativeNumber>
         <NarrativeTitle>Original Narrative</NarrativeTitle>
         <NarrativeText>&amp;nbsp;adfasdf</NarrativeText>
         <CreatorId>STATE_OFFICER11</CreatorId>
         <CreatorDate>10/30/2015 13:36:30</CreatorDate>
         <UpdatorId>STATE_OFFICER11</UpdatorId>
         <UpdatorDate>10/30/2015 13:36:30</UpdatorDate>
      </IncidentSuppNarrative>
      <IncidentOfficer>
         <OfficerRoleCode>P</OfficerRoleCode>
         <Officer>
            <AgencyCode>D42</AgencyCode>
            <ORINumber>SC0280000</ORINumber>
            <LastName>Ranz</LastName>
            <FirstName>Greg</FirstName>
            <InternalID>9696</InternalID>
         </Officer>
      </IncidentOfficer>
      <IncidentOfficer>
         <OfficerRoleCode>R</OfficerRoleCode>
         <Officer>
            <AgencyCode>D42</AgencyCode>
            <ORINumber>SC0280000</ORINumber>
            <LastName>Ranz</LastName>
            <FirstName>Greg</FirstName>
            <InternalID>9696</InternalID>
         </Officer>
      </IncidentOfficer>
      <IncidentOffense>
         <IncidentId>2403</IncidentId>
         <OffenseNumber>1</OffenseNumber>
         <OffenseStatusCode>00</OffenseStatusCode>
         <OffenseCode>16-42-19-16</OffenseCode>
         <PlaceCode>42</PlaceCode>
         <BiasCode>88</BiasCode>
         <CSAUCode>C</CSAUCode>
         <SupplementSeq>0</SupplementSeq>
         <UCRNumber>1</UCRNumber>
         <OffenseStatusDate>10/30/2015 13:30:00</OffenseStatusDate>
         <AttemptedCompletedCode>C</AttemptedCompletedCode>
         <CreatorId>STATE_OFFICER11</CreatorId>
         <CreatorDate>10/30/2015 13:31:48</CreatorDate>
         <UpdatorId>STATE_OFFICER11</UpdatorId>
         <UpdatorDate>10/30/2015 13:31:48</UpdatorDate>
      </IncidentOffense>
      <IncidentPerson>
         <ApproxAge>35</ApproxAge>
         <CreatorId>STATE_OFFICER11</CreatorId>
         <CreatorDate>10/30/2015 13:32:52</CreatorDate>
         <UpdatorId>TSTC</UpdatorId>
         <UpdatorDate>05/24/2023 12:41:23</UpdatorDate>
         <Person>
            <PersonId>527</PersonId>
            <RaceCode>H</RaceCode>
            <SexCode>M</SexCode>
            <PersonVerified>Y</PersonVerified>
            <PersonPrimaryName>
               <LastName>Hallorn</LastName>
               <FirstName>James</FirstName>
               <MiddleName>Bob</MiddleName>
               <DateOfInfo>03/21/2014 16:01:03</DateOfInfo>
               <SLastName>H465</SLastName>
               <SFirstName>J520</SFirstName>
            </PersonPrimaryName>
            <Alias>
               <NameTypeCode>P</NameTypeCode>
               <LastName>Hallorn</LastName>
               <FirstName>James</FirstName>
               <MiddleName>Bob</MiddleName>
               <SLastName>H465</SLastName>
               <SFirstName>J520</SFirstName>
               <DateOfInfo>03/21/2014 16:01:03</DateOfInfo>
            </Alias>
            <PersonAddress>
               <StreetNumber>6482</StreetNumber>
               <StreetName>Brighton</StreetName>
               <StreetTypeCode>ST</StreetTypeCode>
               <City>JASPER</City>
               <StateCode>CO</StateCode>
               <CountryCode>US</CountryCode>
               <Longitude>-104.804302</Longitude>
               <Latitude>39.915093</Latitude>
            </PersonAddress>
         </Person>
         <IncidentPersonRole>
            <RoleType>S</RoleType>
            <CreatorId>STATE_OFFICER11</CreatorId>
            <CreatorDate>10/30/2015 13:32:52</CreatorDate>
            <UpdatorId>TSTC</UpdatorId>
            <UpdatorDate>08/15/2023 20:32:22</UpdatorDate>
         </IncidentPersonRole>
      </IncidentPerson>
      <IncidentPerson>
         <ApproxAge>39</ApproxAge>
         <ResidentStatusCode>R</ResidentStatusCode>
         <CreatorId>STATE_OFFICER11</CreatorId>
         <CreatorDate>10/30/2015 13:35:30</CreatorDate>
         <UpdatorId>TSTC</UpdatorId>
         <UpdatorDate>05/24/2023 12:41:23</UpdatorDate>
         <Person>
            <PersonId>20</PersonId>
            <RaceCode>W</RaceCode>
            <SexCode>U</SexCode>
            <PersonVerified>Y</PersonVerified>
            <PersonPrimaryName>
               <LastName>Thompson</LastName>
               <FirstName>Terry</FirstName>
               <DateOfInfo>02/18/2012 18:48:11</DateOfInfo>
               <SLastName>T512</SLastName>
               <SFirstName>T600</SFirstName>
            </PersonPrimaryName>
            <PersonPrimaryName>
               <LastName>Thompsonsen</LastName>
               <FirstName>Theodore</FirstName>
               <DateOfInfo>03/01/2013 00:00:00</DateOfInfo>
               <SLastName>T512</SLastName>
               <SFirstName>T360</SFirstName>
            </PersonPrimaryName>
            <Alias>
               <NameTypeCode>A</NameTypeCode>
               <LastName>Thompson</LastName>
               <FirstName>Terry</FirstName>
               <SLastName>T512</SLastName>
               <SFirstName>T600</SFirstName>
               <DateOfInfo>02/18/2012 18:48:11</DateOfInfo>
            </Alias>
            <Alias>
               <NameTypeCode>P</NameTypeCode>
               <LastName>Thompsonsen</LastName>
               <FirstName>Theodore</FirstName>
               <SLastName>T512</SLastName>
               <SFirstName>T360</SFirstName>
               <DateOfInfo>03/01/2013 00:00:00</DateOfInfo>
            </Alias>
            <PersonAddress>
               <StreetNumber>752</StreetNumber>
               <StreetDirCode>E</StreetDirCode>
               <StreetName>Coil</StreetName>
               <StreetTypeCode>APTS</StreetTypeCode>
               <SubTypeCode>BSMT</SubTypeCode>
               <City>INDIANAPOLIS</City>
               <StateCode>IN</StateCode>
               <Zip5>43221</Zip5>
               <Zip4>5</Zip4>
               <CountryCode>US</CountryCode>
               <CountyCode>27</CountyCode>
               <Longitude>-86.14465</Longitude>
               <Latitude>39.874427</Latitude>
               <Beat>Test</Beat>
               <SubBeat>Area</SubBeat>
            </PersonAddress>
         </Person>
         <IncidentPersonRole>
            <RoleType>V</RoleType>
            <CreatorId>STATE_OFFICER11</CreatorId>
            <CreatorDate>10/30/2015 13:35:30</CreatorDate>
            <UpdatorId>TSTC</UpdatorId>
            <UpdatorDate>08/15/2023 20:32:22</UpdatorDate>
         </IncidentPersonRole>
      </IncidentPerson>
      <IncidentPerson>
         <ApproxAge>38</ApproxAge>
         <ResidentStatusCode>R</ResidentStatusCode>
         <CreatorId>STATE_OFFICER11</CreatorId>
         <CreatorDate>10/30/2015 13:36:22</CreatorDate>
         <UpdatorId>TSTC</UpdatorId>
         <UpdatorDate>05/24/2023 12:41:23</UpdatorDate>
         <Person>
            <PersonId>169</PersonId>
            <RaceCode>U</RaceCode>
            <SexCode>U</SexCode>
            <PersonVerified>Y</PersonVerified>
            <PersonPrimaryName>
               <LastName>WATSON</LastName>
               <FirstName>JOHN</FirstName>
               <MiddleName>W</MiddleName>
               <DateOfInfo>06/06/2012 13:56:18</DateOfInfo>
               <SLastName>W325</SLastName>
               <SFirstName>J500</SFirstName>
            </PersonPrimaryName>
            <Alias>
               <NameTypeCode>P</NameTypeCode>
               <LastName>WATSON</LastName>
               <FirstName>JOHN</FirstName>
               <MiddleName>W</MiddleName>
               <SLastName>W325</SLastName>
               <SFirstName>J500</SFirstName>
               <DateOfInfo>06/06/2012 13:56:18</DateOfInfo>
            </Alias>
         </Person>
         <IncidentPersonRole>
            <RoleType>CP</RoleType>
            <CreatorId>STATE_OFFICER11</CreatorId>
            <CreatorDate>10/30/2015 13:36:22</CreatorDate>
            <UpdatorId>TSTC</UpdatorId>
            <UpdatorDate>08/15/2023 20:32:22</UpdatorDate>
         </IncidentPersonRole>
      </IncidentPerson>
   </IncidentSupplement>
</Incident>