<?xml version="1.0" encoding="UTF-8"?>
<Incident xmlns:xsi="http://www.w3.org/2001/XMLSchema-instance"
          xsi:noNamespaceSchemaLocation="file:///C:/DATA/EJS/SVN_Root/Ejustice/trunk/XMLTransformations/OnlineRMSInternalToIncident/IAOnlineRMSIncidentImport.xsd">
   <IncidentReportNum>2016D4210035</IncidentReportNum>
   <AgencyCode>D42</AgencyCode>
   <ORINum>SC0280000</ORINum>
   <ReportDate>05/10/2016 15:24:00</ReportDate>
   <ReportTime>05/10/2016 15:24:00</ReportTime>
   <StartDate>05/10/2016 15:24:00</StartDate>
   <StartTime>05/01/2016 15:24:00</StartTime>
   <Summary>dfdfger</Summary>
   <CreatorId>D42_TESTING</CreatorId>
   <CreatorDate>05/10/2016 15:24:05</CreatorDate>
   <UpdatorId>TSTC</UpdatorId>
   <UpdatorDate>09/09/2021 18:46:37</UpdatorDate>
   <IncidentType>
      <IncidentTypeCode>PMJ</IncidentTypeCode>
   </IncidentType>
   <IncidentAddress>
      <IncAddrComment>Sdfsdf</IncAddrComment>
      <AddressId>332</AddressId>
      <City>4</City>
      <CreatorId>D42_TESTING</CreatorId>
      <CreatorDate>05/10/2016 15:24:39</CreatorDate>
      <UpdatorId>TSTC</UpdatorId>
      <UpdatorDate>05/10/2016 15:24:47</UpdatorDate>
      <Address>
         <AddressId>332</AddressId>
         <StreetNumber>123</StreetNumber>
         <StreetDirCode>N</StreetDirCode>
         <StreetName>Automation</StreetName>
         <StreetTypeCode>RD</StreetTypeCode>
         <SubTypeCode>TRLR</SubTypeCode>
         <CountryCode>US</CountryCode>
         <Beat>21</Beat>
         <SubBeat>1</SubBeat>
         <AddressCommonName>
            <CommonPlaceName>Dead strip</CommonPlaceName>
         </AddressCommonName>
      </Address>
   </IncidentAddress>
   <IncidentSupplement>
      <SupplementSequence>0</SupplementSequence>
      <IncSupplementStatusCode>A</IncSupplementStatusCode>
      <SuppReportDate>05/10/2016 15:24:05</SuppReportDate>
      <SuppReportTime>05/10/2016 15:24:05</SuppReportTime>
      <AgencyOnly>N</AgencyOnly>
      <SecurityLevel>1201</SecurityLevel>
      <SuppAgencyCode>D42</SuppAgencyCode>
      <UnknownNoOffenders>N</UnknownNoOffenders>
      <DsIcrDate>07/24/2017 10:22:54</DsIcrDate>
      <DsIcrSubmissionStatus>NOT REPORTABLE</DsIcrSubmissionStatus>
      <CreatorId>D42_TESTING</CreatorId>
      <CreatorDate>05/10/2016 15:24:05</CreatorDate>
      <UpdatorId>TSTC</UpdatorId>
      <UpdatorDate>08/05/2021 17:38:24</UpdatorDate>
      <IncidentSuppNarrative>
         <NarrativeNumber>1</NarrativeNumber>
         <NarrativeTitle>Original Narrative</NarrativeTitle>
         <NarrativeText>sdfgsdfg</NarrativeText>
         <CreatorId>D42_TESTING</CreatorId>
         <CreatorDate>05/10/2016 15:25:40</CreatorDate>
         <UpdatorId>D42_TESTING</UpdatorId>
         <UpdatorDate>05/10/2016 15:25:40</UpdatorDate>
      </IncidentSuppNarrative>
      <IncidentOfficer>
         <OfficerRoleCode>P</OfficerRoleCode>
         <Officer>
            <AgencyCode>D42</AgencyCode>
            <ORINumber>SC0280000</ORINumber>
            <LastName>Ranz</LastName>
            <FirstName>Greg</FirstName>
            <InternalID>9696</InternalID>
         </Officer>
      </IncidentOfficer>
      <IncidentOfficer>
         <OfficerRoleCode>R</OfficerRoleCode>
         <Officer>
            <AgencyCode>D42</AgencyCode>
            <ORINumber>SC0280000</ORINumber>
            <LastName>Testing</LastName>
            <FirstName>D42</FirstName>
            <InternalID>888999</InternalID>
         </Officer>
      </IncidentOfficer>
      <IncidentOffense>
         <IncidentId>2489</IncidentId>
         <OffenseNumber>1</OffenseNumber>
         <OffenseStatusCode>00</OffenseStatusCode>
         <OffenseCode>16-42-19-16</OffenseCode>
         <PlaceCode>40</PlaceCode>
         <BiasCode>88</BiasCode>
         <CSAUCode>C</CSAUCode>
         <SupplementSeq>0</SupplementSeq>
         <UCRNumber>1</UCRNumber>
         <OffenseStatusDate>05/10/2016 15:24:00</OffenseStatusDate>
         <AttemptedCompletedCode>C</AttemptedCompletedCode>
         <ArrestChargeCode>16-42-19-16</ArrestChargeCode>
         <CreatorId>D42_TESTING</CreatorId>
         <CreatorDate>05/10/2016 15:25:33</CreatorDate>
         <UpdatorId>D42_TESTING</UpdatorId>
         <UpdatorDate>05/10/2016 15:25:33</UpdatorDate>
      </IncidentOffense>
   </IncidentSupplement>
</Incident>