<?xml version="1.0" encoding="UTF-8"?>
<Incident xmlns:xsi="http://www.w3.org/2001/XMLSchema-instance"
          xsi:noNamespaceSchemaLocation="file:///C:/DATA/EJS/SVN_Root/Ejustice/trunk/XMLTransformations/OnlineRMSInternalToIncident/IAOnlineRMSIncidentImport.xsd">
   <IncidentReportNum>2015ROOT0164</IncidentReportNum>
   <AgencyCode>D42</AgencyCode>
   <ORINum>SC0280000</ORINum>
   <ReportDate>08/06/2015 15:23:00</ReportDate>
   <ReportTime>08/06/2015 15:23:00</ReportTime>
   <StartDate>08/06/2015 15:23:00</StartDate>
   <StartTime>08/01/2015 15:23:00</StartTime>
   <Summary>testing</Summary>
   <CreatorId>OFFICER_DMM</CreatorId>
   <CreatorDate>07/30/2015 13:51:41</CreatorDate>
   <UpdatorId>TSTC</UpdatorId>
   <UpdatorDate>09/09/2021 18:46:36</UpdatorDate>
   <IncidentType>
      <IncidentTypeCode>CAB</IncidentTypeCode>
   </IncidentType>
   <IncidentType>
      <IncidentTypeCode>CAD</IncidentTypeCode>
   </IncidentType>
   <IncidentAddress>
      <AddressId>493</AddressId>
      <Beat>Test</Beat>
      <SubBeat>Area</SubBeat>
      <City>5</City>
      <CreatorId>OFFICER_DMM</CreatorId>
      <CreatorDate>07/30/2015 13:52:13</CreatorDate>
      <UpdatorId>OFFICER_DMM</UpdatorId>
      <UpdatorDate>08/07/2015 12:01:26</UpdatorDate>
      <Address>
         <AddressId>493</AddressId>
         <StreetNumber>1242</StreetNumber>
         <StreetDirCode>N</StreetDirCode>
         <StreetName>Crescent Heights</StreetName>
         <StreetTypeCode>BLVD</StreetTypeCode>
         <StreetSuffixCode>N</StreetSuffixCode>
         <SubTypeCode>PH</SubTypeCode>
         <SubNumber>123</SubNumber>
         <City>West Hollywood</City>
         <StateCode>CA</StateCode>
         <Zip5>90046</Zip5>
         <CountryCode>US</CountryCode>
         <Beat>Test</Beat>
         <SubBeat>Area</SubBeat>
         <Longitude>-118.365477</Longitude>
         <Latitude>34.093056</Latitude>
      </Address>
   </IncidentAddress>
   <IncidentSupplement>
      <SupplementSequence>0</SupplementSequence>
      <IncSupplementStatusCode>A</IncSupplementStatusCode>
      <SuppReportDate>07/30/2015 13:51:41</SuppReportDate>
      <SuppReportTime>07/30/2015 13:51:41</SuppReportTime>
      <AgencyOnly>N</AgencyOnly>
      <SecurityLevel>400</SecurityLevel>
      <SuppAgencyCode>D42</SuppAgencyCode>
      <UnknownNoOffenders>N</UnknownNoOffenders>
      <DsIcrDate>08/07/2015 12:07:56</DsIcrDate>
      <DsIcrSubmissionStatus>SENT WAITING FOR RESPONSE</DsIcrSubmissionStatus>
      <CreatorId>OFFICER_DMM</CreatorId>
      <CreatorDate>07/30/2015 13:51:41</CreatorDate>
      <UpdatorId>TSTC</UpdatorId>
      <UpdatorDate>08/05/2021 17:38:24</UpdatorDate>
      <IncidentSuppNarrative>
         <NarrativeNumber>1</NarrativeNumber>
         <NarrativeTitle>Original Narrative</NarrativeTitle>
         <NarrativeText>&amp;nbsp;test</NarrativeText>
         <CreatorId>OFFICER_DMM</CreatorId>
         <CreatorDate>08/07/2015 12:03:15</CreatorDate>
         <UpdatorId>OFFICER_DMM</UpdatorId>
         <UpdatorDate>08/07/2015 12:03:15</UpdatorDate>
      </IncidentSuppNarrative>
      <IncidentOfficer>
         <OfficerRoleCode>P</OfficerRoleCode>
         <Officer>
            <AgencyCode>D42</AgencyCode>
            <ORINumber>SC0280000</ORINumber>
            <LastName>McMillan</LastName>
            <FirstName>Dana</FirstName>
            <InternalID>DMM12345</InternalID>
         </Officer>
      </IncidentOfficer>
      <IncidentOfficer>
         <OfficerRoleCode>R</OfficerRoleCode>
         <Officer>
            <AgencyCode>D42</AgencyCode>
            <ORINumber>SC0280000</ORINumber>
            <LastName>Gerber</LastName>
            <FirstName>Henry (Sup)</FirstName>
            <InternalID>445</InternalID>
         </Officer>
      </IncidentOfficer>
      <IncidentOffense>
         <IncidentId>2343</IncidentId>
         <OffenseNumber>1</OffenseNumber>
         <OffenseStatusCode>00</OffenseStatusCode>
         <OffenseCode>35-43-1-1</OffenseCode>
         <PlaceCode>45</PlaceCode>
         <BiasCode>61</BiasCode>
         <CSAUCode>A</CSAUCode>
         <SupplementSeq>0</SupplementSeq>
         <UCRNumber>1</UCRNumber>
         <OffenseStatusDate>08/06/2015 15:23:00</OffenseStatusDate>
         <AttemptedCompletedCode>A</AttemptedCompletedCode>
         <ArrestChargeCode>35-43-1-1</ArrestChargeCode>
         <CreatorId>OFFICER_DMM</CreatorId>
         <CreatorDate>08/07/2015 10:47:29</CreatorDate>
         <UpdatorId>OFFICER_DMM</UpdatorId>
         <UpdatorDate>08/07/2015 12:02:10</UpdatorDate>
      </IncidentOffense>
      <IncidentPerson>
         <ApproxAge>37</ApproxAge>
         <ResidentStatusCode>R</ResidentStatusCode>
         <CreatorId>OFFICER_DMM</CreatorId>
         <CreatorDate>08/07/2015 12:02:35</CreatorDate>
         <UpdatorId>TSTC</UpdatorId>
         <UpdatorDate>05/24/2023 12:41:19</UpdatorDate>
         <Person>
            <PersonId>659</PersonId>
            <RaceCode>H</RaceCode>
            <SexCode>M</SexCode>
            <PersonVerified>Y</PersonVerified>
            <PersonPrimaryName>
               <LastName>Taylor</LastName>
               <FirstName>Jason</FirstName>
               <MiddleName>Andrew</MiddleName>
               <DOB>05/26/1978 00:00:00</DOB>
               <SSN>3.88466354E8</SSN>
               <DateOfInfo>12/04/2014 15:27:06</DateOfInfo>
               <SLastName>T460</SLastName>
               <SFirstName>J250</SFirstName>
            </PersonPrimaryName>
            <Alias>
               <NameTypeCode>P</NameTypeCode>
               <LastName>Taylor</LastName>
               <FirstName>Jason</FirstName>
               <MiddleName>Andrew</MiddleName>
               <DOB>05/26/1978 00:00:00</DOB>
               <SSN>3.88466354E8</SSN>
               <SLastName>T460</SLastName>
               <SFirstName>J250</SFirstName>
               <DateOfInfo>12/04/2014 15:27:06</DateOfInfo>
            </Alias>
            <PersonAddress>
               <StreetNumber>652</StreetNumber>
               <StreetDirCode>E</StreetDirCode>
               <StreetName>Sherman</StreetName>
               <StreetTypeCode>LN</StreetTypeCode>
               <SubTypeCode>APT</SubTypeCode>
               <SubNumber>3</SubNumber>
               <City>LAFAYETTE</City>
               <StateCode>IN</StateCode>
               <Zip5>56447</Zip5>
               <CountryCode>US</CountryCode>
            </PersonAddress>
            <PersonPhone>
               <PhoneTypeCode>RES</PhoneTypeCode>
               <PhoneArea>562</PhoneArea>
               <PhonePrefix>448</PhonePrefix>
               <PhoneSuffix>7555</PhoneSuffix>
               <DateOfInfo>12/04/2014 00:00:00</DateOfInfo>
            </PersonPhone>
            <PersonPhone>
               <PhoneTypeCode>CEL</PhoneTypeCode>
               <PhoneArea>658</PhoneArea>
               <PhonePrefix>441</PhonePrefix>
               <PhoneSuffix>2444</PhoneSuffix>
               <DateOfInfo>12/04/2014 00:00:00</DateOfInfo>
            </PersonPhone>
         </Person>
         <IncidentPersonRole>
            <RoleType>S</RoleType>
            <CreatorId>OFFICER_DMM</CreatorId>
            <CreatorDate>08/07/2015 12:02:35</CreatorDate>
            <UpdatorId>TSTC</UpdatorId>
            <UpdatorDate>08/15/2023 20:32:19</UpdatorDate>
         </IncidentPersonRole>
      </IncidentPerson>
      <IncidentPerson>
         <ApproxAge>40</ApproxAge>
         <ResidentStatusCode>R</ResidentStatusCode>
         <CreatorId>OFFICER_DMM</CreatorId>
         <CreatorDate>08/07/2015 12:07:20</CreatorDate>
         <UpdatorId>TSTC</UpdatorId>
         <UpdatorDate>05/24/2023 12:41:19</UpdatorDate>
         <Person>
            <PersonId>218</PersonId>
            <RaceCode>U</RaceCode>
            <SexCode>U</SexCode>
            <PersonVerified>Y</PersonVerified>
            <PersonPrimaryName>
               <LastName>RANARD</LastName>
               <FirstName>MARC</FirstName>
               <MiddleName>A</MiddleName>
               <DateOfInfo>06/06/2012 14:19:07</DateOfInfo>
               <SLastName>R563</SLastName>
               <SFirstName>M620</SFirstName>
            </PersonPrimaryName>
            <Alias>
               <NameTypeCode>A</NameTypeCode>
               <LastName>RANARD</LastName>
               <FirstName>MARC</FirstName>
               <MiddleName>A</MiddleName>
               <SLastName>R563</SLastName>
               <SFirstName>M620</SFirstName>
               <DateOfInfo>06/06/2012 14:19:07</DateOfInfo>
            </Alias>
         </Person>
         <IncidentPersonRole>
            <RoleType>V</RoleType>
            <CreatorId>OFFICER_DMM</CreatorId>
            <CreatorDate>08/07/2015 12:07:20</CreatorDate>
            <UpdatorId>TSTC</UpdatorId>
            <UpdatorDate>08/15/2023 20:32:19</UpdatorDate>
         </IncidentPersonRole>
      </IncidentPerson>
      <IncidentProperty>
         <RoleCode>1</RoleCode>
         <CreatorId>OFFICER_DMM</CreatorId>
         <CreatorDate>08/07/2015 12:03:00</CreatorDate>
         <UpdatorId>TSTC</UpdatorId>
         <UpdatorDate>08/10/2017 23:00:44</UpdatorDate>
         <StatusCode>1</StatusCode>
         <Evidence>N</Evidence>
         <EvidenceFlag>N</EvidenceFlag>
      </IncidentProperty>
   </IncidentSupplement>
</Incident>