<?xml version="1.0" encoding="UTF-8"?>
<Incident xmlns:xsi="http://www.w3.org/2001/XMLSchema-instance"
          xsi:noNamespaceSchemaLocation="file:///C:/DATA/EJS/SVN_Root/Ejustice/trunk/XMLTransformations/OnlineRMSInternalToIncident/IAOnlineRMSIncidentImport.xsd">
   <IncidentReportNum>2015ROOT0134</IncidentReportNum>
   <AgencyCode>D42</AgencyCode>
   <ORINum>SC0280000</ORINum>
   <ReportDate>07/06/2015 11:02:00</ReportDate>
   <ReportTime>07/06/2015 11:02:00</ReportTime>
   <StartDate>07/06/2015 11:02:00</StartDate>
   <StartTime>07/01/2015 11:02:00</StartTime>
   <CreatorId>42CIDSUP</CreatorId>
   <CreatorDate>07/06/2015 11:02:28</CreatorDate>
   <UpdatorId>TSTC</UpdatorId>
   <UpdatorDate>09/09/2021 18:46:36</UpdatorDate>
   <IncidentType>
      <IncidentTypeCode>B/V</IncidentTypeCode>
   </IncidentType>
   <IncidentAddress>
      <AddressId>430</AddressId>
      <Beat>104</Beat>
      <SubBeat>West Patrol</SubBeat>
      <City>3</City>
      <CreatorId>42CIDSUP</CreatorId>
      <CreatorDate>07/06/2015 11:03:06</CreatorDate>
      <UpdatorId>42CIDSUP</UpdatorId>
      <UpdatorDate>08/03/2015 16:27:00</UpdatorDate>
      <Address>
         <AddressId>430</AddressId>
         <StreetNumber>24</StreetNumber>
         <StreetName>Blue Ridge</StreetName>
         <StreetTypeCode>RD</StreetTypeCode>
         <City>Indianapolis</City>
         <StateCode>IN</StateCode>
         <Zip5>46208</Zip5>
         <Zip4>8888</Zip4>
         <CountryCode>US</CountryCode>
         <Beat>D2</Beat>
         <SubBeat>Sub D2</SubBeat>
         <Longitude>-86.159319</Longitude>
         <Latitude>39.837572</Latitude>
         <AddressCommonName>
            <CommonPlaceName>Health Center</CommonPlaceName>
         </AddressCommonName>
      </Address>
   </IncidentAddress>
   <IncidentSupplement>
      <SupplementSequence>0</SupplementSequence>
      <IncSupplementStatusCode>A</IncSupplementStatusCode>
      <SuppReportDate>07/06/2015 11:02:28</SuppReportDate>
      <SuppReportTime>07/06/2015 11:02:28</SuppReportTime>
      <AgencyOnly>N</AgencyOnly>
      <SecurityLevel>1700</SecurityLevel>
      <SuppAgencyCode>D42</SuppAgencyCode>
      <UnknownNoOffenders>N</UnknownNoOffenders>
      <DsIcrDate>08/03/2015 16:27:32</DsIcrDate>
      <DsIcrSubmissionStatus>SENT WAITING FOR RESPONSE</DsIcrSubmissionStatus>
      <CreatorId>42CIDSUP</CreatorId>
      <CreatorDate>07/06/2015 11:02:28</CreatorDate>
      <UpdatorId>TSTC</UpdatorId>
      <UpdatorDate>08/05/2021 17:38:23</UpdatorDate>
      <IncidentSuppNarrative>
         <NarrativeNumber>1</NarrativeNumber>
         <NarrativeTitle>Original Narrative</NarrativeTitle>
         <NarrativeText>&amp;nbsp;sdaffasd</NarrativeText>
         <CreatorId>42CIDSUP</CreatorId>
         <CreatorDate>07/27/2015 10:41:53</CreatorDate>
         <UpdatorId>42CIDSUP</UpdatorId>
         <UpdatorDate>07/27/2015 10:41:53</UpdatorDate>
      </IncidentSuppNarrative>
      <IncidentOfficer>
         <OfficerRoleCode>P</OfficerRoleCode>
         <Officer>
            <AgencyCode>D22</AgencyCode>
            <ORINumber>147258369</ORINumber>
            <LastName>Collins</LastName>
            <FirstName>Sgt.</FirstName>
            <InternalID>5513</InternalID>
         </Officer>
      </IncidentOfficer>
      <IncidentOfficer>
         <OfficerRoleCode>R</OfficerRoleCode>
         <Officer>
            <AgencyCode>D22</AgencyCode>
            <ORINumber>147258369</ORINumber>
            <LastName>Collins</LastName>
            <FirstName>Sgt.</FirstName>
            <InternalID>5513</InternalID>
         </Officer>
      </IncidentOfficer>
      <IncidentOffense>
         <IncidentId>2307</IncidentId>
         <OffenseNumber>2</OffenseNumber>
         <OffenseStatusCode>00</OffenseStatusCode>
         <OffenseCode>35-48-4-1</OffenseCode>
         <PlaceCode>41</PlaceCode>
         <BiasCode>88</BiasCode>
         <CSAUCode>C</CSAUCode>
         <SupplementSeq>0</SupplementSeq>
         <UCRNumber>1</UCRNumber>
         <OffenseStatusDate>07/06/2015 11:02:00</OffenseStatusDate>
         <AttemptedCompletedCode>C</AttemptedCompletedCode>
         <ArrestChargeCode>35-48-4-1</ArrestChargeCode>
         <CreatorId>PDPD8</CreatorId>
         <CreatorDate>07/13/2015 15:45:31</CreatorDate>
         <UpdatorId>TSTC</UpdatorId>
         <UpdatorDate>07/12/2017 13:33:18</UpdatorDate>
      </IncidentOffense>
      <IncidentPerson>
         <ApproxAge>48</ApproxAge>
         <ResidentStatusCode>R</ResidentStatusCode>
         <CreatorId>42CIDSUP</CreatorId>
         <CreatorDate>07/13/2015 15:39:09</CreatorDate>
         <UpdatorId>TSTC</UpdatorId>
         <UpdatorDate>05/24/2023 12:41:20</UpdatorDate>
         <Person>
            <PersonId>494</PersonId>
            <RaceCode>W</RaceCode>
            <SexCode>M</SexCode>
            <EthnicityCode>U</EthnicityCode>
            <PersonVerified>Y</PersonVerified>
            <PersonPrimaryName>
               <LastName>Smith</LastName>
               <FirstName>Bobby</FirstName>
               <MiddleName>Jillllll</MiddleName>
               <DateOfInfo>01/27/2014 18:59:07</DateOfInfo>
               <SLastName>S530</SLastName>
               <SFirstName>B100</SFirstName>
            </PersonPrimaryName>
            <Alias>
               <NameTypeCode>P</NameTypeCode>
               <LastName>Smith</LastName>
               <FirstName>Bobby</FirstName>
               <MiddleName>Jillllll</MiddleName>
               <SLastName>S530</SLastName>
               <SFirstName>B100</SFirstName>
               <DateOfInfo>01/27/2014 18:59:07</DateOfInfo>
            </Alias>
         </Person>
         <IncidentPersonRole>
            <RoleType>V</RoleType>
            <CreatorId>42CIDSUP</CreatorId>
            <CreatorDate>07/13/2015 15:43:35</CreatorDate>
            <UpdatorId>TSTC</UpdatorId>
            <UpdatorDate>08/15/2023 20:32:20</UpdatorDate>
         </IncidentPersonRole>
      </IncidentPerson>
      <IncidentBusiness>
         <BusinessNumber>240000001</BusinessNumber>
         <BusinessName>SOCIETY</BusinessName>
         <IncBusinessRoleCode>V</IncBusinessRoleCode>
         <CreatorId>42CIDSUP</CreatorId>
         <CreatorDate>07/13/2015 15:45:36</CreatorDate>
         <UpdatorId>42CIDSUP</UpdatorId>
         <UpdatorDate>07/13/2015 15:45:36</UpdatorDate>
      </IncidentBusiness>
      <IncidentVehicle>
         <VEHICLE_ID>191</VEHICLE_ID>
         <RoleCode>ST</RoleCode>
         <CreatorId>42CIDSUP</CreatorId>
         <CreatorDate>07/13/2015 15:48:24</CreatorDate>
         <UpdatorId>42CIDSUP</UpdatorId>
         <UpdatorDate>07/13/2015 15:48:24</UpdatorDate>
         <DateOfInfo>03/26/2013 13:11:58</DateOfInfo>
         <StatusCode>7</StatusCode>
         <VIN>3456789RFGHJK6TY67</VIN>
         <VehicleYear>2002</VehicleYear>
         <VehicleMakeCode>HOND</VehicleMakeCode>
         <VehicleModelCode>PRE</VehicleModelCode>
         <VehPriColorCode>SIL</VehPriColorCode>
         <VehicleLicStateCode>CO</VehicleLicStateCode>
         <VehicleLicNumber>ABCD1234</VehicleLicNumber>
         <VehicleLicYear>2013</VehicleLicYear>
         <VehConditionCode>G</VehConditionCode>
      </IncidentVehicle>
      <IncidentVehicle>
         <VEHICLE_ID>164</VEHICLE_ID>
         <RoleCode>ST</RoleCode>
         <CreatorId>42CIDSUP</CreatorId>
         <CreatorDate>07/13/2015 15:53:09</CreatorDate>
         <UpdatorId>42CIDSUP</UpdatorId>
         <UpdatorDate>07/13/2015 15:53:09</UpdatorDate>
         <DateOfInfo>09/21/2012 09:40:17</DateOfInfo>
         <DateOfInfo>10/01/2012 13:26:11</DateOfInfo>
         <DateOfInfo>09/26/2012 07:11:45</DateOfInfo>
         <DateOfInfo>09/13/2012 00:00:00</DateOfInfo>
         <DateOfInfo>09/13/2012 06:27:12</DateOfInfo>
         <DateOfInfo>01/25/2013 13:23:07</DateOfInfo>
         <DateOfInfo>01/25/2013 13:34:34</DateOfInfo>
         <DateOfInfo>04/07/2014 08:29:48</DateOfInfo>
         <DateOfInfo>04/07/2014 09:15:58</DateOfInfo>
         <DateOfInfo>10/16/2013 14:33:04</DateOfInfo>
         <DateOfInfo>09/28/2013 09:17:25</DateOfInfo>
         <DateOfInfo>11/21/2013 10:20:32</DateOfInfo>
         <DateOfInfo>11/21/2013 10:20:51</DateOfInfo>
         <DateOfInfo>11/13/2018 14:00:13</DateOfInfo>
         <StatusCode>7</StatusCode>
         <VIN>12VISN12997NGIF12</VIN>
         <VehicleYear>2009</VehicleYear>
         <VehicleMakeCode>LEXS</VehicleMakeCode>
         <VehicleModelCode>350</VehicleModelCode>
         <VehicleStyleCode>4T</VehicleStyleCode>
         <VehicleTypeCode>AT</VehicleTypeCode>
         <VehPriColorCode>PLE</VehPriColorCode>
         <VehPriColorCode>PLE</VehPriColorCode>
         <VehPriColorCode>RED</VehPriColorCode>
         <VehPriColorCode>GLD</VehPriColorCode>
         <VehPriColorCode>GLD</VehPriColorCode>
         <VehPriColorCode>DBL</VehPriColorCode>
         <VehPriColorCode>DBL</VehPriColorCode>
         <VehPriColorCode>GLD</VehPriColorCode>
         <VehPriColorCode>GLD</VehPriColorCode>
         <VehPriColorCode>GLD</VehPriColorCode>
         <VehPriColorCode>DBL</VehPriColorCode>
         <VehPriColorCode>DBL</VehPriColorCode>
         <VehSecColorCode>LGR</VehSecColorCode>
         <VehSecColorCode>LGR</VehSecColorCode>
         <VehSecColorCode>RED</VehSecColorCode>
         <VehSecColorCode>LGR</VehSecColorCode>
         <VehSecColorCode>LGR</VehSecColorCode>
         <VehSecColorCode>LGR</VehSecColorCode>
         <VehSecColorCode>LGR</VehSecColorCode>
         <VehSecColorCode>LGR</VehSecColorCode>
         <VehSecColorCode>LGR</VehSecColorCode>
         <VehSecColorCode>LGR</VehSecColorCode>
         <VehSecColorCode>LGR</VehSecColorCode>
         <VehSecColorCode>LGR</VehSecColorCode>
         <VehicleLicStateCode>IL</VehicleLicStateCode>
         <VehicleLicStateCode>IL</VehicleLicStateCode>
         <VehicleLicStateCode>IL</VehicleLicStateCode>
         <VehicleLicStateCode>IL</VehicleLicStateCode>
         <VehicleLicStateCode>IL</VehicleLicStateCode>
         <VehicleLicStateCode>IL</VehicleLicStateCode>
         <VehicleLicStateCode>IL</VehicleLicStateCode>
         <VehicleLicStateCode>IL</VehicleLicStateCode>
         <VehicleLicStateCode>IL</VehicleLicStateCode>
         <VehicleLicStateCode>IL</VehicleLicStateCode>
         <VehicleLicStateCode>IL</VehicleLicStateCode>
         <VehicleLicStateCode>IL</VehicleLicStateCode>
         <VehicleLicStateCode>IL</VehicleLicStateCode>
         <VehicleLicStateCode>IL</VehicleLicStateCode>
         <VehicleLicNumber>JEFFLEXUS</VehicleLicNumber>
         <VehicleLicNumber>JEFFLEXUS</VehicleLicNumber>
         <VehicleLicNumber>JEFFLEXUS</VehicleLicNumber>
         <VehicleLicNumber>JEFFLEXUS</VehicleLicNumber>
         <VehicleLicNumber>JEFFLEXUS</VehicleLicNumber>
         <VehicleLicNumber>JEFFLEXUS</VehicleLicNumber>
         <VehicleLicNumber>JEFFLEXUS</VehicleLicNumber>
         <VehicleLicNumber>JEFFLEXUS</VehicleLicNumber>
         <VehicleLicNumber>JEFFLEXUS</VehicleLicNumber>
         <VehicleLicNumber>JEFFLEXUS</VehicleLicNumber>
         <VehicleLicNumber>JEFFLEXUS</VehicleLicNumber>
         <VehicleLicNumber>JEFFLEXUS</VehicleLicNumber>
         <VehicleLicNumber>JEFFLEXUS</VehicleLicNumber>
         <VehicleLicNumber>JEFFLEXUS</VehicleLicNumber>
         <VehicleLicYear>2014</VehicleLicYear>
         <VehicleLicYear>2014</VehicleLicYear>
         <VehicleLicYear>2014</VehicleLicYear>
         <VehicleLicYear>2014</VehicleLicYear>
         <VehicleLicYear>2014</VehicleLicYear>
         <VehicleLicYear>2014</VehicleLicYear>
         <VehicleLicYear>2014</VehicleLicYear>
         <VehicleLicYear>2014</VehicleLicYear>
         <VehicleLicYear>2014</VehicleLicYear>
         <VehicleLicYear>2014</VehicleLicYear>
         <VehicleLicYear>2014</VehicleLicYear>
         <VehicleLicYear>2014</VehicleLicYear>
         <VehicleLicYear>2014</VehicleLicYear>
         <VehicleLicYear>2014</VehicleLicYear>
         <VehicleLicMonth>7</VehicleLicMonth>
         <VehicleLicMonth>7</VehicleLicMonth>
         <VehicleLicMonth>7</VehicleLicMonth>
         <VehicleLicMonth>5</VehicleLicMonth>
         <VehicleLicMonth>5</VehicleLicMonth>
         <VehicleLicMonth>7</VehicleLicMonth>
         <VehicleLicMonth>7</VehicleLicMonth>
         <VehicleLicMonth>7</VehicleLicMonth>
         <VehicleLicMonth>7</VehicleLicMonth>
         <VehicleLicMonth>7</VehicleLicMonth>
         <VehicleLicMonth>7</VehicleLicMonth>
         <VehicleLicMonth>7</VehicleLicMonth>
         <VehicleLicMonth>7</VehicleLicMonth>
         <VehicleLicMonth>7</VehicleLicMonth>
         <VehicleLicTypeCode>PC</VehicleLicTypeCode>
         <VehicleLicTypeCode>PC</VehicleLicTypeCode>
         <VehicleLicTypeCode>PC</VehicleLicTypeCode>
         <VehicleLicTypeCode>PC</VehicleLicTypeCode>
         <VehicleLicTypeCode>PC</VehicleLicTypeCode>
         <VehicleLicTypeCode>PC</VehicleLicTypeCode>
         <VehicleLicTypeCode>PC</VehicleLicTypeCode>
         <VehicleLicTypeCode>PC</VehicleLicTypeCode>
         <VehicleLicTypeCode>PC</VehicleLicTypeCode>
         <VehicleLicTypeCode>PC</VehicleLicTypeCode>
         <VehicleLicTypeCode>PC</VehicleLicTypeCode>
         <VehConditionCode>G</VehConditionCode>
         <VehConditionCode>G</VehConditionCode>
         <VehConditionCode>F</VehConditionCode>
         <VehConditionCode>G</VehConditionCode>
         <VehDamageCode>0</VehDamageCode>
         <VehDamageCode>0</VehDamageCode>
         <VehDamageDesc>Damage to fender</VehDamageDesc>
         <VehDamageDesc>Scatch on fender</VehDamageDesc>
         <VehDamageDesc>Perfect condition</VehDamageDesc>
         <VehicleValue>20000</VehicleValue>
         <VehicleValue>10000</VehicleValue>
         <VehicleValue>15000</VehicleValue>
         <VehicleValue>30000</VehicleValue>
         <VehicleValue>10000</VehicleValue>
         <VehicleValue>25000</VehicleValue>
      </IncidentVehicle>
      <IncidentProperty>
         <CreatorId>42CIDSUP</CreatorId>
         <CreatorDate>07/13/2015 15:40:20</CreatorDate>
         <UpdatorId>TSTC</UpdatorId>
         <UpdatorDate>08/10/2017 23:00:41</UpdatorDate>
         <DateOfInfo>07/13/2015 00:00:00</DateOfInfo>
         <StatusCode>6</StatusCode>
         <DocumentTypeCode>P</DocumentTypeCode>
         <PropertyTypeCode>425</PropertyTypeCode>
         <PropertyValue>2345</PropertyValue>
         <Value>2345</Value>
         <SerialNumber>455</SerialNumber>
         <Evidence>N</Evidence>
         <EvidenceFlag>N</EvidenceFlag>
         <Property_ID>1294</Property_ID>
         <PrimaryColor>BGE</PrimaryColor>
         <SecondaryColor>SIL</SecondaryColor>
         <Quantity>1</Quantity>
      </IncidentProperty>
      <IncidentProperty>
         <CreatorId>GRANZ</CreatorId>
         <CreatorDate>07/13/2015 15:54:00</CreatorDate>
         <UpdatorId>TSTC</UpdatorId>
         <UpdatorDate>08/10/2017 23:00:44</UpdatorDate>
         <DateOfInfo>07/13/2015 00:00:00</DateOfInfo>
         <DocumentTypeCode>P</DocumentTypeCode>
         <PropertyTypeCode>827</PropertyTypeCode>
         <PropertyValue>1</PropertyValue>
         <Value>1</Value>
         <Evidence>N</Evidence>
         <EvidenceFlag>N</EvidenceFlag>
         <Property_ID>1295</Property_ID>
         <Quantity>1</Quantity>
      </IncidentProperty>
      <IncidentProperty>
         <RoleCode>6</RoleCode>
         <CreatorId>42CIDSUP</CreatorId>
         <CreatorDate>07/27/2015 10:41:33</CreatorDate>
         <UpdatorId>TSTC</UpdatorId>
         <UpdatorDate>08/10/2017 23:00:43</UpdatorDate>
         <DateOfInfo>07/27/2015 00:00:00</DateOfInfo>
         <StatusCode>6</StatusCode>
         <DocumentTypeCode>D</DocumentTypeCode>
         <PropertyTypeCode>561</PropertyTypeCode>
         <PropertyValue>0</PropertyValue>
         <Value>0</Value>
         <Evidence>N</Evidence>
         <EvidenceFlag>N</EvidenceFlag>
         <Property_ID>1301</Property_ID>
         <DrugTypeCode>B</DrugTypeCode>
         <Quantity>23</Quantity>
         <QuantityUnit>GM</QuantityUnit>
      </IncidentProperty>
   </IncidentSupplement>
</Incident>