<?xml version="1.0" encoding="UTF-8"?>
<Incident xmlns:xsi="http://www.w3.org/2001/XMLSchema-instance"
          xsi:noNamespaceSchemaLocation="file:///C:/DATA/EJS/SVN_Root/Ejustice/trunk/XMLTransformations/OnlineRMSInternalToIncident/IAOnlineRMSIncidentImport.xsd">
   <IncidentReportNum>2017D4210140</IncidentReportNum>
   <AgencyCode>D42</AgencyCode>
   <ORINum>SC0280000</ORINum>
   <ReportDate>12/18/2017 10:51:00</ReportDate>
   <ReportTime>12/18/2017 10:51:00</ReportTime>
   <StartDate>12/18/2017 10:51:00</StartDate>
   <StartTime>12/01/2017 10:51:00</StartTime>
   <Summary>asdf</Summary>
   <CreatorId>D_OFFICER</CreatorId>
   <CreatorDate>12/18/2017 10:51:17</CreatorDate>
   <UpdatorId>TSTC</UpdatorId>
   <UpdatorDate>09/09/2021 18:46:41</UpdatorDate>
   <IncidentType>
      <IncidentTypeCode>CNG</IncidentTypeCode>
   </IncidentType>
   <IncidentAddress>
      <AddressId>701</AddressId>
      <City>7</City>
      <CreatorId>D_OFFICER</CreatorId>
      <CreatorDate>12/18/2017 10:51:32</CreatorDate>
      <UpdatorId>TSTC</UpdatorId>
      <UpdatorDate>12/18/2017 10:51:37</UpdatorDate>
      <Address>
         <AddressId>701</AddressId>
         <StreetNumber>500</StreetNumber>
         <StreetDirCode>S</StreetDirCode>
         <StreetName>Main</StreetName>
         <StreetTypeCode>ST</StreetTypeCode>
         <City>Point Marion</City>
         <StateCode>IN</StateCode>
         <CountryCode>US</CountryCode>
         <Longitude>-79.90288787538599</Longitude>
         <Latitude>39.73545580036393</Latitude>
         <AddressCommonName>
            <CommonPlaceName>Health Center</CommonPlaceName>
         </AddressCommonName>
      </Address>
   </IncidentAddress>
   <IncidentSupplement>
      <SupplementSequence>0</SupplementSequence>
      <IncSupplementStatusCode>A</IncSupplementStatusCode>
      <SuppReportDate>12/18/2017 10:51:17</SuppReportDate>
      <SuppReportTime>12/18/2017 10:51:17</SuppReportTime>
      <AgencyOnly>N</AgencyOnly>
      <SecurityLevel>1201</SecurityLevel>
      <SuppAgencyCode>D42</SuppAgencyCode>
      <UnknownNoOffenders>N</UnknownNoOffenders>
      <DsIcrDate>01/31/2019 15:03:15</DsIcrDate>
      <DsIcrSubmissionStatus>SENT WAITING FOR RESPONSE</DsIcrSubmissionStatus>
      <CreatorId>D_OFFICER</CreatorId>
      <CreatorDate>12/18/2017 10:51:17</CreatorDate>
      <UpdatorId>TSTC</UpdatorId>
      <UpdatorDate>08/05/2021 17:38:26</UpdatorDate>
      <IncidentSuppNarrative>
         <NarrativeNumber>1</NarrativeNumber>
         <NarrativeTitle>Original Narrative</NarrativeTitle>
         <NarrativeText>&lt;p&gt;aasdfasdf asdfad&lt;/p&gt; </NarrativeText>
         <CreatorId>D_OFFICER</CreatorId>
         <CreatorDate>03/09/2018 10:36:03</CreatorDate>
         <UpdatorId>D_OFFICER</UpdatorId>
         <UpdatorDate>03/09/2018 10:36:03</UpdatorDate>
      </IncidentSuppNarrative>
      <IncidentOfficer>
         <OfficerRoleCode>P</OfficerRoleCode>
         <Officer>
            <AgencyCode>D42</AgencyCode>
            <ORINumber>SC0280000</ORINumber>
            <LastName>Ranz</LastName>
            <FirstName>Greg</FirstName>
            <InternalID>9696</InternalID>
         </Officer>
      </IncidentOfficer>
      <IncidentOfficer>
         <OfficerRoleCode>R</OfficerRoleCode>
         <Officer>
            <AgencyCode>D42</AgencyCode>
            <ORINumber>SC0280000</ORINumber>
            <LastName>M</LastName>
            <FirstName>Dana</FirstName>
            <InternalID>12345</InternalID>
         </Officer>
      </IncidentOfficer>
   </IncidentSupplement>
   <IncidentSupplement>
      <SupplementSequence>1</SupplementSequence>
      <IncSupplementStatusCode>A</IncSupplementStatusCode>
      <SuppReportDate>03/09/2018 10:39:21</SuppReportDate>
      <SuppReportTime>03/09/2018 10:39:21</SuppReportTime>
      <AgencyOnly>N</AgencyOnly>
      <SecurityLevel>1100</SecurityLevel>
      <SuppAgencyCode>D42</SuppAgencyCode>
      <UnknownNoOffenders>N</UnknownNoOffenders>
      <DsIcrDate>01/31/2019 15:03:15</DsIcrDate>
      <DsIcrSubmissionStatus>SENT WAITING FOR RESPONSE</DsIcrSubmissionStatus>
      <CreatorId>D_OFFICER</CreatorId>
      <CreatorDate>03/09/2018 10:39:21</CreatorDate>
      <UpdatorId>TSTC</UpdatorId>
      <UpdatorDate>08/05/2021 17:38:25</UpdatorDate>
      <IncidentSuppNarrative>
         <NarrativeNumber>1</NarrativeNumber>
         <NarrativeTitle>Supplement #1 Narrative</NarrativeTitle>
         <NarrativeText>&lt;p&gt;add NARRATIVE WITH WRONG SPELLING&lt;/p&gt; </NarrativeText>
         <CreatorId>STATE_OFFICER11</CreatorId>
         <CreatorDate>03/21/2018 13:00:56</CreatorDate>
         <UpdatorId>STATE_OFFICER11</UpdatorId>
         <UpdatorDate>03/21/2018 13:00:56</UpdatorDate>
      </IncidentSuppNarrative>
      <IncidentOfficer>
         <OfficerRoleCode>P</OfficerRoleCode>
         <Officer>
            <AgencyCode>D42</AgencyCode>
            <ORINumber>SC0280000</ORINumber>
            <LastName>Wright</LastName>
            <FirstName>Greg</FirstName>
            <InternalID>9696</InternalID>
         </Officer>
      </IncidentOfficer>
      <IncidentOfficer>
         <OfficerRoleCode>R</OfficerRoleCode>
         <Officer>
            <AgencyCode>D42</AgencyCode>
            <ORINumber>SC0280000</ORINumber>
            <LastName>M</LastName>
            <FirstName>Dana</FirstName>
            <InternalID>12345</InternalID>
         </Officer>
      </IncidentOfficer>
      <IncidentOffense>
         <IncidentId>3036</IncidentId>
         <OffenseNumber>1</OffenseNumber>
         <OffenseStatusCode>16</OffenseStatusCode>
         <OffenseCode>35-43-2-1  B01</OffenseCode>
         <PlaceCode>38</PlaceCode>
         <BiasCode>42</BiasCode>
         <CSAUCode>C</CSAUCode>
         <SupplementSeq>1</SupplementSeq>
         <UCRNumber>1</UCRNumber>
         <OffenseStatusDate>12/18/2017 10:51:00</OffenseStatusDate>
         <ForcedEntryCode>F</ForcedEntryCode>
         <AttemptedCompletedCode>C</AttemptedCompletedCode>
         <ArrestChargeCode>35-43-2-1  B01</ArrestChargeCode>
         <CreatorId>STATE_OFFICER11</CreatorId>
         <CreatorDate>03/21/2018 13:03:40</CreatorDate>
         <UpdatorId>STATE_OFFICER11</UpdatorId>
         <UpdatorDate>03/21/2018 13:03:40</UpdatorDate>
      </IncidentOffense>
      <IncidentOffense>
         <IncidentId>3036</IncidentId>
         <OffenseNumber>2</OffenseNumber>
         <OffenseStatusCode>00</OffenseStatusCode>
         <OffenseCode>35-43-2-1  B05</OffenseCode>
         <PlaceCode>38</PlaceCode>
         <BiasCode>88</BiasCode>
         <CSAUCode>C</CSAUCode>
         <SupplementSeq>1</SupplementSeq>
         <UCRNumber>2</UCRNumber>
         <OffenseStatusDate>12/18/2017 10:51:00</OffenseStatusDate>
         <ForcedEntryCode>N</ForcedEntryCode>
         <AttemptedCompletedCode>C</AttemptedCompletedCode>
         <ArrestChargeCode>35-43-2-1  B05</ArrestChargeCode>
         <CreatorId>STATE_OFFICER11</CreatorId>
         <CreatorDate>03/27/2018 10:57:58</CreatorDate>
         <UpdatorId>STATE_OFFICER11</UpdatorId>
         <UpdatorDate>03/27/2018 10:57:58</UpdatorDate>
      </IncidentOffense>
      <IncidentPerson>
         <ApproxAge>04</ApproxAge>
         <ResidentStatusCode>R</ResidentStatusCode>
         <CreatorId>STATE_OFFICER11</CreatorId>
         <CreatorDate>04/18/2018 13:12:28</CreatorDate>
         <UpdatorId>TSTC</UpdatorId>
         <UpdatorDate>05/24/2023 12:41:23</UpdatorDate>
         <Person>
            <PersonId>383</PersonId>
            <RaceCode>P</RaceCode>
            <SexCode>M</SexCode>
            <EthnicityCode>H</EthnicityCode>
            <PersonVerified>Y</PersonVerified>
            <PersonPrimaryName>
               <LastName>Agui</LastName>
               <FirstName>CARRERAS</FirstName>
               <DOB>08/19/1967 00:00:00</DOB>
               <DateOfInfo>09/05/2012 00:00:00</DateOfInfo>
               <SLastName>A200</SLastName>
               <SFirstName>C662</SFirstName>
            </PersonPrimaryName>
            <PersonPrimaryName>
               <LastName>Ign</LastName>
               <FirstName>Test</FirstName>
               <DOB>01/01/1986 00:00:00</DOB>
               <DateOfInfo>01/14/2013 00:00:00</DateOfInfo>
               <SLastName>I250</SLastName>
               <SFirstName>T230</SFirstName>
            </PersonPrimaryName>
            <PersonPrimaryName>
               <LastName>Aguero</LastName>
               <FirstName>Carlos</FirstName>
               <DOB>03/03/1979 00:00:00</DOB>
               <DateOfInfo>03/20/2013 00:00:00</DateOfInfo>
               <SLastName>A260</SLastName>
               <SFirstName>C642</SFirstName>
            </PersonPrimaryName>
            <PersonPrimaryName>
               <LastName>Aguero</LastName>
               <FirstName>Carlosena</FirstName>
               <MiddleName>Java</MiddleName>
               <DOB>06/22/1961 00:00:00</DOB>
               <SSN>1.23456789E8</SSN>
               <DateOfInfo>07/11/2013 00:00:00</DateOfInfo>
               <SLastName>A260</SLastName>
               <SFirstName>C642</SFirstName>
            </PersonPrimaryName>
            <PersonPrimaryName>
               <LastName>Dsfq</LastName>
               <FirstName>Joe</FirstName>
               <DOB>05/10/2020 00:00:00</DOB>
               <SSN>9.88888888E8</SSN>
               <TitleCode>JR</TitleCode>
               <DateOfInfo>04/12/2016 00:00:00</DateOfInfo>
               <SLastName>D212</SLastName>
               <SFirstName>J000</SFirstName>
            </PersonPrimaryName>
            <Alias>
               <NameTypeCode>N</NameTypeCode>
               <LastName>Agui</LastName>
               <FirstName>CARRERAS</FirstName>
               <DOB>08/19/1967 00:00:00</DOB>
               <SLastName>A200</SLastName>
               <SFirstName>C662</SFirstName>
               <DateOfInfo>09/05/2012 00:00:00</DateOfInfo>
            </Alias>
            <Alias>
               <NameTypeCode>A</NameTypeCode>
               <LastName>Ign</LastName>
               <FirstName>Test</FirstName>
               <DOB>01/01/1986 00:00:00</DOB>
               <SLastName>I250</SLastName>
               <SFirstName>T230</SFirstName>
               <DateOfInfo>01/14/2013 00:00:00</DateOfInfo>
            </Alias>
            <Alias>
               <NameTypeCode>A</NameTypeCode>
               <LastName>Aguero</LastName>
               <FirstName>Carlos</FirstName>
               <DOB>03/03/1979 00:00:00</DOB>
               <SLastName>A260</SLastName>
               <SFirstName>C642</SFirstName>
               <DateOfInfo>03/20/2013 00:00:00</DateOfInfo>
            </Alias>
            <Alias>
               <NameTypeCode>A</NameTypeCode>
               <LastName>Aguero</LastName>
               <FirstName>Carlosena</FirstName>
               <MiddleName>Java</MiddleName>
               <DOB>06/22/1961 00:00:00</DOB>
               <SSN>1.23456789E8</SSN>
               <SLastName>A260</SLastName>
               <SFirstName>C642</SFirstName>
               <DateOfInfo>07/11/2013 00:00:00</DateOfInfo>
            </Alias>
            <Alias>
               <NameTypeCode>P</NameTypeCode>
               <LastName>Dsfq</LastName>
               <FirstName>Joe</FirstName>
               <DOB>05/10/2020 00:00:00</DOB>
               <SSN>9.88888888E8</SSN>
               <TitleCode>JR</TitleCode>
               <SLastName>D212</SLastName>
               <SFirstName>J000</SFirstName>
               <DateOfInfo>04/12/2016 00:00:00</DateOfInfo>
            </Alias>
            <PersonPhone>
               <PhoneTypeCode>RES</PhoneTypeCode>
               <PhoneArea>444</PhoneArea>
               <PhonePrefix>555</PhonePrefix>
               <PhoneSuffix>6666</PhoneSuffix>
               <DateOfInfo>11/18/2014 00:00:00</DateOfInfo>
            </PersonPhone>
            <PersonPhone>
               <PhoneTypeCode>CEL</PhoneTypeCode>
               <PhoneArea>777</PhoneArea>
               <PhonePrefix>777</PhonePrefix>
               <PhoneSuffix>7777</PhoneSuffix>
               <DateOfInfo>06/06/2017 00:00:00</DateOfInfo>
            </PersonPhone>
         </Person>
         <IncidentPersonRole>
            <RoleType>V</RoleType>
            <CreatorId>STATE_OFFICER11</CreatorId>
            <CreatorDate>04/18/2018 13:12:29</CreatorDate>
            <UpdatorId>TSTC</UpdatorId>
            <UpdatorDate>08/15/2023 20:32:23</UpdatorDate>
         </IncidentPersonRole>
      </IncidentPerson>
      <IncidentPerson>
         <ApproxAge>57</ApproxAge>
         <ResidentStatusCode>R</ResidentStatusCode>
         <CreatorId>STATE_OFFICER11</CreatorId>
         <CreatorDate>04/18/2018 13:12:58</CreatorDate>
         <UpdatorId>TSTC</UpdatorId>
         <UpdatorDate>05/24/2023 12:41:23</UpdatorDate>
         <Person>
            <PersonId>71</PersonId>
            <RaceCode>M</RaceCode>
            <SexCode>M</SexCode>
            <PersonVerified>Y</PersonVerified>
            <PersonPrimaryName>
               <LastName>Dean</LastName>
               <FirstName>Jimmy</FirstName>
               <MiddleName>S</MiddleName>
               <DOB>01/01/1960 00:00:00</DOB>
               <DateOfInfo>03/28/2012 15:36:13</DateOfInfo>
               <SLastName>D500</SLastName>
               <SFirstName>J500</SFirstName>
            </PersonPrimaryName>
            <PersonPrimaryName>
               <LastName>Dean</LastName>
               <FirstName>James</FirstName>
               <DateOfInfo>03/29/2012 00:00:00</DateOfInfo>
               <SLastName>D500</SLastName>
               <SFirstName>J520</SFirstName>
            </PersonPrimaryName>
            <Alias>
               <NameTypeCode>P</NameTypeCode>
               <LastName>Dean</LastName>
               <FirstName>Jimmy</FirstName>
               <MiddleName>S</MiddleName>
               <DOB>01/01/1960 00:00:00</DOB>
               <SLastName>D500</SLastName>
               <SFirstName>J500</SFirstName>
               <DateOfInfo>03/28/2012 15:36:13</DateOfInfo>
            </Alias>
            <Alias>
               <NameTypeCode>A</NameTypeCode>
               <LastName>Dean</LastName>
               <FirstName>James</FirstName>
               <SLastName>D500</SLastName>
               <SFirstName>J520</SFirstName>
               <DateOfInfo>03/29/2012 00:00:00</DateOfInfo>
            </Alias>
            <PersonAddress>
               <StreetNumber>101</StreetNumber>
               <StreetDirCode>N</StreetDirCode>
               <StreetName>Main</StreetName>
               <StreetTypeCode>ST</StreetTypeCode>
               <City>INDIANAPOLIS</City>
               <CountryCode>US</CountryCode>
               <CountyCode>3</CountyCode>
               <Longitude>-86.122019</Longitude>
               <Latitude>39.664968</Latitude>
            </PersonAddress>
            <PersonAddress>
               <StreetNumber>2924</StreetNumber>
               <StreetDirCode>E</StreetDirCode>
               <StreetName>1250</StreetName>
               <StreetSuffixCode>S</StreetSuffixCode>
               <SubTypeCode>BLDG</SubTypeCode>
               <SubNumber>99</SubNumber>
               <City>Battle Ground</City>
               <StateCode>IN</StateCode>
               <Zip5>47920</Zip5>
               <CountryCode>US</CountryCode>
               <CountyCode>NaN</CountyCode>
               <Longitude>-86.813061</Longitude>
               <Latitude>40.569043</Latitude>
            </PersonAddress>
            <PersonPhone>
               <PhoneTypeCode>CEL</PhoneTypeCode>
               <PhoneArea>309</PhoneArea>
               <PhonePrefix>562</PhonePrefix>
               <PhoneSuffix>8456</PhoneSuffix>
               <DateOfInfo>04/18/2012 00:00:00</DateOfInfo>
            </PersonPhone>
            <PersonPhone>
               <PhoneTypeCode>BUS</PhoneTypeCode>
               <PhoneArea>111</PhoneArea>
               <PhonePrefix>222</PhonePrefix>
               <PhoneSuffix>3333</PhoneSuffix>
               <DateOfInfo>05/05/2017 00:00:00</DateOfInfo>
            </PersonPhone>
            <PersonPhone>
               <PhoneTypeCode>CEL</PhoneTypeCode>
               <PhoneArea>333</PhoneArea>
               <PhonePrefix>333</PhonePrefix>
               <PhoneSuffix>3333</PhoneSuffix>
               <DateOfInfo>05/05/2017 00:00:00</DateOfInfo>
            </PersonPhone>
         </Person>
         <IncidentPersonRole>
            <RoleType>S</RoleType>
            <CreatorId>STATE_OFFICER11</CreatorId>
            <CreatorDate>04/18/2018 13:12:58</CreatorDate>
            <UpdatorId>TSTC</UpdatorId>
            <UpdatorDate>08/15/2023 20:32:23</UpdatorDate>
         </IncidentPersonRole>
      </IncidentPerson>
      <IncidentVehicle>
         <VEHICLE_ID>601</VEHICLE_ID>
         <RoleCode>VI</RoleCode>
         <CreatorId>TSTC</CreatorId>
         <CreatorDate>01/31/2019 16:59:53</CreatorDate>
         <UpdatorId>TSTC</UpdatorId>
         <UpdatorDate>01/31/2019 16:59:53</UpdatorDate>
         <DateOfInfo>12/01/2017 14:31:36</DateOfInfo>
         <DateOfInfo>01/31/2019 14:54:32</DateOfInfo>
         <DateOfInfo>12/01/2017 14:31:24</DateOfInfo>
         <DateOfInfo>01/31/2019 00:00:00</DateOfInfo>
         <DateOfInfo>12/01/2017 14:31:45</DateOfInfo>
         <DateOfInfo>01/31/2019 14:58:10</DateOfInfo>
         <StatusCode>7</StatusCode>
         <VIN>9876548745</VIN>
         <VehicleYear>1972</VehicleYear>
         <VehicleMakeCode>AUDI</VehicleMakeCode>
         <VehicleModelCode>A3</VehicleModelCode>
         <VehicleStyleCode>SD</VehicleStyleCode>
         <VehicleTypeCode>AT</VehicleTypeCode>
         <VehPriColorCode>BLU</VehPriColorCode>
         <VehPriColorCode>SIL</VehPriColorCode>
         <VehPriColorCode>BLU</VehPriColorCode>
         <VehPriColorCode>BLU</VehPriColorCode>
         <VehPriColorCode>BLU</VehPriColorCode>
         <VehPriColorCode>COM</VehPriColorCode>
         <VehSecColorCode>CRM</VehSecColorCode>
         <VehSecColorCode>SIL</VehSecColorCode>
         <VehSecColorCode>BARF</VehSecColorCode>
         <VehSecColorCode>LGR</VehSecColorCode>
         <VehSecColorCode>MAR</VehSecColorCode>
         <VehicleLicStateCode>MD</VehicleLicStateCode>
         <VehicleLicStateCode>MD</VehicleLicStateCode>
         <VehicleLicStateCode>MD</VehicleLicStateCode>
         <VehicleLicStateCode>MD</VehicleLicStateCode>
         <VehicleLicStateCode>MD</VehicleLicStateCode>
         <VehicleLicStateCode>MD</VehicleLicStateCode>
         <VehicleLicNumber>HHH990</VehicleLicNumber>
         <VehicleLicNumber>HHH990</VehicleLicNumber>
         <VehicleLicNumber>HHH990</VehicleLicNumber>
         <VehicleLicNumber>HHH990</VehicleLicNumber>
         <VehicleLicNumber>HHH990</VehicleLicNumber>
         <VehicleLicNumber>HHH990</VehicleLicNumber>
         <VehicleLicYear>1973</VehicleLicYear>
         <VehicleLicYear>1972</VehicleLicYear>
         <VehicleLicYear>1974</VehicleLicYear>
         <VehicleLicMonth>1</VehicleLicMonth>
         <VehicleLicTypeCode>AM</VehicleLicTypeCode>
         <VehicleLicTypeCode>AR</VehicleLicTypeCode>
         <VehicleLicTypeCode>AQ</VehicleLicTypeCode>
         <VehConditionCode>G</VehConditionCode>
         <VehConditionCode>G</VehConditionCode>
         <VehConditionCode>G</VehConditionCode>
         <VehDamageCode>10</VehDamageCode>
         <VehDamageCode>1</VehDamageCode>
         <VehDamageCode>0</VehDamageCode>
         <VehDamageDesc>UNDER CARRIAGE</VehDamageDesc>
         <VehDamageDesc>Burned</VehDamageDesc>
         <VehDamageDesc>None</VehDamageDesc>
         <VehicleValue>20000</VehicleValue>
         <VehicleValue>10000</VehicleValue>
         <VehicleValue>65000</VehicleValue>
      </IncidentVehicle>
      <IncidentVehicle>
         <VEHICLE_ID>601</VEHICLE_ID>
         <RoleCode>VI</RoleCode>
         <CreatorId>TSTC</CreatorId>
         <CreatorDate>01/31/2019 16:59:53</CreatorDate>
         <UpdatorId>TSTC</UpdatorId>
         <UpdatorDate>01/31/2019 16:59:53</UpdatorDate>
         <DateOfInfo>12/01/2017 14:31:36</DateOfInfo>
         <DateOfInfo>01/31/2019 14:54:32</DateOfInfo>
         <DateOfInfo>12/01/2017 14:31:24</DateOfInfo>
         <DateOfInfo>01/31/2019 00:00:00</DateOfInfo>
         <DateOfInfo>12/01/2017 14:31:45</DateOfInfo>
         <DateOfInfo>01/31/2019 14:58:10</DateOfInfo>
         <StatusCode>7</StatusCode>
         <VIN>9876548745</VIN>
         <VehicleYear>1972</VehicleYear>
         <VehicleMakeCode>AUDI</VehicleMakeCode>
         <VehicleModelCode>A3</VehicleModelCode>
         <VehicleStyleCode>SD</VehicleStyleCode>
         <VehicleTypeCode>AT</VehicleTypeCode>
         <VehPriColorCode>BLU</VehPriColorCode>
         <VehPriColorCode>SIL</VehPriColorCode>
         <VehPriColorCode>BLU</VehPriColorCode>
         <VehPriColorCode>BLU</VehPriColorCode>
         <VehPriColorCode>BLU</VehPriColorCode>
         <VehPriColorCode>COM</VehPriColorCode>
         <VehSecColorCode>CRM</VehSecColorCode>
         <VehSecColorCode>SIL</VehSecColorCode>
         <VehSecColorCode>BARF</VehSecColorCode>
         <VehSecColorCode>LGR</VehSecColorCode>
         <VehSecColorCode>MAR</VehSecColorCode>
         <VehicleLicStateCode>MD</VehicleLicStateCode>
         <VehicleLicStateCode>MD</VehicleLicStateCode>
         <VehicleLicStateCode>MD</VehicleLicStateCode>
         <VehicleLicStateCode>MD</VehicleLicStateCode>
         <VehicleLicStateCode>MD</VehicleLicStateCode>
         <VehicleLicStateCode>MD</VehicleLicStateCode>
         <VehicleLicNumber>HHH990</VehicleLicNumber>
         <VehicleLicNumber>HHH990</VehicleLicNumber>
         <VehicleLicNumber>HHH990</VehicleLicNumber>
         <VehicleLicNumber>HHH990</VehicleLicNumber>
         <VehicleLicNumber>HHH990</VehicleLicNumber>
         <VehicleLicNumber>HHH990</VehicleLicNumber>
         <VehicleLicYear>1973</VehicleLicYear>
         <VehicleLicYear>1972</VehicleLicYear>
         <VehicleLicYear>1974</VehicleLicYear>
         <VehicleLicMonth>1</VehicleLicMonth>
         <VehicleLicTypeCode>AM</VehicleLicTypeCode>
         <VehicleLicTypeCode>AR</VehicleLicTypeCode>
         <VehicleLicTypeCode>AQ</VehicleLicTypeCode>
         <VehConditionCode>G</VehConditionCode>
         <VehConditionCode>G</VehConditionCode>
         <VehConditionCode>G</VehConditionCode>
         <VehDamageCode>10</VehDamageCode>
         <VehDamageCode>1</VehDamageCode>
         <VehDamageCode>0</VehDamageCode>
         <VehDamageDesc>UNDER CARRIAGE</VehDamageDesc>
         <VehDamageDesc>Burned</VehDamageDesc>
         <VehDamageDesc>None</VehDamageDesc>
         <VehicleValue>20000</VehicleValue>
         <VehicleValue>10000</VehicleValue>
         <VehicleValue>65000</VehicleValue>
      </IncidentVehicle>
      <IncidentProperty>
         <RoleCode>7</RoleCode>
         <CreatorId>STATE_OFFICER11</CreatorId>
         <CreatorDate>03/27/2018 10:58:48</CreatorDate>
         <UpdatorId>STATE_OFFICER11</UpdatorId>
         <UpdatorDate>05/13/2022 10:13:53</UpdatorDate>
         <DateOfInfo>03/27/2018 00:00:00</DateOfInfo>
         <StatusCode>7</StatusCode>
         <DocumentTypeCode>D</DocumentTypeCode>
         <Description>drug 1</Description>
         <PropertyTypeCode>561</PropertyTypeCode>
         <PropertyValue>100</PropertyValue>
         <Value>100</Value>
         <Evidence>Y</Evidence>
         <EvidenceFlag>Y</EvidenceFlag>
         <ExternalEvidenceId>777</ExternalEvidenceId>
         <Property_ID>1782</Property_ID>
         <DrugTypeCode>CD</DrugTypeCode>
         <Quantity>1</Quantity>
      </IncidentProperty>
      <IncidentProperty>
         <RoleCode>7</RoleCode>
         <CreatorId>STATE_OFFICER11</CreatorId>
         <CreatorDate>03/27/2018 10:58:48</CreatorDate>
         <UpdatorId>STATE_OFFICER11</UpdatorId>
         <UpdatorDate>10/31/2018 10:04:22</UpdatorDate>
         <DateOfInfo>03/27/2018 00:00:00</DateOfInfo>
         <StatusCode>7</StatusCode>
         <DocumentTypeCode>D</DocumentTypeCode>
         <Description>drug 2</Description>
         <PropertyTypeCode>106</PropertyTypeCode>
         <PropertyValue>200</PropertyValue>
         <Value>200</Value>
         <Evidence>Y</Evidence>
         <EvidenceFlag>Y</EvidenceFlag>
         <ExternalEvidenceId>778</ExternalEvidenceId>
         <Property_ID>1783</Property_ID>
         <DrugTypeCode>N</DrugTypeCode>
         <Quantity>2</Quantity>
      </IncidentProperty>
      <IncidentProperty>
         <RoleCode>7</RoleCode>
         <CreatorId>STATE_OFFICER11</CreatorId>
         <CreatorDate>03/27/2018 11:06:23</CreatorDate>
         <UpdatorId>STATE_OFFICER11</UpdatorId>
         <UpdatorDate>10/30/2018 17:56:03</UpdatorDate>
         <DateOfInfo>03/27/2018 00:00:00</DateOfInfo>
         <StatusCode>7</StatusCode>
         <DocumentTypeCode>P</DocumentTypeCode>
         <PropertyTypeCode>429</PropertyTypeCode>
         <PropertyValue>300</PropertyValue>
         <Value>300</Value>
         <SerialNumber>ASDF</SerialNumber>
         <Evidence>Y</Evidence>
         <EvidenceFlag>Y</EvidenceFlag>
         <ExternalEvidenceId>779</ExternalEvidenceId>
         <Property_ID>1784</Property_ID>
         <Quantity>1</Quantity>
      </IncidentProperty>
      <IncidentProperty>
         <RoleCode>8</RoleCode>
         <CreatorId>STATE_OFFICER11</CreatorId>
         <CreatorDate>03/27/2018 14:08:08</CreatorDate>
         <UpdatorId>STATE_OFFICER11</UpdatorId>
         <UpdatorDate>03/27/2018 14:08:08</UpdatorDate>
         <DateOfInfo>03/27/2018 00:00:00</DateOfInfo>
         <StatusCode>8</StatusCode>
         <DocumentTypeCode>C</DocumentTypeCode>
         <PropertyTypeCode>CSH</PropertyTypeCode>
         <PropertyValue>5</PropertyValue>
         <Value>5</Value>
         <Evidence>N</Evidence>
         <EvidenceFlag>N</EvidenceFlag>
         <Property_ID>1790</Property_ID>
         <Quantity>1</Quantity>
         <Amount>5</Amount>
      </IncidentProperty>
   </IncidentSupplement>
</Incident>