<?xml version="1.0" encoding="UTF-8"?>
<Incident xmlns:xsi="http://www.w3.org/2001/XMLSchema-instance"
          xsi:noNamespaceSchemaLocation="file:///C:/DATA/EJS/SVN_Root/Ejustice/trunk/XMLTransformations/OnlineRMSInternalToIncident/IAOnlineRMSIncidentImport.xsd">
   <IncidentReportNum>2016D4210034</IncidentReportNum>
   <AgencyCode>D42</AgencyCode>
   <ORINum>SC0280000</ORINum>
   <ReportDate>05/04/2016 16:13:00</ReportDate>
   <ReportTime>05/04/2016 16:13:00</ReportTime>
   <StartDate>05/04/2016 16:13:00</StartDate>
   <StartTime>05/01/2016 16:13:00</StartTime>
   <Summary>blah</Summary>
   <CreatorId>STATE_OSUPER45</CreatorId>
   <CreatorDate>05/04/2016 16:13:00</CreatorDate>
   <UpdatorId>TSTC</UpdatorId>
   <UpdatorDate>09/09/2021 18:46:40</UpdatorDate>
   <IncidentType>
      <IncidentTypeCode>CAD</IncidentTypeCode>
   </IncidentType>
   <IncidentAddress>
      <AddressId>507</AddressId>
      <City>19</City>
      <CreatorId>D_OFFICER</CreatorId>
      <CreatorDate>05/04/2016 16:13:21</CreatorDate>
      <UpdatorId>TSTC</UpdatorId>
      <UpdatorDate>10/16/2017 22:03:00</UpdatorDate>
      <Address>
         <AddressId>507</AddressId>
         <StreetNumber>66</StreetNumber>
         <StreetName>Frank</StreetName>
         <StreetTypeCode>BLVD</StreetTypeCode>
         <City>Denver</City>
         <StateCode>CO</StateCode>
         <CountryCode>US</CountryCode>
         <AddressCommonName>
            <CommonPlaceName>Dead strip</CommonPlaceName>
         </AddressCommonName>
      </Address>
   </IncidentAddress>
   <IncidentSupplement>
      <SupplementSequence>0</SupplementSequence>
      <IncSupplementStatusCode>A</IncSupplementStatusCode>
      <SuppReportDate>05/04/2016 16:13:00</SuppReportDate>
      <SuppReportTime>05/04/2016 16:13:00</SuppReportTime>
      <AgencyOnly>N</AgencyOnly>
      <SecurityLevel>1201</SecurityLevel>
      <SuppAgencyCode>D42</SuppAgencyCode>
      <UnknownNoOffenders>N</UnknownNoOffenders>
      <DsIcrDate>10/16/2017 22:04:25</DsIcrDate>
      <DsIcrSubmissionStatus>NOT REPORTABLE</DsIcrSubmissionStatus>
      <CreatorId>DENNIS.MCCONNEL@INTERACT911.COM</CreatorId>
      <CreatorDate>05/04/2016 16:13:00</CreatorDate>
      <UpdatorId>TSTC</UpdatorId>
      <UpdatorDate>08/05/2021 17:38:24</UpdatorDate>
      <IncidentSuppNarrative>
         <NarrativeNumber>1</NarrativeNumber>
         <NarrativeTitle>Original Narrative</NarrativeTitle>
         <NarrativeText>asdfasdfa</NarrativeText>
         <CreatorId>STATE_CIDSUP7</CreatorId>
         <CreatorDate>05/04/2016 16:14:17</CreatorDate>
         <UpdatorId>TSTC</UpdatorId>
         <UpdatorDate>07/12/2017 13:33:35</UpdatorDate>
      </IncidentSuppNarrative>
      <IncidentOfficer>
         <OfficerRoleCode>P</OfficerRoleCode>
         <Officer>
            <AgencyCode>D42</AgencyCode>
            <ORINumber>SC0280000</ORINumber>
            <LastName>Ranz</LastName>
            <FirstName>Greg</FirstName>
            <InternalID>9696</InternalID>
         </Officer>
      </IncidentOfficer>
      <IncidentOfficer>
         <OfficerRoleCode>R</OfficerRoleCode>
         <Officer>
            <AgencyCode>D42</AgencyCode>
            <ORINumber>SC0280000</ORINumber>
            <LastName>M</LastName>
            <FirstName>Dana</FirstName>
            <InternalID>12345</InternalID>
         </Officer>
      </IncidentOfficer>
      <IncidentVehicle>
         <VEHICLE_ID>221</VEHICLE_ID>
         <RoleCode>PV</RoleCode>
         <CreatorId>D_OFFICER</CreatorId>
         <CreatorDate>05/04/2016 16:14:06</CreatorDate>
         <UpdatorId>D_OFFICER</UpdatorId>
         <UpdatorDate>05/04/2016 16:14:06</UpdatorDate>
         <DateOfInfo>12/15/2014 00:00:00</DateOfInfo>
         <DateOfInfo>03/31/2015 17:38:39</DateOfInfo>
         <DateOfInfo>01/20/2015 18:47:03</DateOfInfo>
         <StatusCode>16</StatusCode>
         <VIN>8596575</VIN>
         <VehicleYear>2014</VehicleYear>
         <VehicleMakeCode>HOND</VehicleMakeCode>
         <VehicleModelCode>ACC</VehicleModelCode>
         <VehicleStyleCode>4T</VehicleStyleCode>
         <VehicleTypeCode>AT</VehicleTypeCode>
         <VehPriColorCode>BLU</VehPriColorCode>
         <VehPriColorCode>BLU</VehPriColorCode>
         <VehPriColorCode>BLU</VehPriColorCode>
         <VehSecColorCode>DBL</VehSecColorCode>
         <VehSecColorCode>DBL</VehSecColorCode>
         <VehSecColorCode>DBL</VehSecColorCode>
         <VehicleLicStateCode>CO</VehicleLicStateCode>
         <VehicleLicStateCode>CO</VehicleLicStateCode>
         <VehicleLicStateCode>CO</VehicleLicStateCode>
         <VehicleLicNumber>RUI 876</VehicleLicNumber>
         <VehicleLicNumber>RUI 876</VehicleLicNumber>
         <VehicleLicNumber>RUI 876</VehicleLicNumber>
         <VehicleLicYear>2014</VehicleLicYear>
         <VehicleLicYear>2014</VehicleLicYear>
         <VehicleLicYear>2014</VehicleLicYear>
         <VehicleLicMonth>2</VehicleLicMonth>
         <VehicleLicMonth>2</VehicleLicMonth>
         <VehicleLicMonth>2</VehicleLicMonth>
      </IncidentVehicle>
   </IncidentSupplement>
   <IncidentSupplement>
      <SupplementSequence>1</SupplementSequence>
      <IncSupplementStatusCode>A</IncSupplementStatusCode>
      <SuppReportDate>05/04/2016 16:19:08</SuppReportDate>
      <SuppReportTime>05/04/2016 16:19:08</SuppReportTime>
      <AgencyOnly>N</AgencyOnly>
      <SecurityLevel>1201</SecurityLevel>
      <SuppAgencyCode>D42</SuppAgencyCode>
      <UnknownNoOffenders>N</UnknownNoOffenders>
      <DsIcrDate>10/16/2017 22:04:25</DsIcrDate>
      <DsIcrSubmissionStatus>NOT REPORTABLE</DsIcrSubmissionStatus>
      <CreatorId>D_OFFICER</CreatorId>
      <CreatorDate>05/04/2016 16:19:08</CreatorDate>
      <UpdatorId>TSTC</UpdatorId>
      <UpdatorDate>08/05/2021 17:38:25</UpdatorDate>
      <IncidentSuppNarrative>
         <NarrativeNumber>1</NarrativeNumber>
         <NarrativeTitle>Supplement#1 - Narrative</NarrativeTitle>
         <NarrativeText>&amp;nbsp;asdfasdfasd</NarrativeText>
         <CreatorId>D_OFFICER</CreatorId>
         <CreatorDate>10/16/2017 22:03:42</CreatorDate>
         <UpdatorId>D_OFFICER</UpdatorId>
         <UpdatorDate>10/16/2017 22:03:42</UpdatorDate>
      </IncidentSuppNarrative>
      <IncidentOfficer>
         <OfficerRoleCode>P</OfficerRoleCode>
         <Officer>
            <AgencyCode>D42</AgencyCode>
            <ORINumber>SC0280000</ORINumber>
            <LastName>M</LastName>
            <FirstName>Dana</FirstName>
            <InternalID>12345</InternalID>
         </Officer>
      </IncidentOfficer>
      <IncidentOfficer>
         <OfficerRoleCode>R</OfficerRoleCode>
         <Officer>
            <AgencyCode>D42</AgencyCode>
            <ORINumber>SC0280000</ORINumber>
            <LastName>M</LastName>
            <FirstName>Dana</FirstName>
            <InternalID>12345</InternalID>
         </Officer>
      </IncidentOfficer>
      <IncidentOffense>
         <IncidentId>2488</IncidentId>
         <OffenseNumber>1</OffenseNumber>
         <OffenseStatusCode>00</OffenseStatusCode>
         <OffenseCode>USC21-853</OffenseCode>
         <PlaceCode>02</PlaceCode>
         <BiasCode>88</BiasCode>
         <CSAUCode>C</CSAUCode>
         <SupplementSeq>1</SupplementSeq>
         <UCRNumber>1</UCRNumber>
         <OffenseStatusDate>05/04/2016 16:13:00</OffenseStatusDate>
         <AttemptedCompletedCode>C</AttemptedCompletedCode>
         <ArrestChargeCode>USC21-853</ArrestChargeCode>
         <CreatorId>D_OFFICER</CreatorId>
         <CreatorDate>10/16/2017 22:02:42</CreatorDate>
         <UpdatorId>D_OFFICER</UpdatorId>
         <UpdatorDate>10/16/2017 22:02:42</UpdatorDate>
      </IncidentOffense>
      <IncidentVehicle>
         <VEHICLE_ID>139</VEHICLE_ID>
         <RoleCode>AB</RoleCode>
         <CreatorId>STATE_OFFICER4</CreatorId>
         <CreatorDate>05/10/2016 22:57:14</CreatorDate>
         <UpdatorId>TSTC</UpdatorId>
         <UpdatorDate>07/12/2017 13:33:57</UpdatorDate>
         <DateOfInfo>07/24/2012 00:00:00</DateOfInfo>
         <DateOfInfo>05/02/2016 13:46:19</DateOfInfo>
         <StatusCode>2</StatusCode>
         <VIN>1HGCP26788A105630</VIN>
         <VehicleYear>2008</VehicleYear>
         <VehicleMakeCode>HOND</VehicleMakeCode>
         <VehicleModelCode>ACC</VehicleModelCode>
         <VehSecColorCode>MAR</VehSecColorCode>
         <VehSecColorCode>MAR</VehSecColorCode>
         <VehicleLicStateCode>IL</VehicleLicStateCode>
         <VehicleLicStateCode>IL</VehicleLicStateCode>
         <VehicleLicNumber>A571854</VehicleLicNumber>
         <VehicleLicNumber>A571854</VehicleLicNumber>
         <VehicleLicYear>2016</VehicleLicYear>
         <VehicleLicYear>2016</VehicleLicYear>
         <VehicleLicMonth>7</VehicleLicMonth>
         <VehicleLicMonth>7</VehicleLicMonth>
      </IncidentVehicle>
      <IncidentVehicle>
         <VEHICLE_ID>138</VEHICLE_ID>
         <RoleCode>AB</RoleCode>
         <CreatorId>D_OFFICER</CreatorId>
         <CreatorDate>05/10/2016 23:03:46</CreatorDate>
         <UpdatorId>D_OFFICER</UpdatorId>
         <UpdatorDate>05/10/2016 23:03:46</UpdatorDate>
         <DateOfInfo>07/23/2012 00:00:00</DateOfInfo>
         <DateOfInfo>05/10/2016 23:00:04</DateOfInfo>
         <DateOfInfo>06/20/2017 11:11:04</DateOfInfo>
         <StatusCode>2</StatusCode>
         <VIN>1XPCDU9X6YN500914</VIN>
         <VehicleYear>2000</VehicleYear>
         <VehicleMakeCode>PTRB</VehicleMakeCode>
         <VehSecColorCode>RED</VehSecColorCode>
         <VehSecColorCode>RED</VehSecColorCode>
         <VehSecColorCode>RED</VehSecColorCode>
         <VehicleLicStateCode>AL</VehicleLicStateCode>
         <VehicleLicStateCode>AL</VehicleLicStateCode>
         <VehicleLicStateCode>AL</VehicleLicStateCode>
         <VehicleLicNumber>1061167</VehicleLicNumber>
         <VehicleLicNumber>1061167</VehicleLicNumber>
         <VehicleLicNumber>1061167</VehicleLicNumber>
         <VehicleLicYear>2012</VehicleLicYear>
         <VehicleLicYear>2012</VehicleLicYear>
         <VehicleLicYear>2012</VehicleLicYear>
         <VehicleLicMonth>9</VehicleLicMonth>
         <VehicleLicMonth>9</VehicleLicMonth>
         <VehicleLicMonth>9</VehicleLicMonth>
      </IncidentVehicle>
      <IncidentProperty>
         <CreatorId>D_OFFICER</CreatorId>
         <CreatorDate>10/16/2017 21:53:13</CreatorDate>
         <UpdatorId>D_OFFICER</UpdatorId>
         <UpdatorDate>10/16/2017 22:01:56</UpdatorDate>
         <DateOfInfo>10/16/2017 00:00:00</DateOfInfo>
         <StatusCode>16</StatusCode>
         <DocumentTypeCode>P</DocumentTypeCode>
         <PropertyTypeCode>429</PropertyTypeCode>
         <PropertyValue>100</PropertyValue>
         <Value>100</Value>
         <Evidence>Y</Evidence>
         <EvidenceFlag>Y</EvidenceFlag>
         <ExternalEvidenceId>735</ExternalEvidenceId>
         <Property_ID>1707</Property_ID>
         <Make>vase vase</Make>
         <Quantity>1</Quantity>
      </IncidentProperty>
      <IncidentProperty>
         <CreatorId>D_OFFICER</CreatorId>
         <CreatorDate>10/16/2017 21:56:09</CreatorDate>
         <UpdatorId>D_OFFICER</UpdatorId>
         <UpdatorDate>10/16/2017 21:57:10</UpdatorDate>
         <DateOfInfo>10/16/2017 00:00:00</DateOfInfo>
         <StatusCode>7</StatusCode>
         <DocumentTypeCode>D</DocumentTypeCode>
         <PropertyTypeCode>105</PropertyTypeCode>
         <PropertyValue>1000</PropertyValue>
         <Value>1000</Value>
         <Evidence>Y</Evidence>
         <EvidenceFlag>Y</EvidenceFlag>
         <ExternalEvidenceId>736</ExternalEvidenceId>
         <Property_ID>1708</Property_ID>
         <DrugTypeCode>E</DrugTypeCode>
         <Quantity>1</Quantity>
         <QuantityUnit>KG</QuantityUnit>
      </IncidentProperty>
   </IncidentSupplement>
</Incident>