<?xml version="1.0" encoding="UTF-8"?>
<Incident xmlns:xsi="http://www.w3.org/2001/XMLSchema-instance"
          xsi:noNamespaceSchemaLocation="file:///C:/DATA/EJS/SVN_Root/Ejustice/trunk/XMLTransformations/OnlineRMSInternalToIncident/IAOnlineRMSIncidentImport.xsd">
   <IncidentReportNum>16050022</IncidentReportNum>
   <AgencyCode>D42</AgencyCode>
   <ORINum>SC0280000</ORINum>
   <ReportDate>05/17/2016 14:55:00</ReportDate>
   <ReportTime>05/17/2016 14:55:00</ReportTime>
   <StartDate>05/17/2016 14:53:00</StartDate>
   <StartTime>06/01/2016 14:53:00</StartTime>
   <CreatorId>TSTC</CreatorId>
   <CreatorDate>05/17/2016 14:56:01</CreatorDate>
   <UpdatorId>TSTC</UpdatorId>
   <UpdatorDate>09/09/2021 18:46:39</UpdatorDate>
   <IncidentType>
      <IncidentTypeCode>CDT</IncidentTypeCode>
   </IncidentType>
   <IncidentAddress>
      <IncAddrComment>sdsdsd</IncAddrComment>
      <AddressId>571</AddressId>
      <Beat>Test</Beat>
      <SubBeat>Area</SubBeat>
      <City>1</City>
      <CreatorId>TSTC</CreatorId>
      <CreatorDate>05/17/2016 14:56:02</CreatorDate>
      <UpdatorId>TSTC</UpdatorId>
      <UpdatorDate>06/13/2016 14:29:52</UpdatorDate>
      <Address>
         <AddressId>571</AddressId>
         <StreetNumber>222</StreetNumber>
         <StreetDirCode>N</StreetDirCode>
         <StreetName>Main</StreetName>
         <StreetTypeCode>ST</StreetTypeCode>
         <City>Cleveland</City>
         <StateCode>IN</StateCode>
         <CountryCode>US</CountryCode>
         <Beat>Test</Beat>
         <SubBeat>Area</SubBeat>
         <Longitude>-86.64267128447958</Longitude>
         <Latitude>39.86307865492383</Latitude>
         <AddressCommonName>
            <CommonPlaceName>Dead strip</CommonPlaceName>
         </AddressCommonName>
      </Address>
   </IncidentAddress>
   <IncidentSupplement>
      <SupplementSequence>0</SupplementSequence>
      <IncSupplementStatusCode>A</IncSupplementStatusCode>
      <SuppReportDate>05/17/2016 14:55:58</SuppReportDate>
      <SuppReportTime>05/17/2016 14:55:58</SuppReportTime>
      <AgencyOnly>N</AgencyOnly>
      <SecurityLevel>1100</SecurityLevel>
      <SuppAgencyCode>D42</SuppAgencyCode>
      <UnknownNoOffenders>N</UnknownNoOffenders>
      <DsIcrDate>06/13/2016 15:04:23</DsIcrDate>
      <DsIcrSubmissionStatus>SENT WAITING FOR RESPONSE</DsIcrSubmissionStatus>
      <CreatorId>TSTC</CreatorId>
      <CreatorDate>05/17/2016 14:56:01</CreatorDate>
      <UpdatorId>TSTC</UpdatorId>
      <UpdatorDate>08/05/2021 17:38:25</UpdatorDate>
      <IncidentSuppNarrative>
         <NarrativeNumber>1</NarrativeNumber>
         <NarrativeTitle>Combined narratives from CAD</NarrativeTitle>
         <NarrativeText>05/17/2016 14:54:32 SIDS1: Helo1&lt;br /&gt;05/17/2016 14:54:35 SIDS1: Hello 2&lt;br /&gt;05/17/2016 14:54:53 SIDS1: hello 3&lt;br /&gt;</NarrativeText>
         <CreatorId>TSTC</CreatorId>
         <CreatorDate>05/17/2016 14:56:01</CreatorDate>
         <UpdatorId>TSTC</UpdatorId>
         <UpdatorDate>05/17/2016 14:56:02</UpdatorDate>
      </IncidentSuppNarrative>
      <IncidentOfficer>
         <OfficerRoleCode>P</OfficerRoleCode>
         <Officer>
            <AgencyCode>D42</AgencyCode>
            <ORINumber>SC0280000</ORINumber>
            <LastName>Ranz</LastName>
            <FirstName>Greg</FirstName>
            <InternalID>9696</InternalID>
         </Officer>
      </IncidentOfficer>
      <IncidentOfficer>
         <OfficerRoleCode>R</OfficerRoleCode>
         <Officer>
            <AgencyCode>D42</AgencyCode>
            <ORINumber>SC0280000</ORINumber>
            <LastName>Ranz</LastName>
            <FirstName>Greg</FirstName>
            <InternalID>9696</InternalID>
         </Officer>
      </IncidentOfficer>
      <IncidentOffense>
         <IncidentId>2512</IncidentId>
         <OffenseNumber>1</OffenseNumber>
         <OffenseStatusCode>00</OffenseStatusCode>
         <OffenseCode>35-43-4-2.5 V02</OffenseCode>
         <PlaceCode>40</PlaceCode>
         <BiasCode>88</BiasCode>
         <CSAUCode>A</CSAUCode>
         <SupplementSeq>0</SupplementSeq>
         <UCRNumber>1</UCRNumber>
         <OffenseStatusDate>05/17/2016 14:53:00</OffenseStatusDate>
         <AttemptedCompletedCode>A</AttemptedCompletedCode>
         <CreatorId>STATE_OFFICER11</CreatorId>
         <CreatorDate>05/23/2016 11:18:37</CreatorDate>
         <UpdatorId>STATE_OFFICER11</UpdatorId>
         <UpdatorDate>05/23/2016 11:18:37</UpdatorDate>
      </IncidentOffense>
      <IncidentOffense>
         <IncidentId>2512</IncidentId>
         <OffenseNumber>2</OffenseNumber>
         <OffenseStatusCode>00</OffenseStatusCode>
         <OffenseCode>16-42-19-16</OffenseCode>
         <PlaceCode>39</PlaceCode>
         <BiasCode>22</BiasCode>
         <CSAUCode>A</CSAUCode>
         <SupplementSeq>0</SupplementSeq>
         <UCRNumber>2</UCRNumber>
         <OffenseStatusDate>05/17/2016 14:53:00</OffenseStatusDate>
         <AttemptedCompletedCode>A</AttemptedCompletedCode>
         <ArrestChargeCode>16-42-19-16</ArrestChargeCode>
         <CreatorId>STATE_OFFICER11</CreatorId>
         <CreatorDate>06/13/2016 14:31:26</CreatorDate>
         <UpdatorId>STATE_OFFICER11</UpdatorId>
         <UpdatorDate>06/13/2016 14:31:26</UpdatorDate>
      </IncidentOffense>
      <IncidentOffense>
         <IncidentId>2512</IncidentId>
         <OffenseNumber>3</OffenseNumber>
         <OffenseStatusCode>00</OffenseStatusCode>
         <OffenseCode>14-15-9-6</OffenseCode>
         <PlaceCode>01</PlaceCode>
         <BiasCode>88</BiasCode>
         <CSAUCode>A</CSAUCode>
         <SupplementSeq>0</SupplementSeq>
         <UCRNumber>3</UCRNumber>
         <OffenseStatusDate>05/17/2016 14:53:00</OffenseStatusDate>
         <AttemptedCompletedCode>A</AttemptedCompletedCode>
         <ArrestChargeCode>14-15-9-6</ArrestChargeCode>
         <CreatorId>STATE_OFFICER11</CreatorId>
         <CreatorDate>06/13/2016 14:32:00</CreatorDate>
         <UpdatorId>STATE_OFFICER11</UpdatorId>
         <UpdatorDate>06/13/2016 14:32:00</UpdatorDate>
      </IncidentOffense>
      <IncidentOffense>
         <IncidentId>2512</IncidentId>
         <OffenseNumber>4</OffenseNumber>
         <OffenseStatusCode>01</OffenseStatusCode>
         <OffenseCode>14-15-9-4</OffenseCode>
         <PlaceCode>01</PlaceCode>
         <BiasCode>88</BiasCode>
         <CSAUCode>A</CSAUCode>
         <SupplementSeq>0</SupplementSeq>
         <UCRNumber>4</UCRNumber>
         <OffenseStatusDate>05/17/2016 14:53:00</OffenseStatusDate>
         <AttemptedCompletedCode>A</AttemptedCompletedCode>
         <ArrestChargeCode>14-15-9-4</ArrestChargeCode>
         <CreatorId>STATE_OFFICER11</CreatorId>
         <CreatorDate>06/13/2016 14:32:32</CreatorDate>
         <UpdatorId>STATE_OFFICER11</UpdatorId>
         <UpdatorDate>06/13/2016 14:32:32</UpdatorDate>
      </IncidentOffense>
      <IncidentPerson>
         <ApproxAge>25</ApproxAge>
         <ResidentStatusCode>C</ResidentStatusCode>
         <CreatorId>STATE_OFFICER11</CreatorId>
         <CreatorDate>05/23/2016 11:19:00</CreatorDate>
         <UpdatorId>TSTC</UpdatorId>
         <UpdatorDate>05/24/2023 12:41:23</UpdatorDate>
         <Person>
            <PersonId>823</PersonId>
            <RaceCode>W</RaceCode>
            <SexCode>M</SexCode>
            <PersonVerified>Y</PersonVerified>
            <PersonPrimaryName>
               <LastName>Address</LastName>
               <FirstName>Person2</FirstName>
               <DOB>06/05/1990 00:00:00</DOB>
               <DateOfInfo>04/27/2016 16:11:38</DateOfInfo>
               <SLastName>A362</SLastName>
               <SFirstName>P625</SFirstName>
            </PersonPrimaryName>
            <Alias>
               <NameTypeCode>P</NameTypeCode>
               <LastName>Address</LastName>
               <FirstName>Person2</FirstName>
               <DOB>06/05/1990 00:00:00</DOB>
               <SLastName>A362</SLastName>
               <SFirstName>P625</SFirstName>
               <DateOfInfo>04/27/2016 16:11:38</DateOfInfo>
            </Alias>
            <PersonAddress>
               <StreetNumber>55</StreetNumber>
               <StreetName>Howard</StreetName>
               <StreetTypeCode>ACRE</StreetTypeCode>
               <CountryCode>US</CountryCode>
               <Beat>Test</Beat>
               <SubBeat>Area</SubBeat>
            </PersonAddress>
            <PersonAddress>
               <StreetNumber>100</StreetNumber>
               <StreetName>Apple</StreetName>
               <StreetTypeCode>BLF</StreetTypeCode>
               <City>Greenfield</City>
               <StateCode>IN</StateCode>
               <Zip5>46140</Zip5>
               <CountryCode>US</CountryCode>
            </PersonAddress>
         </Person>
         <IncidentPersonRole>
            <RoleType>V</RoleType>
            <CreatorId>STATE_OFFICER11</CreatorId>
            <CreatorDate>05/23/2016 11:19:00</CreatorDate>
            <UpdatorId>TSTC</UpdatorId>
            <UpdatorDate>08/15/2023 20:32:23</UpdatorDate>
         </IncidentPersonRole>
      </IncidentPerson>
      <IncidentPerson>
         <ApproxAge>40</ApproxAge>
         <ResidentStatusCode>U</ResidentStatusCode>
         <CreatorId>STATE_OFFICER11</CreatorId>
         <CreatorDate>06/13/2016 14:30:48</CreatorDate>
         <UpdatorId>TSTC</UpdatorId>
         <UpdatorDate>05/24/2023 12:41:23</UpdatorDate>
         <Person>
            <PersonId>469</PersonId>
            <RaceCode>W</RaceCode>
            <SexCode>M</SexCode>
            <PersonVerified>Y</PersonVerified>
            <PersonPrimaryName>
               <LastName>Aaberg</LastName>
               <FirstName>Ken</FirstName>
               <DOB>07/09/1975 00:00:00</DOB>
               <SSN>1.23456789E8</SSN>
               <DateOfInfo>07/09/2013 15:43:42</DateOfInfo>
               <SLastName>A162</SLastName>
               <SFirstName>K500</SFirstName>
            </PersonPrimaryName>
            <PersonPrimaryName>
               <LastName>Free</LastName>
               <FirstName>Fredd</FirstName>
               <DateOfInfo>10/22/2018 00:00:00</DateOfInfo>
               <SLastName>F600</SLastName>
               <SFirstName>F630</SFirstName>
            </PersonPrimaryName>
            <Alias>
               <NameTypeCode>P</NameTypeCode>
               <LastName>Aaberg</LastName>
               <FirstName>Ken</FirstName>
               <DOB>07/09/1975 00:00:00</DOB>
               <SSN>1.23456789E8</SSN>
               <SLastName>A162</SLastName>
               <SFirstName>K500</SFirstName>
               <DateOfInfo>07/09/2013 15:43:42</DateOfInfo>
            </Alias>
            <Alias>
               <NameTypeCode>M</NameTypeCode>
               <LastName>Free</LastName>
               <FirstName>Fredd</FirstName>
               <SLastName>F600</SLastName>
               <SFirstName>F630</SFirstName>
               <DateOfInfo>10/22/2018 00:00:00</DateOfInfo>
            </Alias>
            <PersonAddress>
               <StreetNumber>86</StreetNumber>
               <StreetDirCode>NE</StreetDirCode>
               <StreetName>ASHWOOD</StreetName>
               <StreetTypeCode>LN</StreetTypeCode>
               <StreetSuffixCode>N</StreetSuffixCode>
               <City>DILLON</City>
               <CountryCode>US</CountryCode>
               <Beat>Test</Beat>
               <SubBeat>Area</SubBeat>
            </PersonAddress>
            <PersonAddress>
               <StreetNumber>1770</StreetNumber>
               <StreetDirCode>BLK</StreetDirCode>
               <StreetName>Lincoln</StreetName>
               <City>Denver</City>
               <StateCode>CO</StateCode>
               <Zip5>80104</Zip5>
               <CountryCode>US</CountryCode>
               <CountyCode>30</CountyCode>
               <Longitude>-104.999408</Longitude>
               <Latitude>39.739577</Latitude>
            </PersonAddress>
            <PersonAddress>
               <StreetNumber>400</StreetNumber>
               <StreetName>Elm</StreetName>
               <StreetTypeCode>ST</StreetTypeCode>
               <City>Fortville</City>
               <StateCode>IN</StateCode>
               <Zip5>46040</Zip5>
               <CountryCode>US</CountryCode>
               <CountyCode>30</CountyCode>
               <Longitude>-85.84358784985562</Longitude>
               <Latitude>39.93291330899494</Latitude>
            </PersonAddress>
            <PersonAddress>
               <StreetNumber>556</StreetNumber>
               <StreetName>Howard</StreetName>
               <City>Denver</City>
               <StateCode>CO</StateCode>
               <Zip5>80111</Zip5>
               <CountryCode>US</CountryCode>
            </PersonAddress>
            <PersonAddress>
               <StreetNumber>877</StreetNumber>
               <StreetName>Harbor</StreetName>
               <City>INDIANAPOLIS</City>
               <StateCode>IN</StateCode>
               <Zip5>A6221</Zip5>
               <CountyCode>30</CountyCode>
            </PersonAddress>
            <PersonPhone>
               <PhoneTypeCode>RES</PhoneTypeCode>
               <PhoneArea>987</PhoneArea>
               <PhonePrefix>987</PhonePrefix>
               <PhoneSuffix>9876</PhoneSuffix>
               <DateOfInfo>11/18/2014 00:00:00</DateOfInfo>
            </PersonPhone>
            <PersonPhone>
               <PhoneTypeCode>CEL</PhoneTypeCode>
               <PhoneArea>123</PhoneArea>
               <PhonePrefix>123</PhonePrefix>
               <PhoneSuffix>1234</PhoneSuffix>
               <DateOfInfo>11/18/2014 00:00:00</DateOfInfo>
            </PersonPhone>
            <PersonPhone>
               <PhoneTypeCode>CEL</PhoneTypeCode>
               <PhoneArea>111</PhoneArea>
               <PhonePrefix>111</PhonePrefix>
               <PhoneSuffix>1111</PhoneSuffix>
               <PhoneExt>111</PhoneExt>
               <DateOfInfo>10/22/2018 00:00:00</DateOfInfo>
            </PersonPhone>
         </Person>
         <IncidentPersonRole>
            <RoleType>S</RoleType>
            <CreatorId>STATE_OFFICER11</CreatorId>
            <CreatorDate>06/13/2016 14:30:48</CreatorDate>
            <UpdatorId>TSTC</UpdatorId>
            <UpdatorDate>08/15/2023 20:32:23</UpdatorDate>
         </IncidentPersonRole>
      </IncidentPerson>
      <IncidentVehicle>
         <VEHICLE_ID>244</VEHICLE_ID>
         <RoleCode>OT</RoleCode>
         <CreatorId>MMOUSE@GMAIL.COM</CreatorId>
         <CreatorDate>05/17/2016 14:56:02</CreatorDate>
         <UpdatorId>TSTC</UpdatorId>
         <UpdatorDate>07/12/2017 12:56:14</UpdatorDate>
         <DateOfInfo>05/17/2016 14:55:26</DateOfInfo>
         <StatusCode>8</StatusCode>
         <VIN>1234567890-467ABC</VIN>
         <VehicleYear>2018</VehicleYear>
         <VehicleMakeCode>HOND</VehicleMakeCode>
         <VehicleModelCode>ACC</VehicleModelCode>
         <VehicleLicStateCode>CO</VehicleLicStateCode>
         <VehicleLicNumber>467 ABC</VehicleLicNumber>
         <VehicleValue>3.24324324E8</VehicleValue>
      </IncidentVehicle>
      <IncidentVehicle>
         <VEHICLE_ID>202</VEHICLE_ID>
         <RoleCode>VI</RoleCode>
         <CreatorId>STATE_OFFICER11</CreatorId>
         <CreatorDate>05/23/2016 11:19:26</CreatorDate>
         <UpdatorId>STATE_OFFICER11</UpdatorId>
         <UpdatorDate>05/23/2016 11:19:26</UpdatorDate>
         <DateOfInfo>12/26/2013 00:00:00</DateOfInfo>
         <DateOfInfo>05/10/2016 23:21:31</DateOfInfo>
         <StatusCode>8</StatusCode>
         <VIN>XE4567FDGHJKYU</VIN>
         <VehicleYear>2014</VehicleYear>
         <VehicleMakeCode>JEP</VehicleMakeCode>
         <VehicleModelCode>TK</VehicleModelCode>
         <VehicleTypeCode>TK</VehicleTypeCode>
         <VehPriColorCode>SIL</VehPriColorCode>
         <VehPriColorCode>SIL</VehPriColorCode>
         <VehSecColorCode>SIL</VehSecColorCode>
         <VehSecColorCode>SIL</VehSecColorCode>
         <VehicleLicStateCode>CO</VehicleLicStateCode>
         <VehicleLicStateCode>CO</VehicleLicStateCode>
         <VehicleLicNumber>855 UVB</VehicleLicNumber>
         <VehicleLicNumber>855 UVB</VehicleLicNumber>
         <VehicleLicYear>2014</VehicleLicYear>
         <VehicleLicYear>2014</VehicleLicYear>
         <VehicleLicMonth>6</VehicleLicMonth>
         <VehicleLicMonth>6</VehicleLicMonth>
         <VehicleValue>5000</VehicleValue>
      </IncidentVehicle>
      <IncidentVehicle>
         <VEHICLE_ID>207</VEHICLE_ID>
         <RoleCode>ST</RoleCode>
         <CreatorId>STATE_OFFICER11</CreatorId>
         <CreatorDate>06/03/2016 14:56:53</CreatorDate>
         <UpdatorId>STATE_OFFICER11</UpdatorId>
         <UpdatorDate>06/03/2016 14:56:53</UpdatorDate>
         <DateOfInfo>03/31/2015 22:50:20</DateOfInfo>
         <DateOfInfo>03/16/2015 13:51:00</DateOfInfo>
         <DateOfInfo>03/06/2014 00:00:00</DateOfInfo>
         <DateOfInfo>02/10/2015 12:23:21</DateOfInfo>
         <DateOfInfo>04/14/2017 17:10:17</DateOfInfo>
         <StatusCode>7</StatusCode>
         <VIN>665-667</VIN>
         <VehicleYear>2002</VehicleYear>
         <VehicleMakeCode>HOND</VehicleMakeCode>
         <VehicleModelCode>CIV</VehicleModelCode>
         <VehicleStyleCode>2T</VehicleStyleCode>
         <VehicleTypeCode>AT</VehicleTypeCode>
         <VehPriColorCode>WHI</VehPriColorCode>
         <VehPriColorCode>WHI</VehPriColorCode>
         <VehPriColorCode>WHI</VehPriColorCode>
         <VehPriColorCode>WHI</VehPriColorCode>
         <VehPriColorCode>WHI</VehPriColorCode>
         <VehSecColorCode>WHI</VehSecColorCode>
         <VehSecColorCode>WHI</VehSecColorCode>
         <VehSecColorCode>WHI</VehSecColorCode>
         <VehSecColorCode>WHI</VehSecColorCode>
         <VehSecColorCode>WHI</VehSecColorCode>
         <VehicleLicStateCode>CO</VehicleLicStateCode>
         <VehicleLicStateCode>CO</VehicleLicStateCode>
         <VehicleLicStateCode>CO</VehicleLicStateCode>
         <VehicleLicStateCode>CO</VehicleLicStateCode>
         <VehicleLicStateCode>CO</VehicleLicStateCode>
         <VehicleLicNumber>JOES-HONDA</VehicleLicNumber>
         <VehicleLicNumber>JOES-HONDA</VehicleLicNumber>
         <VehicleLicNumber>JOES-HONDA</VehicleLicNumber>
         <VehicleLicNumber>JOES-HONDA</VehicleLicNumber>
         <VehicleLicNumber>JOES-HONDA</VehicleLicNumber>
         <VehicleLicYear>2014</VehicleLicYear>
         <VehicleLicYear>2014</VehicleLicYear>
         <VehicleLicYear>2014</VehicleLicYear>
         <VehicleLicYear>2014</VehicleLicYear>
         <VehicleLicYear>2014</VehicleLicYear>
         <VehicleLicMonth>1</VehicleLicMonth>
         <VehicleLicMonth>1</VehicleLicMonth>
         <VehicleLicMonth>1</VehicleLicMonth>
         <VehicleLicMonth>1</VehicleLicMonth>
         <VehicleLicMonth>1</VehicleLicMonth>
         <VehicleValue>100000</VehicleValue>
      </IncidentVehicle>
      <IncidentVehicle>
         <VEHICLE_ID>165</VEHICLE_ID>
         <RoleCode>OT</RoleCode>
         <CreatorId>STATE_OFFICER11</CreatorId>
         <CreatorDate>06/03/2016 15:18:02</CreatorDate>
         <UpdatorId>STATE_OFFICER11</UpdatorId>
         <UpdatorDate>06/03/2016 15:18:02</UpdatorDate>
         <DateOfInfo>09/13/2012 13:15:28</DateOfInfo>
         <DateOfInfo>03/10/2015 13:06:45</DateOfInfo>
         <StatusCode>16</StatusCode>
         <VehicleMakeCode>TOYT</VehicleMakeCode>
         <VehicleModelCode>PRI</VehicleModelCode>
         <VehPriColorCode>RED</VehPriColorCode>
         <VehPriColorCode>RED</VehPriColorCode>
         <VehicleLicStateCode>IL</VehicleLicStateCode>
         <VehicleLicStateCode>IL</VehicleLicStateCode>
         <VehicleLicNumber>YYYXXX555</VehicleLicNumber>
         <VehicleLicNumber>YYYXXX555</VehicleLicNumber>
      </IncidentVehicle>
   </IncidentSupplement>
</Incident>