<?xml version="1.0" encoding="UTF-8"?>
<Incident xmlns:xsi="http://www.w3.org/2001/XMLSchema-instance"
          xsi:noNamespaceSchemaLocation="file:///C:/DATA/EJS/SVN_Root/Ejustice/trunk/XMLTransformations/OnlineRMSInternalToIncident/IAOnlineRMSIncidentImport.xsd">
   <IncidentReportNum>2018D4210202</IncidentReportNum>
   <AgencyCode>D42</AgencyCode>
   <ORINum>SC0280000</ORINum>
   <ReportDate>11/27/2018 16:00:00</ReportDate>
   <ReportTime>11/27/2018 16:00:00</ReportTime>
   <StartDate>11/27/2018 16:00:00</StartDate>
   <StartTime>11/27/2018 16:00:00</StartTime>
   <Summary>test</Summary>
   <CreatorId>ODL_USER</CreatorId>
   <CreatorDate>11/27/2018 16:00:54</CreatorDate>
   <UpdatorId>TSTC</UpdatorId>
   <UpdatorDate>09/09/2021 18:46:41</UpdatorDate>
   <IncidentType>
      <IncidentTypeCode>B/B</IncidentTypeCode>
   </IncidentType>
   <IncidentAddress>
      <AddressId>290</AddressId>
      <City>20</City>
      <CreatorId>ODL_USER</CreatorId>
      <CreatorDate>11/27/2018 16:01:28</CreatorDate>
      <UpdatorId>TSTC</UpdatorId>
      <UpdatorDate>12/14/2018 18:36:49</UpdatorDate>
      <Address>
         <AddressId>290</AddressId>
         <StreetNumber>122</StreetNumber>
         <StreetDirCode>W</StreetDirCode>
         <StreetName>Elm</StreetName>
         <StreetTypeCode>ST</StreetTypeCode>
         <City>Chicago</City>
         <StateCode>IL</StateCode>
         <Zip5>60610</Zip5>
         <Zip4>1</Zip4>
         <CountryCode>US</CountryCode>
         <Longitude>-87.632329</Longitude>
         <Latitude>41.903126</Latitude>
      </Address>
   </IncidentAddress>
   <IncidentSupplement>
      <SupplementSequence>0</SupplementSequence>
      <IncSupplementStatusCode>A</IncSupplementStatusCode>
      <SuppReportDate>11/27/2018 16:00:54</SuppReportDate>
      <SuppReportTime>11/27/2018 16:00:54</SuppReportTime>
      <AgencyOnly>N</AgencyOnly>
      <SecurityLevel>400</SecurityLevel>
      <SuppAgencyCode>D42</SuppAgencyCode>
      <UnknownNoOffenders>N</UnknownNoOffenders>
      <DsIcrDate>04/02/2019 13:04:53</DsIcrDate>
      <DsIcrSubmissionStatus>NOT REPORTABLE</DsIcrSubmissionStatus>
      <CreatorId>ODL_USER</CreatorId>
      <CreatorDate>11/27/2018 16:00:54</CreatorDate>
      <UpdatorId>TSTC</UpdatorId>
      <UpdatorDate>08/05/2021 17:38:27</UpdatorDate>
      <IncidentSuppNarrative>
         <NarrativeNumber>1</NarrativeNumber>
         <NarrativeTitle>Original Narrative</NarrativeTitle>
         <NarrativeText>sdfsdfsdfs</NarrativeText>
         <CreatorId>ODL_USER</CreatorId>
         <CreatorDate>12/14/2018 18:43:41</CreatorDate>
         <UpdatorId>ODL_USER</UpdatorId>
         <UpdatorDate>12/14/2018 18:43:41</UpdatorDate>
      </IncidentSuppNarrative>
      <IncidentOfficer>
         <OfficerRoleCode>P</OfficerRoleCode>
         <Officer>
            <AgencyCode>D42</AgencyCode>
            <ORINumber>SC0280000</ORINumber>
            <LastName>Wright</LastName>
            <FirstName>Greg</FirstName>
            <InternalID>9696</InternalID>
         </Officer>
      </IncidentOfficer>
      <IncidentOfficer>
         <OfficerRoleCode>R</OfficerRoleCode>
         <Officer>
            <AgencyCode>D42</AgencyCode>
            <ORINumber>SC0280000</ORINumber>
            <LastName>Ranz</LastName>
            <FirstName>Greg</FirstName>
            <InternalID>9696</InternalID>
         </Officer>
      </IncidentOfficer>
      <IncidentOfficer>
         <OfficerRoleCode>X</OfficerRoleCode>
         <Officer>
            <AgencyCode>D42</AgencyCode>
            <ORINumber>SC0280000</ORINumber>
            <LastName>Ranz</LastName>
            <FirstName>Greg</FirstName>
            <InternalID>9696</InternalID>
         </Officer>
      </IncidentOfficer>
      <IncidentOfficer>
         <OfficerRoleCode>Y</OfficerRoleCode>
         <Officer>
            <AgencyCode>OTHR</AgencyCode>
            <ORINumber>IN344SP00</ORINumber>
            <LastName>Hedges</LastName>
            <FirstName>Joe</FirstName>
            <InternalID>7049</InternalID>
         </Officer>
      </IncidentOfficer>
      <IncidentOffense>
         <IncidentId>3191</IncidentId>
         <OffenseNumber>1</OffenseNumber>
         <OffenseStatusCode>00</OffenseStatusCode>
         <OffenseCode>35-43-2-2  C01</OffenseCode>
         <PlaceCode>25</PlaceCode>
         <BiasCode>88</BiasCode>
         <CSAUCode>C</CSAUCode>
         <SupplementSeq>0</SupplementSeq>
         <UCRNumber>1</UCRNumber>
         <OffenseStatusDate>11/27/2018 16:00:00</OffenseStatusDate>
         <AttemptedCompletedCode>C</AttemptedCompletedCode>
         <CreatorId>ODL_USER</CreatorId>
         <CreatorDate>12/14/2018 18:37:41</CreatorDate>
         <UpdatorId>ODL_USER</UpdatorId>
         <UpdatorDate>12/14/2018 18:37:41</UpdatorDate>
      </IncidentOffense>
      <IncidentPerson>
         <ApproxAge>29</ApproxAge>
         <ResidentStatusCode>R</ResidentStatusCode>
         <CreatorId>ODL_USER</CreatorId>
         <CreatorDate>11/27/2018 16:01:28</CreatorDate>
         <UpdatorId>TSTC</UpdatorId>
         <UpdatorDate>05/24/2023 12:41:24</UpdatorDate>
         <Person>
            <PersonId>833</PersonId>
            <RaceCode>W</RaceCode>
            <SexCode>M</SexCode>
            <PersonVerified>Y</PersonVerified>
            <PersonPrimaryName>
               <LastName>ALLEN</LastName>
               <FirstName>DONALD</FirstName>
               <DOB>10/24/1989 00:00:00</DOB>
               <DateOfInfo>06/17/2016 23:14:56</DateOfInfo>
               <SLastName>A450</SLastName>
               <SFirstName>D543</SFirstName>
            </PersonPrimaryName>
            <Alias>
               <NameTypeCode>P</NameTypeCode>
               <LastName>ALLEN</LastName>
               <FirstName>DONALD</FirstName>
               <DOB>10/24/1989 00:00:00</DOB>
               <SLastName>A450</SLastName>
               <SFirstName>D543</SFirstName>
               <DateOfInfo>06/17/2016 23:14:56</DateOfInfo>
            </Alias>
            <PersonAddress>
               <StreetNumber>126</StreetNumber>
               <StreetDirCode>N</StreetDirCode>
               <StreetName>750</StreetName>
               <StreetSuffixCode>W</StreetSuffixCode>
               <StateCode>IN</StateCode>
               <CountryCode>US</CountryCode>
               <Longitude>-85.39604</Longitude>
               <Latitude>39.07748</Latitude>
               <Beat>D2</Beat>
               <SubBeat>Sub D2</SubBeat>
            </PersonAddress>
            <PersonAddress>
               <StreetNumber>300</StreetNumber>
               <StreetDirCode>E</StreetDirCode>
               <StreetName>200</StreetName>
               <StreetSuffixCode>E</StreetSuffixCode>
               <SubTypeCode>APT</SubTypeCode>
               <City>Lebanon</City>
               <StateCode>IN</StateCode>
               <Zip5>46052</Zip5>
               <CountryCode>US</CountryCode>
               <CountyCode>NaN</CountyCode>
               <Longitude>-86.36852515301796</Longitude>
               <Latitude>39.73382972861548</Latitude>
               <Beat>Test</Beat>
               <SubBeat>Area</SubBeat>
            </PersonAddress>
            <PersonPhone>
               <PhoneTypeCode>BUS</PhoneTypeCode>
               <PhoneArea>111</PhoneArea>
               <PhonePrefix>111</PhonePrefix>
               <PhoneSuffix>1111</PhoneSuffix>
               <DateOfInfo>09/07/2017 00:00:00</DateOfInfo>
            </PersonPhone>
            <PersonPhone>
               <PhoneTypeCode>CEL</PhoneTypeCode>
               <PhoneArea>222</PhoneArea>
               <PhonePrefix>222</PhonePrefix>
               <PhoneSuffix>2222</PhoneSuffix>
               <DateOfInfo>09/07/2017 00:00:00</DateOfInfo>
            </PersonPhone>
            <PersonPhone>
               <PhoneTypeCode>RES</PhoneTypeCode>
               <PhoneArea>333</PhoneArea>
               <PhonePrefix>333</PhonePrefix>
               <PhoneSuffix>3333</PhoneSuffix>
               <DateOfInfo>09/07/2017 00:00:00</DateOfInfo>
            </PersonPhone>
            <PersonPhone>
               <PhoneTypeCode>BUS</PhoneTypeCode>
               <PhoneArea>444</PhoneArea>
               <PhonePrefix>444</PhonePrefix>
               <PhoneSuffix>4444</PhoneSuffix>
               <DateOfInfo>09/01/2017 00:00:00</DateOfInfo>
            </PersonPhone>
            <PersonPhone>
               <PhoneTypeCode>CEL</PhoneTypeCode>
               <PhoneArea>555</PhoneArea>
               <PhonePrefix>555</PhonePrefix>
               <PhoneSuffix>5555</PhoneSuffix>
               <DateOfInfo>09/01/2017 00:00:00</DateOfInfo>
            </PersonPhone>
            <PersonPhone>
               <PhoneTypeCode>RES</PhoneTypeCode>
               <PhoneArea>666</PhoneArea>
               <PhonePrefix>666</PhonePrefix>
               <PhoneSuffix>6666</PhoneSuffix>
               <DateOfInfo>09/01/2017 00:00:00</DateOfInfo>
            </PersonPhone>
         </Person>
         <IncidentPersonRole>
            <RoleType>V</RoleType>
            <CreatorId>ODL_USER</CreatorId>
            <CreatorDate>12/14/2018 18:38:17</CreatorDate>
            <UpdatorId>TSTC</UpdatorId>
            <UpdatorDate>08/15/2023 20:32:24</UpdatorDate>
         </IncidentPersonRole>
      </IncidentPerson>
      <IncidentPerson>
         <ApproxAge>53</ApproxAge>
         <CreatorId>ODL_USER</CreatorId>
         <CreatorDate>11/27/2018 16:01:28</CreatorDate>
         <UpdatorId>TSTC</UpdatorId>
         <UpdatorDate>05/24/2023 12:41:24</UpdatorDate>
         <Person>
            <PersonId>352</PersonId>
            <RaceCode>W</RaceCode>
            <SexCode>M</SexCode>
            <PersonVerified>Y</PersonVerified>
            <PersonPrimaryName>
               <LastName>BOYD</LastName>
               <FirstName>JEFFREY</FirstName>
               <DOB>09/30/1965 00:00:00</DOB>
               <DateOfInfo>09/05/2012 14:13:39</DateOfInfo>
               <SLastName>B300</SLastName>
               <SFirstName>J160</SFirstName>
            </PersonPrimaryName>
            <Alias>
               <NameTypeCode>P</NameTypeCode>
               <LastName>BOYD</LastName>
               <FirstName>JEFFREY</FirstName>
               <DOB>09/30/1965 00:00:00</DOB>
               <SLastName>B300</SLastName>
               <SFirstName>J160</SFirstName>
               <DateOfInfo>09/05/2012 14:13:39</DateOfInfo>
            </Alias>
            <PersonAddress>
               <StreetNumber>400</StreetNumber>
               <StreetDirCode>S</StreetDirCode>
               <StreetName>JACKSON PARK</StreetName>
               <StreetTypeCode>DR</StreetTypeCode>
               <SubTypeCode>UNIT</SubTypeCode>
               <SubNumber>218</SubNumber>
               <City>SEYMOUR</City>
               <StateCode>IN</StateCode>
               <Zip5>47274</Zip5>
            </PersonAddress>
            <PersonAddress>
               <StreetNumber>2924</StreetNumber>
               <StreetDirCode>E</StreetDirCode>
               <StreetName>1250</StreetName>
               <StreetSuffixCode>S</StreetSuffixCode>
               <SubTypeCode>BLDG</SubTypeCode>
               <SubNumber>99</SubNumber>
               <City>Battle Ground</City>
               <StateCode>IN</StateCode>
               <Zip5>47920</Zip5>
               <CountryCode>US</CountryCode>
               <CountyCode>NaN</CountyCode>
               <Longitude>-86.813061</Longitude>
               <Latitude>40.569043</Latitude>
            </PersonAddress>
         </Person>
         <IncidentPersonRole>
            <RoleType>DR</RoleType>
            <CreatorId>ODL_USER</CreatorId>
            <CreatorDate>11/27/2018 16:01:28</CreatorDate>
            <UpdatorId>TSTC</UpdatorId>
            <UpdatorDate>08/15/2023 20:32:24</UpdatorDate>
         </IncidentPersonRole>
      </IncidentPerson>
      <IncidentPerson>
         <ApproxAge>42</ApproxAge>
         <CreatorId>ODL_USER</CreatorId>
         <CreatorDate>12/14/2018 18:41:50</CreatorDate>
         <UpdatorId>TSTC</UpdatorId>
         <UpdatorDate>05/24/2023 12:41:22</UpdatorDate>
         <Person>
            <PersonId>494</PersonId>
            <RaceCode>W</RaceCode>
            <SexCode>M</SexCode>
            <EthnicityCode>U</EthnicityCode>
            <PersonVerified>Y</PersonVerified>
            <PersonPrimaryName>
               <LastName>Smith</LastName>
               <FirstName>Bobby</FirstName>
               <MiddleName>Jillllll</MiddleName>
               <DateOfInfo>01/27/2014 18:59:07</DateOfInfo>
               <SLastName>S530</SLastName>
               <SFirstName>B100</SFirstName>
            </PersonPrimaryName>
            <Alias>
               <NameTypeCode>P</NameTypeCode>
               <LastName>Smith</LastName>
               <FirstName>Bobby</FirstName>
               <MiddleName>Jillllll</MiddleName>
               <SLastName>S530</SLastName>
               <SFirstName>B100</SFirstName>
               <DateOfInfo>01/27/2014 18:59:07</DateOfInfo>
            </Alias>
         </Person>
         <IncidentPersonRole>
            <RoleType>S</RoleType>
            <CreatorId>ODL_USER</CreatorId>
            <CreatorDate>12/14/2018 18:41:51</CreatorDate>
            <UpdatorId>TSTC</UpdatorId>
            <UpdatorDate>08/15/2023 20:32:24</UpdatorDate>
         </IncidentPersonRole>
      </IncidentPerson>
      <IncidentBusiness>
         <BusinessNumber>240000079</BusinessNumber>
         <BusinessName>Hogwarts</BusinessName>
         <IncBusinessRoleCode>I</IncBusinessRoleCode>
         <CreatorId>ODL_USER</CreatorId>
         <CreatorDate>11/27/2018 16:01:28</CreatorDate>
         <UpdatorId>ODL_USER</UpdatorId>
         <UpdatorDate>11/27/2018 16:01:28</UpdatorDate>
      </IncidentBusiness>
      <IncidentVehicle>
         <VEHICLE_ID>351</VEHICLE_ID>
         <RoleCode>AR</RoleCode>
         <CreatorId>ODL_USER</CreatorId>
         <CreatorDate>11/27/2018 16:01:28</CreatorDate>
         <UpdatorId>ODL_USER</UpdatorId>
         <UpdatorDate>11/27/2018 16:01:28</UpdatorDate>
         <DateOfInfo>04/13/2017 14:06:27</DateOfInfo>
         <StatusCode>1</StatusCode>
         <VIN>KING123DODGE</VIN>
         <VehicleYear>2017</VehicleYear>
         <VehicleMakeCode>DODG</VehicleMakeCode>
         <VehicleModelCode>NEO</VehicleModelCode>
         <VehPriColorCode>BRO</VehPriColorCode>
         <VehicleLicStateCode>PA</VehicleLicStateCode>
         <VehicleLicNumber>KING123</VehicleLicNumber>
      </IncidentVehicle>
   </IncidentSupplement>
   <IncidentSupplement>
      <SupplementSequence>1</SupplementSequence>
      <IncSupplementStatusCode>A</IncSupplementStatusCode>
      <SuppReportDate>04/02/2019 12:35:44</SuppReportDate>
      <SuppReportTime>04/02/2019 12:35:44</SuppReportTime>
      <AgencyOnly>N</AgencyOnly>
      <SecurityLevel>400</SecurityLevel>
      <SuppAgencyCode>D42</SuppAgencyCode>
      <UnknownNoOffenders>N</UnknownNoOffenders>
      <DsIcrDate>04/02/2019 13:04:53</DsIcrDate>
      <DsIcrSubmissionStatus>NOT REPORTABLE</DsIcrSubmissionStatus>
      <CreatorId>ODL_USER</CreatorId>
      <CreatorDate>04/02/2019 12:35:44</CreatorDate>
      <UpdatorId>TSTC</UpdatorId>
      <UpdatorDate>08/05/2021 17:38:28</UpdatorDate>
      <IncidentSuppNarrative>
         <NarrativeNumber>1</NarrativeNumber>
         <NarrativeTitle>Supplement #1 Narrative</NarrativeTitle>
         <NarrativeText>dfgdfg</NarrativeText>
         <CreatorId>ODL_USER</CreatorId>
         <CreatorDate>04/02/2019 12:37:07</CreatorDate>
         <UpdatorId>ODL_USER</UpdatorId>
         <UpdatorDate>04/02/2019 12:37:07</UpdatorDate>
      </IncidentSuppNarrative>
      <IncidentOfficer>
         <OfficerRoleCode>P</OfficerRoleCode>
         <Officer>
            <AgencyCode>D42</AgencyCode>
            <ORINumber>SC0280000</ORINumber>
            <LastName>User</LastName>
            <FirstName>ODL</FirstName>
            <InternalID>123456</InternalID>
         </Officer>
      </IncidentOfficer>
      <IncidentOfficer>
         <OfficerRoleCode>R</OfficerRoleCode>
         <Officer>
            <AgencyCode>D42</AgencyCode>
            <ORINumber>SC0280000</ORINumber>
            <LastName>User</LastName>
            <FirstName>ODL</FirstName>
            <InternalID>123456</InternalID>
         </Officer>
      </IncidentOfficer>
      <IncidentVehicle>
         <VEHICLE_ID>236</VEHICLE_ID>
         <RoleCode>AR</RoleCode>
         <CreatorId>ODL_USER</CreatorId>
         <CreatorDate>04/02/2019 12:36:49</CreatorDate>
         <UpdatorId>ODL_USER</UpdatorId>
         <UpdatorDate>04/02/2019 12:36:49</UpdatorDate>
         <DateOfInfo>02/29/2016 13:11:46</DateOfInfo>
         <DateOfInfo>10/03/2018 00:00:00</DateOfInfo>
         <DateOfInfo>10/29/2018 12:45:32</DateOfInfo>
         <DateOfInfo>10/03/2018 13:57:47</DateOfInfo>
         <DateOfInfo>04/02/2019 15:11:30</DateOfInfo>
         <DateOfInfo>10/29/2018 13:13:31</DateOfInfo>
         <DateOfInfo>05/07/2021 11:17:49</DateOfInfo>
         <DateOfInfo>03/03/2021 15:44:14</DateOfInfo>
         <StatusCode>7</StatusCode>
         <VIN>FGHJKLRTYUI567890</VIN>
         <VehicleMakeCode>AMER</VehicleMakeCode>
         <VehicleModelCode>RC</VehicleModelCode>
         <VehicleStyleCode>4D</VehicleStyleCode>
         <VehicleTypeCode>AT</VehicleTypeCode>
         <VehPriColorCode>RED</VehPriColorCode>
         <VehPriColorCode>BLK</VehPriColorCode>
         <VehPriColorCode>BLK</VehPriColorCode>
         <VehPriColorCode>BLK</VehPriColorCode>
         <VehPriColorCode>BLK</VehPriColorCode>
         <VehPriColorCode>BLK</VehPriColorCode>
         <VehPriColorCode>BLK</VehPriColorCode>
         <VehPriColorCode>BLK</VehPriColorCode>
         <VehSecColorCode>BLU</VehSecColorCode>
         <VehSecColorCode>BLU</VehSecColorCode>
         <VehSecColorCode>BLU</VehSecColorCode>
         <VehSecColorCode>BLU</VehSecColorCode>
         <VehSecColorCode>BLU</VehSecColorCode>
         <VehSecColorCode>BLU</VehSecColorCode>
         <VehSecColorCode>BLU</VehSecColorCode>
         <VehicleLicStateCode>CO</VehicleLicStateCode>
         <VehicleLicStateCode>AG</VehicleLicStateCode>
         <VehicleLicStateCode>AG</VehicleLicStateCode>
         <VehicleLicStateCode>AG</VehicleLicStateCode>
         <VehicleLicStateCode>AG</VehicleLicStateCode>
         <VehicleLicStateCode>AG</VehicleLicStateCode>
         <VehicleLicStateCode>AG</VehicleLicStateCode>
         <VehicleLicStateCode>AG</VehicleLicStateCode>
         <VehicleLicNumber>YYYYUUUUU</VehicleLicNumber>
         <VehicleLicNumber>987tyu</VehicleLicNumber>
         <VehicleLicNumber>987tyu</VehicleLicNumber>
         <VehicleLicNumber>987tyu</VehicleLicNumber>
         <VehicleLicNumber>987tyu</VehicleLicNumber>
         <VehicleLicNumber>987tyu</VehicleLicNumber>
         <VehicleLicNumber>987tyu</VehicleLicNumber>
         <VehicleLicNumber>987tyu</VehicleLicNumber>
         <VehicleLicYear>2010</VehicleLicYear>
         <VehicleLicYear>2010</VehicleLicYear>
         <VehicleLicYear>2010</VehicleLicYear>
         <VehicleLicYear>2010</VehicleLicYear>
         <VehicleLicYear>2010</VehicleLicYear>
         <VehicleLicYear>2010</VehicleLicYear>
         <VehicleLicYear>2010</VehicleLicYear>
         <VehicleLicMonth>4</VehicleLicMonth>
         <VehicleLicMonth>4</VehicleLicMonth>
         <VehicleLicMonth>4</VehicleLicMonth>
         <VehicleLicMonth>4</VehicleLicMonth>
         <VehicleLicMonth>4</VehicleLicMonth>
         <VehicleLicMonth>4</VehicleLicMonth>
         <VehicleLicMonth>4</VehicleLicMonth>
         <VehicleLicTypeCode>PC</VehicleLicTypeCode>
         <VehicleLicTypeCode>PC</VehicleLicTypeCode>
         <VehicleLicTypeCode>PC</VehicleLicTypeCode>
         <VehicleLicTypeCode>PC</VehicleLicTypeCode>
         <VehicleLicTypeCode>PC</VehicleLicTypeCode>
         <VehicleLicTypeCode>PC</VehicleLicTypeCode>
         <VehicleLicTypeCode>PC</VehicleLicTypeCode>
         <VehConditionCode>P</VehConditionCode>
         <VehDamageCode>11</VehDamageCode>
         <VehDamageDesc>dfgdfgdfg</VehDamageDesc>
         <VehicleValue>1000</VehicleValue>
         <VehicleValue>10000</VehicleValue>
         <VehicleValue>1000</VehicleValue>
         <VehicleValue>455</VehicleValue>
      </IncidentVehicle>
   </IncidentSupplement>
   <IncidentSupplement>
      <SupplementSequence>2</SupplementSequence>
      <IncSupplementStatusCode>A</IncSupplementStatusCode>
      <SuppReportDate>04/02/2019 12:51:38</SuppReportDate>
      <SuppReportTime>04/02/2019 12:51:38</SuppReportTime>
      <AgencyOnly>N</AgencyOnly>
      <SecurityLevel>400</SecurityLevel>
      <SuppAgencyCode>D42</SuppAgencyCode>
      <UnknownNoOffenders>N</UnknownNoOffenders>
      <DsIcrDate>04/02/2019 13:04:53</DsIcrDate>
      <DsIcrSubmissionStatus>NOT REPORTABLE</DsIcrSubmissionStatus>
      <CreatorId>ODL_USER</CreatorId>
      <CreatorDate>04/02/2019 12:51:38</CreatorDate>
      <UpdatorId>TSTC</UpdatorId>
      <UpdatorDate>08/05/2021 17:38:29</UpdatorDate>
      <IncidentSuppNarrative>
         <NarrativeNumber>1</NarrativeNumber>
         <NarrativeTitle>Supplement #2 Narrative</NarrativeTitle>
         <NarrativeText>ssdfsdf</NarrativeText>
         <CreatorId>ODL_USER</CreatorId>
         <CreatorDate>04/02/2019 12:52:49</CreatorDate>
         <UpdatorId>ODL_USER</UpdatorId>
         <UpdatorDate>04/02/2019 12:52:49</UpdatorDate>
      </IncidentSuppNarrative>
      <IncidentOfficer>
         <OfficerRoleCode>P</OfficerRoleCode>
         <Officer>
            <AgencyCode>D42</AgencyCode>
            <ORINumber>SC0280000</ORINumber>
            <LastName>User</LastName>
            <FirstName>ODL</FirstName>
            <InternalID>123456</InternalID>
         </Officer>
      </IncidentOfficer>
      <IncidentOfficer>
         <OfficerRoleCode>R</OfficerRoleCode>
         <Officer>
            <AgencyCode>D42</AgencyCode>
            <ORINumber>SC0280000</ORINumber>
            <LastName>User</LastName>
            <FirstName>ODL</FirstName>
            <InternalID>123456</InternalID>
         </Officer>
      </IncidentOfficer>
      <IncidentPerson>
         <ApproxAge>08</ApproxAge>
         <ResidentStatusCode>R</ResidentStatusCode>
         <CreatorId>ODL_USER</CreatorId>
         <CreatorDate>04/02/2019 12:52:13</CreatorDate>
         <UpdatorId>TSTC</UpdatorId>
         <UpdatorDate>05/24/2023 12:41:24</UpdatorDate>
         <Person>
            <PersonId>949</PersonId>
            <RaceCode>W</RaceCode>
            <SexCode>F</SexCode>
            <PersonVerified>Y</PersonVerified>
            <PersonPrimaryName>
               <LastName>Clark</LastName>
               <FirstName>Ranelle</FirstName>
               <DOB>03/16/2010 00:00:00</DOB>
               <DateOfInfo>03/16/2018 15:52:57</DateOfInfo>
               <SLastName>C462</SLastName>
               <SFirstName>R540</SFirstName>
            </PersonPrimaryName>
            <Alias>
               <NameTypeCode>P</NameTypeCode>
               <LastName>Clark</LastName>
               <FirstName>Ranelle</FirstName>
               <DOB>03/16/2010 00:00:00</DOB>
               <SLastName>C462</SLastName>
               <SFirstName>R540</SFirstName>
               <DateOfInfo>03/16/2018 15:52:57</DateOfInfo>
            </Alias>
            <PersonAddress>
               <StreetNumber>123</StreetNumber>
               <StreetDirCode>E</StreetDirCode>
               <StreetName>Main</StreetName>
               <StreetTypeCode>AVE</StreetTypeCode>
               <StreetSuffixCode>N</StreetSuffixCode>
               <City>denver</City>
               <StateCode>CO</StateCode>
               <Zip5>80401</Zip5>
               <CountyCode>30</CountyCode>
               <Beat>D2</Beat>
               <SubBeat>Sub D2</SubBeat>
            </PersonAddress>
         </Person>
         <IncidentPersonRole>
            <RoleType>S</RoleType>
            <CreatorId>ODL_USER</CreatorId>
            <CreatorDate>04/02/2019 12:52:13</CreatorDate>
            <UpdatorId>TSTC</UpdatorId>
            <UpdatorDate>08/15/2023 20:32:24</UpdatorDate>
         </IncidentPersonRole>
      </IncidentPerson>
      <IncidentPerson>
         <ApproxAge>34</ApproxAge>
         <ResidentStatusCode>R</ResidentStatusCode>
         <CreatorId>ODL_USER</CreatorId>
         <CreatorDate>04/02/2019 12:52:39</CreatorDate>
         <UpdatorId>TSTC</UpdatorId>
         <UpdatorDate>05/24/2023 12:41:24</UpdatorDate>
         <Person>
            <PersonId>332</PersonId>
            <RaceCode>B</RaceCode>
            <SexCode>M</SexCode>
            <EthnicityCode>O</EthnicityCode>
            <PersonVerified>Y</PersonVerified>
            <PersonPrimaryName>
               <LastName>COLEMAN</LastName>
               <FirstName>FREDDIE</FirstName>
               <MiddleName>LEE JR</MiddleName>
               <DOB>02/27/1984 00:00:00</DOB>
               <SSN>3.08928301E8</SSN>
               <DateOfInfo>07/30/2012 23:42:21</DateOfInfo>
               <SLastName>C455</SLastName>
               <SFirstName>F630</SFirstName>
            </PersonPrimaryName>
            <Alias>
               <NameTypeCode>P</NameTypeCode>
               <LastName>COLEMAN</LastName>
               <FirstName>FREDDIE</FirstName>
               <MiddleName>LEE JR</MiddleName>
               <DOB>02/27/1984 00:00:00</DOB>
               <SSN>3.08928301E8</SSN>
               <SLastName>C455</SLastName>
               <SFirstName>F630</SFirstName>
               <DateOfInfo>07/30/2012 23:42:21</DateOfInfo>
            </Alias>
         </Person>
         <IncidentPersonRole>
            <RoleType>V</RoleType>
            <CreatorId>ODL_USER</CreatorId>
            <CreatorDate>04/02/2019 12:52:39</CreatorDate>
            <UpdatorId>TSTC</UpdatorId>
            <UpdatorDate>08/15/2023 20:32:24</UpdatorDate>
         </IncidentPersonRole>
      </IncidentPerson>
   </IncidentSupplement>
   <IncidentSupplement>
      <SupplementSequence>3</SupplementSequence>
      <IncSupplementStatusCode>A</IncSupplementStatusCode>
      <SuppReportDate>04/02/2019 13:02:43</SuppReportDate>
      <SuppReportTime>04/02/2019 13:02:43</SuppReportTime>
      <AgencyOnly>N</AgencyOnly>
      <SecurityLevel>400</SecurityLevel>
      <SuppAgencyCode>D42</SuppAgencyCode>
      <UnknownNoOffenders>N</UnknownNoOffenders>
      <DsIcrDate>04/02/2019 13:04:53</DsIcrDate>
      <DsIcrSubmissionStatus>NOT REPORTABLE</DsIcrSubmissionStatus>
      <CreatorId>ODL_USER</CreatorId>
      <CreatorDate>04/02/2019 13:02:43</CreatorDate>
      <UpdatorId>TSTC</UpdatorId>
      <UpdatorDate>08/05/2021 17:38:28</UpdatorDate>
      <IncidentSuppNarrative>
         <NarrativeNumber>1</NarrativeNumber>
         <NarrativeTitle>Supplement #3 Narrative</NarrativeTitle>
         <NarrativeText>sdfsdfsdf</NarrativeText>
         <CreatorId>ODL_USER</CreatorId>
         <CreatorDate>04/02/2019 13:04:18</CreatorDate>
         <UpdatorId>ODL_USER</UpdatorId>
         <UpdatorDate>04/02/2019 13:04:18</UpdatorDate>
      </IncidentSuppNarrative>
      <IncidentOfficer>
         <OfficerRoleCode>P</OfficerRoleCode>
         <Officer>
            <AgencyCode>D42</AgencyCode>
            <ORINumber>SC0280000</ORINumber>
            <LastName>User</LastName>
            <FirstName>ODL</FirstName>
            <InternalID>123456</InternalID>
         </Officer>
      </IncidentOfficer>
      <IncidentOfficer>
         <OfficerRoleCode>R</OfficerRoleCode>
         <Officer>
            <AgencyCode>D42</AgencyCode>
            <ORINumber>SC0280000</ORINumber>
            <LastName>User</LastName>
            <FirstName>ODL</FirstName>
            <InternalID>123456</InternalID>
         </Officer>
      </IncidentOfficer>
      <IncidentPerson>
         <ApproxAge>30</ApproxAge>
         <CreatorId>ODL_USER</CreatorId>
         <CreatorDate>04/02/2019 13:03:39</CreatorDate>
         <UpdatorId>TSTC</UpdatorId>
         <UpdatorDate>05/24/2023 12:41:25</UpdatorDate>
         <Person>
            <PersonId>901</PersonId>
            <RaceCode>W</RaceCode>
            <SexCode>M</SexCode>
            <EthnicityCode>U</EthnicityCode>
            <PersonVerified>Y</PersonVerified>
            <PersonPrimaryName>
               <LastName>ALLEN</LastName>
               <FirstName>BOB</FirstName>
               <DateOfInfo>06/16/2017 09:07:52</DateOfInfo>
               <SLastName>A450</SLastName>
               <SFirstName>B100</SFirstName>
            </PersonPrimaryName>
            <PersonPrimaryName>
               <LastName>Allen</LastName>
               <FirstName>bobby</FirstName>
               <DateOfInfo>12/10/2018 00:00:00</DateOfInfo>
               <SLastName>A450</SLastName>
               <SFirstName>B100</SFirstName>
            </PersonPrimaryName>
            <Alias>
               <NameTypeCode>A</NameTypeCode>
               <LastName>ALLEN</LastName>
               <FirstName>BOB</FirstName>
               <SLastName>A450</SLastName>
               <SFirstName>B100</SFirstName>
               <DateOfInfo>06/16/2017 09:07:52</DateOfInfo>
            </Alias>
            <Alias>
               <NameTypeCode>P</NameTypeCode>
               <LastName>Allen</LastName>
               <FirstName>bobby</FirstName>
               <SLastName>A450</SLastName>
               <SFirstName>B100</SFirstName>
               <DateOfInfo>12/10/2018 00:00:00</DateOfInfo>
            </Alias>
            <PersonAddress>
               <StreetNumber>2924</StreetNumber>
               <StreetDirCode>E</StreetDirCode>
               <StreetName>1250</StreetName>
               <StreetSuffixCode>S</StreetSuffixCode>
               <SubTypeCode>BLDG</SubTypeCode>
               <SubNumber>99</SubNumber>
               <City>Battle Ground</City>
               <StateCode>IN</StateCode>
               <Zip5>47920</Zip5>
               <CountryCode>US</CountryCode>
               <CountyCode>NaN</CountyCode>
               <Longitude>-86.813061</Longitude>
               <Latitude>40.569043</Latitude>
            </PersonAddress>
         </Person>
         <IncidentPersonRole>
            <RoleType>S</RoleType>
            <CreatorId>ODL_USER</CreatorId>
            <CreatorDate>04/02/2019 13:03:39</CreatorDate>
            <UpdatorId>TSTC</UpdatorId>
            <UpdatorDate>08/15/2023 20:32:24</UpdatorDate>
         </IncidentPersonRole>
      </IncidentPerson>
      <IncidentPerson>
         <ApproxAge>46</ApproxAge>
         <ResidentStatusCode>R</ResidentStatusCode>
         <CreatorId>ODL_USER</CreatorId>
         <CreatorDate>04/02/2019 13:04:07</CreatorDate>
         <UpdatorId>TSTC</UpdatorId>
         <UpdatorDate>05/24/2023 12:41:24</UpdatorDate>
         <Person>
            <PersonId>105</PersonId>
            <RaceCode>W</RaceCode>
            <SexCode>M</SexCode>
            <PersonVerified>Y</PersonVerified>
            <PersonPrimaryName>
               <LastName>Cainer</LastName>
               <FirstName>Jonathan</FirstName>
               <DOB>01/01/1972 00:00:00</DOB>
               <DateOfInfo>04/12/2012 11:21:36</DateOfInfo>
               <SLastName>C560</SLastName>
               <SFirstName>J535</SFirstName>
            </PersonPrimaryName>
            <Alias>
               <NameTypeCode>P</NameTypeCode>
               <LastName>Cainer</LastName>
               <FirstName>Jonathan</FirstName>
               <DOB>01/01/1972 00:00:00</DOB>
               <SLastName>C560</SLastName>
               <SFirstName>J535</SFirstName>
               <DateOfInfo>04/12/2012 11:21:36</DateOfInfo>
            </Alias>
         </Person>
         <IncidentPersonRole>
            <RoleType>V</RoleType>
            <CreatorId>ODL_USER</CreatorId>
            <CreatorDate>04/02/2019 13:04:07</CreatorDate>
            <UpdatorId>TSTC</UpdatorId>
            <UpdatorDate>08/15/2023 20:32:25</UpdatorDate>
         </IncidentPersonRole>
      </IncidentPerson>
   </IncidentSupplement>
</Incident>