<?xml version="1.0" encoding="UTF-8"?>
<Incident xmlns:xsi="http://www.w3.org/2001/XMLSchema-instance"
          xsi:noNamespaceSchemaLocation="file:///C:/DATA/EJS/SVN_Root/Ejustice/trunk/XMLTransformations/OnlineRMSInternalToIncident/IAOnlineRMSIncidentImport.xsd">
   <IncidentReportNum>2019D4210226</IncidentReportNum>
   <AgencyCode>D42</AgencyCode>
   <ORINum>SC0280000</ORINum>
   <ReportDate>04/02/2019 14:25:00</ReportDate>
   <ReportTime>04/02/2019 14:25:00</ReportTime>
   <StartDate>04/02/2019 14:25:00</StartDate>
   <StartTime>04/02/2019 14:25:00</StartTime>
   <Summary>testing</Summary>
   <CreatorId>STATE_OFFICER11</CreatorId>
   <CreatorDate>04/02/2019 14:25:21</CreatorDate>
   <UpdatorId>TSTC</UpdatorId>
   <UpdatorDate>09/09/2021 18:46:43</UpdatorDate>
   <IncidentType>
      <IncidentTypeCode>PRO</IncidentTypeCode>
   </IncidentType>
   <IncidentType>
      <IncidentTypeCode>CAD</IncidentTypeCode>
   </IncidentType>
   <IncidentAddress>
      <AddressId>1667</AddressId>
      <Beat>null</Beat>
      <SubBeat>null</SubBeat>
      <City>17</City>
      <CreatorId>STATE_OFFICER11</CreatorId>
      <CreatorDate>04/02/2019 18:37:12</CreatorDate>
      <UpdatorId>TSTC</UpdatorId>
      <UpdatorDate>04/02/2019 18:37:41</UpdatorDate>
      <Address>
         <AddressId>1667</AddressId>
         <StreetNumber>600</StreetNumber>
         <StreetDirCode>N</StreetDirCode>
         <StreetName>Apple</StreetName>
         <StreetTypeCode>ST</StreetTypeCode>
         <City>Greenfield</City>
         <StateCode>IN</StateCode>
         <Zip5>46140</Zip5>
         <CountryCode>US</CountryCode>
         <Distance>0</Distance>
         <Beat>Test</Beat>
         <SubBeat>Area</SubBeat>
         <Longitude>-85.755636</Longitude>
         <Latitude>39.791329</Latitude>
         <AddressCommonName>
            <CommonPlaceName>ANG TEST</CommonPlaceName>
         </AddressCommonName>
      </Address>
   </IncidentAddress>
   <IncidentSupplement>
      <SupplementSequence>0</SupplementSequence>
      <IncSupplementStatusCode>A</IncSupplementStatusCode>
      <SuppReportDate>04/02/2019 14:25:21</SuppReportDate>
      <SuppReportTime>04/02/2019 14:25:21</SuppReportTime>
      <AgencyOnly>N</AgencyOnly>
      <SecurityLevel>400</SecurityLevel>
      <SuppAgencyCode>D42</SuppAgencyCode>
      <UnknownNoOffenders>N</UnknownNoOffenders>
      <DsIcrDate>04/02/2019 18:39:08</DsIcrDate>
      <DsIcrSubmissionStatus>SENT WAITING FOR RESPONSE</DsIcrSubmissionStatus>
      <CreatorId>STATE_OFFICER11</CreatorId>
      <CreatorDate>04/02/2019 14:25:21</CreatorDate>
      <UpdatorId>TSTC</UpdatorId>
      <UpdatorDate>08/05/2021 17:38:28</UpdatorDate>
      <IncidentSuppNarrative>
         <NarrativeNumber>1</NarrativeNumber>
         <NarrativeTitle>Original Narrative</NarrativeTitle>
         <NarrativeText>sdfsdf</NarrativeText>
         <CreatorId>STATE_OFFICER11</CreatorId>
         <CreatorDate>04/02/2019 18:38:33</CreatorDate>
         <UpdatorId>STATE_OFFICER11</UpdatorId>
         <UpdatorDate>04/02/2019 18:38:33</UpdatorDate>
      </IncidentSuppNarrative>
      <IncidentOfficer>
         <OfficerRoleCode>P</OfficerRoleCode>
         <Officer>
            <AgencyCode>D42</AgencyCode>
            <ORINumber>SC0280000</ORINumber>
            <LastName>Wright</LastName>
            <FirstName>Greg</FirstName>
            <InternalID>9696</InternalID>
         </Officer>
      </IncidentOfficer>
      <IncidentOfficer>
         <OfficerRoleCode>R</OfficerRoleCode>
         <Officer>
            <AgencyCode>D42</AgencyCode>
            <ORINumber>SC0280000</ORINumber>
            <LastName>Wright</LastName>
            <FirstName>Greg</FirstName>
            <InternalID>9696</InternalID>
         </Officer>
      </IncidentOfficer>
      <IncidentOffense>
         <IncidentId>3215</IncidentId>
         <OffenseNumber>1</OffenseNumber>
         <OffenseStatusCode>05</OffenseStatusCode>
         <OffenseCode>35-42-2-1  B04</OffenseCode>
         <PlaceCode>14</PlaceCode>
         <BiasCode>82</BiasCode>
         <CSAUCode>C</CSAUCode>
         <SupplementSeq>0</SupplementSeq>
         <UCRNumber>1</UCRNumber>
         <OffenseStatusDate>04/02/2019 14:25:00</OffenseStatusDate>
         <AttemptedCompletedCode>C</AttemptedCompletedCode>
         <CreatorId>STATE_OFFICER11</CreatorId>
         <CreatorDate>04/02/2019 18:27:30</CreatorDate>
         <UpdatorId>STATE_OFFICER11</UpdatorId>
         <UpdatorDate>04/02/2019 18:27:30</UpdatorDate>
      </IncidentOffense>
      <IncidentPerson>
         <ApproxAge>19</ApproxAge>
         <ResidentStatusCode>R</ResidentStatusCode>
         <CreatorId>STATE_OFFICER11</CreatorId>
         <CreatorDate>04/02/2019 18:38:22</CreatorDate>
         <UpdatorId>TSTC</UpdatorId>
         <UpdatorDate>05/24/2023 12:41:25</UpdatorDate>
         <Person>
            <PersonId>825</PersonId>
            <RaceCode>A</RaceCode>
            <SexCode>M</SexCode>
            <PersonVerified>Y</PersonVerified>
            <PersonPrimaryName>
               <LastName>A</LastName>
               <FirstName>A</FirstName>
               <MiddleName>A</MiddleName>
               <DateOfInfo>05/12/2016 16:52:56</DateOfInfo>
               <SLastName>A000</SLastName>
               <SFirstName>A000</SFirstName>
            </PersonPrimaryName>
            <Alias>
               <NameTypeCode>P</NameTypeCode>
               <LastName>A</LastName>
               <FirstName>A</FirstName>
               <MiddleName>A</MiddleName>
               <SLastName>A000</SLastName>
               <SFirstName>A000</SFirstName>
               <DateOfInfo>05/12/2016 16:52:56</DateOfInfo>
            </Alias>
            <PersonAddress>
               <StreetNumber>100</StreetNumber>
               <StreetName>Main</StreetName>
               <StreetTypeCode>ST</StreetTypeCode>
               <City>North Union</City>
               <StateCode>IN</StateCode>
               <CountryCode>US</CountryCode>
               <CountyCode>NaN</CountyCode>
               <Longitude>-79.71608804498955</Longitude>
               <Latitude>39.9165942763266</Latitude>
            </PersonAddress>
            <PersonPhone>
               <PhoneTypeCode>BUS</PhoneTypeCode>
               <PhoneArea>111</PhoneArea>
               <PhonePrefix>222</PhonePrefix>
               <PhoneSuffix>2222</PhoneSuffix>
               <DateOfInfo>06/02/2017 00:00:00</DateOfInfo>
            </PersonPhone>
            <PersonPhone>
               <PhoneTypeCode>PAG</PhoneTypeCode>
               <PhoneArea>222</PhoneArea>
               <PhonePrefix>222</PhonePrefix>
               <PhoneSuffix>2222</PhoneSuffix>
               <DateOfInfo>06/02/2017 00:00:00</DateOfInfo>
            </PersonPhone>
         </Person>
         <IncidentPersonRole>
            <RoleType>V</RoleType>
            <CreatorId>STATE_OFFICER11</CreatorId>
            <CreatorDate>04/02/2019 18:38:22</CreatorDate>
            <UpdatorId>TSTC</UpdatorId>
            <UpdatorDate>08/15/2023 20:32:25</UpdatorDate>
         </IncidentPersonRole>
      </IncidentPerson>
      <IncidentVehicle>
         <VEHICLE_ID>655</VEHICLE_ID>
         <RoleCode>OT</RoleCode>
         <CreatorId>STATE_OFFICER11</CreatorId>
         <CreatorDate>04/02/2019 14:29:13</CreatorDate>
         <UpdatorId>STATE_OFFICER11</UpdatorId>
         <UpdatorDate>04/02/2019 14:29:13</UpdatorDate>
         <DateOfInfo>08/16/2021 17:08:27</DateOfInfo>
         <DateOfInfo>01/22/2018 14:38:47</DateOfInfo>
         <DateOfInfo>03/01/2022 11:10:54</DateOfInfo>
         <DateOfInfo>06/17/2021 12:51:09</DateOfInfo>
         <StatusCode>8</StatusCode>
         <VIN>JJJ9998765544</VIN>
         <VehicleYear>2017</VehicleYear>
         <VehicleMakeCode>ACUR</VehicleMakeCode>
         <VehicleModelCode>INT</VehicleModelCode>
         <VehicleStyleCode>SD</VehicleStyleCode>
         <VehicleTypeCode>AT</VehicleTypeCode>
         <VehPriColorCode>DBL</VehPriColorCode>
         <VehPriColorCode>DBL</VehPriColorCode>
         <VehPriColorCode>DBL</VehPriColorCode>
         <VehPriColorCode>DBL</VehPriColorCode>
         <VehicleLicStateCode>IN</VehicleLicStateCode>
         <VehicleLicStateCode>IN</VehicleLicStateCode>
         <VehicleLicStateCode>IN</VehicleLicStateCode>
         <VehicleLicStateCode>IN</VehicleLicStateCode>
         <VehicleLicNumber>JJJ999</VehicleLicNumber>
         <VehicleLicNumber>JJJ999</VehicleLicNumber>
         <VehicleLicNumber>JJJ999</VehicleLicNumber>
         <VehicleLicNumber>JJJ999</VehicleLicNumber>
      </IncidentVehicle>
      <IncidentProperty>
         <CreatorId>STATE_OFFICER11</CreatorId>
         <CreatorDate>04/02/2019 14:28:25</CreatorDate>
         <UpdatorId>STATE_OFFICER11</UpdatorId>
         <UpdatorDate>04/02/2019 14:28:25</UpdatorDate>
         <DateOfInfo>04/02/2019 00:00:00</DateOfInfo>
         <StatusCode>11</StatusCode>
         <DocumentTypeCode>P</DocumentTypeCode>
         <PropertyTypeCode>334</PropertyTypeCode>
         <PropertyValue>0</PropertyValue>
         <Value>0</Value>
         <Evidence>N</Evidence>
         <EvidenceFlag>N</EvidenceFlag>
         <Property_ID>1900</Property_ID>
         <Quantity>1</Quantity>
      </IncidentProperty>
   </IncidentSupplement>
</Incident>