<?xml version="1.0" encoding="UTF-8"?>
<Incident xmlns:xsi="http://www.w3.org/2001/XMLSchema-instance"
          xsi:noNamespaceSchemaLocation="file:///C:/DATA/EJS/SVN_Root/Ejustice/trunk/XMLTransformations/OnlineRMSInternalToIncident/IAOnlineRMSIncidentImport.xsd">
   <IncidentReportNum>2021D4210349</IncidentReportNum>
   <AgencyCode>D42</AgencyCode>
   <ORINum>SC0280000</ORINum>
   <ReportDate>06/23/2021 15:30:00</ReportDate>
   <ReportTime>06/23/2021 15:30:00</ReportTime>
   <StartDate>06/23/2021 15:30:00</StartDate>
   <StartTime>06/23/2021 15:30:00</StartTime>
   <Summary>06/23/2021 1328</Summary>
   <InternalIncident>Y</InternalIncident>
   <CreatorId>STATE_OFFICER11</CreatorId>
   <CreatorDate>06/23/2021 15:33:09</CreatorDate>
   <UpdatorId>STATE_OFFICER11</UpdatorId>
   <UpdatorDate>09/26/2023 17:23:14</UpdatorDate>
   <IncidentType>
      <IncidentTypeCode>CITREP</IncidentTypeCode>
   </IncidentType>
   <IncidentAddress>
      <AddressId>1700</AddressId>
      <CreatorId>STATE_OFFICER11</CreatorId>
      <CreatorDate>09/26/2023 17:19:57</CreatorDate>
      <UpdatorId>TSTC</UpdatorId>
      <UpdatorDate>09/26/2023 17:20:02</UpdatorDate>
      <Address>
         <AddressId>1700</AddressId>
         <StreetNumber>43</StreetNumber>
         <StreetName>Newberry</StreetName>
         <City>INDIANAPOLIS</City>
         <StateCode>IN</StateCode>
         <Zip5>23422</Zip5>
         <CountryCode>US</CountryCode>
         <Longitude>-86.04155</Longitude>
         <Latitude>39.87154</Latitude>
      </Address>
   </IncidentAddress>
   <IncidentSupplement>
      <SupplementSequence>0</SupplementSequence>
      <IncSupplementStatusCode>A</IncSupplementStatusCode>
      <SuppReportDate>06/23/2021 15:33:09</SuppReportDate>
      <SuppReportTime>06/23/2021 15:33:09</SuppReportTime>
      <AgencyOnly>Y</AgencyOnly>
      <SecurityLevel>1100</SecurityLevel>
      <SuppAgencyCode>D42</SuppAgencyCode>
      <UnknownNoOffenders>N</UnknownNoOffenders>
      <DsIcrDate>09/26/2023 17:23:15</DsIcrDate>
      <DsIcrSubmissionStatus>READY TO BE PROCESSED-ORIGINAL</DsIcrSubmissionStatus>
      <CreatorId>STATE_OFFICER11</CreatorId>
      <CreatorDate>06/23/2021 15:33:09</CreatorDate>
      <UpdatorId>STATE_OFFICER11</UpdatorId>
      <UpdatorDate>09/26/2023 17:23:15</UpdatorDate>
      <IncidentSuppNarrative>
         <NarrativeNumber>1</NarrativeNumber>
         <NarrativeTitle>Complainant Narrative</NarrativeTitle>
         <NarrativeText>06/23/2021 1328</NarrativeText>
         <CreatorId>STATE_OFFICER11</CreatorId>
         <CreatorDate>06/23/2021 15:33:09</CreatorDate>
         <UpdatorId>STATE_OFFICER11</UpdatorId>
         <UpdatorDate>06/23/2021 15:33:09</UpdatorDate>
      </IncidentSuppNarrative>
      <IncidentOfficer>
         <OfficerRoleCode>P</OfficerRoleCode>
         <Officer>
            <AgencyCode>D42</AgencyCode>
            <ORINumber>SC0280000</ORINumber>
            <LastName>Simpson</LastName>
            <FirstName>Homer</FirstName>
            <InternalID>9696</InternalID>
         </Officer>
      </IncidentOfficer>
      <IncidentOfficer>
         <OfficerRoleCode>R</OfficerRoleCode>
         <Officer>
            <AgencyCode>D42</AgencyCode>
            <ORINumber>SC0280000</ORINumber>
            <LastName>Simpson</LastName>
            <FirstName>Homer</FirstName>
            <InternalID>9696</InternalID>
         </Officer>
      </IncidentOfficer>
      <IncidentOffense>
         <IncidentId>3353</IncidentId>
         <OffenseNumber>1</OffenseNumber>
         <OffenseStatusCode>00</OffenseStatusCode>
         <OffenseCode>35-47.5-5-8</OffenseCode>
         <PlaceCode>25</PlaceCode>
         <BiasCode>88</BiasCode>
         <CSAUCode>C</CSAUCode>
         <SupplementSeq>0</SupplementSeq>
         <UCRNumber>1</UCRNumber>
         <OffenseStatusDate>06/23/2021 15:30:00</OffenseStatusDate>
         <AttemptedCompletedCode>C</AttemptedCompletedCode>
         <ArrestChargeCode>35-47.5-5-8</ArrestChargeCode>
         <CreatorId>STATE_OFFICER11</CreatorId>
         <CreatorDate>09/26/2023 17:20:33</CreatorDate>
         <UpdatorId>STATE_OFFICER11</UpdatorId>
         <UpdatorDate>09/26/2023 17:20:33</UpdatorDate>
      </IncidentOffense>
      <IncidentPerson>
         <ApproxAge>01</ApproxAge>
         <CreatorId>STATE_OFFICER11</CreatorId>
         <CreatorDate>09/26/2023 17:21:32</CreatorDate>
         <UpdatorId>STATE_OFFICER11</UpdatorId>
         <UpdatorDate>09/26/2023 17:43:44</UpdatorDate>
         <Person>
            <PersonId>383</PersonId>
            <RaceCode>P</RaceCode>
            <SexCode>M</SexCode>
            <EthnicityCode>H</EthnicityCode>
            <PersonVerified>Y</PersonVerified>
            <PersonPrimaryName>
               <LastName>Agui</LastName>
               <FirstName>CARRERAS</FirstName>
               <DOB>08/19/1967 00:00:00</DOB>
               <DateOfInfo>09/05/2012 00:00:00</DateOfInfo>
               <SLastName>A200</SLastName>
               <SFirstName>C662</SFirstName>
            </PersonPrimaryName>
            <PersonPrimaryName>
               <LastName>Ign</LastName>
               <FirstName>Test</FirstName>
               <DOB>01/01/1986 00:00:00</DOB>
               <DateOfInfo>01/14/2013 00:00:00</DateOfInfo>
               <SLastName>I250</SLastName>
               <SFirstName>T230</SFirstName>
            </PersonPrimaryName>
            <PersonPrimaryName>
               <LastName>Aguero</LastName>
               <FirstName>Carlos</FirstName>
               <DOB>03/03/1979 00:00:00</DOB>
               <DateOfInfo>03/20/2013 00:00:00</DateOfInfo>
               <SLastName>A260</SLastName>
               <SFirstName>C642</SFirstName>
            </PersonPrimaryName>
            <PersonPrimaryName>
               <LastName>Aguero</LastName>
               <FirstName>Carlosena</FirstName>
               <MiddleName>Java</MiddleName>
               <DOB>06/22/1961 00:00:00</DOB>
               <SSN>1.23456789E8</SSN>
               <DateOfInfo>07/11/2013 00:00:00</DateOfInfo>
               <SLastName>A260</SLastName>
               <SFirstName>C642</SFirstName>
            </PersonPrimaryName>
            <PersonPrimaryName>
               <LastName>Dsfq</LastName>
               <FirstName>Joe</FirstName>
               <DOB>05/10/2020 00:00:00</DOB>
               <SSN>9.88888888E8</SSN>
               <TitleCode>JR</TitleCode>
               <DateOfInfo>04/12/2016 00:00:00</DateOfInfo>
               <SLastName>D212</SLastName>
               <SFirstName>J000</SFirstName>
            </PersonPrimaryName>
            <Alias>
               <NameTypeCode>N</NameTypeCode>
               <LastName>Agui</LastName>
               <FirstName>CARRERAS</FirstName>
               <DOB>08/19/1967 00:00:00</DOB>
               <SLastName>A200</SLastName>
               <SFirstName>C662</SFirstName>
               <DateOfInfo>09/05/2012 00:00:00</DateOfInfo>
            </Alias>
            <Alias>
               <NameTypeCode>A</NameTypeCode>
               <LastName>Ign</LastName>
               <FirstName>Test</FirstName>
               <DOB>01/01/1986 00:00:00</DOB>
               <SLastName>I250</SLastName>
               <SFirstName>T230</SFirstName>
               <DateOfInfo>01/14/2013 00:00:00</DateOfInfo>
            </Alias>
            <Alias>
               <NameTypeCode>A</NameTypeCode>
               <LastName>Aguero</LastName>
               <FirstName>Carlos</FirstName>
               <DOB>03/03/1979 00:00:00</DOB>
               <SLastName>A260</SLastName>
               <SFirstName>C642</SFirstName>
               <DateOfInfo>03/20/2013 00:00:00</DateOfInfo>
            </Alias>
            <Alias>
               <NameTypeCode>A</NameTypeCode>
               <LastName>Aguero</LastName>
               <FirstName>Carlosena</FirstName>
               <MiddleName>Java</MiddleName>
               <DOB>06/22/1961 00:00:00</DOB>
               <SSN>1.23456789E8</SSN>
               <SLastName>A260</SLastName>
               <SFirstName>C642</SFirstName>
               <DateOfInfo>07/11/2013 00:00:00</DateOfInfo>
            </Alias>
            <Alias>
               <NameTypeCode>P</NameTypeCode>
               <LastName>Dsfq</LastName>
               <FirstName>Joe</FirstName>
               <DOB>05/10/2020 00:00:00</DOB>
               <SSN>9.88888888E8</SSN>
               <TitleCode>JR</TitleCode>
               <SLastName>D212</SLastName>
               <SFirstName>J000</SFirstName>
               <DateOfInfo>04/12/2016 00:00:00</DateOfInfo>
            </Alias>
            <PersonPhone>
               <PhoneTypeCode>RES</PhoneTypeCode>
               <PhoneArea>444</PhoneArea>
               <PhonePrefix>555</PhonePrefix>
               <PhoneSuffix>6666</PhoneSuffix>
               <DateOfInfo>11/18/2014 00:00:00</DateOfInfo>
            </PersonPhone>
            <PersonPhone>
               <PhoneTypeCode>CEL</PhoneTypeCode>
               <PhoneArea>777</PhoneArea>
               <PhonePrefix>777</PhonePrefix>
               <PhoneSuffix>7777</PhoneSuffix>
               <DateOfInfo>06/06/2017 00:00:00</DateOfInfo>
            </PersonPhone>
         </Person>
         <IncidentPersonRole>
            <RoleType>C</RoleType>
            <CreatorId>STATE_OFFICER11</CreatorId>
            <CreatorDate>09/26/2023 17:21:32</CreatorDate>
            <UpdatorId>STATE_OFFICER11</UpdatorId>
            <UpdatorDate>09/26/2023 17:21:32</UpdatorDate>
         </IncidentPersonRole>
         <IncidentPersonRole>
            <RoleType>S</RoleType>
            <CreatorId>STATE_OFFICER11</CreatorId>
            <CreatorDate>09/26/2023 17:21:32</CreatorDate>
            <UpdatorId>STATE_OFFICER11</UpdatorId>
            <UpdatorDate>09/26/2023 17:21:32</UpdatorDate>
         </IncidentPersonRole>
      </IncidentPerson>
      <IncidentBusiness>
         <BusinessNumber>240000001</BusinessNumber>
         <BusinessName>SOCIETY</BusinessName>
         <IncBusinessRoleCode>V</IncBusinessRoleCode>
         <CreatorId>STATE_OFFICER11</CreatorId>
         <CreatorDate>09/26/2023 17:20:33</CreatorDate>
         <UpdatorId>STATE_OFFICER11</UpdatorId>
         <UpdatorDate>09/26/2023 17:20:33</UpdatorDate>
      </IncidentBusiness>
   </IncidentSupplement>
</Incident>