<?xml version="1.0" encoding="UTF-8"?>
<Incident xmlns:xsi="http://www.w3.org/2001/XMLSchema-instance"
          xsi:noNamespaceSchemaLocation="file:///C:/DATA/EJS/SVN_Root/Ejustice/trunk/XMLTransformations/OnlineRMSInternalToIncident/IAOnlineRMSIncidentImport.xsd">
   <IncidentReportNum>2020D4210256</IncidentReportNum>
   <AgencyCode>D42</AgencyCode>
   <ORINum>SC0280000</ORINum>
   <ReportDate>06/11/2020 11:02:00</ReportDate>
   <ReportTime>06/11/2020 11:02:00</ReportTime>
   <StartDate>06/11/2020 11:02:00</StartDate>
   <StartTime>06/11/2020 11:02:00</StartTime>
   <Summary>testing</Summary>
   <CreatorId>STATE_OFFICER14</CreatorId>
   <CreatorDate>06/11/2020 11:02:24</CreatorDate>
   <UpdatorId>TSTC</UpdatorId>
   <UpdatorDate>09/09/2021 18:46:43</UpdatorDate>
   <IncidentType>
      <IncidentTypeCode>AIR</IncidentTypeCode>
   </IncidentType>
   <IncidentAddress>
      <AddressId>1580</AddressId>
      <City>8</City>
      <CreatorId>STATE_OFFICER14</CreatorId>
      <CreatorDate>06/11/2020 11:03:10</CreatorDate>
      <UpdatorId>TSTC</UpdatorId>
      <UpdatorDate>06/11/2020 11:03:24</UpdatorDate>
      <Address>
         <AddressId>1580</AddressId>
         <StreetNumber>100</StreetNumber>
         <StreetDirCode>W</StreetDirCode>
         <StreetName>Broadway</StreetName>
         <StreetTypeCode>ST</StreetTypeCode>
         <SubTypeCode>APT</SubTypeCode>
         <SubNumber>50</SubNumber>
         <City>Fortville</City>
         <StateCode>IN</StateCode>
         <Zip5>47201</Zip5>
         <CountryCode>US</CountryCode>
         <Distance>0</Distance>
         <Longitude>-85.84760199239552</Longitude>
         <Latitude>39.93132746541561</Latitude>
         <AddressCommonName>
            <CommonPlaceName>BERKSHIRE HATHAWAY HOME SERVICES</CommonPlaceName>
         </AddressCommonName>
      </Address>
   </IncidentAddress>
   <IncidentSupplement>
      <SupplementSequence>0</SupplementSequence>
      <IncSupplementStatusCode>A</IncSupplementStatusCode>
      <SuppReportDate>06/11/2020 11:02:26</SuppReportDate>
      <SuppReportTime>06/11/2020 11:02:26</SuppReportTime>
      <AgencyOnly>N</AgencyOnly>
      <SecurityLevel>990</SecurityLevel>
      <SuppAgencyCode>D42</SuppAgencyCode>
      <UnknownNoOffenders>N</UnknownNoOffenders>
      <DsIcrDate>07/02/2020 14:36:27</DsIcrDate>
      <DsIcrSubmissionStatus>SENT WAITING FOR RESPONSE</DsIcrSubmissionStatus>
      <CreatorId>STATE_OFFICER14</CreatorId>
      <CreatorDate>06/11/2020 11:02:26</CreatorDate>
      <UpdatorId>TSTC</UpdatorId>
      <UpdatorDate>08/05/2021 17:38:29</UpdatorDate>
      <IncidentSuppNarrative>
         <NarrativeNumber>1</NarrativeNumber>
         <NarrativeTitle>Original Narrative</NarrativeTitle>
         <NarrativeText>sdjflksdjflksdjflsdjflks</NarrativeText>
         <CreatorId>STATE_OFFICER14</CreatorId>
         <CreatorDate>06/11/2020 11:08:02</CreatorDate>
         <UpdatorId>STATE_OFFICER14</UpdatorId>
         <UpdatorDate>06/11/2020 11:08:02</UpdatorDate>
      </IncidentSuppNarrative>
      <IncidentOfficer>
         <OfficerRoleCode>P</OfficerRoleCode>
         <Officer>
            <AgencyCode>D42</AgencyCode>
            <ORINumber>SC0280000</ORINumber>
            <LastName>Smith</LastName>
            <FirstName>Charles</FirstName>
            <InternalID>2014</InternalID>
         </Officer>
      </IncidentOfficer>
      <IncidentOfficer>
         <OfficerRoleCode>R</OfficerRoleCode>
         <Officer>
            <AgencyCode>D42</AgencyCode>
            <ORINumber>SC0280000</ORINumber>
            <LastName>Smith</LastName>
            <FirstName>Charles</FirstName>
            <InternalID>2014</InternalID>
         </Officer>
      </IncidentOfficer>
      <IncidentOffense>
         <IncidentId>3248</IncidentId>
         <OffenseNumber>1</OffenseNumber>
         <OffenseStatusCode>00</OffenseStatusCode>
         <OffenseCode>35-43-4-2  T04</OffenseCode>
         <PlaceCode>06</PlaceCode>
         <BiasCode>84</BiasCode>
         <CSAUCode>C</CSAUCode>
         <SupplementSeq>0</SupplementSeq>
         <UCRNumber>1</UCRNumber>
         <OffenseStatusDate>06/11/2020 11:02:00</OffenseStatusDate>
         <AttemptedCompletedCode>C</AttemptedCompletedCode>
         <CreatorId>STATE_OFFICER14</CreatorId>
         <CreatorDate>06/11/2020 11:03:59</CreatorDate>
         <UpdatorId>STATE_OFFICER14</UpdatorId>
         <UpdatorDate>06/11/2020 11:03:59</UpdatorDate>
      </IncidentOffense>
      <IncidentPerson>
         <ApproxAge>44</ApproxAge>
         <CreatorId>STATE_OFFICER14</CreatorId>
         <CreatorDate>06/11/2020 11:04:38</CreatorDate>
         <UpdatorId>TSTC</UpdatorId>
         <UpdatorDate>05/24/2023 12:41:25</UpdatorDate>
         <Person>
            <PersonId>959</PersonId>
            <RaceCode>M</RaceCode>
            <SexCode>F</SexCode>
            <PersonVerified>Y</PersonVerified>
            <PersonPrimaryName>
               <LastName>Aaberg</LastName>
               <FirstName>Ken</FirstName>
               <DOB>07/09/1975 00:00:00</DOB>
               <SSN>1.11111111E8</SSN>
               <DateOfInfo>08/09/2018 16:59:39</DateOfInfo>
               <SLastName>A162</SLastName>
               <SFirstName>K500</SFirstName>
            </PersonPrimaryName>
            <Alias>
               <NameTypeCode>P</NameTypeCode>
               <LastName>Aaberg</LastName>
               <FirstName>Ken</FirstName>
               <DOB>07/09/1975 00:00:00</DOB>
               <SSN>1.11111111E8</SSN>
               <SLastName>A162</SLastName>
               <SFirstName>K500</SFirstName>
               <DateOfInfo>08/09/2018 16:59:39</DateOfInfo>
            </Alias>
            <PersonAddress>
               <StreetNumber>123</StreetNumber>
               <StreetDirCode>E</StreetDirCode>
               <StreetName>Main</StreetName>
               <StreetTypeCode>AVE</StreetTypeCode>
               <StreetSuffixCode>N</StreetSuffixCode>
               <City>denver</City>
               <StateCode>CO</StateCode>
               <Zip5>80401</Zip5>
               <CountyCode>30</CountyCode>
               <Beat>D2</Beat>
               <SubBeat>Sub D2</SubBeat>
            </PersonAddress>
            <PersonPhone>
               <PhoneTypeCode>RES</PhoneTypeCode>
               <PhoneArea>111</PhoneArea>
               <PhonePrefix>222</PhonePrefix>
               <PhoneSuffix>3333</PhoneSuffix>
               <DateOfInfo>06/11/2020 00:00:00</DateOfInfo>
            </PersonPhone>
         </Person>
         <IncidentPersonRole>
            <RoleType>S</RoleType>
            <CreatorId>STATE_OFFICER14</CreatorId>
            <CreatorDate>06/11/2020 11:04:39</CreatorDate>
            <UpdatorId>TSTC</UpdatorId>
            <UpdatorDate>08/15/2023 20:32:25</UpdatorDate>
         </IncidentPersonRole>
      </IncidentPerson>
      <IncidentPerson>
         <ApproxAge>30</ApproxAge>
         <ResidentStatusCode>C</ResidentStatusCode>
         <CreatorId>STATE_OFFICER14</CreatorId>
         <CreatorDate>06/11/2020 11:05:54</CreatorDate>
         <UpdatorId>TSTC</UpdatorId>
         <UpdatorDate>05/24/2023 12:41:25</UpdatorDate>
         <Person>
            <PersonId>833</PersonId>
            <RaceCode>W</RaceCode>
            <SexCode>M</SexCode>
            <PersonVerified>Y</PersonVerified>
            <PersonPrimaryName>
               <LastName>ALLEN</LastName>
               <FirstName>DONALD</FirstName>
               <DOB>10/24/1989 00:00:00</DOB>
               <DateOfInfo>06/17/2016 23:14:56</DateOfInfo>
               <SLastName>A450</SLastName>
               <SFirstName>D543</SFirstName>
            </PersonPrimaryName>
            <Alias>
               <NameTypeCode>P</NameTypeCode>
               <LastName>ALLEN</LastName>
               <FirstName>DONALD</FirstName>
               <DOB>10/24/1989 00:00:00</DOB>
               <SLastName>A450</SLastName>
               <SFirstName>D543</SFirstName>
               <DateOfInfo>06/17/2016 23:14:56</DateOfInfo>
            </Alias>
            <PersonAddress>
               <StreetNumber>126</StreetNumber>
               <StreetDirCode>N</StreetDirCode>
               <StreetName>750</StreetName>
               <StreetSuffixCode>W</StreetSuffixCode>
               <StateCode>IN</StateCode>
               <CountryCode>US</CountryCode>
               <Longitude>-85.39604</Longitude>
               <Latitude>39.07748</Latitude>
               <Beat>D2</Beat>
               <SubBeat>Sub D2</SubBeat>
            </PersonAddress>
            <PersonAddress>
               <StreetNumber>300</StreetNumber>
               <StreetDirCode>E</StreetDirCode>
               <StreetName>200</StreetName>
               <StreetSuffixCode>E</StreetSuffixCode>
               <SubTypeCode>APT</SubTypeCode>
               <City>Lebanon</City>
               <StateCode>IN</StateCode>
               <Zip5>46052</Zip5>
               <CountryCode>US</CountryCode>
               <CountyCode>NaN</CountyCode>
               <Longitude>-86.36852515301796</Longitude>
               <Latitude>39.73382972861548</Latitude>
               <Beat>Test</Beat>
               <SubBeat>Area</SubBeat>
            </PersonAddress>
            <PersonPhone>
               <PhoneTypeCode>BUS</PhoneTypeCode>
               <PhoneArea>111</PhoneArea>
               <PhonePrefix>111</PhonePrefix>
               <PhoneSuffix>1111</PhoneSuffix>
               <DateOfInfo>09/07/2017 00:00:00</DateOfInfo>
            </PersonPhone>
            <PersonPhone>
               <PhoneTypeCode>CEL</PhoneTypeCode>
               <PhoneArea>222</PhoneArea>
               <PhonePrefix>222</PhonePrefix>
               <PhoneSuffix>2222</PhoneSuffix>
               <DateOfInfo>09/07/2017 00:00:00</DateOfInfo>
            </PersonPhone>
            <PersonPhone>
               <PhoneTypeCode>RES</PhoneTypeCode>
               <PhoneArea>333</PhoneArea>
               <PhonePrefix>333</PhonePrefix>
               <PhoneSuffix>3333</PhoneSuffix>
               <DateOfInfo>09/07/2017 00:00:00</DateOfInfo>
            </PersonPhone>
            <PersonPhone>
               <PhoneTypeCode>BUS</PhoneTypeCode>
               <PhoneArea>444</PhoneArea>
               <PhonePrefix>444</PhonePrefix>
               <PhoneSuffix>4444</PhoneSuffix>
               <DateOfInfo>09/01/2017 00:00:00</DateOfInfo>
            </PersonPhone>
            <PersonPhone>
               <PhoneTypeCode>CEL</PhoneTypeCode>
               <PhoneArea>555</PhoneArea>
               <PhonePrefix>555</PhonePrefix>
               <PhoneSuffix>5555</PhoneSuffix>
               <DateOfInfo>09/01/2017 00:00:00</DateOfInfo>
            </PersonPhone>
            <PersonPhone>
               <PhoneTypeCode>RES</PhoneTypeCode>
               <PhoneArea>666</PhoneArea>
               <PhonePrefix>666</PhonePrefix>
               <PhoneSuffix>6666</PhoneSuffix>
               <DateOfInfo>09/01/2017 00:00:00</DateOfInfo>
            </PersonPhone>
         </Person>
         <IncidentPersonRole>
            <RoleType>V</RoleType>
            <CreatorId>STATE_OFFICER14</CreatorId>
            <CreatorDate>06/11/2020 11:05:54</CreatorDate>
            <UpdatorId>TSTC</UpdatorId>
            <UpdatorDate>08/15/2023 20:32:25</UpdatorDate>
         </IncidentPersonRole>
      </IncidentPerson>
      <IncidentProperty>
         <RoleCode>7</RoleCode>
         <CreatorId>STATE_OFFICER14</CreatorId>
         <CreatorDate>06/11/2020 11:07:46</CreatorDate>
         <UpdatorId>STATE_OFFICER14</UpdatorId>
         <UpdatorDate>06/11/2020 11:07:46</UpdatorDate>
         <DateOfInfo>06/11/2020 00:00:00</DateOfInfo>
         <StatusCode>7</StatusCode>
         <DocumentTypeCode>P</DocumentTypeCode>
         <PropertyTypeCode>684</PropertyTypeCode>
         <PropertyValue>45</PropertyValue>
         <Value>45</Value>
         <SerialNumber>ASDASD</SerialNumber>
         <Evidence>N</Evidence>
         <EvidenceFlag>N</EvidenceFlag>
         <Property_ID>1945</Property_ID>
         <Quantity>1</Quantity>
      </IncidentProperty>
   </IncidentSupplement>
   <IncidentSupplement>
      <SupplementSequence>1</SupplementSequence>
      <IncSupplementStatusCode>A</IncSupplementStatusCode>
      <SuppReportDate>07/02/2020 14:34:05</SuppReportDate>
      <SuppReportTime>07/02/2020 14:34:05</SuppReportTime>
      <AgencyOnly>N</AgencyOnly>
      <SecurityLevel>1100</SecurityLevel>
      <SuppAgencyCode>D42</SuppAgencyCode>
      <UnknownNoOffenders>N</UnknownNoOffenders>
      <DsIcrDate>07/02/2020 14:36:27</DsIcrDate>
      <DsIcrSubmissionStatus>SENT WAITING FOR RESPONSE</DsIcrSubmissionStatus>
      <CreatorId>STATE_OFFICER14</CreatorId>
      <CreatorDate>07/02/2020 14:34:05</CreatorDate>
      <UpdatorId>TSTC</UpdatorId>
      <UpdatorDate>08/05/2021 17:38:28</UpdatorDate>
      <IncidentSuppNarrative>
         <NarrativeNumber>1</NarrativeNumber>
         <NarrativeTitle>Supplement #1 Narrative</NarrativeTitle>
         <NarrativeText>sdfsdf</NarrativeText>
         <CreatorId>STATE_OFFICER14</CreatorId>
         <CreatorDate>07/02/2020 14:35:27</CreatorDate>
         <UpdatorId>STATE_OFFICER14</UpdatorId>
         <UpdatorDate>07/02/2020 14:35:27</UpdatorDate>
      </IncidentSuppNarrative>
      <IncidentOfficer>
         <OfficerRoleCode>P</OfficerRoleCode>
         <Officer>
            <AgencyCode>D42</AgencyCode>
            <ORINumber>SC0280000</ORINumber>
            <LastName>Smith</LastName>
            <FirstName>Charles</FirstName>
            <InternalID>2014</InternalID>
         </Officer>
      </IncidentOfficer>
      <IncidentOfficer>
         <OfficerRoleCode>R</OfficerRoleCode>
         <Officer>
            <AgencyCode>D42</AgencyCode>
            <ORINumber>SC0280000</ORINumber>
            <LastName>Smith</LastName>
            <FirstName>Charles</FirstName>
            <InternalID>2014</InternalID>
         </Officer>
      </IncidentOfficer>
      <IncidentPerson>
         <ApproxAge>36</ApproxAge>
         <CreatorId>STATE_OFFICER14</CreatorId>
         <CreatorDate>07/02/2020 14:34:35</CreatorDate>
         <UpdatorId>TSTC</UpdatorId>
         <UpdatorDate>05/24/2023 12:41:24</UpdatorDate>
         <Person>
            <PersonId>335</PersonId>
            <RaceCode>B</RaceCode>
            <SexCode>M</SexCode>
            <EthnicityCode>O</EthnicityCode>
            <PersonVerified>Y</PersonVerified>
            <PersonPrimaryName>
               <LastName>COLEMANT</LastName>
               <FirstName>FREDDIET</FirstName>
               <MiddleName>LEE JRRR</MiddleName>
               <DOB>05/27/1984 00:00:00</DOB>
               <SSN>5.08928303E8</SSN>
               <DateOfInfo>07/31/2012 18:53:11</DateOfInfo>
               <SLastName>C455</SLastName>
               <SFirstName>F633</SFirstName>
            </PersonPrimaryName>
            <Alias>
               <NameTypeCode>P</NameTypeCode>
               <LastName>COLEMANT</LastName>
               <FirstName>FREDDIET</FirstName>
               <MiddleName>LEE JRRR</MiddleName>
               <DOB>05/27/1984 00:00:00</DOB>
               <SSN>5.08928303E8</SSN>
               <SLastName>C455</SLastName>
               <SFirstName>F633</SFirstName>
               <DateOfInfo>07/31/2012 18:53:11</DateOfInfo>
            </Alias>
            <PersonAddress>
               <StreetNumber>600</StreetNumber>
               <StreetDirCode>S</StreetDirCode>
               <StreetName>Oak</StreetName>
               <StreetTypeCode>ST</StreetTypeCode>
               <SubTypeCode>APT</SubTypeCode>
               <SubNumber>60</SubNumber>
               <City>Fortville</City>
               <StateCode>IN</StateCode>
               <Zip5>46040</Zip5>
               <CountryCode>US</CountryCode>
               <Longitude>-85.84520712002464</Longitude>
               <Latitude>39.93032165963095</Latitude>
            </PersonAddress>
            <PersonPhone>
               <PhoneTypeCode>RES</PhoneTypeCode>
               <PhoneArea>222</PhoneArea>
               <PhonePrefix>222</PhonePrefix>
               <PhoneSuffix>2222</PhoneSuffix>
               <DateOfInfo>07/02/2020 00:00:00</DateOfInfo>
            </PersonPhone>
         </Person>
         <IncidentPersonRole>
            <RoleType>S</RoleType>
            <CreatorId>STATE_OFFICER14</CreatorId>
            <CreatorDate>07/02/2020 14:34:35</CreatorDate>
            <UpdatorId>TSTC</UpdatorId>
            <UpdatorDate>08/15/2023 20:32:23</UpdatorDate>
         </IncidentPersonRole>
      </IncidentPerson>
   </IncidentSupplement>
</Incident>