<?xml version="1.0" encoding="UTF-8"?>
<Incident xmlns:xsi="http://www.w3.org/2001/XMLSchema-instance"
          xsi:noNamespaceSchemaLocation="file:///C:/DATA/EJS/SVN_Root/Ejustice/trunk/XMLTransformations/OnlineRMSInternalToIncident/IAOnlineRMSIncidentImport.xsd">
   <IncidentReportNum>2023D4210422</IncidentReportNum>
   <AgencyCode>D42</AgencyCode>
   <ORINum>SC0280000</ORINum>
   <ReportDate>02/10/2023 09:44:00</ReportDate>
   <ReportTime>02/10/2023 09:44:00</ReportTime>
   <StartDate>02/10/2023 04:00:00</StartDate>
   <StartTime>02/10/2023 04:00:00</StartTime>
   <Summary>CUSTOM FORM VIS TOOL TESTING</Summary>
   <CreatorId>STATE_OFFICER11</CreatorId>
   <CreatorDate>02/10/2023 09:44:15</CreatorDate>
   <UpdatorId>STATE_OFFICER11</UpdatorId>
   <UpdatorDate>02/21/2023 17:50:32</UpdatorDate>
   <IncidentType>
      <IncidentTypeCode>CV</IncidentTypeCode>
   </IncidentType>
   <IncidentAddress>
      <AddressId>730</AddressId>
      <City>5</City>
      <CreatorId>STATE_OFFICER11</CreatorId>
      <CreatorDate>02/10/2023 09:45:46</CreatorDate>
      <UpdatorId>TSTC</UpdatorId>
      <UpdatorDate>02/10/2023 09:48:05</UpdatorDate>
      <Address>
         <AddressId>730</AddressId>
         <StreetNumber>100</StreetNumber>
         <StreetName>Main</StreetName>
         <StreetTypeCode>ST</StreetTypeCode>
         <City>Redstone</City>
         <StateCode>IN</StateCode>
         <CountryCode>US</CountryCode>
         <Longitude>-79.86680247855767</Longitude>
         <Latitude>39.985489100905994</Latitude>
      </Address>
   </IncidentAddress>
   <IncidentSupplement>
      <SupplementSequence>0</SupplementSequence>
      <IncSupplementStatusCode>A</IncSupplementStatusCode>
      <SuppReportDate>02/10/2023 09:44:16</SuppReportDate>
      <SuppReportTime>02/10/2023 09:44:16</SuppReportTime>
      <AgencyOnly>N</AgencyOnly>
      <SecurityLevel>1100</SecurityLevel>
      <SuppAgencyCode>D42</SuppAgencyCode>
      <UnknownNoOffenders>N</UnknownNoOffenders>
      <DsIcrDate>02/10/2023 10:56:36</DsIcrDate>
      <DsIcrSubmissionStatus>NOT REPORTABLE</DsIcrSubmissionStatus>
      <CreatorId>STATE_OFFICER11</CreatorId>
      <CreatorDate>02/10/2023 09:44:16</CreatorDate>
      <UpdatorId>TSTC</UpdatorId>
      <UpdatorDate>02/10/2023 10:56:36</UpdatorDate>
      <IncidentSuppNarrative>
         <NarrativeNumber>1</NarrativeNumber>
         <NarrativeTitle>Original Narrative</NarrativeTitle>
         <NarrativeText>testing this JIRA</NarrativeText>
         <CreatorId>STATE_OFFICER11</CreatorId>
         <CreatorDate>02/10/2023 10:52:35</CreatorDate>
         <UpdatorId>STATE_OFFICER11</UpdatorId>
         <UpdatorDate>02/10/2023 10:52:35</UpdatorDate>
      </IncidentSuppNarrative>
      <IncidentOfficer>
         <OfficerRoleCode>P</OfficerRoleCode>
         <Officer>
            <AgencyCode>D42</AgencyCode>
            <ORINumber>SC0280000</ORINumber>
            <LastName>Simpson</LastName>
            <FirstName>Homer</FirstName>
            <InternalID>9696</InternalID>
         </Officer>
      </IncidentOfficer>
      <IncidentOfficer>
         <OfficerRoleCode>R</OfficerRoleCode>
         <Officer>
            <AgencyCode>D42</AgencyCode>
            <ORINumber>SC0280000</ORINumber>
            <LastName>Simpson</LastName>
            <FirstName>Homer</FirstName>
            <InternalID>9696</InternalID>
         </Officer>
      </IncidentOfficer>
      <IncidentOffense>
         <IncidentId>3429</IncidentId>
         <OffenseNumber>1</OffenseNumber>
         <OffenseStatusCode>00</OffenseStatusCode>
         <OffenseCode>31-37-3-2</OffenseCode>
         <PlaceCode>20</PlaceCode>
         <BiasCode>88</BiasCode>
         <CSAUCode>C</CSAUCode>
         <SupplementSeq>0</SupplementSeq>
         <UCRNumber>1</UCRNumber>
         <OffenseStatusDate>02/10/2023 04:00:00</OffenseStatusDate>
         <AttemptedCompletedCode>C</AttemptedCompletedCode>
         <CreatorId>STATE_OFFICER11</CreatorId>
         <CreatorDate>02/10/2023 09:48:55</CreatorDate>
         <UpdatorId>STATE_OFFICER11</UpdatorId>
         <UpdatorDate>02/10/2023 09:48:55</UpdatorDate>
      </IncidentOffense>
      <IncidentPerson>
         <ApproxAge>53</ApproxAge>
         <CreatorId>STATE_OFFICER11</CreatorId>
         <CreatorDate>02/10/2023 09:59:31</CreatorDate>
         <UpdatorId>TSTC</UpdatorId>
         <UpdatorDate>05/24/2023 12:41:26</UpdatorDate>
         <Person>
            <PersonId>922</PersonId>
            <RaceCode>W</RaceCode>
            <SexCode>M</SexCode>
            <PersonVerified>Y</PersonVerified>
            <PersonPrimaryName>
               <LastName>NASE</LastName>
               <FirstName>MICHAEL</FirstName>
               <DOB>06/07/1969 00:00:00</DOB>
               <SSN>1.11111111E8</SSN>
               <DateOfInfo>11/07/2017 14:21:15</DateOfInfo>
               <SLastName>N200</SLastName>
               <SFirstName>M240</SFirstName>
            </PersonPrimaryName>
            <Alias>
               <NameTypeCode>P</NameTypeCode>
               <LastName>NASE</LastName>
               <FirstName>MICHAEL</FirstName>
               <DOB>06/07/1969 00:00:00</DOB>
               <SSN>1.11111111E8</SSN>
               <SLastName>N200</SLastName>
               <SFirstName>M240</SFirstName>
               <DateOfInfo>11/07/2017 14:21:15</DateOfInfo>
            </Alias>
         </Person>
         <IncidentPersonRole>
            <RoleType>S</RoleType>
            <CreatorId>STATE_OFFICER11</CreatorId>
            <CreatorDate>02/10/2023 09:59:31</CreatorDate>
            <UpdatorId>TSTC</UpdatorId>
            <UpdatorDate>08/15/2023 20:32:24</UpdatorDate>
         </IncidentPersonRole>
      </IncidentPerson>
      <IncidentBusiness>
         <BusinessNumber>240000001</BusinessNumber>
         <BusinessName>SOCIETY</BusinessName>
         <IncBusinessRoleCode>V</IncBusinessRoleCode>
         <CreatorId>STATE_OFFICER11</CreatorId>
         <CreatorDate>02/10/2023 09:48:56</CreatorDate>
         <UpdatorId>STATE_OFFICER11</UpdatorId>
         <UpdatorDate>02/10/2023 09:48:56</UpdatorDate>
      </IncidentBusiness>
      <IncidentBusiness>
         <BusinessNumber>240000067</BusinessNumber>
         <BusinessName>All Blacks Rugby</BusinessName>
         <IncBusinessRoleCode>O</IncBusinessRoleCode>
         <CreatorId>STATE_OFFICER11</CreatorId>
         <CreatorDate>02/10/2023 10:11:02</CreatorDate>
         <UpdatorId>STATE_OFFICER11</UpdatorId>
         <UpdatorDate>02/10/2023 10:11:02</UpdatorDate>
         <BusinessAddress>
            <AddressId>531</AddressId>
            <StreetNumber>1000</StreetNumber>
            <StreetName>Pearl</StreetName>
            <StreetTypeCode>ST</StreetTypeCode>
            <City>Miles City</City>
            <StateCode>MT</StateCode>
            <Zip5>59301</Zip5>
            <CountryCode>US</CountryCode>
            <Longitude>-105.843402</Longitude>
            <Latitude>46.405329</Latitude>
            <Beat>Test</Beat>
            <SubBeat>Area</SubBeat>
            <AddressCommonName>
               <CommonPlaceName>Dead strip</CommonPlaceName>
            </AddressCommonName>
            <BusinessPhone>
               <PhoneTypeCode>BUS</PhoneTypeCode>
               <PhoneArea>406</PhoneArea>
               <PhonePrefix>789</PhonePrefix>
               <PhoneSuffix>8954</PhoneSuffix>
               <DateOfInfo>11/20/2015 00:00:00</DateOfInfo>
            </BusinessPhone>
         </BusinessAddress>
         <BusinessAddress>
            <AddressId>1172</AddressId>
            <StreetNumber>2924</StreetNumber>
            <StreetDirCode>E</StreetDirCode>
            <StreetName>1250</StreetName>
            <StreetSuffixCode>S</StreetSuffixCode>
            <SubTypeCode>BLDG</SubTypeCode>
            <SubNumber>99</SubNumber>
            <City>Battle Ground</City>
            <StateCode>IN</StateCode>
            <Zip5>47920</Zip5>
            <CountryCode>US</CountryCode>
            <CountyCode>NaN</CountyCode>
            <Longitude>-86.813061</Longitude>
            <Latitude>40.569043</Latitude>
            <AddressCommonName>
               <CommonPlaceName>Dead strip</CommonPlaceName>
            </AddressCommonName>
            <AddressCommonName>
               <CommonPlaceName>ANG TEST</CommonPlaceName>
            </AddressCommonName>
            <AddressCommonName>
               <CommonPlaceName>District 42 test</CommonPlaceName>
            </AddressCommonName>
         </BusinessAddress>
      </IncidentBusiness>
      <IncidentVehicle>
         <VEHICLE_ID>232</VEHICLE_ID>
         <RoleCode>PV</RoleCode>
         <CreatorId>STATE_OFFICER11</CreatorId>
         <CreatorDate>02/10/2023 10:51:24</CreatorDate>
         <UpdatorId>STATE_OFFICER11</UpdatorId>
         <UpdatorDate>02/10/2023 10:51:24</UpdatorDate>
         <DateOfInfo>07/29/2015 00:00:00</DateOfInfo>
         <StatusCode>13</StatusCode>
         <VIN>444222444</VIN>
         <VehicleYear>1965</VehicleYear>
         <VehicleMakeCode>CHEV</VehicleMakeCode>
         <VehicleModelCode>CVT</VehicleModelCode>
         <VehicleTypeCode>AT</VehicleTypeCode>
         <VehPriColorCode>BLK</VehPriColorCode>
         <VehSecColorCode>BLK</VehSecColorCode>
         <VehicleLicStateCode>NJ</VehicleLicStateCode>
         <VehicleLicNumber>123ABC</VehicleLicNumber>
         <VehicleValue>25000</VehicleValue>
      </IncidentVehicle>
   </IncidentSupplement>
</Incident>