<?xml version="1.0" encoding="UTF-8"?>
<Incident xmlns:xsi="http://www.w3.org/2001/XMLSchema-instance"
          xsi:noNamespaceSchemaLocation="file:///C:/DATA/EJS/SVN_Root/Ejustice/trunk/XMLTransformations/OnlineRMSInternalToIncident/IAOnlineRMSIncidentImport.xsd">
   <IncidentReportNum>17-MPD-0059</IncidentReportNum>
   <AgencyCode>D42</AgencyCode>
   <ORINum>SC0280000</ORINum>
   <ReportDate>08/03/2017 12:57:00</ReportDate>
   <ReportTime>08/03/2017 12:57:00</ReportTime>
   <StartDate>08/03/2017 10:07:00</StartDate>
   <StartTime>08/03/2017 10:07:00</StartTime>
   <Summary>sd</Summary>
   <CreatorId>TSTC</CreatorId>
   <CreatorDate>08/03/2017 12:57:27</CreatorDate>
   <UpdatorId>TSTC</UpdatorId>
   <UpdatorDate>09/09/2021 18:46:42</UpdatorDate>
   <IncidentType>
      <IncidentTypeCode>AIR</IncidentTypeCode>
   </IncidentType>
   <IncidentAddress>
      <AddressId>1167</AddressId>
      <City>4</City>
      <CreatorId>TSTC</CreatorId>
      <CreatorDate>08/03/2017 15:38:41</CreatorDate>
      <UpdatorId>TSTC</UpdatorId>
      <UpdatorDate>09/03/2020 12:54:02</UpdatorDate>
      <Address>
         <AddressId>1167</AddressId>
         <StreetNumber>100</StreetNumber>
         <StreetDirCode>NE</StreetDirCode>
         <StreetName>Bypass</StreetName>
         <StreetSuffixCode>S</StreetSuffixCode>
         <City>Dunbar Twp</City>
         <StateCode>IN</StateCode>
         <CountryCode>US</CountryCode>
         <Longitude>-79.8307620747487</Longitude>
         <Latitude>40.081458218245075</Latitude>
      </Address>
   </IncidentAddress>
   <IncidentSupplement>
      <SupplementSequence>0</SupplementSequence>
      <IncSupplementStatusCode>A</IncSupplementStatusCode>
      <SuppReportDate>08/03/2017 12:57:25</SuppReportDate>
      <SuppReportTime>08/03/2017 12:57:25</SuppReportTime>
      <AgencyOnly>N</AgencyOnly>
      <SecurityLevel>990</SecurityLevel>
      <SuppAgencyCode>D42</SuppAgencyCode>
      <UnknownNoOffenders>N</UnknownNoOffenders>
      <DsIcrDate>09/03/2020 12:55:21</DsIcrDate>
      <DsIcrSubmissionStatus>NOT REPORTABLE</DsIcrSubmissionStatus>
      <CreatorId>TSTC</CreatorId>
      <CreatorDate>08/03/2017 12:57:27</CreatorDate>
      <UpdatorId>TSTC</UpdatorId>
      <UpdatorDate>08/05/2021 17:38:26</UpdatorDate>
      <IncidentSuppNarrative>
         <NarrativeNumber>1</NarrativeNumber>
         <NarrativeTitle>Original Narrative</NarrativeTitle>
         <NarrativeText>asdasda</NarrativeText>
         <CreatorId>STATE_OFFICER14</CreatorId>
         <CreatorDate>09/03/2020 12:54:41</CreatorDate>
         <UpdatorId>STATE_OFFICER14</UpdatorId>
         <UpdatorDate>09/03/2020 12:54:41</UpdatorDate>
      </IncidentSuppNarrative>
      <IncidentOfficer>
         <OfficerRoleCode>P</OfficerRoleCode>
         <Officer>
            <AgencyCode>D42</AgencyCode>
            <ORINumber>SC0280000</ORINumber>
            <LastName>Smith</LastName>
            <FirstName>Charles</FirstName>
            <InternalID>2014</InternalID>
         </Officer>
      </IncidentOfficer>
      <IncidentOfficer>
         <OfficerRoleCode>R</OfficerRoleCode>
         <Officer>
            <AgencyCode>D42</AgencyCode>
            <ORINumber>SC0280000</ORINumber>
            <LastName>Smith</LastName>
            <FirstName>Charles</FirstName>
            <InternalID>2014</InternalID>
         </Officer>
      </IncidentOfficer>
      <IncidentOffense>
         <IncidentId>2872</IncidentId>
         <OffenseNumber>1</OffenseNumber>
         <OffenseStatusCode>00</OffenseStatusCode>
         <OffenseCode>16-42-19-16</OffenseCode>
         <PlaceCode>25</PlaceCode>
         <BiasCode>88</BiasCode>
         <SupplementSeq>0</SupplementSeq>
         <UCRNumber>1</UCRNumber>
         <OffenseStatusDate>08/03/2017 10:07:00</OffenseStatusDate>
         <CreatorId>STATE_OFFICER14</CreatorId>
         <CreatorDate>09/03/2020 12:54:23</CreatorDate>
         <UpdatorId>STATE_OFFICER14</UpdatorId>
         <UpdatorDate>09/03/2020 12:54:23</UpdatorDate>
      </IncidentOffense>
      <IncidentPerson>
         <ApproxAge>40</ApproxAge>
         <CreatorId>STATE_OFFICER14</CreatorId>
         <CreatorDate>09/03/2020 12:52:24</CreatorDate>
         <UpdatorId>TSTC</UpdatorId>
         <UpdatorDate>05/24/2023 12:41:23</UpdatorDate>
         <Person>
            <PersonId>1056</PersonId>
            <RaceCode>W</RaceCode>
            <SexCode>M</SexCode>
            <EthnicityCode>U</EthnicityCode>
            <PersonVerified>Y</PersonVerified>
            <PersonPrimaryName>
               <LastName>Smith</LastName>
               <FirstName>Tom</FirstName>
               <DOB>05/04/1977 00:00:00</DOB>
               <SSN>1.11111111E8</SSN>
               <DateOfInfo>09/02/2020 16:42:00</DateOfInfo>
               <SLastName>S530</SLastName>
               <SFirstName>T500</SFirstName>
            </PersonPrimaryName>
            <Alias>
               <NameTypeCode>P</NameTypeCode>
               <LastName>Smith</LastName>
               <FirstName>Tom</FirstName>
               <DOB>05/04/1977 00:00:00</DOB>
               <SSN>1.11111111E8</SSN>
               <SLastName>S530</SLastName>
               <SFirstName>T500</SFirstName>
               <DateOfInfo>09/02/2020 16:42:00</DateOfInfo>
            </Alias>
         </Person>
         <IncidentPersonRole>
            <RoleType>S</RoleType>
            <CreatorId>STATE_OFFICER14</CreatorId>
            <CreatorDate>09/03/2020 12:52:24</CreatorDate>
            <UpdatorId>TSTC</UpdatorId>
            <UpdatorDate>08/15/2023 20:32:24</UpdatorDate>
         </IncidentPersonRole>
      </IncidentPerson>
      <IncidentProperty>
         <CreatorId>STATE_OFFICER14</CreatorId>
         <CreatorDate>11/02/2018 16:26:35</CreatorDate>
         <UpdatorId>STATE_OFFICER14</UpdatorId>
         <UpdatorDate>11/02/2018 16:26:35</UpdatorDate>
         <DateOfInfo>11/02/2018 00:00:00</DateOfInfo>
         <StatusCode>16</StatusCode>
         <DocumentTypeCode>P</DocumentTypeCode>
         <PropertyTypeCode>425</PropertyTypeCode>
         <PropertyValue>0</PropertyValue>
         <Value>0</Value>
         <Evidence>Y</Evidence>
         <EvidenceFlag>Y</EvidenceFlag>
         <ExternalEvidenceId>781</ExternalEvidenceId>
         <Property_ID>1804</Property_ID>
         <Quantity>1</Quantity>
      </IncidentProperty>
   </IncidentSupplement>
</Incident>