<?xml version="1.0" encoding="UTF-8"?>
<Incident xmlns:xsi="http://www.w3.org/2001/XMLSchema-instance"
          xsi:noNamespaceSchemaLocation="file:///C:/DATA/EJS/SVN_Root/Ejustice/trunk/XMLTransformations/OnlineRMSInternalToIncident/IAOnlineRMSIncidentImport.xsd">
   <IncidentReportNum>2022D4210406</IncidentReportNum>
   <AgencyCode>D42</AgencyCode>
   <ORINum>SC0280000</ORINum>
   <ReportDate>07/19/2022 12:32:00</ReportDate>
   <ReportTime>07/19/2022 12:32:00</ReportTime>
   <StartDate>07/19/2022 12:32:00</StartDate>
   <StartTime>07/19/2022 12:32:00</StartTime>
   <Summary>asdf</Summary>
   <CreatorId>STATE_OFFICER11</CreatorId>
   <CreatorDate>07/19/2022 12:32:49</CreatorDate>
   <UpdatorId>STATE_OFFICER11</UpdatorId>
   <UpdatorDate>10/10/2022 11:03:27</UpdatorDate>
   <IncidentType>
      <IncidentTypeCode>EVD</IncidentTypeCode>
   </IncidentType>
   <IncidentAddress>
      <AddressId>676</AddressId>
      <City>3</City>
      <CreatorId>STATE_OFFICER11</CreatorId>
      <CreatorDate>07/19/2022 12:36:26</CreatorDate>
      <UpdatorId>TSTC</UpdatorId>
      <UpdatorDate>10/10/2022 10:54:49</UpdatorDate>
      <Address>
         <AddressId>676</AddressId>
         <StreetNumber>8067</StreetNumber>
         <StreetName>104</StreetName>
         <StreetTypeCode>AVE</StreetTypeCode>
         <StreetSuffixCode>NW</StreetSuffixCode>
         <City>Edmonton</City>
         <StateCode>AB</StateCode>
         <Zip5>T5J 4X1</Zip5>
         <Longitude>-113.494284</Longitude>
         <Latitude>53.545829</Latitude>
      </Address>
   </IncidentAddress>
   <IncidentSupplement>
      <SupplementSequence>0</SupplementSequence>
      <IncSupplementStatusCode>A</IncSupplementStatusCode>
      <SuppReportDate>07/19/2022 12:32:50</SuppReportDate>
      <SuppReportTime>07/19/2022 12:32:50</SuppReportTime>
      <AgencyOnly>N</AgencyOnly>
      <SecurityLevel>1201</SecurityLevel>
      <SuppAgencyCode>D42</SuppAgencyCode>
      <UnknownNoOffenders>N</UnknownNoOffenders>
      <DsIcrDate>10/10/2022 11:03:32</DsIcrDate>
      <DsIcrSubmissionStatus>NOT REPORTABLE</DsIcrSubmissionStatus>
      <CreatorId>STATE_OFFICER11</CreatorId>
      <CreatorDate>07/19/2022 12:32:50</CreatorDate>
      <UpdatorId>TSTC</UpdatorId>
      <UpdatorDate>10/10/2022 11:03:32</UpdatorDate>
      <IncidentSuppNarrative>
         <NarrativeNumber>1</NarrativeNumber>
         <NarrativeTitle>Original Narrative</NarrativeTitle>
         <NarrativeText>fsadASDASD</NarrativeText>
         <CreatorId>STATE_OFFICER11</CreatorId>
         <CreatorDate>10/10/2022 10:55:33</CreatorDate>
         <UpdatorId>STATE_OFFICER11</UpdatorId>
         <UpdatorDate>10/10/2022 10:55:33</UpdatorDate>
      </IncidentSuppNarrative>
      <IncidentOfficer>
         <OfficerRoleCode>P</OfficerRoleCode>
         <Officer>
            <AgencyCode>D42</AgencyCode>
            <ORINumber>SC0280000</ORINumber>
            <LastName>Simpson</LastName>
            <FirstName>Homer</FirstName>
            <InternalID>9696</InternalID>
         </Officer>
      </IncidentOfficer>
      <IncidentOfficer>
         <OfficerRoleCode>R</OfficerRoleCode>
         <Officer>
            <AgencyCode>D42</AgencyCode>
            <ORINumber>SC0280000</ORINumber>
            <LastName>Simpson</LastName>
            <FirstName>Homer</FirstName>
            <InternalID>9696</InternalID>
         </Officer>
      </IncidentOfficer>
      <IncidentOffense>
         <IncidentId>3410</IncidentId>
         <OffenseNumber>1</OffenseNumber>
         <OffenseStatusCode>00</OffenseStatusCode>
         <OffenseCode>35-43-2-2  C01</OffenseCode>
         <PlaceCode>25</PlaceCode>
         <BiasCode>88</BiasCode>
         <CSAUCode>C</CSAUCode>
         <SupplementSeq>0</SupplementSeq>
         <UCRNumber>1</UCRNumber>
         <OffenseStatusDate>07/19/2022 12:32:00</OffenseStatusDate>
         <AttemptedCompletedCode>C</AttemptedCompletedCode>
         <CreatorId>STATE_OFFICER11</CreatorId>
         <CreatorDate>10/10/2022 10:55:10</CreatorDate>
         <UpdatorId>STATE_OFFICER11</UpdatorId>
         <UpdatorDate>10/10/2022 10:55:10</UpdatorDate>
      </IncidentOffense>
      <IncidentPerson>
         <ApproxAge>42</ApproxAge>
         <CreatorId>STATE_OFFICER11</CreatorId>
         <CreatorDate>10/10/2022 10:55:26</CreatorDate>
         <UpdatorId>TSTC</UpdatorId>
         <UpdatorDate>05/24/2023 12:41:26</UpdatorDate>
         <Person>
            <PersonId>913</PersonId>
            <RaceCode>B</RaceCode>
            <SexCode>M</SexCode>
            <PersonVerified>Y</PersonVerified>
            <PersonPrimaryName>
               <LastName>Rob</LastName>
               <FirstName>Robbie</FirstName>
               <DateOfInfo>06/30/2017 00:00:00</DateOfInfo>
               <SLastName>R100</SLastName>
               <SFirstName>R100</SFirstName>
            </PersonPrimaryName>
            <PersonPrimaryName>
               <LastName>Black</LastName>
               <FirstName>Robert</FirstName>
               <DOB>06/01/1980 00:00:00</DOB>
               <SSN>3.33333333E8</SSN>
               <DateOfInfo>06/30/2017 10:45:45</DateOfInfo>
               <SLastName>B420</SLastName>
               <SFirstName>R163</SFirstName>
            </PersonPrimaryName>
            <Alias>
               <NameTypeCode>A</NameTypeCode>
               <LastName>Rob</LastName>
               <FirstName>Robbie</FirstName>
               <SLastName>R100</SLastName>
               <SFirstName>R100</SFirstName>
               <DateOfInfo>06/30/2017 00:00:00</DateOfInfo>
            </Alias>
            <Alias>
               <NameTypeCode>P</NameTypeCode>
               <LastName>Black</LastName>
               <FirstName>Robert</FirstName>
               <DOB>06/01/1980 00:00:00</DOB>
               <SSN>3.33333333E8</SSN>
               <SLastName>B420</SLastName>
               <SFirstName>R163</SFirstName>
               <DateOfInfo>06/30/2017 10:45:45</DateOfInfo>
            </Alias>
         </Person>
         <IncidentPersonRole>
            <RoleType>S</RoleType>
            <CreatorId>STATE_OFFICER11</CreatorId>
            <CreatorDate>10/10/2022 10:55:26</CreatorDate>
            <UpdatorId>TSTC</UpdatorId>
            <UpdatorDate>08/15/2023 20:32:24</UpdatorDate>
         </IncidentPersonRole>
      </IncidentPerson>
      <IncidentBusiness>
         <BusinessNumber>240000001</BusinessNumber>
         <BusinessName>SOCIETY</BusinessName>
         <IncBusinessRoleCode>V</IncBusinessRoleCode>
         <CreatorId>STATE_OFFICER11</CreatorId>
         <CreatorDate>10/10/2022 10:55:10</CreatorDate>
         <UpdatorId>STATE_OFFICER11</UpdatorId>
         <UpdatorDate>10/10/2022 10:55:10</UpdatorDate>
      </IncidentBusiness>
   </IncidentSupplement>
   <IncidentSupplement>
      <SupplementSequence>1</SupplementSequence>
      <IncSupplementStatusCode>A</IncSupplementStatusCode>
      <SuppReportDate>10/10/2022 11:01:09</SuppReportDate>
      <SuppReportTime>10/10/2022 11:01:09</SuppReportTime>
      <AgencyOnly>N</AgencyOnly>
      <SecurityLevel>1700</SecurityLevel>
      <SuppAgencyCode>D42</SuppAgencyCode>
      <UnknownNoOffenders>N</UnknownNoOffenders>
      <DsIcrDate>10/10/2022 11:03:32</DsIcrDate>
      <DsIcrSubmissionStatus>NOT REPORTABLE</DsIcrSubmissionStatus>
      <CreatorId>STATE_OFFICER11</CreatorId>
      <CreatorDate>10/10/2022 11:01:09</CreatorDate>
      <UpdatorId>TSTC</UpdatorId>
      <UpdatorDate>10/10/2022 11:03:33</UpdatorDate>
      <IncidentSuppNarrative>
         <NarrativeNumber>1</NarrativeNumber>
         <NarrativeTitle>Supplement #1 Narrative</NarrativeTitle>
         <NarrativeText>erdert</NarrativeText>
         <CreatorId>STATE_OFFICER11</CreatorId>
         <CreatorDate>10/10/2022 11:03:07</CreatorDate>
         <UpdatorId>STATE_OFFICER11</UpdatorId>
         <UpdatorDate>10/10/2022 11:03:07</UpdatorDate>
      </IncidentSuppNarrative>
      <IncidentOfficer>
         <OfficerRoleCode>P</OfficerRoleCode>
         <Officer>
            <AgencyCode>D42</AgencyCode>
            <ORINumber>SC0280000</ORINumber>
            <LastName>Simpson</LastName>
            <FirstName>Homer</FirstName>
            <InternalID>9696</InternalID>
         </Officer>
      </IncidentOfficer>
      <IncidentOfficer>
         <OfficerRoleCode>R</OfficerRoleCode>
         <Officer>
            <AgencyCode>D42</AgencyCode>
            <ORINumber>SC0280000</ORINumber>
            <LastName>Simpson</LastName>
            <FirstName>Homer</FirstName>
            <InternalID>9696</InternalID>
         </Officer>
      </IncidentOfficer>
   </IncidentSupplement>
</Incident>