<?xml version="1.0" encoding="UTF-8"?>
<Incident xmlns:xsi="http://www.w3.org/2001/XMLSchema-instance"
          xsi:noNamespaceSchemaLocation="file:///C:/DATA/EJS/SVN_Root/Ejustice/trunk/XMLTransformations/OnlineRMSInternalToIncident/IAOnlineRMSIncidentImport.xsd">
   <IncidentReportNum>2020D4210297</IncidentReportNum>
   <AgencyCode>D42</AgencyCode>
   <ORINum>SC0280000</ORINum>
   <ReportDate>08/23/2020 12:16:00</ReportDate>
   <ReportTime>08/23/2020 12:16:00</ReportTime>
   <StartDate>08/23/2020 12:16:00</StartDate>
   <StartTime>08/23/2020 12:16:00</StartTime>
   <EndDate>08/23/2020 14:00:00</EndDate>
   <Summary>asdf</Summary>
   <CreatorId>STATE_OFFICER14</CreatorId>
   <CreatorDate>08/24/2020 12:15:58</CreatorDate>
   <UpdatorId>STATE_OFFICER11</UpdatorId>
   <UpdatorDate>04/05/2022 12:37:25</UpdatorDate>
   <IncidentType>
      <IncidentTypeCode>CMF</IncidentTypeCode>
   </IncidentType>
   <IncidentAddress>
      <AddressId>1693</AddressId>
      <City>4</City>
      <CreatorId>STATE_OFFICER14</CreatorId>
      <CreatorDate>08/24/2020 12:17:06</CreatorDate>
      <UpdatorId>TSTC</UpdatorId>
      <UpdatorDate>02/11/2021 16:51:51</UpdatorDate>
      <Address>
         <AddressId>1693</AddressId>
         <StreetNumber>1238</StreetNumber>
         <StreetDirCode>E</StreetDirCode>
         <StreetName>Calrson</StreetName>
         <StreetTypeCode>LN</StreetTypeCode>
         <City>ABBOTT</City>
         <StateCode>AL</StateCode>
         <Zip5>24334</Zip5>
         <Zip4>2344</Zip4>
         <CountryCode>US</CountryCode>
         <Distance>0</Distance>
      </Address>
   </IncidentAddress>
   <IncidentSupplement>
      <SupplementSequence>0</SupplementSequence>
      <IncSupplementStatusCode>A</IncSupplementStatusCode>
      <SuppReportDate>08/24/2020 12:15:59</SuppReportDate>
      <SuppReportTime>08/24/2020 12:15:59</SuppReportTime>
      <AgencyOnly>N</AgencyOnly>
      <SecurityLevel>990</SecurityLevel>
      <SuppAgencyCode>D42</SuppAgencyCode>
      <UnknownNoOffenders>N</UnknownNoOffenders>
      <DsIcrDate>04/05/2022 12:37:36</DsIcrDate>
      <DsIcrSubmissionStatus>READY TO BE PROCESSED-ORIGINAL</DsIcrSubmissionStatus>
      <CreatorId>STATE_OFFICER14</CreatorId>
      <CreatorDate>08/24/2020 12:15:59</CreatorDate>
      <UpdatorId>STATE_OFFICER11</UpdatorId>
      <UpdatorDate>04/05/2022 12:37:36</UpdatorDate>
      <IncidentSuppNarrative>
         <NarrativeNumber>1</NarrativeNumber>
         <NarrativeTitle>Original Narrative</NarrativeTitle>
         <NarrativeText>sdfsdfsd</NarrativeText>
         <CreatorId>STATE_OFFICER14</CreatorId>
         <CreatorDate>08/24/2020 12:25:46</CreatorDate>
         <UpdatorId>STATE_OFFICER14</UpdatorId>
         <UpdatorDate>08/24/2020 12:25:46</UpdatorDate>
      </IncidentSuppNarrative>
      <IncidentOfficer>
         <OfficerRoleCode>P</OfficerRoleCode>
         <Officer>
            <AgencyCode>D42</AgencyCode>
            <ORINumber>SC0280000</ORINumber>
            <LastName>Smith</LastName>
            <FirstName>Charles</FirstName>
            <InternalID>2014</InternalID>
         </Officer>
      </IncidentOfficer>
      <IncidentOfficer>
         <OfficerRoleCode>R</OfficerRoleCode>
         <Officer>
            <AgencyCode>D42</AgencyCode>
            <ORINumber>SC0280000</ORINumber>
            <LastName>Smith</LastName>
            <FirstName>Charles</FirstName>
            <InternalID>2014</InternalID>
         </Officer>
      </IncidentOfficer>
      <IncidentOfficer>
         <OfficerRoleCode>R</OfficerRoleCode>
         <Officer>
            <AgencyCode>D42</AgencyCode>
            <ORINumber>SC0280000</ORINumber>
            <LastName>Simpson</LastName>
            <FirstName>Homer</FirstName>
            <InternalID>9696</InternalID>
         </Officer>
      </IncidentOfficer>
      <IncidentOffense>
         <IncidentId>3290</IncidentId>
         <OffenseNumber>1</OffenseNumber>
         <OffenseStatusCode>00</OffenseStatusCode>
         <OffenseCode>35-42-2-1  B04</OffenseCode>
         <PlaceCode>57</PlaceCode>
         <BiasCode>88</BiasCode>
         <CSAUCode>C</CSAUCode>
         <SupplementSeq>0</SupplementSeq>
         <UCRNumber>1</UCRNumber>
         <OffenseStatusDate>08/23/2020 12:16:00</OffenseStatusDate>
         <AttemptedCompletedCode>C</AttemptedCompletedCode>
         <CreatorId>STATE_OFFICER14</CreatorId>
         <CreatorDate>08/24/2020 12:20:22</CreatorDate>
         <UpdatorId>STATE_OFFICER11</UpdatorId>
         <UpdatorDate>02/11/2021 16:49:48</UpdatorDate>
      </IncidentOffense>
      <IncidentPerson>
         <ApproxAge>40</ApproxAge>
         <ResidentStatusCode>R</ResidentStatusCode>
         <CreatorId>STATE_OFFICER14</CreatorId>
         <CreatorDate>08/24/2020 12:23:25</CreatorDate>
         <UpdatorId>TSTC</UpdatorId>
         <UpdatorDate>05/24/2023 12:41:25</UpdatorDate>
         <Person>
            <PersonId>19</PersonId>
            <RaceCode>W</RaceCode>
            <SexCode>M</SexCode>
            <PersonVerified>Y</PersonVerified>
            <PersonPrimaryName>
               <LastName>Brown</LastName>
               <FirstName>Sam</FirstName>
               <DOB>04/05/1980 00:00:00</DOB>
               <SSN>6.55655555E8</SSN>
               <DateOfInfo>02/18/2012 12:00:47</DateOfInfo>
               <SLastName>B650</SLastName>
               <SFirstName>S500</SFirstName>
            </PersonPrimaryName>
            <Alias>
               <NameTypeCode>P</NameTypeCode>
               <LastName>Brown</LastName>
               <FirstName>Sam</FirstName>
               <DOB>04/05/1980 00:00:00</DOB>
               <SSN>6.55655555E8</SSN>
               <SLastName>B650</SLastName>
               <SFirstName>S500</SFirstName>
               <DateOfInfo>02/18/2012 12:00:47</DateOfInfo>
            </Alias>
            <PersonAddress>
               <StreetNumber>199</StreetNumber>
               <StreetName>Grover</StreetName>
               <City>INDIANAPOLIS</City>
               <StateCode>IN</StateCode>
               <Zip5>12345</Zip5>
               <CountryCode>US</CountryCode>
            </PersonAddress>
         </Person>
         <IncidentPersonRole>
            <RoleType>V</RoleType>
            <CreatorId>STATE_OFFICER11</CreatorId>
            <CreatorDate>02/11/2021 16:58:46</CreatorDate>
            <UpdatorId>TSTC</UpdatorId>
            <UpdatorDate>08/15/2023 20:32:24</UpdatorDate>
         </IncidentPersonRole>
      </IncidentPerson>
      <IncidentPerson>
         <ApproxAge>60</ApproxAge>
         <ResidentStatusCode>R</ResidentStatusCode>
         <CreatorId>STATE_OFFICER14</CreatorId>
         <CreatorDate>08/24/2020 12:24:02</CreatorDate>
         <UpdatorId>TSTC</UpdatorId>
         <UpdatorDate>05/24/2023 12:41:26</UpdatorDate>
         <Person>
            <PersonId>13</PersonId>
            <RaceCode>W</RaceCode>
            <SexCode>M</SexCode>
            <PersonVerified>Y</PersonVerified>
            <PersonPrimaryName>
               <LastName>Braisted</LastName>
               <FirstName>Ralph</FirstName>
               <DOB>04/07/1974 00:00:00</DOB>
               <SSN>2.32448876E8</SSN>
               <DateOfInfo>02/10/2012 19:30:33</DateOfInfo>
               <SLastName>B623</SLastName>
               <SFirstName>R410</SFirstName>
            </PersonPrimaryName>
            <PersonPrimaryName>
               <LastName>Braisted</LastName>
               <FirstName>Max</FirstName>
               <DOB>02/10/1960 00:00:00</DOB>
               <SSN>9.87989898E8</SSN>
               <TitleCode>III</TitleCode>
               <DateOfInfo>03/27/2012 00:00:00</DateOfInfo>
               <SLastName>B623</SLastName>
               <SFirstName>M200</SFirstName>
            </PersonPrimaryName>
            <Alias>
               <NameTypeCode>A</NameTypeCode>
               <LastName>Braisted</LastName>
               <FirstName>Ralph</FirstName>
               <DOB>04/07/1974 00:00:00</DOB>
               <SSN>2.32448876E8</SSN>
               <SLastName>B623</SLastName>
               <SFirstName>R410</SFirstName>
               <DateOfInfo>02/10/2012 19:30:33</DateOfInfo>
            </Alias>
            <Alias>
               <NameTypeCode>P</NameTypeCode>
               <LastName>Braisted</LastName>
               <FirstName>Max</FirstName>
               <DOB>02/10/1960 00:00:00</DOB>
               <SSN>9.87989898E8</SSN>
               <TitleCode>III</TitleCode>
               <SLastName>B623</SLastName>
               <SFirstName>M200</SFirstName>
               <DateOfInfo>03/27/2012 00:00:00</DateOfInfo>
            </Alias>
            <PersonAddress>
               <StreetNumber>100</StreetNumber>
               <StreetName>MAIN</StreetName>
               <StreetTypeCode>ST</StreetTypeCode>
               <City>CRESTONE</City>
               <StateCode>AR</StateCode>
            </PersonAddress>
            <PersonPhone>
               <PhoneTypeCode>RES</PhoneTypeCode>
               <PhoneArea>919</PhoneArea>
               <PhonePrefix>343</PhonePrefix>
               <PhoneSuffix>3333</PhoneSuffix>
               <DateOfInfo>02/10/2012 00:00:00</DateOfInfo>
            </PersonPhone>
            <PersonPhone>
               <PhoneTypeCode>CEL</PhoneTypeCode>
               <PhoneArea>919</PhoneArea>
               <PhonePrefix>599</PhonePrefix>
               <PhoneSuffix>1748</PhoneSuffix>
               <DateOfInfo>02/10/2012 00:00:00</DateOfInfo>
            </PersonPhone>
         </Person>
         <IncidentPersonRole>
            <RoleType>W</RoleType>
            <CreatorId>STATE_OFFICER14</CreatorId>
            <CreatorDate>08/24/2020 12:24:03</CreatorDate>
            <UpdatorId>TSTC</UpdatorId>
            <UpdatorDate>08/15/2023 20:32:24</UpdatorDate>
         </IncidentPersonRole>
      </IncidentPerson>
      <IncidentPerson>
         <ApproxAge>60</ApproxAge>
         <CreatorId>STATE_OFFICER14</CreatorId>
         <CreatorDate>11/13/2020 12:16:23</CreatorDate>
         <UpdatorId>TSTC</UpdatorId>
         <UpdatorDate>05/24/2023 12:41:25</UpdatorDate>
         <Person>
            <PersonId>71</PersonId>
            <RaceCode>M</RaceCode>
            <SexCode>M</SexCode>
            <PersonVerified>Y</PersonVerified>
            <PersonPrimaryName>
               <LastName>Dean</LastName>
               <FirstName>Jimmy</FirstName>
               <MiddleName>S</MiddleName>
               <DOB>01/01/1960 00:00:00</DOB>
               <DateOfInfo>03/28/2012 15:36:13</DateOfInfo>
               <SLastName>D500</SLastName>
               <SFirstName>J500</SFirstName>
            </PersonPrimaryName>
            <PersonPrimaryName>
               <LastName>Dean</LastName>
               <FirstName>James</FirstName>
               <DateOfInfo>03/29/2012 00:00:00</DateOfInfo>
               <SLastName>D500</SLastName>
               <SFirstName>J520</SFirstName>
            </PersonPrimaryName>
            <Alias>
               <NameTypeCode>P</NameTypeCode>
               <LastName>Dean</LastName>
               <FirstName>Jimmy</FirstName>
               <MiddleName>S</MiddleName>
               <DOB>01/01/1960 00:00:00</DOB>
               <SLastName>D500</SLastName>
               <SFirstName>J500</SFirstName>
               <DateOfInfo>03/28/2012 15:36:13</DateOfInfo>
            </Alias>
            <Alias>
               <NameTypeCode>A</NameTypeCode>
               <LastName>Dean</LastName>
               <FirstName>James</FirstName>
               <SLastName>D500</SLastName>
               <SFirstName>J520</SFirstName>
               <DateOfInfo>03/29/2012 00:00:00</DateOfInfo>
            </Alias>
            <PersonAddress>
               <StreetNumber>101</StreetNumber>
               <StreetDirCode>N</StreetDirCode>
               <StreetName>Main</StreetName>
               <StreetTypeCode>ST</StreetTypeCode>
               <City>INDIANAPOLIS</City>
               <CountryCode>US</CountryCode>
               <CountyCode>3</CountyCode>
               <Longitude>-86.122019</Longitude>
               <Latitude>39.664968</Latitude>
            </PersonAddress>
            <PersonAddress>
               <StreetNumber>2924</StreetNumber>
               <StreetDirCode>E</StreetDirCode>
               <StreetName>1250</StreetName>
               <StreetSuffixCode>S</StreetSuffixCode>
               <SubTypeCode>BLDG</SubTypeCode>
               <SubNumber>99</SubNumber>
               <City>Battle Ground</City>
               <StateCode>IN</StateCode>
               <Zip5>47920</Zip5>
               <CountryCode>US</CountryCode>
               <CountyCode>NaN</CountyCode>
               <Longitude>-86.813061</Longitude>
               <Latitude>40.569043</Latitude>
            </PersonAddress>
            <PersonPhone>
               <PhoneTypeCode>CEL</PhoneTypeCode>
               <PhoneArea>309</PhoneArea>
               <PhonePrefix>562</PhonePrefix>
               <PhoneSuffix>8456</PhoneSuffix>
               <DateOfInfo>04/18/2012 00:00:00</DateOfInfo>
            </PersonPhone>
            <PersonPhone>
               <PhoneTypeCode>BUS</PhoneTypeCode>
               <PhoneArea>111</PhoneArea>
               <PhonePrefix>222</PhonePrefix>
               <PhoneSuffix>3333</PhoneSuffix>
               <DateOfInfo>05/05/2017 00:00:00</DateOfInfo>
            </PersonPhone>
            <PersonPhone>
               <PhoneTypeCode>CEL</PhoneTypeCode>
               <PhoneArea>333</PhoneArea>
               <PhonePrefix>333</PhonePrefix>
               <PhoneSuffix>3333</PhoneSuffix>
               <DateOfInfo>05/05/2017 00:00:00</DateOfInfo>
            </PersonPhone>
         </Person>
         <IncidentPersonRole>
            <RoleType>S</RoleType>
            <CreatorId>STATE_OFFICER14</CreatorId>
            <CreatorDate>11/13/2020 12:16:25</CreatorDate>
            <UpdatorId>TSTC</UpdatorId>
            <UpdatorDate>08/15/2023 20:32:24</UpdatorDate>
         </IncidentPersonRole>
      </IncidentPerson>
      <IncidentVehicle>
         <VEHICLE_ID>765</VEHICLE_ID>
         <RoleCode>VI</RoleCode>
         <CreatorId>STATE_OFFICER11</CreatorId>
         <CreatorDate>02/11/2021 16:42:36</CreatorDate>
         <UpdatorId>STATE_OFFICER11</UpdatorId>
         <UpdatorDate>02/11/2021 16:42:36</UpdatorDate>
         <DateOfInfo>01/31/2019 13:31:31</DateOfInfo>
         <DateOfInfo>01/31/2019 00:00:00</DateOfInfo>
         <DateOfInfo>11/13/2017 10:46:52</DateOfInfo>
         <DateOfInfo>01/31/2019 13:51:37</DateOfInfo>
         <DateOfInfo>01/31/2019 13:41:58</DateOfInfo>
         <DateOfInfo>12/11/2017 11:36:18</DateOfInfo>
         <DateOfInfo>06/12/2012 00:00:00</DateOfInfo>
         <DateOfInfo>09/26/2012 07:54:47</DateOfInfo>
         <DateOfInfo>09/13/2012 09:43:04</DateOfInfo>
         <DateOfInfo>04/17/2014 16:51:27</DateOfInfo>
         <DateOfInfo>06/11/2012 23:59:59</DateOfInfo>
         <DateOfInfo>08/13/2012 10:08:45</DateOfInfo>
         <DateOfInfo>09/03/2012 11:44:56</DateOfInfo>
         <DateOfInfo>03/20/2014 12:12:08</DateOfInfo>
         <DateOfInfo>11/19/2020 17:59:22</DateOfInfo>
         <DateOfInfo>11/19/2020 17:59:29</DateOfInfo>
         <StatusCode>16</StatusCode>
         <VehicleMakeCode>ABTR</VehicleMakeCode>
         <VehicleModelCode>001</VehicleModelCode>
         <VehicleTypeCode>TR</VehicleTypeCode>
         <VehPriColorCode>BLU</VehPriColorCode>
         <VehPriColorCode>BLU</VehPriColorCode>
         <VehPriColorCode>BLU</VehPriColorCode>
         <VehPriColorCode>TEA</VehPriColorCode>
         <VehPriColorCode>TEA</VehPriColorCode>
         <VehPriColorCode>BLU</VehPriColorCode>
         <VehPriColorCode>BRZ</VehPriColorCode>
         <VehPriColorCode>TEA</VehPriColorCode>
         <VehPriColorCode>TEA</VehPriColorCode>
         <VehSecColorCode>AME</VehSecColorCode>
         <VehSecColorCode>COM</VehSecColorCode>
         <VehSecColorCode>PLE</VehSecColorCode>
         <VehSecColorCode>PNK</VehSecColorCode>
         <VehSecColorCode>BLK</VehSecColorCode>
         <VehSecColorCode>BGE</VehSecColorCode>
         <VehSecColorCode>PLE</VehSecColorCode>
         <VehSecColorCode>PLE</VehSecColorCode>
         <VehicleLicStateCode>IN</VehicleLicStateCode>
         <VehicleLicStateCode>IN</VehicleLicStateCode>
         <VehicleLicStateCode>IN</VehicleLicStateCode>
         <VehicleLicStateCode>IN</VehicleLicStateCode>
         <VehicleLicStateCode>IN</VehicleLicStateCode>
         <VehicleLicStateCode>IN</VehicleLicStateCode>
         <VehicleLicStateCode>NC</VehicleLicStateCode>
         <VehicleLicStateCode>NC</VehicleLicStateCode>
         <VehicleLicStateCode>NC</VehicleLicStateCode>
         <VehicleLicStateCode>NC</VehicleLicStateCode>
         <VehicleLicStateCode>NC</VehicleLicStateCode>
         <VehicleLicStateCode>NC</VehicleLicStateCode>
         <VehicleLicStateCode>NC</VehicleLicStateCode>
         <VehicleLicStateCode>NC</VehicleLicStateCode>
         <VehicleLicStateCode>IN</VehicleLicStateCode>
         <VehicleLicStateCode>IN</VehicleLicStateCode>
         <VehicleLicNumber>NBR 097</VehicleLicNumber>
         <VehicleLicNumber>NBR 097</VehicleLicNumber>
         <VehicleLicNumber>NBR 097</VehicleLicNumber>
         <VehicleLicNumber>NBR 097</VehicleLicNumber>
         <VehicleLicNumber>NBR 097</VehicleLicNumber>
         <VehicleLicNumber>NBR 097</VehicleLicNumber>
         <VehicleLicNumber>AUTOMATION1</VehicleLicNumber>
         <VehicleLicNumber>AUTOMATION1</VehicleLicNumber>
         <VehicleLicNumber>AUTOMATION1</VehicleLicNumber>
         <VehicleLicNumber>AUTOMATION1</VehicleLicNumber>
         <VehicleLicNumber>AUTOMATION2</VehicleLicNumber>
         <VehicleLicNumber>AUTOMATION2</VehicleLicNumber>
         <VehicleLicNumber>AUTOMATION2</VehicleLicNumber>
         <VehicleLicNumber>AUTOMATION2</VehicleLicNumber>
         <VehicleLicNumber>NBR 097</VehicleLicNumber>
         <VehicleLicNumber>NBR 097</VehicleLicNumber>
         <VehicleLicYear>2020</VehicleLicYear>
         <VehicleLicYear>2004</VehicleLicYear>
         <VehicleLicYear>2020</VehicleLicYear>
         <VehicleLicYear>1980</VehicleLicYear>
         <VehicleLicYear>1972</VehicleLicYear>
         <VehicleLicYear>2012</VehicleLicYear>
         <VehicleLicYear>2012</VehicleLicYear>
         <VehicleLicYear>2012</VehicleLicYear>
         <VehicleLicYear>2012</VehicleLicYear>
         <VehicleLicYear>2012</VehicleLicYear>
         <VehicleLicYear>2012</VehicleLicYear>
         <VehicleLicYear>2012</VehicleLicYear>
         <VehicleLicYear>2012</VehicleLicYear>
         <VehicleLicYear>1980</VehicleLicYear>
         <VehicleLicYear>1980</VehicleLicYear>
         <VehicleLicMonth>12</VehicleLicMonth>
         <VehicleLicMonth>12</VehicleLicMonth>
         <VehicleLicMonth>12</VehicleLicMonth>
         <VehicleLicMonth>12</VehicleLicMonth>
         <VehicleLicTypeCode>AQ</VehicleLicTypeCode>
         <VehicleLicTypeCode>DD</VehicleLicTypeCode>
         <VehicleLicTypeCode>CC</VehicleLicTypeCode>
         <VehicleLicTypeCode>CC</VehicleLicTypeCode>
         <VehicleLicTypeCode>LF</VehicleLicTypeCode>
         <VehicleLicTypeCode>LF</VehicleLicTypeCode>
         <VehicleLicTypeCode>LF</VehicleLicTypeCode>
         <VehicleLicTypeCode>LF</VehicleLicTypeCode>
         <VehicleLicTypeCode>JJ</VehicleLicTypeCode>
         <VehicleLicTypeCode>JJ</VehicleLicTypeCode>
         <VehicleLicTypeCode>JJ</VehicleLicTypeCode>
         <VehicleLicTypeCode>JJ</VehicleLicTypeCode>
         <VehicleLicTypeCode>CC</VehicleLicTypeCode>
         <VehicleLicTypeCode>CC</VehicleLicTypeCode>
         <VehConditionCode>BURNED</VehConditionCode>
         <VehDamageDesc>Rear drivers panel</VehDamageDesc>
         <VehicleValue>200000</VehicleValue>
         <VehicleValue>1500</VehicleValue>
         <VehicleValue>1500</VehicleValue>
         <VehicleValue>1250</VehicleValue>
         <VehicleMiscID>12345</VehicleMiscID>
         <VehicleMiscID>12345</VehicleMiscID>
         <VehicleMiscID>12345</VehicleMiscID>
      </IncidentVehicle>
      <IncidentProperty>
         <CreatorId>STATE_OFFICER11</CreatorId>
         <CreatorDate>02/10/2021 14:29:32</CreatorDate>
         <UpdatorId>STATE_OFFICER11</UpdatorId>
         <UpdatorDate>02/10/2021 14:29:57</UpdatorDate>
         <DateOfInfo>02/10/2021 00:00:00</DateOfInfo>
         <StatusCode>1</StatusCode>
         <DocumentTypeCode>P</DocumentTypeCode>
         <PropertyTypeCode>424</PropertyTypeCode>
         <PropertyValue>0</PropertyValue>
         <Value>0</Value>
         <Evidence>N</Evidence>
         <EvidenceFlag>N</EvidenceFlag>
         <Property_ID>1990</Property_ID>
         <Quantity>1</Quantity>
      </IncidentProperty>
      <IncidentProperty>
         <CreatorId>STATE_OFFICER11</CreatorId>
         <CreatorDate>02/10/2021 14:30:31</CreatorDate>
         <UpdatorId>STATE_OFFICER11</UpdatorId>
         <UpdatorDate>02/10/2021 14:30:35</UpdatorDate>
         <DateOfInfo>02/10/2021 00:00:00</DateOfInfo>
         <StatusCode>11</StatusCode>
         <DocumentTypeCode>P</DocumentTypeCode>
         <PropertyTypeCode>680</PropertyTypeCode>
         <PropertyValue>0</PropertyValue>
         <Value>0</Value>
         <Evidence>N</Evidence>
         <EvidenceFlag>N</EvidenceFlag>
         <Property_ID>1991</Property_ID>
         <Quantity>1</Quantity>
      </IncidentProperty>
   </IncidentSupplement>
   <IncidentSupplement>
      <SupplementSequence>2</SupplementSequence>
      <IncSupplementStatusCode>A</IncSupplementStatusCode>
      <SuppReportDate>04/01/2022 12:47:52</SuppReportDate>
      <SuppReportTime>04/01/2022 12:47:52</SuppReportTime>
      <AgencyOnly>N</AgencyOnly>
      <SecurityLevel>1100</SecurityLevel>
      <SuppAgencyCode>D42</SuppAgencyCode>
      <UnknownNoOffenders>N</UnknownNoOffenders>
      <DsIcrDate>04/05/2022 12:37:36</DsIcrDate>
      <DsIcrSubmissionStatus>READY TO BE PROCESSED-ORIGINAL</DsIcrSubmissionStatus>
      <CreatorId>STATE_OFFICER11</CreatorId>
      <CreatorDate>04/01/2022 12:47:52</CreatorDate>
      <UpdatorId>STATE_OFFICER11</UpdatorId>
      <UpdatorDate>04/05/2022 12:37:36</UpdatorDate>
      <IncidentSuppNarrative>
         <NarrativeNumber>1</NarrativeNumber>
         <NarrativeTitle>Supplement #2 Narrative</NarrativeTitle>
         <CreatorId>STATE_OFFICER11</CreatorId>
         <CreatorDate>04/01/2022 12:51:00</CreatorDate>
         <UpdatorId>STATE_OFFICER11</UpdatorId>
         <UpdatorDate>04/01/2022 13:00:03</UpdatorDate>
      </IncidentSuppNarrative>
      <IncidentSuppNarrative>
         <NarrativeNumber>2</NarrativeNumber>
         <NarrativeTitle>Supplement #2 Narrative</NarrativeTitle>
         <NarrativeText>sdfsdf</NarrativeText>
         <CreatorId>STATE_OFFICER11</CreatorId>
         <CreatorDate>04/05/2022 12:36:22</CreatorDate>
         <UpdatorId>STATE_OFFICER11</UpdatorId>
         <UpdatorDate>04/05/2022 12:36:22</UpdatorDate>
      </IncidentSuppNarrative>
      <IncidentOfficer>
         <OfficerRoleCode>P</OfficerRoleCode>
         <Officer>
            <AgencyCode>D42</AgencyCode>
            <ORINumber>SC0280000</ORINumber>
            <LastName>Simpson</LastName>
            <FirstName>Homer</FirstName>
            <InternalID>9696</InternalID>
         </Officer>
      </IncidentOfficer>
      <IncidentOfficer>
         <OfficerRoleCode>R</OfficerRoleCode>
         <Officer>
            <AgencyCode>D42</AgencyCode>
            <ORINumber>SC0280000</ORINumber>
            <LastName>Simpson</LastName>
            <FirstName>Homer</FirstName>
            <InternalID>9696</InternalID>
         </Officer>
      </IncidentOfficer>
   </IncidentSupplement>
</Incident>