<?xml version="1.0" encoding="UTF-8"?>
<Incident xmlns:xsi="http://www.w3.org/2001/XMLSchema-instance"
          xsi:noNamespaceSchemaLocation="file:///C:/DATA/EJS/SVN_Root/Ejustice/trunk/XMLTransformations/OnlineRMSInternalToIncident/IAOnlineRMSIncidentImport.xsd">
   <IncidentReportNum>2013ISP0000166</IncidentReportNum>
   <AgencyCode>D42</AgencyCode>
   <ORINum>SC0280000</ORINum>
   <ReportDate>11/12/2013 13:43:00</ReportDate>
   <ReportTime>11/12/2013 13:43:00</ReportTime>
   <StartDate>11/12/2013 13:43:00</StartDate>
   <StartTime>11/01/2013 13:43:00</StartTime>
   <Summary>property</Summary>
   <CreatorId>STATE_OFFICER11</CreatorId>
   <CreatorDate>11/12/2013 13:41:21</CreatorDate>
   <UpdatorId>TSTC</UpdatorId>
   <UpdatorDate>09/09/2021 18:46:24</UpdatorDate>
   <IncidentType>
      <IncidentTypeCode>CNG</IncidentTypeCode>
   </IncidentType>
   <IncidentAddress>
      <AddressId>234</AddressId>
      <CreatorId>STATE_OFFICER11</CreatorId>
      <CreatorDate>11/12/2013 13:44:34</CreatorDate>
      <UpdatorId>STATE_OFFICER11</UpdatorId>
      <UpdatorDate>11/12/2013 13:44:52</UpdatorDate>
      <Address>
         <AddressId>234</AddressId>
         <StreetNumber>3333</StreetNumber>
         <StreetDirCode>N</StreetDirCode>
         <StreetName>OAKLEY</StreetName>
         <StreetTypeCode>AVE</StreetTypeCode>
         <City>CHICAGO</City>
         <StateCode>IL</StateCode>
         <Zip5>60618</Zip5>
         <AddressCommonName>
            <CommonPlaceName>District 42 test</CommonPlaceName>
         </AddressCommonName>
      </Address>
   </IncidentAddress>
   <IncidentSupplement>
      <SupplementSequence>0</SupplementSequence>
      <IncSupplementStatusCode>A</IncSupplementStatusCode>
      <SuppReportDate>11/12/2013 13:41:22</SuppReportDate>
      <SuppReportTime>11/12/2013 13:41:22</SuppReportTime>
      <AgencyOnly>N</AgencyOnly>
      <SecurityLevel>1201</SecurityLevel>
      <SuppAgencyCode>D42</SuppAgencyCode>
      <UnknownNoOffenders>N</UnknownNoOffenders>
      <DsIcrDate>04/09/2014 15:38:50</DsIcrDate>
      <DsIcrSubmissionStatus>NOT REPORTABLE</DsIcrSubmissionStatus>
      <CreatorId>STATE_OFFICER11</CreatorId>
      <CreatorDate>11/12/2013 13:41:22</CreatorDate>
      <UpdatorId>TSTC</UpdatorId>
      <UpdatorDate>08/05/2021 17:38:17</UpdatorDate>
      <IncidentSuppNarrative>
         <NarrativeNumber>1</NarrativeNumber>
         <NarrativeTitle>Original Narrative</NarrativeTitle>
         <NarrativeText>testing incident with property</NarrativeText>
         <CreatorId>STATE_OFFICER11</CreatorId>
         <CreatorDate>11/12/2013 13:45:08</CreatorDate>
         <UpdatorId>STATE_OFFICER11</UpdatorId>
         <UpdatorDate>11/12/2013 13:45:08</UpdatorDate>
      </IncidentSuppNarrative>
      <IncidentOfficer>
         <OfficerRoleCode>P</OfficerRoleCode>
         <Officer>
            <AgencyCode>D42</AgencyCode>
            <ORINumber>SC0280000</ORINumber>
            <LastName>Ranz</LastName>
            <FirstName>Greg</FirstName>
            <InternalID>9696</InternalID>
         </Officer>
      </IncidentOfficer>
      <IncidentOfficer>
         <OfficerRoleCode>R</OfficerRoleCode>
         <Officer>
            <AgencyCode>D42</AgencyCode>
            <ORINumber>SC0280000</ORINumber>
            <LastName>Hanover</LastName>
            <FirstName>Jeff</FirstName>
            <InternalID>96965</InternalID>
         </Officer>
      </IncidentOfficer>
      <IncidentProperty>
         <CreatorId>STATE_OFFICER11</CreatorId>
         <CreatorDate>11/12/2013 13:43:17</CreatorDate>
         <UpdatorId>TSTC</UpdatorId>
         <UpdatorDate>08/10/2017 23:00:38</UpdatorDate>
         <DateOfInfo>11/12/2013 00:00:00</DateOfInfo>
         <StatusCode>16</StatusCode>
         <DocumentTypeCode>P</DocumentTypeCode>
         <Description>red</Description>
         <PropertyTypeCode>487</PropertyTypeCode>
         <PropertyValue>2000</PropertyValue>
         <Value>2000</Value>
         <Evidence>N</Evidence>
         <EvidenceFlag>N</EvidenceFlag>
         <Property_ID>905</Property_ID>
         <Quantity>1</Quantity>
      </IncidentProperty>
   </IncidentSupplement>
</Incident>