<?xml version="1.0" encoding="UTF-8"?>
<Incident xmlns:xsi="http://www.w3.org/2001/XMLSchema-instance"
          xsi:noNamespaceSchemaLocation="file:///C:/DATA/EJS/SVN_Root/Ejustice/trunk/XMLTransformations/OnlineRMSInternalToIncident/IAOnlineRMSIncidentImport.xsd">
   <IncidentReportNum>2012ISP0000035</IncidentReportNum>
   <AgencyCode>D42</AgencyCode>
   <ORINum>SC0280000</ORINum>
   <ReportDate>10/23/2012 12:23:00</ReportDate>
   <ReportTime>10/23/2012 12:23:00</ReportTime>
   <StartDate>10/23/2012 12:23:00</StartDate>
   <StartTime>10/01/2012 12:23:00</StartTime>
   <CreatorId>STATE_OFFICER11</CreatorId>
   <CreatorDate>10/23/2012 12:23:55</CreatorDate>
   <UpdatorId>TSTC</UpdatorId>
   <UpdatorDate>09/09/2021 18:46:22</UpdatorDate>
   <IncidentAddress>
      <AddressId>290</AddressId>
      <CreatorId>STATE_OFFICER11</CreatorId>
      <CreatorDate>10/23/2012 12:25:00</CreatorDate>
      <UpdatorId>STATE_OFFICER11</UpdatorId>
      <UpdatorDate>10/23/2012 12:30:23</UpdatorDate>
      <Address>
         <AddressId>290</AddressId>
         <StreetNumber>122</StreetNumber>
         <StreetDirCode>W</StreetDirCode>
         <StreetName>Elm</StreetName>
         <StreetTypeCode>ST</StreetTypeCode>
         <City>Chicago</City>
         <StateCode>IL</StateCode>
         <Zip5>60610</Zip5>
         <Zip4>1</Zip4>
         <CountryCode>US</CountryCode>
         <Longitude>-87.632329</Longitude>
         <Latitude>41.903126</Latitude>
      </Address>
   </IncidentAddress>
   <IncidentSupplement>
      <SupplementSequence>0</SupplementSequence>
      <IncSupplementStatusCode>A</IncSupplementStatusCode>
      <SuppReportDate>10/23/2012 12:23:55</SuppReportDate>
      <SuppReportTime>10/23/2012 12:23:55</SuppReportTime>
      <AgencyOnly>N</AgencyOnly>
      <SecurityLevel>1100</SecurityLevel>
      <SuppAgencyCode>D42</SuppAgencyCode>
      <UnknownNoOffenders>N</UnknownNoOffenders>
      <DsIcrDate>10/23/2012 12:33:57</DsIcrDate>
      <DsIcrSubmissionStatus>NOT REPORTABLE</DsIcrSubmissionStatus>
      <CreatorId>STATE_OFFICER11</CreatorId>
      <CreatorDate>10/23/2012 12:23:55</CreatorDate>
      <UpdatorId>TSTC</UpdatorId>
      <UpdatorDate>08/05/2021 17:38:14</UpdatorDate>
      <IncidentSuppNarrative>
         <NarrativeNumber>1</NarrativeNumber>
         <NarrativeTitle>Original Narrative</NarrativeTitle>
         <NarrativeText>test</NarrativeText>
         <CreatorId>STATE_OFFICER11</CreatorId>
         <CreatorDate>10/23/2012 12:28:28</CreatorDate>
         <UpdatorId>STATE_OFFICER11</UpdatorId>
         <UpdatorDate>10/23/2012 12:28:28</UpdatorDate>
      </IncidentSuppNarrative>
      <IncidentOfficer>
         <OfficerRoleCode>P</OfficerRoleCode>
         <Officer>
            <AgencyCode>D42</AgencyCode>
            <ORINumber>SC0280000</ORINumber>
            <LastName>Ranz</LastName>
            <FirstName>Greg</FirstName>
            <InternalID>9696</InternalID>
         </Officer>
      </IncidentOfficer>
      <IncidentOfficer>
         <OfficerRoleCode>R</OfficerRoleCode>
         <Officer>
            <AgencyCode>D42</AgencyCode>
            <ORINumber>SC0280000</ORINumber>
            <LastName>OFFICER</LastName>
            <FirstName>JOHN</FirstName>
            <InternalID>9696</InternalID>
         </Officer>
      </IncidentOfficer>
      <IncidentPerson>
         <ApproxAge>27</ApproxAge>
         <CreatorId>STATE_OFFICER11</CreatorId>
         <CreatorDate>10/23/2012 12:27:35</CreatorDate>
         <UpdatorId>TSTC</UpdatorId>
         <UpdatorDate>05/24/2023 12:41:14</UpdatorDate>
         <Person>
            <PersonId>346</PersonId>
            <RaceCode>W</RaceCode>
            <SexCode>M</SexCode>
            <PersonVerified>Y</PersonVerified>
            <PersonPrimaryName>
               <LastName>Livingwell</LastName>
               <FirstName>Raymond</FirstName>
               <DateOfInfo>08/27/2012 12:55:16</DateOfInfo>
               <SLastName>L152</SLastName>
               <SFirstName>R553</SFirstName>
            </PersonPrimaryName>
            <Alias>
               <NameTypeCode>P</NameTypeCode>
               <LastName>Livingwell</LastName>
               <FirstName>Raymond</FirstName>
               <SLastName>L152</SLastName>
               <SFirstName>R553</SFirstName>
               <DateOfInfo>08/27/2012 12:55:16</DateOfInfo>
            </Alias>
            <PersonAddress>
               <StreetNumber>789</StreetNumber>
               <StreetDirCode>N</StreetDirCode>
               <StreetName>Livingwell</StreetName>
               <StreetTypeCode>CT</StreetTypeCode>
               <City>Denver</City>
               <StateCode>CO</StateCode>
               <CountryCode>US</CountryCode>
               <CountyCode>7</CountyCode>
               <Longitude>-104.984717</Longitude>
               <Latitude>39.737567</Latitude>
            </PersonAddress>
            <PersonPhone>
               <PhoneTypeCode>CEL</PhoneTypeCode>
               <PhoneArea>123</PhoneArea>
               <PhonePrefix>456</PhonePrefix>
               <PhoneSuffix>7890</PhoneSuffix>
               <DateOfInfo>08/27/2012 00:00:00</DateOfInfo>
            </PersonPhone>
         </Person>
         <IncidentPersonRole>
            <RoleType>S</RoleType>
            <CreatorId>STATE_OFFICER11</CreatorId>
            <CreatorDate>10/23/2012 12:27:35</CreatorDate>
            <UpdatorId>TSTC</UpdatorId>
            <UpdatorDate>08/15/2023 20:32:16</UpdatorDate>
         </IncidentPersonRole>
      </IncidentPerson>
      <IncidentPerson>
         <ApproxAge>27</ApproxAge>
         <ResidentStatusCode>R</ResidentStatusCode>
         <CreatorId>STATE_OFFICER11</CreatorId>
         <CreatorDate>10/23/2012 12:28:04</CreatorDate>
         <UpdatorId>TSTC</UpdatorId>
         <UpdatorDate>05/24/2023 12:41:14</UpdatorDate>
         <Person>
            <PersonId>343</PersonId>
            <RaceCode>B</RaceCode>
            <SexCode>M</SexCode>
            <PersonVerified>Y</PersonVerified>
            <PersonPrimaryName>
               <LastName>Livingwell</LastName>
               <FirstName>Charles</FirstName>
               <DateOfInfo>08/27/2012 12:49:22</DateOfInfo>
               <SLastName>L152</SLastName>
               <SFirstName>C642</SFirstName>
            </PersonPrimaryName>
            <Alias>
               <NameTypeCode>P</NameTypeCode>
               <LastName>Livingwell</LastName>
               <FirstName>Charles</FirstName>
               <SLastName>L152</SLastName>
               <SFirstName>C642</SFirstName>
               <DateOfInfo>08/27/2012 12:49:22</DateOfInfo>
            </Alias>
            <PersonAddress>
               <StreetNumber>123</StreetNumber>
               <StreetDirCode>E</StreetDirCode>
               <StreetName>Livingwell</StreetName>
               <StreetTypeCode>ST</StreetTypeCode>
               <City>Denver</City>
               <StateCode>CO</StateCode>
               <CountryCode>US</CountryCode>
               <Longitude>-104.984717</Longitude>
               <Latitude>39.737567</Latitude>
            </PersonAddress>
            <PersonAddress>
               <StreetNumber>4703</StreetNumber>
               <StreetName>St Croix</StreetName>
               <StreetTypeCode>ST</StreetTypeCode>
               <StreetSuffixCode>N</StreetSuffixCode>
               <City>Superior</City>
               <StateCode>WI</StateCode>
               <Zip5>54880</Zip5>
               <CountryCode>US</CountryCode>
               <Longitude>-92.0107</Longitude>
               <Latitude>46.682507</Latitude>
            </PersonAddress>
            <PersonPhone>
               <PhoneTypeCode>RES</PhoneTypeCode>
               <PhoneArea>135</PhoneArea>
               <PhonePrefix>246</PhonePrefix>
               <PhoneSuffix>0879</PhoneSuffix>
               <DateOfInfo>08/27/2012 00:00:00</DateOfInfo>
            </PersonPhone>
         </Person>
         <IncidentPersonRole>
            <RoleType>V</RoleType>
            <CreatorId>STATE_OFFICER11</CreatorId>
            <CreatorDate>10/23/2012 12:28:04</CreatorDate>
            <UpdatorId>TSTC</UpdatorId>
            <UpdatorDate>08/15/2023 20:32:16</UpdatorDate>
         </IncidentPersonRole>
      </IncidentPerson>
   </IncidentSupplement>
</Incident>