<?xml version="1.0" encoding="UTF-8"?>
<Incident xmlns:xsi="http://www.w3.org/2001/XMLSchema-instance"
          xsi:noNamespaceSchemaLocation="file:///C:/DATA/EJS/SVN_Root/Ejustice/trunk/XMLTransformations/OnlineRMSInternalToIncident/IAOnlineRMSIncidentImport.xsd">
   <IncidentReportNum>2013ISP0000161</IncidentReportNum>
   <AgencyCode>D42</AgencyCode>
   <ORINum>SC0280000</ORINum>
   <ReportDate>11/04/2013 13:51:00</ReportDate>
   <ReportTime>11/04/2013 13:51:00</ReportTime>
   <StartDate>11/04/2013 13:51:00</StartDate>
   <StartTime>11/01/2013 13:51:00</StartTime>
   <Summary>test</Summary>
   <CreatorId>STATE_OFFICER11</CreatorId>
   <CreatorDate>11/04/2013 13:50:52</CreatorDate>
   <UpdatorId>TSTC</UpdatorId>
   <UpdatorDate>09/09/2021 18:46:25</UpdatorDate>
   <IncidentType>
      <IncidentTypeCode>CAD</IncidentTypeCode>
   </IncidentType>
   <IncidentAddress>
      <AddressId>173</AddressId>
      <Beat>Test</Beat>
      <SubBeat>Area</SubBeat>
      <City>13</City>
      <CreatorId>STATE_OFFICER11</CreatorId>
      <CreatorDate>11/04/2013 13:51:47</CreatorDate>
      <UpdatorId>STATE_OFFICER11</UpdatorId>
      <UpdatorDate>11/04/2013 13:52:41</UpdatorDate>
      <Address>
         <AddressId>173</AddressId>
         <StreetNumber>911</StreetNumber>
         <StreetDirCode>E</StreetDirCode>
         <StreetName>Automation</StreetName>
         <StreetTypeCode>ST</StreetTypeCode>
         <SubTypeCode>PH</SubTypeCode>
         <City>Raleigh</City>
         <StateCode>NC</StateCode>
         <Zip5>27601</Zip5>
         <Zip4>1234</Zip4>
         <CountryCode>US</CountryCode>
         <Longitude>-78.631362</Longitude>
         <Latitude>35.77443</Latitude>
      </Address>
   </IncidentAddress>
   <IncidentSupplement>
      <SupplementSequence>0</SupplementSequence>
      <IncSupplementStatusCode>A</IncSupplementStatusCode>
      <SuppReportDate>11/04/2013 13:50:53</SuppReportDate>
      <SuppReportTime>11/04/2013 13:50:53</SuppReportTime>
      <AgencyOnly>N</AgencyOnly>
      <SecurityLevel>1201</SecurityLevel>
      <SuppAgencyCode>D42</SuppAgencyCode>
      <UnknownNoOffenders>N</UnknownNoOffenders>
      <DsIcrDate>11/04/2013 17:49:10</DsIcrDate>
      <DsIcrSubmissionStatus>NOT REPORTABLE</DsIcrSubmissionStatus>
      <CreatorId>JMSTEST</CreatorId>
      <CreatorDate>11/04/2013 13:50:53</CreatorDate>
      <UpdatorId>TSTC</UpdatorId>
      <UpdatorDate>08/05/2021 17:38:18</UpdatorDate>
      <IncidentSuppNarrative>
         <NarrativeNumber>1</NarrativeNumber>
         <NarrativeTitle>Original Narrative</NarrativeTitle>
         <NarrativeText>testing</NarrativeText>
         <CreatorId>STATE_OFFICER11</CreatorId>
         <CreatorDate>11/04/2013 14:04:45</CreatorDate>
         <UpdatorId>STATE_OFFICER11</UpdatorId>
         <UpdatorDate>11/04/2013 14:04:45</UpdatorDate>
      </IncidentSuppNarrative>
      <IncidentOfficer>
         <OfficerRoleCode>P</OfficerRoleCode>
         <Officer>
            <AgencyCode>D42</AgencyCode>
            <ORINumber>SC0280000</ORINumber>
            <LastName>Ranz</LastName>
            <FirstName>Greg</FirstName>
            <InternalID>9696</InternalID>
         </Officer>
      </IncidentOfficer>
      <IncidentOfficer>
         <OfficerRoleCode>R</OfficerRoleCode>
         <Officer>
            <AgencyCode>D42</AgencyCode>
            <ORINumber>SC0280000</ORINumber>
            <LastName>Hanover</LastName>
            <FirstName>Jeff</FirstName>
            <InternalID>96965</InternalID>
         </Officer>
      </IncidentOfficer>
   </IncidentSupplement>
</Incident>