<?xml version="1.0" encoding="UTF-8"?>
<Incident xmlns:xsi="http://www.w3.org/2001/XMLSchema-instance"
          xsi:noNamespaceSchemaLocation="file:///C:/DATA/EJS/SVN_Root/Ejustice/trunk/XMLTransformations/OnlineRMSInternalToIncident/IAOnlineRMSIncidentImport.xsd">
   <IncidentReportNum>2013ISP0000073</IncidentReportNum>
   <AgencyCode>D42</AgencyCode>
   <ORINum>SC0280000</ORINum>
   <ReportDate>05/17/2013 12:57:00</ReportDate>
   <ReportTime>05/17/2013 12:57:00</ReportTime>
   <StartDate>05/17/2013 12:57:00</StartDate>
   <StartTime>05/01/2013 12:57:00</StartTime>
   <CreatorId>STATE_OFFICER13</CreatorId>
   <CreatorDate>05/17/2013 12:57:38</CreatorDate>
   <UpdatorId>TSTC</UpdatorId>
   <UpdatorDate>09/09/2021 18:46:27</UpdatorDate>
   <IncidentType>
      <IncidentTypeCode>CAD</IncidentTypeCode>
   </IncidentType>
   <IncidentAddress>
      <AddressId>121</AddressId>
      <Beat>Test</Beat>
      <SubBeat>Area</SubBeat>
      <City>2</City>
      <CreatorId>STATE_OFFICER13</CreatorId>
      <CreatorDate>05/17/2013 12:57:50</CreatorDate>
      <UpdatorId>STATE_OFFICER11</UpdatorId>
      <UpdatorDate>07/18/2014 12:31:05</UpdatorDate>
      <Address>
         <AddressId>121</AddressId>
         <StreetNumber>103</StreetNumber>
         <StreetDirCode>W</StreetDirCode>
         <StreetName>Front</StreetName>
         <City>INDIANAPOLIS</City>
         <StateCode>IN</StateCode>
         <CountryCode>US</CountryCode>
         <Beat>Test</Beat>
         <SubBeat>Area</SubBeat>
         <AddressCommonName>
            <CommonPlaceName>Dead strip</CommonPlaceName>
         </AddressCommonName>
         <AddressCommonName>
            <CommonPlaceName>hotspot</CommonPlaceName>
         </AddressCommonName>
         <AddressCommonName>
            <CommonPlaceName>Outside Store</CommonPlaceName>
         </AddressCommonName>
      </Address>
   </IncidentAddress>
   <IncidentSupplement>
      <SupplementSequence>0</SupplementSequence>
      <IncSupplementStatusCode>A</IncSupplementStatusCode>
      <SuppReportDate>05/17/2013 12:57:38</SuppReportDate>
      <SuppReportTime>05/17/2013 12:57:38</SuppReportTime>
      <AgencyOnly>N</AgencyOnly>
      <SecurityLevel>1100</SecurityLevel>
      <SuppAgencyCode>D42</SuppAgencyCode>
      <UnknownNoOffenders>N</UnknownNoOffenders>
      <DsIcrDate>07/30/2013 09:38:53</DsIcrDate>
      <DsIcrSubmissionStatus>FAILED VALIDATION</DsIcrSubmissionStatus>
      <CreatorId>STATE_OFFICER13</CreatorId>
      <CreatorDate>05/17/2013 12:57:38</CreatorDate>
      <UpdatorId>TSTC</UpdatorId>
      <UpdatorDate>08/05/2021 17:38:16</UpdatorDate>
      <IncidentSuppNarrative>
         <NarrativeNumber>1</NarrativeNumber>
         <NarrativeTitle>Original Narrative</NarrativeTitle>
         <NarrativeText>test</NarrativeText>
         <CreatorId>STATE_OFFICER13</CreatorId>
         <CreatorDate>05/17/2013 13:03:18</CreatorDate>
         <UpdatorId>STATE_OFFICER13</UpdatorId>
         <UpdatorDate>05/17/2013 13:03:18</UpdatorDate>
      </IncidentSuppNarrative>
      <IncidentOfficer>
         <OfficerRoleCode>P</OfficerRoleCode>
         <Officer>
            <AgencyCode>D42</AgencyCode>
            <ORINumber>SC0280000</ORINumber>
            <LastName>Livangood</LastName>
            <FirstName>Derek</FirstName>
            <InternalID>1007</InternalID>
         </Officer>
      </IncidentOfficer>
      <IncidentOfficer>
         <OfficerRoleCode>R</OfficerRoleCode>
         <Officer>
            <AgencyCode>D42</AgencyCode>
            <ORINumber>SC0280000</ORINumber>
            <LastName>Livangood</LastName>
            <FirstName>Derek</FirstName>
            <InternalID>1007</InternalID>
         </Officer>
      </IncidentOfficer>
      <IncidentOffense>
         <IncidentId>1150</IncidentId>
         <OffenseNumber>1</OffenseNumber>
         <OffenseStatusCode>15</OffenseStatusCode>
         <OffenseCode>35-43-4-2  T05</OffenseCode>
         <PlaceCode>25</PlaceCode>
         <BiasCode>88</BiasCode>
         <CSAUCode>C</CSAUCode>
         <SupplementSeq>0</SupplementSeq>
         <UCRNumber>1</UCRNumber>
         <OffenseStatusDate>05/17/2013 12:59:00</OffenseStatusDate>
         <AttemptedCompletedCode>C</AttemptedCompletedCode>
         <ArrestChargeCode>35-43-4-2  T05</ArrestChargeCode>
         <CreatorId>STATE_OFFICER13</CreatorId>
         <CreatorDate>05/17/2013 13:00:02</CreatorDate>
         <UpdatorId>TSTC</UpdatorId>
         <UpdatorDate>07/02/2013 18:21:29</UpdatorDate>
      </IncidentOffense>
      <IncidentPerson>
         <ApproxAge>48</ApproxAge>
         <ResidentStatusCode>R</ResidentStatusCode>
         <CreatorId>STATE_OFFICER13</CreatorId>
         <CreatorDate>05/17/2013 13:02:29</CreatorDate>
         <UpdatorId>TSTC</UpdatorId>
         <UpdatorDate>05/24/2023 12:41:15</UpdatorDate>
         <Person>
            <PersonId>46</PersonId>
            <RaceCode>W</RaceCode>
            <SexCode>F</SexCode>
            <PersonVerified>Y</PersonVerified>
            <PersonPrimaryName>
               <LastName>Jane</LastName>
               <FirstName>Field</FirstName>
               <DOB>01/01/1965 00:00:00</DOB>
               <DateOfInfo>03/18/2012 00:22:28</DateOfInfo>
               <SLastName>J500</SLastName>
               <SFirstName>F430</SFirstName>
            </PersonPrimaryName>
            <Alias>
               <NameTypeCode>P</NameTypeCode>
               <LastName>Jane</LastName>
               <FirstName>Field</FirstName>
               <DOB>01/01/1965 00:00:00</DOB>
               <SLastName>J500</SLastName>
               <SFirstName>F430</SFirstName>
               <DateOfInfo>03/18/2012 00:22:28</DateOfInfo>
            </Alias>
         </Person>
         <IncidentPersonRole>
            <RoleType>S</RoleType>
            <CreatorId>STATE_OFFICER13</CreatorId>
            <CreatorDate>05/17/2013 13:02:29</CreatorDate>
            <UpdatorId>TSTC</UpdatorId>
            <UpdatorDate>08/15/2023 20:32:19</UpdatorDate>
         </IncidentPersonRole>
      </IncidentPerson>
      <IncidentPerson>
         <ApproxAge>45</ApproxAge>
         <ResidentStatusCode>R</ResidentStatusCode>
         <CreatorId>STATE_OFFICER13</CreatorId>
         <CreatorDate>05/17/2013 13:02:46</CreatorDate>
         <UpdatorId>TSTC</UpdatorId>
         <UpdatorDate>05/24/2023 12:41:15</UpdatorDate>
         <Person>
            <PersonId>380</PersonId>
            <RaceCode>W</RaceCode>
            <SexCode>M</SexCode>
            <PersonVerified>Y</PersonVerified>
            <PersonPrimaryName>
               <LastName>GALLAGHER</LastName>
               <FirstName>BRIAN</FirstName>
               <DOB>05/19/1967 00:00:00</DOB>
               <DateOfInfo>09/05/2012 14:14:17</DateOfInfo>
               <SLastName>G426</SLastName>
               <SFirstName>B650</SFirstName>
            </PersonPrimaryName>
            <Alias>
               <NameTypeCode>P</NameTypeCode>
               <LastName>GALLAGHER</LastName>
               <FirstName>BRIAN</FirstName>
               <DOB>05/19/1967 00:00:00</DOB>
               <SLastName>G426</SLastName>
               <SFirstName>B650</SFirstName>
               <DateOfInfo>09/05/2012 14:14:17</DateOfInfo>
            </Alias>
            <PersonAddress>
               <StreetNumber>11215</StreetNumber>
               <StreetName>DEER VALLEY</StreetName>
               <StreetTypeCode>DR</StreetTypeCode>
               <City>INDIANAPOLIS</City>
               <StateCode>IN</StateCode>
               <Zip5>46229</Zip5>
               <CountyCode>1</CountyCode>
               <Beat>104</Beat>
               <SubBeat>West Patrol</SubBeat>
            </PersonAddress>
         </Person>
         <IncidentPersonRole>
            <RoleType>V</RoleType>
            <CreatorId>STATE_OFFICER13</CreatorId>
            <CreatorDate>05/17/2013 13:02:46</CreatorDate>
            <UpdatorId>TSTC</UpdatorId>
            <UpdatorDate>08/15/2023 20:32:19</UpdatorDate>
         </IncidentPersonRole>
      </IncidentPerson>
      <IncidentProperty>
         <RoleCode>7</RoleCode>
         <CreatorId>STATE_OFFICER13</CreatorId>
         <CreatorDate>05/17/2013 13:14:23</CreatorDate>
         <UpdatorId>STATE_OFFICER11</UpdatorId>
         <UpdatorDate>10/31/2018 15:58:15</UpdatorDate>
         <DateOfInfo>05/17/2013 00:00:00</DateOfInfo>
         <StatusCode>7</StatusCode>
         <DocumentTypeCode>P</DocumentTypeCode>
         <PropertyTypeCode>427</PropertyTypeCode>
         <PropertyValue>50</PropertyValue>
         <Value>50</Value>
         <Evidence>Y</Evidence>
         <EvidenceFlag>Y</EvidenceFlag>
         <ExternalEvidenceId>469</ExternalEvidenceId>
         <Property_ID>805</Property_ID>
         <Quantity>1</Quantity>
      </IncidentProperty>
   </IncidentSupplement>
   <IncidentSupplement>
      <SupplementSequence>1</SupplementSequence>
      <IncSupplementStatusCode>A</IncSupplementStatusCode>
      <SuppReportDate>05/17/2013 13:08:08</SuppReportDate>
      <SuppReportTime>05/17/2013 13:08:08</SuppReportTime>
      <AgencyOnly>N</AgencyOnly>
      <SecurityLevel>1201</SecurityLevel>
      <SuppAgencyCode>D42</SuppAgencyCode>
      <UnknownNoOffenders>N</UnknownNoOffenders>
      <DsIcrDate>07/30/2013 09:38:53</DsIcrDate>
      <DsIcrSubmissionStatus>FAILED VALIDATION</DsIcrSubmissionStatus>
      <CreatorId>STATE_OFFICER11</CreatorId>
      <CreatorDate>05/17/2013 13:08:08</CreatorDate>
      <UpdatorId>TSTC</UpdatorId>
      <UpdatorDate>08/05/2021 17:38:16</UpdatorDate>
      <IncidentSuppNarrative>
         <NarrativeNumber>1</NarrativeNumber>
         <NarrativeTitle>Supplement#1 - Narrative</NarrativeTitle>
         <NarrativeText>test&lt;br /&gt;</NarrativeText>
         <CreatorId>STATE_OFFICER11</CreatorId>
         <CreatorDate>05/17/2013 13:09:09</CreatorDate>
         <UpdatorId>STATE_OFFICER11</UpdatorId>
         <UpdatorDate>05/17/2013 13:09:09</UpdatorDate>
      </IncidentSuppNarrative>
      <IncidentOfficer>
         <OfficerRoleCode>P</OfficerRoleCode>
         <Officer>
            <AgencyCode>D42</AgencyCode>
            <ORINumber>SC0280000</ORINumber>
            <LastName>Ranz</LastName>
            <FirstName>Greg</FirstName>
            <InternalID>9696</InternalID>
         </Officer>
      </IncidentOfficer>
      <IncidentOfficer>
         <OfficerRoleCode>R</OfficerRoleCode>
         <Officer>
            <AgencyCode>D42</AgencyCode>
            <ORINumber>SC0280000</ORINumber>
            <LastName>Ranz</LastName>
            <FirstName>Greg</FirstName>
            <InternalID>9696</InternalID>
         </Officer>
      </IncidentOfficer>
      <IncidentProperty>
         <CreatorId>STATE_INVENTORY52</CreatorId>
         <CreatorDate>05/17/2013 13:09:25</CreatorDate>
         <UpdatorId>STATE_OFFICER11</UpdatorId>
         <UpdatorDate>10/31/2018 15:58:15</UpdatorDate>
         <DateOfInfo>05/17/2013 00:00:00</DateOfInfo>
         <StatusCode>2</StatusCode>
         <DocumentTypeCode>P</DocumentTypeCode>
         <PropertyTypeCode>427</PropertyTypeCode>
         <PropertyValue>50</PropertyValue>
         <Value>50</Value>
         <Evidence>Y</Evidence>
         <EvidenceFlag>Y</EvidenceFlag>
         <ExternalEvidenceId>469</ExternalEvidenceId>
         <Property_ID>805</Property_ID>
         <Quantity>1</Quantity>
      </IncidentProperty>
   </IncidentSupplement>
</Incident>