<?xml version="1.0" encoding="UTF-8"?>
<Incident xmlns:xsi="http://www.w3.org/2001/XMLSchema-instance"
          xsi:noNamespaceSchemaLocation="file:///C:/DATA/EJS/SVN_Root/Ejustice/trunk/XMLTransformations/OnlineRMSInternalToIncident/IAOnlineRMSIncidentImport.xsd">
   <IncidentReportNum>2014ISP0000198</IncidentReportNum>
   <AgencyCode>D42</AgencyCode>
   <ORINum>SC0280000</ORINum>
   <ReportDate>02/05/2014 13:05:00</ReportDate>
   <ReportTime>02/05/2014 13:05:00</ReportTime>
   <StartDate>02/05/2014 13:05:00</StartDate>
   <StartTime>02/01/2014 13:05:00</StartTime>
   <CreatorId>STATE_OFFICER11</CreatorId>
   <CreatorDate>02/05/2014 12:59:15</CreatorDate>
   <UpdatorId>TSTC</UpdatorId>
   <UpdatorDate>09/09/2021 18:46:27</UpdatorDate>
   <IncidentType>
      <IncidentTypeCode>DSM</IncidentTypeCode>
   </IncidentType>
   <IncidentAddress>
      <AddressId>216</AddressId>
      <Beat>Test</Beat>
      <SubBeat>Area</SubBeat>
      <City>7</City>
      <CreatorId>STATE_OFFICER11</CreatorId>
      <CreatorDate>02/05/2014 13:05:53</CreatorDate>
      <UpdatorId>TSTC</UpdatorId>
      <UpdatorDate>02/05/2014 13:05:58</UpdatorDate>
      <Address>
         <AddressId>216</AddressId>
         <StreetNumber>2740</StreetNumber>
         <StreetDirCode>N</StreetDirCode>
         <StreetName>ADDISON MEADOWS</StreetName>
         <StreetTypeCode>LN</StreetTypeCode>
         <SubTypeCode>BSMT</SubTypeCode>
         <City>INDIANAPOLIS</City>
         <StateCode>PA</StateCode>
         <Zip5>46203</Zip5>
         <Zip4>5555</Zip4>
         <Beat>Test</Beat>
         <SubBeat>Area</SubBeat>
         <Longitude>-86.059884</Longitude>
         <Latitude>39.728722</Latitude>
         <AddressCommonName>
            <CommonPlaceName>Joes House</CommonPlaceName>
         </AddressCommonName>
      </Address>
   </IncidentAddress>
   <IncidentSupplement>
      <SupplementSequence>0</SupplementSequence>
      <IncSupplementStatusCode>A</IncSupplementStatusCode>
      <SuppReportDate>02/05/2014 12:59:15</SuppReportDate>
      <SuppReportTime>02/05/2014 12:59:15</SuppReportTime>
      <AgencyOnly>N</AgencyOnly>
      <SecurityLevel>1201</SecurityLevel>
      <SuppAgencyCode>D42</SuppAgencyCode>
      <UnknownNoOffenders>N</UnknownNoOffenders>
      <DsIcrDate>02/05/2014 13:06:43</DsIcrDate>
      <DsIcrSubmissionStatus>NOT REPORTABLE</DsIcrSubmissionStatus>
      <CreatorId>STATE_OFFICER11</CreatorId>
      <CreatorDate>02/05/2014 12:59:15</CreatorDate>
      <UpdatorId>TSTC</UpdatorId>
      <UpdatorDate>08/05/2021 17:38:18</UpdatorDate>
      <IncidentSuppNarrative>
         <NarrativeNumber>1</NarrativeNumber>
         <NarrativeTitle>Original Narrative</NarrativeTitle>
         <NarrativeText>test&lt;br /&gt;</NarrativeText>
         <CreatorId>STATE_OFFICER11</CreatorId>
         <CreatorDate>02/05/2014 13:06:05</CreatorDate>
         <UpdatorId>STATE_OFFICER11</UpdatorId>
         <UpdatorDate>02/05/2014 13:06:05</UpdatorDate>
      </IncidentSuppNarrative>
      <IncidentOfficer>
         <OfficerRoleCode>P</OfficerRoleCode>
         <Officer>
            <AgencyCode>D42</AgencyCode>
            <ORINumber>SC0280000</ORINumber>
            <LastName>Ranz</LastName>
            <FirstName>Greg</FirstName>
            <InternalID>9696</InternalID>
         </Officer>
      </IncidentOfficer>
      <IncidentOfficer>
         <OfficerRoleCode>R</OfficerRoleCode>
         <Officer>
            <AgencyCode>D42</AgencyCode>
            <ORINumber>SC0280000</ORINumber>
            <LastName>Ranz</LastName>
            <FirstName>Greg</FirstName>
            <InternalID>9696</InternalID>
         </Officer>
      </IncidentOfficer>
      <IncidentOffense>
         <IncidentId>1384</IncidentId>
         <OffenseNumber>1</OffenseNumber>
         <OffenseStatusCode>00</OffenseStatusCode>
         <OffenseCode>USC21-841A</OffenseCode>
         <PlaceCode>48</PlaceCode>
         <BiasCode>88</BiasCode>
         <CSAUCode>A</CSAUCode>
         <SupplementSeq>0</SupplementSeq>
         <UCRNumber>1</UCRNumber>
         <OffenseStatusDate>02/05/2014 13:08:00</OffenseStatusDate>
         <AttemptedCompletedCode>A</AttemptedCompletedCode>
         <CreatorId>STATE_OFFICER11</CreatorId>
         <CreatorDate>02/05/2014 13:09:14</CreatorDate>
         <UpdatorId>STATE_OFFICER11</UpdatorId>
         <UpdatorDate>02/05/2014 13:09:15</UpdatorDate>
      </IncidentOffense>
      <IncidentPerson>
         <ApproxAge>28</ApproxAge>
         <ResidentStatusCode>R</ResidentStatusCode>
         <CreatorId>STATE_OFFICER11</CreatorId>
         <CreatorDate>02/05/2014 13:11:09</CreatorDate>
         <UpdatorId>TSTC</UpdatorId>
         <UpdatorDate>05/24/2023 12:41:18</UpdatorDate>
         <Person>
            <PersonId>211</PersonId>
            <RaceCode>H</RaceCode>
            <SexCode>F</SexCode>
            <EthnicityCode>N</EthnicityCode>
            <PersonVerified>Y</PersonVerified>
            <PersonPrimaryName>
               <LastName>ALEXANDER</LastName>
               <FirstName>KAREN</FirstName>
               <MiddleName>A</MiddleName>
               <DateOfInfo>06/06/2012 14:19:04</DateOfInfo>
               <SLastName>A425</SLastName>
               <SFirstName>K650</SFirstName>
            </PersonPrimaryName>
            <PersonPrimaryName>
               <LastName>Hoffman</LastName>
               <FirstName>Laurent</FirstName>
               <MiddleName>Jane</MiddleName>
               <DOB>12/01/1985 00:00:00</DOB>
               <DateOfInfo>12/13/2012 00:00:00</DateOfInfo>
               <SLastName>H155</SLastName>
               <SFirstName>L653</SFirstName>
            </PersonPrimaryName>
            <PersonPrimaryName>
               <LastName>Alexandria</LastName>
               <FirstName>Shirley</FirstName>
               <MiddleName>Lina</MiddleName>
               <DOB>12/12/1985 00:00:00</DOB>
               <SSN>7.84641359E8</SSN>
               <TitleCode>SR</TitleCode>
               <DateOfInfo>12/13/2012 00:00:00</DateOfInfo>
               <SLastName>A425</SLastName>
               <SFirstName>S640</SFirstName>
            </PersonPrimaryName>
            <PersonPrimaryName>
               <LastName>Hoffman</LastName>
               <FirstName>Laurent</FirstName>
               <MiddleName>Jane</MiddleName>
               <DOB>12/01/1985 00:00:00</DOB>
               <SSN>3.33445566E8</SSN>
               <TitleCode>III</TitleCode>
               <DateOfInfo>12/13/2012 00:00:00</DateOfInfo>
               <SLastName>H155</SLastName>
               <SFirstName>L653</SFirstName>
            </PersonPrimaryName>
            <PersonPrimaryName>
               <LastName>Hoffman</LastName>
               <FirstName>Laurent</FirstName>
               <MiddleName>Jane</MiddleName>
               <DOB>12/01/1985 00:00:00</DOB>
               <DateOfInfo>12/13/2012 00:00:00</DateOfInfo>
               <SLastName>H155</SLastName>
               <SFirstName>L653</SFirstName>
            </PersonPrimaryName>
            <Alias>
               <NameTypeCode>A</NameTypeCode>
               <LastName>ALEXANDER</LastName>
               <FirstName>KAREN</FirstName>
               <MiddleName>A</MiddleName>
               <SLastName>A425</SLastName>
               <SFirstName>K650</SFirstName>
               <DateOfInfo>06/06/2012 14:19:04</DateOfInfo>
            </Alias>
            <Alias>
               <NameTypeCode>A</NameTypeCode>
               <LastName>Hoffman</LastName>
               <FirstName>Laurent</FirstName>
               <MiddleName>Jane</MiddleName>
               <DOB>12/01/1985 00:00:00</DOB>
               <SLastName>H155</SLastName>
               <SFirstName>L653</SFirstName>
               <DateOfInfo>12/13/2012 00:00:00</DateOfInfo>
            </Alias>
            <Alias>
               <NameTypeCode>A</NameTypeCode>
               <LastName>Alexandria</LastName>
               <FirstName>Shirley</FirstName>
               <MiddleName>Lina</MiddleName>
               <DOB>12/12/1985 00:00:00</DOB>
               <SSN>7.84641359E8</SSN>
               <TitleCode>SR</TitleCode>
               <SLastName>A425</SLastName>
               <SFirstName>S640</SFirstName>
               <DateOfInfo>12/13/2012 00:00:00</DateOfInfo>
            </Alias>
            <Alias>
               <NameTypeCode>P</NameTypeCode>
               <LastName>Hoffman</LastName>
               <FirstName>Laurent</FirstName>
               <MiddleName>Jane</MiddleName>
               <DOB>12/01/1985 00:00:00</DOB>
               <SSN>3.33445566E8</SSN>
               <TitleCode>III</TitleCode>
               <SLastName>H155</SLastName>
               <SFirstName>L653</SFirstName>
               <DateOfInfo>12/13/2012 00:00:00</DateOfInfo>
            </Alias>
            <Alias>
               <NameTypeCode>A</NameTypeCode>
               <LastName>Hoffman</LastName>
               <FirstName>Laurent</FirstName>
               <MiddleName>Jane</MiddleName>
               <DOB>12/01/1985 00:00:00</DOB>
               <SLastName>H155</SLastName>
               <SFirstName>L653</SFirstName>
               <DateOfInfo>12/13/2012 00:00:00</DateOfInfo>
            </Alias>
            <PersonPhone>
               <PhoneTypeCode>RES</PhoneTypeCode>
               <PhoneArea>765</PhoneArea>
               <PhonePrefix>555</PhonePrefix>
               <PhoneSuffix>5555</PhoneSuffix>
               <DateOfInfo>04/08/2014 00:00:00</DateOfInfo>
            </PersonPhone>
         </Person>
         <IncidentPersonRole>
            <RoleType>S</RoleType>
            <CreatorId>STATE_OFFICER11</CreatorId>
            <CreatorDate>02/05/2014 13:11:09</CreatorDate>
            <UpdatorId>TSTC</UpdatorId>
            <UpdatorDate>08/15/2023 20:32:20</UpdatorDate>
         </IncidentPersonRole>
      </IncidentPerson>
      <IncidentBusiness>
         <BusinessNumber>240000001</BusinessNumber>
         <BusinessName>SOCIETY</BusinessName>
         <IncBusinessRoleCode>V</IncBusinessRoleCode>
         <CreatorId>STATE_OFFICER11</CreatorId>
         <CreatorDate>02/05/2014 13:09:16</CreatorDate>
         <UpdatorId>STATE_OFFICER11</UpdatorId>
         <UpdatorDate>02/05/2014 13:09:16</UpdatorDate>
      </IncidentBusiness>
      <IncidentProperty>
         <RoleCode>8</RoleCode>
         <CreatorId>STATE_OFFICER11</CreatorId>
         <CreatorDate>02/05/2014 13:10:29</CreatorDate>
         <UpdatorId>TSTC</UpdatorId>
         <UpdatorDate>08/10/2017 23:00:39</UpdatorDate>
         <DateOfInfo>02/05/2014 00:00:00</DateOfInfo>
         <StatusCode>8</StatusCode>
         <DocumentTypeCode>D</DocumentTypeCode>
         <PropertyTypeCode>560</PropertyTypeCode>
         <PropertyValue>0</PropertyValue>
         <Value>0</Value>
         <Evidence>N</Evidence>
         <EvidenceFlag>N</EvidenceFlag>
         <Property_ID>938</Property_ID>
         <DrugTypeCode>B</DrugTypeCode>
         <Quantity>5</Quantity>
         <QuantityUnit>KG</QuantityUnit>
      </IncidentProperty>
   </IncidentSupplement>
</Incident>