<?xml version="1.0" encoding="UTF-8"?>
<Incident xmlns:xsi="http://www.w3.org/2001/XMLSchema-instance"
          xsi:noNamespaceSchemaLocation="file:///C:/DATA/EJS/SVN_Root/Ejustice/trunk/XMLTransformations/OnlineRMSInternalToIncident/IAOnlineRMSIncidentImport.xsd">
   <IncidentReportNum>2013ISP0000100</IncidentReportNum>
   <AgencyCode>D42</AgencyCode>
   <ORINum>SC0280000</ORINum>
   <ReportDate>06/19/2013 14:48:00</ReportDate>
   <ReportTime>06/19/2013 14:48:00</ReportTime>
   <StartDate>06/19/2013 14:48:00</StartDate>
   <StartTime>06/01/2013 14:48:00</StartTime>
   <Summary>testing the summary</Summary>
   <CreatorId>STATE_OFFICER11</CreatorId>
   <CreatorDate>06/19/2013 14:44:57</CreatorDate>
   <UpdatorId>TSTC</UpdatorId>
   <UpdatorDate>09/09/2021 18:46:25</UpdatorDate>
   <IncidentType>
      <IncidentTypeCode>CTP</IncidentTypeCode>
   </IncidentType>
   <IncidentAddress>
      <AddressId>307</AddressId>
      <Beat>Test</Beat>
      <SubBeat>Area</SubBeat>
      <City>3</City>
      <CreatorId>STATE_OFFICER11</CreatorId>
      <CreatorDate>06/19/2013 14:48:06</CreatorDate>
      <UpdatorId>STATE_OFFICER11</UpdatorId>
      <UpdatorDate>06/19/2013 14:48:17</UpdatorDate>
      <Address>
         <AddressId>307</AddressId>
         <StreetNumber>439</StreetNumber>
         <StreetDirCode>NE</StreetDirCode>
         <StreetName>ASHWOOD</StreetName>
         <StreetTypeCode>LN</StreetTypeCode>
         <StreetSuffixCode>N</StreetSuffixCode>
         <City>DILLON</City>
         <StateCode>SC</StateCode>
         <CountryCode>US</CountryCode>
         <CrossStreetNumber>123</CrossStreetNumber>
         <CrossStreetDirCode>N</CrossStreetDirCode>
         <CrossStreetTypeCode>ACRE</CrossStreetTypeCode>
         <Beat>Test</Beat>
         <SubBeat>Area</SubBeat>
         <Longitude>-79.516913</Longitude>
         <Latitude>34.3197153</Latitude>
         <AddressCommonName>
            <CommonPlaceName>MICHAELS PLACE</CommonPlaceName>
         </AddressCommonName>
         <AddressCommonName>
            <CommonPlaceName>Michael's Place</CommonPlaceName>
         </AddressCommonName>
      </Address>
   </IncidentAddress>
   <IncidentSupplement>
      <SupplementSequence>0</SupplementSequence>
      <IncSupplementStatusCode>A</IncSupplementStatusCode>
      <SuppReportDate>06/19/2013 14:44:57</SuppReportDate>
      <SuppReportTime>06/19/2013 14:44:57</SuppReportTime>
      <AgencyOnly>N</AgencyOnly>
      <SecurityLevel>1100</SecurityLevel>
      <SuppAgencyCode>D42</SuppAgencyCode>
      <UnknownNoOffenders>N</UnknownNoOffenders>
      <DsIcrDate>01/08/2014 12:39:20</DsIcrDate>
      <DsIcrSubmissionStatus>FAILED VALIDATION</DsIcrSubmissionStatus>
      <CreatorId>STATE_OFFICER11</CreatorId>
      <CreatorDate>06/19/2013 14:44:57</CreatorDate>
      <UpdatorId>TSTC</UpdatorId>
      <UpdatorDate>08/05/2021 17:38:17</UpdatorDate>
      <IncidentSuppNarrative>
         <NarrativeNumber>1</NarrativeNumber>
         <NarrativeTitle>Original Narrative</NarrativeTitle>
         <NarrativeText>test</NarrativeText>
         <CreatorId>STATE_OFFICER11</CreatorId>
         <CreatorDate>06/19/2013 14:51:16</CreatorDate>
         <UpdatorId>STATE_OFFICER11</UpdatorId>
         <UpdatorDate>06/19/2013 14:51:16</UpdatorDate>
      </IncidentSuppNarrative>
      <IncidentOfficer>
         <OfficerRoleCode>P</OfficerRoleCode>
         <Officer>
            <AgencyCode>D42</AgencyCode>
            <ORINumber>SC0280000</ORINumber>
            <LastName>Ranz</LastName>
            <FirstName>Greg</FirstName>
            <InternalID>9696</InternalID>
         </Officer>
      </IncidentOfficer>
      <IncidentOfficer>
         <OfficerRoleCode>R</OfficerRoleCode>
         <Officer>
            <AgencyCode>D42</AgencyCode>
            <ORINumber>SC0280000</ORINumber>
            <LastName>Ranz</LastName>
            <FirstName>Greg</FirstName>
            <InternalID>9696</InternalID>
         </Officer>
      </IncidentOfficer>
      <IncidentOffense>
         <IncidentId>1205</IncidentId>
         <OffenseNumber>1</OffenseNumber>
         <OffenseStatusCode>02</OffenseStatusCode>
         <OffenseCode>35-48-4-1</OffenseCode>
         <PlaceCode>40</PlaceCode>
         <BiasCode>88</BiasCode>
         <CSAUCode>C</CSAUCode>
         <SupplementSeq>0</SupplementSeq>
         <UCRNumber>1</UCRNumber>
         <OffenseStatusDate>06/19/2013 14:49:00</OffenseStatusDate>
         <AttemptedCompletedCode>C</AttemptedCompletedCode>
         <ArrestChargeCode>35-48-4-1</ArrestChargeCode>
         <CreatorId>STATE_OFFICER11</CreatorId>
         <CreatorDate>06/19/2013 14:49:55</CreatorDate>
         <UpdatorId>TSTC</UpdatorId>
         <UpdatorDate>07/02/2013 18:21:29</UpdatorDate>
      </IncidentOffense>
      <IncidentPerson>
         <ApproxAge>40</ApproxAge>
         <CreatorId>STATE_OFFICER11</CreatorId>
         <CreatorDate>06/19/2013 14:50:22</CreatorDate>
         <UpdatorId>TSTC</UpdatorId>
         <UpdatorDate>05/24/2023 12:41:14</UpdatorDate>
         <Person>
            <PersonId>254</PersonId>
            <RaceCode>A</RaceCode>
            <SexCode>M</SexCode>
            <EthnicityCode>H</EthnicityCode>
            <PersonVerified>Y</PersonVerified>
            <PersonPrimaryName>
               <LastName>ALEXANDER</LastName>
               <FirstName>KAREN</FirstName>
               <MiddleName>A</MiddleName>
               <DateOfInfo>06/06/2012 14:50:22</DateOfInfo>
               <SLastName>A425</SLastName>
               <SFirstName>K650</SFirstName>
            </PersonPrimaryName>
            <PersonPrimaryName>
               <LastName>Joe</LastName>
               <FirstName>Schmoe</FirstName>
               <MiddleName>Idaho</MiddleName>
               <DateOfInfo>03/15/2013 00:00:00</DateOfInfo>
               <SLastName>J000</SLastName>
               <SFirstName>S500</SFirstName>
            </PersonPrimaryName>
            <PersonPrimaryName>
               <LastName>Asd</LastName>
               <FirstName>Asd</FirstName>
               <DateOfInfo>03/15/2013 00:00:00</DateOfInfo>
               <SLastName>A230</SLastName>
               <SFirstName>A230</SFirstName>
            </PersonPrimaryName>
            <Alias>
               <NameTypeCode>A</NameTypeCode>
               <LastName>ALEXANDER</LastName>
               <FirstName>KAREN</FirstName>
               <MiddleName>A</MiddleName>
               <SLastName>A425</SLastName>
               <SFirstName>K650</SFirstName>
               <DateOfInfo>06/06/2012 14:50:22</DateOfInfo>
            </Alias>
            <Alias>
               <NameTypeCode>P</NameTypeCode>
               <LastName>Joe</LastName>
               <FirstName>Schmoe</FirstName>
               <MiddleName>Idaho</MiddleName>
               <SLastName>J000</SLastName>
               <SFirstName>S500</SFirstName>
               <DateOfInfo>03/15/2013 00:00:00</DateOfInfo>
            </Alias>
            <Alias>
               <NameTypeCode>M</NameTypeCode>
               <LastName>Asd</LastName>
               <FirstName>Asd</FirstName>
               <SLastName>A230</SLastName>
               <SFirstName>A230</SFirstName>
               <DateOfInfo>03/15/2013 00:00:00</DateOfInfo>
            </Alias>
            <PersonAddress>
               <StreetName>17841PATRICKST</StreetName>
               <City>ROMULUS</City>
               <StateCode>MI</StateCode>
               <Zip5>48174</Zip5>
            </PersonAddress>
         </Person>
         <IncidentPersonRole>
            <RoleType>S</RoleType>
            <CreatorId>STATE_OFFICER11</CreatorId>
            <CreatorDate>06/19/2013 14:50:22</CreatorDate>
            <UpdatorId>TSTC</UpdatorId>
            <UpdatorDate>08/15/2023 20:32:17</UpdatorDate>
         </IncidentPersonRole>
      </IncidentPerson>
      <IncidentBusiness>
         <BusinessNumber>240000001</BusinessNumber>
         <BusinessName>SOCIETY</BusinessName>
         <IncBusinessRoleCode>V</IncBusinessRoleCode>
         <CreatorId>STATE_OFFICER11</CreatorId>
         <CreatorDate>11/18/2013 11:08:23</CreatorDate>
         <UpdatorId>STATE_OFFICER11</UpdatorId>
         <UpdatorDate>11/18/2013 11:08:23</UpdatorDate>
      </IncidentBusiness>
      <IncidentProperty>
         <RoleCode>6</RoleCode>
         <CreatorId>STATE_OFFICER11</CreatorId>
         <CreatorDate>06/19/2013 14:51:11</CreatorDate>
         <UpdatorId>TSTC</UpdatorId>
         <UpdatorDate>08/10/2017 23:00:34</UpdatorDate>
         <DateOfInfo>06/19/2013 00:00:00</DateOfInfo>
         <StatusCode>6</StatusCode>
         <DocumentTypeCode>D</DocumentTypeCode>
         <PropertyTypeCode>560</PropertyTypeCode>
         <PropertyValue>0</PropertyValue>
         <Value>0</Value>
         <Evidence>N</Evidence>
         <EvidenceFlag>N</EvidenceFlag>
         <Property_ID>820</Property_ID>
         <DrugTypeCode>B</DrugTypeCode>
         <Quantity>1</Quantity>
         <QuantityUnit>LB</QuantityUnit>
      </IncidentProperty>
   </IncidentSupplement>
</Incident>