<?xml version="1.0" encoding="UTF-8"?>
<Incident xmlns:xsi="http://www.w3.org/2001/XMLSchema-instance"
          xsi:noNamespaceSchemaLocation="file:///C:/DATA/EJS/SVN_Root/Ejustice/trunk/XMLTransformations/OnlineRMSInternalToIncident/IAOnlineRMSIncidentImport.xsd">
   <IncidentReportNum>2013ISP0000090</IncidentReportNum>
   <AgencyCode>D42</AgencyCode>
   <ORINum>SC0280000</ORINum>
   <ReportDate>06/04/2013 12:59:00</ReportDate>
   <ReportTime>06/04/2013 12:59:00</ReportTime>
   <StartDate>06/04/2013 12:59:00</StartDate>
   <StartTime>06/01/2013 12:59:00</StartTime>
   <CreatorId>STATE_OFFICER13</CreatorId>
   <CreatorDate>06/04/2013 12:59:11</CreatorDate>
   <UpdatorId>TSTC</UpdatorId>
   <UpdatorDate>09/09/2021 18:46:27</UpdatorDate>
   <IncidentAddress>
      <AddressId>33</AddressId>
      <City>19</City>
      <CreatorId>STATE_OFFICER13</CreatorId>
      <CreatorDate>06/04/2013 12:59:36</CreatorDate>
      <UpdatorId>TSTC</UpdatorId>
      <UpdatorDate>06/04/2013 12:59:39</UpdatorDate>
      <Address>
         <AddressId>33</AddressId>
         <StreetNumber>1106</StreetNumber>
         <StreetName>Downing</StreetName>
         <StreetTypeCode>ST</StreetTypeCode>
         <City>Denver</City>
         <StateCode>CO</StateCode>
         <Zip5>80218</Zip5>
         <CountryCode>US</CountryCode>
         <Longitude>-104.972968</Longitude>
         <Latitude>39.733844</Latitude>
      </Address>
   </IncidentAddress>
   <IncidentSupplement>
      <SupplementSequence>0</SupplementSequence>
      <IncSupplementStatusCode>A</IncSupplementStatusCode>
      <SuppReportDate>06/04/2013 12:59:12</SuppReportDate>
      <SuppReportTime>06/04/2013 12:59:12</SuppReportTime>
      <AgencyOnly>N</AgencyOnly>
      <SecurityLevel>1100</SecurityLevel>
      <SuppAgencyCode>D42</SuppAgencyCode>
      <UnknownNoOffenders>N</UnknownNoOffenders>
      <DsIcrDate>07/02/2013 18:18:55</DsIcrDate>
      <DsIcrSubmissionStatus>PROCESS COMPLETE</DsIcrSubmissionStatus>
      <CreatorId>STATE_OFFICER13</CreatorId>
      <CreatorDate>06/04/2013 12:59:12</CreatorDate>
      <UpdatorId>TSTC</UpdatorId>
      <UpdatorDate>08/05/2021 17:38:17</UpdatorDate>
      <IncidentSuppNarrative>
         <NarrativeNumber>1</NarrativeNumber>
         <NarrativeTitle>Original Narrative</NarrativeTitle>
         <NarrativeText>test</NarrativeText>
         <CreatorId>STATE_OFFICER13</CreatorId>
         <CreatorDate>06/04/2013 13:23:15</CreatorDate>
         <UpdatorId>STATE_OFFICER13</UpdatorId>
         <UpdatorDate>06/04/2013 13:23:15</UpdatorDate>
      </IncidentSuppNarrative>
      <IncidentOfficer>
         <OfficerRoleCode>P</OfficerRoleCode>
         <Officer>
            <AgencyCode>D42</AgencyCode>
            <ORINumber>SC0280000</ORINumber>
            <LastName>Ranz</LastName>
            <FirstName>Greg</FirstName>
            <InternalID>9696</InternalID>
         </Officer>
      </IncidentOfficer>
      <IncidentOfficer>
         <OfficerRoleCode>R</OfficerRoleCode>
         <Officer>
            <AgencyCode>D42</AgencyCode>
            <ORINumber>SC0280000</ORINumber>
            <LastName>Livangood</LastName>
            <FirstName>Derek</FirstName>
            <InternalID>1007</InternalID>
         </Officer>
      </IncidentOfficer>
      <IncidentOffense>
         <IncidentId>1174</IncidentId>
         <OffenseNumber>1</OffenseNumber>
         <OffenseStatusCode>02</OffenseStatusCode>
         <OffenseCode>35-48-4-11 M05</OffenseCode>
         <PlaceCode>40</PlaceCode>
         <BiasCode>88</BiasCode>
         <CSAUCode>C</CSAUCode>
         <SupplementSeq>0</SupplementSeq>
         <UCRNumber>1</UCRNumber>
         <OffenseStatusDate>06/04/2013 13:02:00</OffenseStatusDate>
         <AttemptedCompletedCode>C</AttemptedCompletedCode>
         <ArrestChargeCode>35-48-4-11 M05</ArrestChargeCode>
         <CreatorId>STATE_OFFICER13</CreatorId>
         <CreatorDate>06/04/2013 13:02:31</CreatorDate>
         <UpdatorId>TSTC</UpdatorId>
         <UpdatorDate>07/02/2013 18:21:29</UpdatorDate>
      </IncidentOffense>
      <IncidentOffense>
         <IncidentId>1174</IncidentId>
         <OffenseNumber>2</OffenseNumber>
         <OffenseStatusCode>02</OffenseStatusCode>
         <OffenseCode>35-48-4-11 M01</OffenseCode>
         <PlaceCode>40</PlaceCode>
         <BiasCode>88</BiasCode>
         <CSAUCode>C</CSAUCode>
         <SupplementSeq>0</SupplementSeq>
         <UCRNumber>2</UCRNumber>
         <OffenseStatusDate>06/04/2013 13:13:00</OffenseStatusDate>
         <AttemptedCompletedCode>C</AttemptedCompletedCode>
         <ArrestChargeCode>35-48-4-11 M01</ArrestChargeCode>
         <CreatorId>STATE_OFFICER13</CreatorId>
         <CreatorDate>06/04/2013 13:13:34</CreatorDate>
         <UpdatorId>TSTC</UpdatorId>
         <UpdatorDate>07/02/2013 18:21:29</UpdatorDate>
      </IncidentOffense>
      <IncidentPerson>
         <ApproxAge>29</ApproxAge>
         <ResidentStatusCode>R</ResidentStatusCode>
         <CreatorId>STATE_OFFICER13</CreatorId>
         <CreatorDate>06/04/2013 13:07:20</CreatorDate>
         <UpdatorId>TSTC</UpdatorId>
         <UpdatorDate>05/24/2023 12:41:16</UpdatorDate>
         <Person>
            <PersonId>348</PersonId>
            <RaceCode>H</RaceCode>
            <SexCode>M</SexCode>
            <PersonVerified>Y</PersonVerified>
            <PersonPrimaryName>
               <LastName>Argueta</LastName>
               <FirstName>Ricardo</FirstName>
               <MiddleName>PICTEST</MiddleName>
               <DOB>12/17/1983 00:00:00</DOB>
               <DateOfInfo>08/29/2012 12:45:28</DateOfInfo>
               <SLastName>A623</SLastName>
               <SFirstName>R263</SFirstName>
            </PersonPrimaryName>
            <PersonPrimaryName>
               <LastName>Ricardo</LastName>
               <FirstName>Riki</FirstName>
               <DateOfInfo>01/02/2013 00:00:00</DateOfInfo>
               <SLastName>R263</SLastName>
               <SFirstName>R200</SFirstName>
            </PersonPrimaryName>
            <Alias>
               <NameTypeCode>P</NameTypeCode>
               <LastName>Argueta</LastName>
               <FirstName>Ricardo</FirstName>
               <MiddleName>PICTEST</MiddleName>
               <DOB>12/17/1983 00:00:00</DOB>
               <SLastName>A623</SLastName>
               <SFirstName>R263</SFirstName>
               <DateOfInfo>08/29/2012 12:45:28</DateOfInfo>
            </Alias>
            <Alias>
               <NameTypeCode>A</NameTypeCode>
               <LastName>Ricardo</LastName>
               <FirstName>Riki</FirstName>
               <SLastName>R263</SLastName>
               <SFirstName>R200</SFirstName>
               <DateOfInfo>01/02/2013 00:00:00</DateOfInfo>
            </Alias>
         </Person>
         <IncidentPersonRole>
            <RoleType>S</RoleType>
            <CreatorId>STATE_OFFICER13</CreatorId>
            <CreatorDate>06/04/2013 13:07:20</CreatorDate>
            <UpdatorId>TSTC</UpdatorId>
            <UpdatorDate>08/15/2023 20:32:19</UpdatorDate>
         </IncidentPersonRole>
      </IncidentPerson>
      <IncidentBusiness>
         <BusinessNumber>240000001</BusinessNumber>
         <BusinessName>SOCIETY</BusinessName>
         <IncBusinessRoleCode>V</IncBusinessRoleCode>
         <CreatorId>STATE_OFFICER13</CreatorId>
         <CreatorDate>06/04/2013 13:24:11</CreatorDate>
         <UpdatorId>STATE_OFFICER13</UpdatorId>
         <UpdatorDate>06/04/2013 13:24:11</UpdatorDate>
      </IncidentBusiness>
      <IncidentBusiness>
         <BusinessNumber>240000003</BusinessNumber>
         <BusinessName>Society</BusinessName>
         <IncBusinessRoleCode>V</IncBusinessRoleCode>
         <CreatorId>STATE_OFFICER13</CreatorId>
         <CreatorDate>06/04/2013 13:20:26</CreatorDate>
         <UpdatorId>STATE_OFFICER13</UpdatorId>
         <UpdatorDate>06/04/2013 13:20:26</UpdatorDate>
      </IncidentBusiness>
      <IncidentProperty>
         <RoleCode>6</RoleCode>
         <CreatorId>STATE_OFFICER13</CreatorId>
         <CreatorDate>06/04/2013 13:15:09</CreatorDate>
         <UpdatorId>TSTC</UpdatorId>
         <UpdatorDate>08/10/2017 23:00:39</UpdatorDate>
         <DateOfInfo>06/04/2013 00:00:00</DateOfInfo>
         <StatusCode>6</StatusCode>
         <DocumentTypeCode>D</DocumentTypeCode>
         <PropertyTypeCode>560</PropertyTypeCode>
         <PropertyValue>0</PropertyValue>
         <Value>0</Value>
         <Evidence>N</Evidence>
         <EvidenceFlag>N</EvidenceFlag>
         <Property_ID>810</Property_ID>
         <DrugTypeCode>E</DrugTypeCode>
         <Quantity>1</Quantity>
         <QuantityUnit>LB</QuantityUnit>
      </IncidentProperty>
      <IncidentProperty>
         <RoleCode>6</RoleCode>
         <CreatorId>STATE_OFFICER13</CreatorId>
         <CreatorDate>06/04/2013 13:15:36</CreatorDate>
         <UpdatorId>TSTC</UpdatorId>
         <UpdatorDate>08/10/2017 23:00:39</UpdatorDate>
         <DateOfInfo>06/04/2013 00:00:00</DateOfInfo>
         <StatusCode>6</StatusCode>
         <DocumentTypeCode>D</DocumentTypeCode>
         <PropertyTypeCode>560</PropertyTypeCode>
         <PropertyValue>0</PropertyValue>
         <Value>0</Value>
         <Evidence>N</Evidence>
         <EvidenceFlag>N</EvidenceFlag>
         <Property_ID>810</Property_ID>
         <DrugTypeCode>E</DrugTypeCode>
         <Quantity>1</Quantity>
         <QuantityUnit>LB</QuantityUnit>
      </IncidentProperty>
   </IncidentSupplement>
</Incident>