<?xml version="1.0" encoding="UTF-8"?>
<Incident xmlns:xsi="http://www.w3.org/2001/XMLSchema-instance"
          xsi:noNamespaceSchemaLocation="file:///C:/DATA/EJS/SVN_Root/Ejustice/trunk/XMLTransformations/OnlineRMSInternalToIncident/IAOnlineRMSIncidentImport.xsd">
   <IncidentReportNum>2014ISP0000409</IncidentReportNum>
   <AgencyCode>D42</AgencyCode>
   <ORINum>SC0280000</ORINum>
   <ReportDate>06/24/2014 15:48:00</ReportDate>
   <ReportTime>06/24/2014 15:48:00</ReportTime>
   <StartDate>06/24/2014 15:48:00</StartDate>
   <StartTime>06/01/2014 15:48:00</StartTime>
   <CreatorId>STATE_OFFICER11</CreatorId>
   <CreatorDate>06/06/2014 18:25:31</CreatorDate>
   <UpdatorId>TSTC</UpdatorId>
   <UpdatorDate>09/09/2021 18:46:30</UpdatorDate>
   <IncidentType>
      <IncidentTypeCode>B/B</IncidentTypeCode>
   </IncidentType>
   <IncidentAddress>
      <AddressId>307</AddressId>
      <Beat>Test</Beat>
      <SubBeat>Area</SubBeat>
      <CreatorId>STATE_OFFICER11</CreatorId>
      <CreatorDate>06/24/2014 15:48:50</CreatorDate>
      <UpdatorId>TSTC</UpdatorId>
      <UpdatorDate>06/24/2014 15:48:51</UpdatorDate>
      <Address>
         <AddressId>307</AddressId>
         <StreetNumber>439</StreetNumber>
         <StreetDirCode>NE</StreetDirCode>
         <StreetName>ASHWOOD</StreetName>
         <StreetTypeCode>LN</StreetTypeCode>
         <StreetSuffixCode>N</StreetSuffixCode>
         <City>DILLON</City>
         <StateCode>SC</StateCode>
         <CountryCode>US</CountryCode>
         <CrossStreetNumber>123</CrossStreetNumber>
         <CrossStreetDirCode>N</CrossStreetDirCode>
         <CrossStreetTypeCode>ACRE</CrossStreetTypeCode>
         <Beat>Test</Beat>
         <SubBeat>Area</SubBeat>
         <Longitude>-79.516913</Longitude>
         <Latitude>34.3197153</Latitude>
         <AddressCommonName>
            <CommonPlaceName>MICHAELS PLACE</CommonPlaceName>
         </AddressCommonName>
         <AddressCommonName>
            <CommonPlaceName>Michael's Place</CommonPlaceName>
         </AddressCommonName>
      </Address>
   </IncidentAddress>
   <IncidentSupplement>
      <SupplementSequence>0</SupplementSequence>
      <IncSupplementStatusCode>A</IncSupplementStatusCode>
      <SuppReportDate>06/06/2014 18:25:35</SuppReportDate>
      <SuppReportTime>06/06/2014 18:25:35</SuppReportTime>
      <AgencyOnly>N</AgencyOnly>
      <SecurityLevel>1201</SecurityLevel>
      <SuppAgencyCode>D42</SuppAgencyCode>
      <UnknownNoOffenders>N</UnknownNoOffenders>
      <DsIcrDate>06/24/2014 15:49:00</DsIcrDate>
      <DsIcrSubmissionStatus>NOT REPORTABLE</DsIcrSubmissionStatus>
      <CreatorId>STATE_OFFICER11</CreatorId>
      <CreatorDate>06/06/2014 18:25:35</CreatorDate>
      <UpdatorId>TSTC</UpdatorId>
      <UpdatorDate>08/05/2021 17:38:20</UpdatorDate>
      <IncidentSuppNarrative>
         <NarrativeNumber>1</NarrativeNumber>
         <NarrativeTitle>Original Narrative</NarrativeTitle>
         <NarrativeText>asdf</NarrativeText>
         <CreatorId>STATE_OFFICER11</CreatorId>
         <CreatorDate>06/24/2014 15:48:55</CreatorDate>
         <UpdatorId>STATE_OFFICER11</UpdatorId>
         <UpdatorDate>06/24/2014 15:48:55</UpdatorDate>
      </IncidentSuppNarrative>
      <IncidentOfficer>
         <OfficerRoleCode>P</OfficerRoleCode>
         <Officer>
            <AgencyCode>D42</AgencyCode>
            <ORINumber>SC0280000</ORINumber>
            <LastName>Ranz</LastName>
            <FirstName>Greg</FirstName>
            <InternalID>9696</InternalID>
         </Officer>
      </IncidentOfficer>
      <IncidentOfficer>
         <OfficerRoleCode>R</OfficerRoleCode>
         <Officer>
            <AgencyCode>D42</AgencyCode>
            <ORINumber>SC0280000</ORINumber>
            <LastName>Ranz</LastName>
            <FirstName>Greg</FirstName>
            <InternalID>9696</InternalID>
         </Officer>
      </IncidentOfficer>
      <IncidentProperty>
         <CreatorId>STATE_OFFICER11</CreatorId>
         <CreatorDate>06/09/2014 17:06:03</CreatorDate>
         <UpdatorId>TSTC</UpdatorId>
         <UpdatorDate>08/10/2017 23:00:37</UpdatorDate>
         <DateOfInfo>06/09/2014 00:00:00</DateOfInfo>
         <StatusCode>10</StatusCode>
         <DocumentTypeCode>P</DocumentTypeCode>
         <PropertyTypeCode>654</PropertyTypeCode>
         <PropertyValue>0</PropertyValue>
         <Value>0</Value>
         <Evidence>Y</Evidence>
         <EvidenceFlag>Y</EvidenceFlag>
         <ExternalEvidenceId>575</ExternalEvidenceId>
         <Property_ID>1036</Property_ID>
         <Quantity>1</Quantity>
      </IncidentProperty>
   </IncidentSupplement>
</Incident>