<?xml version="1.0" encoding="UTF-8"?>
<Incident xmlns:xsi="http://www.w3.org/2001/XMLSchema-instance"
          xsi:noNamespaceSchemaLocation="file:///C:/DATA/EJS/SVN_Root/Ejustice/trunk/XMLTransformations/OnlineRMSInternalToIncident/IAOnlineRMSIncidentImport.xsd">
   <IncidentReportNum>2014ISP0000270</IncidentReportNum>
   <AgencyCode>D42</AgencyCode>
   <ORINum>SC0280000</ORINum>
   <ReportDate>04/09/2014 14:38:00</ReportDate>
   <ReportTime>04/09/2014 14:38:00</ReportTime>
   <StartDate>04/09/2014 14:38:00</StartDate>
   <StartTime>04/01/2014 14:38:00</StartTime>
   <CreatorId>STATE_OFFICER13</CreatorId>
   <CreatorDate>04/09/2014 14:14:27</CreatorDate>
   <UpdatorId>TSTC</UpdatorId>
   <UpdatorDate>09/09/2021 18:46:28</UpdatorDate>
   <IncidentType>
      <IncidentTypeCode>CAB</IncidentTypeCode>
   </IncidentType>
   <IncidentAddress>
      <AddressId>29</AddressId>
      <Beat>104</Beat>
      <SubBeat>West Patrol</SubBeat>
      <City>3</City>
      <CreatorId>STATE_OFFICER13</CreatorId>
      <CreatorDate>04/09/2014 14:45:39</CreatorDate>
      <UpdatorId>STATE_OFFICER13</UpdatorId>
      <UpdatorDate>03/19/2015 13:26:59</UpdatorDate>
      <Address>
         <AddressId>29</AddressId>
         <StreetNumber>1451 </StreetNumber>
         <StreetDirCode>N</StreetDirCode>
         <StreetName>Eel river cenetery</StreetName>
         <City>PERU</City>
         <StateCode>IN</StateCode>
         <Zip5>12365</Zip5>
         <Zip4>4899</Zip4>
         <CountryCode>US</CountryCode>
         <Beat>104</Beat>
         <SubBeat>West Patrol</SubBeat>
         <Longitude>-86.130319</Longitude>
         <Latitude>40.785137</Latitude>
      </Address>
   </IncidentAddress>
</Incident>