<?xml version="1.0" encoding="UTF-8"?>
<Incident xmlns:xsi="http://www.w3.org/2001/XMLSchema-instance"
          xsi:noNamespaceSchemaLocation="file:///C:/DATA/EJS/SVN_Root/Ejustice/trunk/XMLTransformations/OnlineRMSInternalToIncident/IAOnlineRMSIncidentImport.xsd">
   <IncidentReportNum>2014ISP0000325</IncidentReportNum>
   <AgencyCode>D42</AgencyCode>
   <ORINum>SC0280000</ORINum>
   <ReportDate>04/28/2014 14:55:00</ReportDate>
   <ReportTime>04/28/2014 14:55:00</ReportTime>
   <StartDate>04/28/2014 14:55:00</StartDate>
   <StartTime>04/01/2014 14:55:00</StartTime>
   <Summary>test</Summary>
   <CreatorId>STATE_OFFICER11</CreatorId>
   <CreatorDate>04/28/2014 14:55:30</CreatorDate>
   <UpdatorId>TSTC</UpdatorId>
   <UpdatorDate>09/09/2021 18:46:28</UpdatorDate>
   <IncidentType>
      <IncidentTypeCode>B/V</IncidentTypeCode>
   </IncidentType>
   <IncidentAddress>
      <AddressId>120</AddressId>
      <Beat>104</Beat>
      <SubBeat>West Patrol</SubBeat>
      <City>6</City>
      <CreatorId>STATE_OFFICER11</CreatorId>
      <CreatorDate>04/28/2014 14:55:57</CreatorDate>
      <UpdatorId>STATE_OFFICER11</UpdatorId>
      <UpdatorDate>04/28/2014 14:57:25</UpdatorDate>
      <Address>
         <AddressId>120</AddressId>
         <StreetNumber>100</StreetNumber>
         <StreetName>Ash</StreetName>
         <StreetTypeCode>ST</StreetTypeCode>
         <City>INDIANAPOLIS</City>
         <StateCode>IN</StateCode>
         <Zip5>01234</Zip5>
         <Zip4>7777</Zip4>
         <CountryCode>US</CountryCode>
         <Beat>Test</Beat>
         <SubBeat>Area</SubBeat>
         <Longitude>-86.26354</Longitude>
         <Latitude>39.95494</Latitude>
         <AddressCommonName>
            <CommonPlaceName>Health Center</CommonPlaceName>
         </AddressCommonName>
      </Address>
   </IncidentAddress>
   <IncidentSupplement>
      <SupplementSequence>0</SupplementSequence>
      <IncSupplementStatusCode>A</IncSupplementStatusCode>
      <SuppReportDate>04/28/2014 14:55:30</SuppReportDate>
      <SuppReportTime>04/28/2014 14:55:30</SuppReportTime>
      <AgencyOnly>N</AgencyOnly>
      <SecurityLevel>1201</SecurityLevel>
      <SuppAgencyCode>D42</SuppAgencyCode>
      <UnknownNoOffenders>N</UnknownNoOffenders>
      <DsIcrDate>04/28/2014 14:59:10</DsIcrDate>
      <DsIcrSubmissionStatus>FAILED VALIDATION</DsIcrSubmissionStatus>
      <CreatorId>STATE_OFFICER11</CreatorId>
      <CreatorDate>04/28/2014 14:55:30</CreatorDate>
      <UpdatorId>TSTC</UpdatorId>
      <UpdatorDate>08/05/2021 17:38:20</UpdatorDate>
      <IncidentSuppNarrative>
         <NarrativeNumber>1</NarrativeNumber>
         <NarrativeTitle>Original Narrative</NarrativeTitle>
         <NarrativeText>test</NarrativeText>
         <CreatorId>STATE_OFFICER11</CreatorId>
         <CreatorDate>04/28/2014 14:58:42</CreatorDate>
         <UpdatorId>STATE_OFFICER11</UpdatorId>
         <UpdatorDate>04/28/2014 14:58:42</UpdatorDate>
      </IncidentSuppNarrative>
      <IncidentOfficer>
         <OfficerRoleCode>P</OfficerRoleCode>
         <Officer>
            <AgencyCode>D42</AgencyCode>
            <ORINumber>SC0280000</ORINumber>
            <LastName>Ranz</LastName>
            <FirstName>Greg</FirstName>
            <InternalID>9696</InternalID>
         </Officer>
      </IncidentOfficer>
      <IncidentOfficer>
         <OfficerRoleCode>R</OfficerRoleCode>
         <Officer>
            <AgencyCode>D42</AgencyCode>
            <ORINumber>SC0280000</ORINumber>
            <LastName>Ranz</LastName>
            <FirstName>Greg</FirstName>
            <InternalID>9696</InternalID>
         </Officer>
      </IncidentOfficer>
      <IncidentOffense>
         <IncidentId>1608</IncidentId>
         <OffenseNumber>1</OffenseNumber>
         <OffenseStatusCode>00</OffenseStatusCode>
         <OffenseCode>35-42-1-1  M01        </OffenseCode>
         <PlaceCode>37</PlaceCode>
         <BiasCode>88</BiasCode>
         <CSAUCode>C</CSAUCode>
         <SupplementSeq>0</SupplementSeq>
         <UCRNumber>1</UCRNumber>
         <OffenseStatusDate>04/28/2014 14:56:00</OffenseStatusDate>
         <AttemptedCompletedCode>C</AttemptedCompletedCode>
         <ArrestChargeCode>35-42-1-1  M01        </ArrestChargeCode>
         <CreatorId>STATE_OFFICER11</CreatorId>
         <CreatorDate>04/28/2014 14:57:12</CreatorDate>
         <UpdatorId>STATE_OFFICER11</UpdatorId>
         <UpdatorDate>04/28/2014 14:57:12</UpdatorDate>
      </IncidentOffense>
      <IncidentPerson>
         <ApproxAge>39</ApproxAge>
         <CreatorId>STATE_OFFICER11</CreatorId>
         <CreatorDate>04/28/2014 14:58:01</CreatorDate>
         <UpdatorId>TSTC</UpdatorId>
         <UpdatorDate>05/24/2023 12:41:17</UpdatorDate>
         <Person>
            <PersonId>132</PersonId>
            <RaceCode>W</RaceCode>
            <SexCode>F</SexCode>
            <EthnicityCode>N</EthnicityCode>
            <PersonVerified>Y</PersonVerified>
            <PersonPrimaryName>
               <LastName>Axenrot</LastName>
               <FirstName>Martin</FirstName>
               <DOB>08/05/1974 00:00:00</DOB>
               <SSN>2.22222222E8</SSN>
               <DateOfInfo>05/04/2012 09:32:57</DateOfInfo>
               <SLastName>A256</SLastName>
               <SFirstName>M635</SFirstName>
            </PersonPrimaryName>
            <Alias>
               <NameTypeCode>P</NameTypeCode>
               <LastName>Axenrot</LastName>
               <FirstName>Martin</FirstName>
               <DOB>08/05/1974 00:00:00</DOB>
               <SSN>2.22222222E8</SSN>
               <SLastName>A256</SLastName>
               <SFirstName>M635</SFirstName>
               <DateOfInfo>05/04/2012 09:32:57</DateOfInfo>
            </Alias>
            <PersonAddress>
               <StreetNumber>123</StreetNumber>
               <StreetDirCode>E</StreetDirCode>
               <StreetName>Main</StreetName>
               <StreetTypeCode>AVE</StreetTypeCode>
               <StreetSuffixCode>N</StreetSuffixCode>
               <City>denver</City>
               <StateCode>CO</StateCode>
               <Zip5>80401</Zip5>
               <CountyCode>30</CountyCode>
               <Beat>D2</Beat>
               <SubBeat>Sub D2</SubBeat>
            </PersonAddress>
         </Person>
         <IncidentPersonRole>
            <RoleType>S</RoleType>
            <CreatorId>STATE_OFFICER11</CreatorId>
            <CreatorDate>04/28/2014 14:58:01</CreatorDate>
            <UpdatorId>TSTC</UpdatorId>
            <UpdatorDate>08/15/2023 20:32:19</UpdatorDate>
         </IncidentPersonRole>
      </IncidentPerson>
      <IncidentPerson>
         <ApproxAge>23</ApproxAge>
         <ResidentStatusCode>R</ResidentStatusCode>
         <CreatorId>STATE_OFFICER11</CreatorId>
         <CreatorDate>04/28/2014 14:58:27</CreatorDate>
         <UpdatorId>TSTC</UpdatorId>
         <UpdatorDate>05/24/2023 12:41:17</UpdatorDate>
         <Person>
            <PersonId>178</PersonId>
            <RaceCode>U</RaceCode>
            <SexCode>M</SexCode>
            <PersonVerified>Y</PersonVerified>
            <PersonPrimaryName>
               <LastName>BENNETT</LastName>
               <FirstName>JUSTIN</FirstName>
               <MiddleName>L</MiddleName>
               <DOB>02/05/1991 00:00:00</DOB>
               <DateOfInfo>06/06/2012 00:00:00</DateOfInfo>
               <SLastName>B530</SLastName>
               <SFirstName>J235</SFirstName>
            </PersonPrimaryName>
            <Alias>
               <NameTypeCode>P</NameTypeCode>
               <LastName>BENNETT</LastName>
               <FirstName>JUSTIN</FirstName>
               <MiddleName>L</MiddleName>
               <DOB>02/05/1991 00:00:00</DOB>
               <SLastName>B530</SLastName>
               <SFirstName>J235</SFirstName>
               <DateOfInfo>06/06/2012 00:00:00</DateOfInfo>
            </Alias>
         </Person>
         <IncidentPersonRole>
            <RoleType>V</RoleType>
            <CreatorId>STATE_OFFICER11</CreatorId>
            <CreatorDate>04/28/2014 14:58:27</CreatorDate>
            <UpdatorId>TSTC</UpdatorId>
            <UpdatorDate>08/15/2023 20:32:19</UpdatorDate>
         </IncidentPersonRole>
      </IncidentPerson>
   </IncidentSupplement>
</Incident>