<?xml version="1.0" encoding="UTF-8"?>
<Incident xmlns:xsi="http://www.w3.org/2001/XMLSchema-instance"
          xsi:noNamespaceSchemaLocation="file:///C:/DATA/EJS/SVN_Root/Ejustice/trunk/XMLTransformations/OnlineRMSInternalToIncident/IAOnlineRMSIncidentImport.xsd">
   <IncidentReportNum>2014ISP0000269</IncidentReportNum>
   <AgencyCode>D42</AgencyCode>
   <ORINum>SC0280000</ORINum>
   <ReportDate>04/08/2014 17:41:00</ReportDate>
   <ReportTime>04/08/2014 17:41:00</ReportTime>
   <StartDate>04/08/2014 17:41:00</StartDate>
   <StartTime>04/01/2014 17:41:00</StartTime>
   <Summary>test</Summary>
   <CreatorId>STATE_OFFICER11</CreatorId>
   <CreatorDate>04/08/2014 17:41:19</CreatorDate>
   <UpdatorId>TSTC</UpdatorId>
   <UpdatorDate>09/09/2021 18:46:31</UpdatorDate>
   <IncidentType>
      <IncidentTypeCode>CAD</IncidentTypeCode>
   </IncidentType>
   <IncidentAddress>
      <AddressId>174</AddressId>
      <Beat>Test</Beat>
      <SubBeat>Area</SubBeat>
      <City>2</City>
      <CreatorId>PDPD6</CreatorId>
      <CreatorDate>04/08/2014 17:41:30</CreatorDate>
      <UpdatorId>TSTC</UpdatorId>
      <UpdatorDate>07/13/2017 10:34:30</UpdatorDate>
      <Address>
         <AddressId>174</AddressId>
         <StreetNumber>123</StreetNumber>
         <StreetDirCode>N</StreetDirCode>
         <StreetName>Automation</StreetName>
         <StreetTypeCode>RD</StreetTypeCode>
         <SubTypeCode>TRLR</SubTypeCode>
         <City>Durham</City>
         <StateCode>NC</StateCode>
         <Zip5>27701</Zip5>
         <CountryCode>US</CountryCode>
         <Beat>Test</Beat>
         <SubBeat>Area</SubBeat>
         <Longitude>-78.892044</Longitude>
         <Latitude>35.99812</Latitude>
         <AddressCommonName>
            <CommonPlaceName>Automation Test Location</CommonPlaceName>
         </AddressCommonName>
         <AddressCommonName>
            <CommonPlaceName>Dead strip</CommonPlaceName>
         </AddressCommonName>
      </Address>
   </IncidentAddress>
   <IncidentSupplement>
      <SupplementSequence>0</SupplementSequence>
      <IncSupplementStatusCode>A</IncSupplementStatusCode>
      <SuppReportDate>04/08/2014 17:41:19</SuppReportDate>
      <SuppReportTime>04/08/2014 17:41:19</SuppReportTime>
      <AgencyOnly>N</AgencyOnly>
      <SecurityLevel>1201</SecurityLevel>
      <SuppAgencyCode>D42</SuppAgencyCode>
      <UnknownNoOffenders>N</UnknownNoOffenders>
      <DsIcrDate>04/08/2014 17:45:00</DsIcrDate>
      <DsIcrSubmissionStatus>FAILED VALIDATION</DsIcrSubmissionStatus>
      <CreatorId>STATE_OFFICER11</CreatorId>
      <CreatorDate>04/08/2014 17:41:19</CreatorDate>
      <UpdatorId>TSTC</UpdatorId>
      <UpdatorDate>08/05/2021 17:38:19</UpdatorDate>
      <IncidentSuppNarrative>
         <NarrativeNumber>1</NarrativeNumber>
         <NarrativeTitle>Original Narrative</NarrativeTitle>
         <NarrativeText>test</NarrativeText>
         <CreatorId>STATE_OFFICER11</CreatorId>
         <CreatorDate>04/08/2014 17:43:03</CreatorDate>
         <UpdatorId>STATE_OFFICER11</UpdatorId>
         <UpdatorDate>04/08/2014 17:43:03</UpdatorDate>
      </IncidentSuppNarrative>
      <IncidentOfficer>
         <OfficerRoleCode>P</OfficerRoleCode>
         <Officer>
            <AgencyCode>D42</AgencyCode>
            <ORINumber>SC0280000</ORINumber>
            <LastName>Ranz</LastName>
            <FirstName>Greg</FirstName>
            <InternalID>9696</InternalID>
         </Officer>
      </IncidentOfficer>
      <IncidentOfficer>
         <OfficerRoleCode>R</OfficerRoleCode>
         <Officer>
            <AgencyCode>D42</AgencyCode>
            <ORINumber>SC0280000</ORINumber>
            <LastName>Ranz</LastName>
            <FirstName>Greg</FirstName>
            <InternalID>9696</InternalID>
         </Officer>
      </IncidentOfficer>
      <IncidentOffense>
         <IncidentId>1503</IncidentId>
         <OffenseNumber>1</OffenseNumber>
         <OffenseStatusCode>15</OffenseStatusCode>
         <OffenseCode>35-43-4-2.5 V02</OffenseCode>
         <PlaceCode>40</PlaceCode>
         <BiasCode>88</BiasCode>
         <CSAUCode>C</CSAUCode>
         <SupplementSeq>0</SupplementSeq>
         <UCRNumber>1</UCRNumber>
         <OffenseStatusDate>04/08/2014 17:41:00</OffenseStatusDate>
         <AttemptedCompletedCode>C</AttemptedCompletedCode>
         <CreatorId>STATE_OFFICER11</CreatorId>
         <CreatorDate>04/08/2014 17:42:02</CreatorDate>
         <UpdatorId>STATE_OFFICER11</UpdatorId>
         <UpdatorDate>04/08/2014 17:44:47</UpdatorDate>
      </IncidentOffense>
      <IncidentPerson>
         <ApproxAge>28</ApproxAge>
         <CreatorId>STATE_OFFICER11</CreatorId>
         <CreatorDate>04/08/2014 17:42:28</CreatorDate>
         <UpdatorId>TSTC</UpdatorId>
         <UpdatorDate>05/24/2023 12:41:19</UpdatorDate>
         <Person>
            <PersonId>541</PersonId>
            <RaceCode>I</RaceCode>
            <SexCode>M</SexCode>
            <PersonVerified>Y</PersonVerified>
            <PersonPrimaryName>
               <DOB>04/01/1986 00:00:00</DOB>
               <DateOfInfo>04/08/2014 17:42:20</DateOfInfo>
            </PersonPrimaryName>
            <Alias>
               <NameTypeCode>P</NameTypeCode>
               <DOB>04/01/1986 00:00:00</DOB>
               <DateOfInfo>04/08/2014 17:42:20</DateOfInfo>
            </Alias>
         </Person>
         <IncidentPersonRole>
            <RoleType>S</RoleType>
            <CreatorId>STATE_OFFICER11</CreatorId>
            <CreatorDate>04/08/2014 17:42:28</CreatorDate>
            <UpdatorId>TSTC</UpdatorId>
            <UpdatorDate>08/15/2023 20:32:21</UpdatorDate>
         </IncidentPersonRole>
      </IncidentPerson>
      <IncidentPerson>
         <ApproxAge>34</ApproxAge>
         <ResidentStatusCode>R</ResidentStatusCode>
         <CreatorId>STATE_OFFICER11</CreatorId>
         <CreatorDate>04/08/2014 17:42:44</CreatorDate>
         <UpdatorId>TSTC</UpdatorId>
         <UpdatorDate>05/24/2023 12:41:19</UpdatorDate>
         <Person>
            <PersonId>540</PersonId>
            <RaceCode>M</RaceCode>
            <SexCode>M</SexCode>
            <EthnicityCode>A</EthnicityCode>
            <PersonVerified>Y</PersonVerified>
            <PersonPrimaryName>
               <LastName>Akbar</LastName>
               <FirstName>Allah</FirstName>
               <DOB>04/02/1980 00:00:00</DOB>
               <SSN>3.11776788E8</SSN>
               <DateOfInfo>04/07/2014 16:44:23</DateOfInfo>
               <SLastName>A216</SLastName>
               <SFirstName>A400</SFirstName>
            </PersonPrimaryName>
            <Alias>
               <NameTypeCode>P</NameTypeCode>
               <LastName>Akbar</LastName>
               <FirstName>Allah</FirstName>
               <DOB>04/02/1980 00:00:00</DOB>
               <SSN>3.11776788E8</SSN>
               <SLastName>A216</SLastName>
               <SFirstName>A400</SFirstName>
               <DateOfInfo>04/07/2014 16:44:23</DateOfInfo>
            </Alias>
            <PersonPhone>
               <PhoneTypeCode>RES</PhoneTypeCode>
               <PhoneArea>303</PhoneArea>
               <PhonePrefix>123</PhonePrefix>
               <PhoneSuffix>1234</PhoneSuffix>
               <DateOfInfo>08/10/2020 00:00:00</DateOfInfo>
            </PersonPhone>
         </Person>
         <IncidentPersonRole>
            <RoleType>V</RoleType>
            <CreatorId>STATE_OFFICER11</CreatorId>
            <CreatorDate>04/08/2014 17:42:44</CreatorDate>
            <UpdatorId>TSTC</UpdatorId>
            <UpdatorDate>08/15/2023 20:32:21</UpdatorDate>
         </IncidentPersonRole>
      </IncidentPerson>
      <IncidentVehicle>
         <VEHICLE_ID>765</VEHICLE_ID>
         <RoleCode>ST</RoleCode>
         <CreatorId>TSTC</CreatorId>
         <CreatorDate>02/08/2019 13:45:10</CreatorDate>
         <UpdatorId>TSTC</UpdatorId>
         <UpdatorDate>02/08/2019 13:45:10</UpdatorDate>
         <DateOfInfo>01/31/2019 13:31:31</DateOfInfo>
         <DateOfInfo>01/31/2019 00:00:00</DateOfInfo>
         <DateOfInfo>11/13/2017 10:46:52</DateOfInfo>
         <DateOfInfo>01/31/2019 13:51:37</DateOfInfo>
         <DateOfInfo>01/31/2019 13:41:58</DateOfInfo>
         <DateOfInfo>12/11/2017 11:36:18</DateOfInfo>
         <DateOfInfo>06/12/2012 00:00:00</DateOfInfo>
         <DateOfInfo>09/26/2012 07:54:47</DateOfInfo>
         <DateOfInfo>09/13/2012 09:43:04</DateOfInfo>
         <DateOfInfo>04/17/2014 16:51:27</DateOfInfo>
         <DateOfInfo>06/11/2012 23:59:59</DateOfInfo>
         <DateOfInfo>08/13/2012 10:08:45</DateOfInfo>
         <DateOfInfo>09/03/2012 11:44:56</DateOfInfo>
         <DateOfInfo>03/20/2014 12:12:08</DateOfInfo>
         <DateOfInfo>11/19/2020 17:59:22</DateOfInfo>
         <DateOfInfo>11/19/2020 17:59:29</DateOfInfo>
         <StatusCode>7</StatusCode>
         <VehicleMakeCode>ABTR</VehicleMakeCode>
         <VehicleModelCode>001</VehicleModelCode>
         <VehicleTypeCode>TR</VehicleTypeCode>
         <VehPriColorCode>BLU</VehPriColorCode>
         <VehPriColorCode>BLU</VehPriColorCode>
         <VehPriColorCode>BLU</VehPriColorCode>
         <VehPriColorCode>TEA</VehPriColorCode>
         <VehPriColorCode>TEA</VehPriColorCode>
         <VehPriColorCode>BLU</VehPriColorCode>
         <VehPriColorCode>BRZ</VehPriColorCode>
         <VehPriColorCode>TEA</VehPriColorCode>
         <VehPriColorCode>TEA</VehPriColorCode>
         <VehSecColorCode>AME</VehSecColorCode>
         <VehSecColorCode>COM</VehSecColorCode>
         <VehSecColorCode>PLE</VehSecColorCode>
         <VehSecColorCode>PNK</VehSecColorCode>
         <VehSecColorCode>BLK</VehSecColorCode>
         <VehSecColorCode>BGE</VehSecColorCode>
         <VehSecColorCode>PLE</VehSecColorCode>
         <VehSecColorCode>PLE</VehSecColorCode>
         <VehicleLicStateCode>IN</VehicleLicStateCode>
         <VehicleLicStateCode>IN</VehicleLicStateCode>
         <VehicleLicStateCode>IN</VehicleLicStateCode>
         <VehicleLicStateCode>IN</VehicleLicStateCode>
         <VehicleLicStateCode>IN</VehicleLicStateCode>
         <VehicleLicStateCode>IN</VehicleLicStateCode>
         <VehicleLicStateCode>NC</VehicleLicStateCode>
         <VehicleLicStateCode>NC</VehicleLicStateCode>
         <VehicleLicStateCode>NC</VehicleLicStateCode>
         <VehicleLicStateCode>NC</VehicleLicStateCode>
         <VehicleLicStateCode>NC</VehicleLicStateCode>
         <VehicleLicStateCode>NC</VehicleLicStateCode>
         <VehicleLicStateCode>NC</VehicleLicStateCode>
         <VehicleLicStateCode>NC</VehicleLicStateCode>
         <VehicleLicStateCode>IN</VehicleLicStateCode>
         <VehicleLicStateCode>IN</VehicleLicStateCode>
         <VehicleLicNumber>NBR 097</VehicleLicNumber>
         <VehicleLicNumber>NBR 097</VehicleLicNumber>
         <VehicleLicNumber>NBR 097</VehicleLicNumber>
         <VehicleLicNumber>NBR 097</VehicleLicNumber>
         <VehicleLicNumber>NBR 097</VehicleLicNumber>
         <VehicleLicNumber>NBR 097</VehicleLicNumber>
         <VehicleLicNumber>AUTOMATION1</VehicleLicNumber>
         <VehicleLicNumber>AUTOMATION1</VehicleLicNumber>
         <VehicleLicNumber>AUTOMATION1</VehicleLicNumber>
         <VehicleLicNumber>AUTOMATION1</VehicleLicNumber>
         <VehicleLicNumber>AUTOMATION2</VehicleLicNumber>
         <VehicleLicNumber>AUTOMATION2</VehicleLicNumber>
         <VehicleLicNumber>AUTOMATION2</VehicleLicNumber>
         <VehicleLicNumber>AUTOMATION2</VehicleLicNumber>
         <VehicleLicNumber>NBR 097</VehicleLicNumber>
         <VehicleLicNumber>NBR 097</VehicleLicNumber>
         <VehicleLicYear>2020</VehicleLicYear>
         <VehicleLicYear>2004</VehicleLicYear>
         <VehicleLicYear>2020</VehicleLicYear>
         <VehicleLicYear>1980</VehicleLicYear>
         <VehicleLicYear>1972</VehicleLicYear>
         <VehicleLicYear>2012</VehicleLicYear>
         <VehicleLicYear>2012</VehicleLicYear>
         <VehicleLicYear>2012</VehicleLicYear>
         <VehicleLicYear>2012</VehicleLicYear>
         <VehicleLicYear>2012</VehicleLicYear>
         <VehicleLicYear>2012</VehicleLicYear>
         <VehicleLicYear>2012</VehicleLicYear>
         <VehicleLicYear>2012</VehicleLicYear>
         <VehicleLicYear>1980</VehicleLicYear>
         <VehicleLicYear>1980</VehicleLicYear>
         <VehicleLicMonth>12</VehicleLicMonth>
         <VehicleLicMonth>12</VehicleLicMonth>
         <VehicleLicMonth>12</VehicleLicMonth>
         <VehicleLicMonth>12</VehicleLicMonth>
         <VehicleLicTypeCode>AQ</VehicleLicTypeCode>
         <VehicleLicTypeCode>DD</VehicleLicTypeCode>
         <VehicleLicTypeCode>CC</VehicleLicTypeCode>
         <VehicleLicTypeCode>CC</VehicleLicTypeCode>
         <VehicleLicTypeCode>LF</VehicleLicTypeCode>
         <VehicleLicTypeCode>LF</VehicleLicTypeCode>
         <VehicleLicTypeCode>LF</VehicleLicTypeCode>
         <VehicleLicTypeCode>LF</VehicleLicTypeCode>
         <VehicleLicTypeCode>JJ</VehicleLicTypeCode>
         <VehicleLicTypeCode>JJ</VehicleLicTypeCode>
         <VehicleLicTypeCode>JJ</VehicleLicTypeCode>
         <VehicleLicTypeCode>JJ</VehicleLicTypeCode>
         <VehicleLicTypeCode>CC</VehicleLicTypeCode>
         <VehicleLicTypeCode>CC</VehicleLicTypeCode>
         <VehConditionCode>BURNED</VehConditionCode>
         <VehDamageDesc>Rear drivers panel</VehDamageDesc>
         <VehicleValue>200000</VehicleValue>
         <VehicleValue>1500</VehicleValue>
         <VehicleValue>1500</VehicleValue>
         <VehicleValue>1250</VehicleValue>
         <VehicleMiscID>12345</VehicleMiscID>
         <VehicleMiscID>12345</VehicleMiscID>
         <VehicleMiscID>12345</VehicleMiscID>
      </IncidentVehicle>
   </IncidentSupplement>
</Incident>