<?xml version="1.0" encoding="UTF-8"?>
<Incident xmlns:xsi="http://www.w3.org/2001/XMLSchema-instance"
          xsi:noNamespaceSchemaLocation="file:///C:/DATA/EJS/SVN_Root/Ejustice/trunk/XMLTransformations/OnlineRMSInternalToIncident/IAOnlineRMSIncidentImport.xsd">
   <IncidentReportNum>2014ISP0000483</IncidentReportNum>
   <AgencyCode>D42</AgencyCode>
   <ORINum>SC0280000</ORINum>
   <ReportDate>07/28/2014 12:59:00</ReportDate>
   <ReportTime>07/28/2014 12:59:00</ReportTime>
   <StartDate>07/28/2014 12:59:00</StartDate>
   <StartTime>07/01/2014 12:59:00</StartTime>
   <Summary>sdfg</Summary>
   <CreatorId>STATE_OFFICER11</CreatorId>
   <CreatorDate>07/28/2014 12:59:03</CreatorDate>
   <UpdatorId>TSTC</UpdatorId>
   <UpdatorDate>09/09/2021 18:46:33</UpdatorDate>
   <IncidentType>
      <IncidentTypeCode>B/H</IncidentTypeCode>
   </IncidentType>
   <IncidentAddress>
      <AddressId>324</AddressId>
      <City>53</City>
      <CreatorId>STATE_OFFICER11</CreatorId>
      <CreatorDate>07/28/2014 12:59:17</CreatorDate>
      <UpdatorId>TSTC</UpdatorId>
      <UpdatorDate>07/28/2014 13:01:14</UpdatorDate>
      <Address>
         <AddressId>324</AddressId>
         <StreetNumber>6482</StreetNumber>
         <StreetName>Brighton</StreetName>
         <StreetTypeCode>ST</StreetTypeCode>
         <City>JASPER</City>
         <StateCode>CO</StateCode>
         <CountryCode>US</CountryCode>
         <Longitude>-104.804302</Longitude>
         <Latitude>39.915093</Latitude>
      </Address>
   </IncidentAddress>
   <IncidentSupplement>
      <SupplementSequence>0</SupplementSequence>
      <IncSupplementStatusCode>A</IncSupplementStatusCode>
      <SuppReportDate>07/28/2014 12:59:03</SuppReportDate>
      <SuppReportTime>07/28/2014 12:59:03</SuppReportTime>
      <AgencyOnly>N</AgencyOnly>
      <SecurityLevel>1201</SecurityLevel>
      <SuppAgencyCode>D42</SuppAgencyCode>
      <UnknownNoOffenders>Y</UnknownNoOffenders>
      <DsIcrDate>07/28/2014 13:02:47</DsIcrDate>
      <DsIcrSubmissionStatus>FAILED VALIDATION</DsIcrSubmissionStatus>
      <CreatorId>STATE_OFFICER11</CreatorId>
      <CreatorDate>07/28/2014 12:59:03</CreatorDate>
      <UpdatorId>TSTC</UpdatorId>
      <UpdatorDate>08/05/2021 17:38:22</UpdatorDate>
      <IncidentSuppNarrative>
         <NarrativeNumber>1</NarrativeNumber>
         <NarrativeTitle>Original Narrative</NarrativeTitle>
         <NarrativeText>&amp;nbsp;sdfg</NarrativeText>
         <CreatorId>STATE_OFFICER11</CreatorId>
         <CreatorDate>07/28/2014 12:59:26</CreatorDate>
         <UpdatorId>STATE_OFFICER11</UpdatorId>
         <UpdatorDate>07/28/2014 12:59:26</UpdatorDate>
      </IncidentSuppNarrative>
      <IncidentOfficer>
         <OfficerRoleCode>P</OfficerRoleCode>
         <Officer>
            <AgencyCode>D42</AgencyCode>
            <ORINumber>SC0280000</ORINumber>
            <LastName>Ranz</LastName>
            <FirstName>Greg</FirstName>
            <InternalID>9696</InternalID>
         </Officer>
      </IncidentOfficer>
      <IncidentOfficer>
         <OfficerRoleCode>R</OfficerRoleCode>
         <Officer>
            <AgencyCode>D42</AgencyCode>
            <ORINumber>SC0280000</ORINumber>
            <LastName>Ranz</LastName>
            <FirstName>Greg</FirstName>
            <InternalID>9696</InternalID>
         </Officer>
      </IncidentOfficer>
   </IncidentSupplement>
   <IncidentSupplement>
      <SupplementSequence>1</SupplementSequence>
      <IncSupplementStatusCode>A</IncSupplementStatusCode>
      <SuppReportDate>07/28/2014 13:01:38</SuppReportDate>
      <SuppReportTime>07/28/2014 13:01:38</SuppReportTime>
      <AgencyOnly>N</AgencyOnly>
      <SecurityLevel>1201</SecurityLevel>
      <SuppAgencyCode>D42</SuppAgencyCode>
      <UnknownNoOffenders>N</UnknownNoOffenders>
      <DsIcrDate>07/28/2014 13:02:47</DsIcrDate>
      <DsIcrSubmissionStatus>FAILED VALIDATION</DsIcrSubmissionStatus>
      <CreatorId>STATE_OFFICER11</CreatorId>
      <CreatorDate>07/28/2014 13:01:38</CreatorDate>
      <UpdatorId>TSTC</UpdatorId>
      <UpdatorDate>08/05/2021 17:38:22</UpdatorDate>
      <IncidentSuppNarrative>
         <NarrativeNumber>1</NarrativeNumber>
         <NarrativeTitle>Supplement#1 - Narrative</NarrativeTitle>
         <NarrativeText>&amp;nbsp;asdfg</NarrativeText>
         <CreatorId>STATE_OFFICER11</CreatorId>
         <CreatorDate>07/28/2014 13:02:41</CreatorDate>
         <UpdatorId>STATE_OFFICER11</UpdatorId>
         <UpdatorDate>07/28/2014 13:02:41</UpdatorDate>
      </IncidentSuppNarrative>
      <IncidentOfficer>
         <OfficerRoleCode>P</OfficerRoleCode>
         <Officer>
            <AgencyCode>D42</AgencyCode>
            <ORINumber>SC0280000</ORINumber>
            <LastName>Ranz</LastName>
            <FirstName>Greg</FirstName>
            <InternalID>9696</InternalID>
         </Officer>
      </IncidentOfficer>
      <IncidentOfficer>
         <OfficerRoleCode>R</OfficerRoleCode>
         <Officer>
            <AgencyCode>D42</AgencyCode>
            <ORINumber>SC0280000</ORINumber>
            <LastName>Ranz</LastName>
            <FirstName>Greg</FirstName>
            <InternalID>9696</InternalID>
         </Officer>
      </IncidentOfficer>
      <IncidentOffense>
         <IncidentId>1867</IncidentId>
         <OffenseNumber>1</OffenseNumber>
         <OffenseStatusCode>00</OffenseStatusCode>
         <OffenseCode>35-42-2-1.5</OffenseCode>
         <PlaceCode>40</PlaceCode>
         <BiasCode>88</BiasCode>
         <CSAUCode>C</CSAUCode>
         <SupplementSeq>1</SupplementSeq>
         <UCRNumber>1</UCRNumber>
         <OffenseStatusDate>07/28/2014 13:01:00</OffenseStatusDate>
         <AttemptedCompletedCode>C</AttemptedCompletedCode>
         <ArrestChargeCode>35-42-2-1.5</ArrestChargeCode>
         <CreatorId>STATE_OFFICER11</CreatorId>
         <CreatorDate>07/28/2014 13:02:09</CreatorDate>
         <UpdatorId>STATE_OFFICER11</UpdatorId>
         <UpdatorDate>07/28/2014 13:02:09</UpdatorDate>
      </IncidentOffense>
      <IncidentPerson>
         <ApproxAge>53</ApproxAge>
         <ResidentStatusCode>U</ResidentStatusCode>
         <CreatorId>MMOUSE@GMAIL.COM</CreatorId>
         <CreatorDate>07/28/2014 13:02:28</CreatorDate>
         <UpdatorId>TSTC</UpdatorId>
         <UpdatorDate>05/24/2023 12:41:19</UpdatorDate>
         <Person>
            <PersonId>383</PersonId>
            <RaceCode>P</RaceCode>
            <SexCode>M</SexCode>
            <EthnicityCode>H</EthnicityCode>
            <PersonVerified>Y</PersonVerified>
            <PersonPrimaryName>
               <LastName>Agui</LastName>
               <FirstName>CARRERAS</FirstName>
               <DOB>08/19/1967 00:00:00</DOB>
               <DateOfInfo>09/05/2012 00:00:00</DateOfInfo>
               <SLastName>A200</SLastName>
               <SFirstName>C662</SFirstName>
            </PersonPrimaryName>
            <PersonPrimaryName>
               <LastName>Ign</LastName>
               <FirstName>Test</FirstName>
               <DOB>01/01/1986 00:00:00</DOB>
               <DateOfInfo>01/14/2013 00:00:00</DateOfInfo>
               <SLastName>I250</SLastName>
               <SFirstName>T230</SFirstName>
            </PersonPrimaryName>
            <PersonPrimaryName>
               <LastName>Aguero</LastName>
               <FirstName>Carlos</FirstName>
               <DOB>03/03/1979 00:00:00</DOB>
               <DateOfInfo>03/20/2013 00:00:00</DateOfInfo>
               <SLastName>A260</SLastName>
               <SFirstName>C642</SFirstName>
            </PersonPrimaryName>
            <PersonPrimaryName>
               <LastName>Aguero</LastName>
               <FirstName>Carlosena</FirstName>
               <MiddleName>Java</MiddleName>
               <DOB>06/22/1961 00:00:00</DOB>
               <SSN>1.23456789E8</SSN>
               <DateOfInfo>07/11/2013 00:00:00</DateOfInfo>
               <SLastName>A260</SLastName>
               <SFirstName>C642</SFirstName>
            </PersonPrimaryName>
            <PersonPrimaryName>
               <LastName>Dsfq</LastName>
               <FirstName>Joe</FirstName>
               <DOB>05/10/2020 00:00:00</DOB>
               <SSN>9.88888888E8</SSN>
               <TitleCode>JR</TitleCode>
               <DateOfInfo>04/12/2016 00:00:00</DateOfInfo>
               <SLastName>D212</SLastName>
               <SFirstName>J000</SFirstName>
            </PersonPrimaryName>
            <Alias>
               <NameTypeCode>N</NameTypeCode>
               <LastName>Agui</LastName>
               <FirstName>CARRERAS</FirstName>
               <DOB>08/19/1967 00:00:00</DOB>
               <SLastName>A200</SLastName>
               <SFirstName>C662</SFirstName>
               <DateOfInfo>09/05/2012 00:00:00</DateOfInfo>
            </Alias>
            <Alias>
               <NameTypeCode>A</NameTypeCode>
               <LastName>Ign</LastName>
               <FirstName>Test</FirstName>
               <DOB>01/01/1986 00:00:00</DOB>
               <SLastName>I250</SLastName>
               <SFirstName>T230</SFirstName>
               <DateOfInfo>01/14/2013 00:00:00</DateOfInfo>
            </Alias>
            <Alias>
               <NameTypeCode>A</NameTypeCode>
               <LastName>Aguero</LastName>
               <FirstName>Carlos</FirstName>
               <DOB>03/03/1979 00:00:00</DOB>
               <SLastName>A260</SLastName>
               <SFirstName>C642</SFirstName>
               <DateOfInfo>03/20/2013 00:00:00</DateOfInfo>
            </Alias>
            <Alias>
               <NameTypeCode>A</NameTypeCode>
               <LastName>Aguero</LastName>
               <FirstName>Carlosena</FirstName>
               <MiddleName>Java</MiddleName>
               <DOB>06/22/1961 00:00:00</DOB>
               <SSN>1.23456789E8</SSN>
               <SLastName>A260</SLastName>
               <SFirstName>C642</SFirstName>
               <DateOfInfo>07/11/2013 00:00:00</DateOfInfo>
            </Alias>
            <Alias>
               <NameTypeCode>P</NameTypeCode>
               <LastName>Dsfq</LastName>
               <FirstName>Joe</FirstName>
               <DOB>05/10/2020 00:00:00</DOB>
               <SSN>9.88888888E8</SSN>
               <TitleCode>JR</TitleCode>
               <SLastName>D212</SLastName>
               <SFirstName>J000</SFirstName>
               <DateOfInfo>04/12/2016 00:00:00</DateOfInfo>
            </Alias>
            <PersonPhone>
               <PhoneTypeCode>RES</PhoneTypeCode>
               <PhoneArea>444</PhoneArea>
               <PhonePrefix>555</PhonePrefix>
               <PhoneSuffix>6666</PhoneSuffix>
               <DateOfInfo>11/18/2014 00:00:00</DateOfInfo>
            </PersonPhone>
            <PersonPhone>
               <PhoneTypeCode>CEL</PhoneTypeCode>
               <PhoneArea>777</PhoneArea>
               <PhonePrefix>777</PhonePrefix>
               <PhoneSuffix>7777</PhoneSuffix>
               <DateOfInfo>06/06/2017 00:00:00</DateOfInfo>
            </PersonPhone>
         </Person>
         <IncidentPersonRole>
            <RoleType>V</RoleType>
            <CreatorId>STATE_OFFICER11</CreatorId>
            <CreatorDate>07/28/2014 13:02:28</CreatorDate>
            <UpdatorId>TSTC</UpdatorId>
            <UpdatorDate>08/15/2023 20:32:21</UpdatorDate>
         </IncidentPersonRole>
      </IncidentPerson>
   </IncidentSupplement>
</Incident>