<?xml version="1.0" encoding="UTF-8"?>
<Incident xmlns:xsi="http://www.w3.org/2001/XMLSchema-instance"
          xsi:noNamespaceSchemaLocation="file:///C:/DATA/EJS/SVN_Root/Ejustice/trunk/XMLTransformations/OnlineRMSInternalToIncident/IAOnlineRMSIncidentImport.xsd">
   <IncidentReportNum>2014ISP0000442</IncidentReportNum>
   <AgencyCode>D42</AgencyCode>
   <ORINum>SC0280000</ORINum>
   <ReportDate>06/30/2014 14:03:00</ReportDate>
   <ReportTime>06/30/2014 14:03:00</ReportTime>
   <StartDate>06/30/2014 14:03:00</StartDate>
   <StartTime>06/01/2014 14:03:00</StartTime>
   <Summary>test</Summary>
   <CreatorId>STATE_OFFICER13</CreatorId>
   <CreatorDate>06/30/2014 14:03:27</CreatorDate>
   <UpdatorId>TSTC</UpdatorId>
   <UpdatorDate>09/09/2021 18:46:34</UpdatorDate>
   <IncidentType>
      <IncidentTypeCode>B/B</IncidentTypeCode>
   </IncidentType>
   <IncidentAddress>
      <AddressId>120</AddressId>
      <Beat>104</Beat>
      <SubBeat>West Patrol</SubBeat>
      <City>7</City>
      <CreatorId>STATE_OFFICER13</CreatorId>
      <CreatorDate>06/30/2014 14:03:39</CreatorDate>
      <UpdatorId>TSTC</UpdatorId>
      <UpdatorDate>06/20/2017 10:41:26</UpdatorDate>
      <Address>
         <AddressId>120</AddressId>
         <StreetNumber>100</StreetNumber>
         <StreetName>Ash</StreetName>
         <StreetTypeCode>ST</StreetTypeCode>
         <City>INDIANAPOLIS</City>
         <StateCode>IN</StateCode>
         <Zip5>01234</Zip5>
         <Zip4>7777</Zip4>
         <CountryCode>US</CountryCode>
         <Beat>Test</Beat>
         <SubBeat>Area</SubBeat>
         <Longitude>-86.26354</Longitude>
         <Latitude>39.95494</Latitude>
         <AddressCommonName>
            <CommonPlaceName>Health Center</CommonPlaceName>
         </AddressCommonName>
      </Address>
   </IncidentAddress>
   <IncidentSupplement>
      <SupplementSequence>0</SupplementSequence>
      <IncSupplementStatusCode>A</IncSupplementStatusCode>
      <SuppReportDate>06/30/2014 14:03:27</SuppReportDate>
      <SuppReportTime>06/30/2014 14:03:27</SuppReportTime>
      <AgencyOnly>N</AgencyOnly>
      <SecurityLevel>1100</SecurityLevel>
      <SuppAgencyCode>D42</SuppAgencyCode>
      <UnknownNoOffenders>N</UnknownNoOffenders>
      <DsIcrDate>06/20/2017 11:00:28</DsIcrDate>
      <DsIcrSubmissionStatus>READY TO BE PROCESSED-ORIGINAL</DsIcrSubmissionStatus>
      <CreatorId>STATE_OFFICER13</CreatorId>
      <CreatorDate>06/30/2014 14:03:27</CreatorDate>
      <UpdatorId>TSTC</UpdatorId>
      <UpdatorDate>08/05/2021 17:38:21</UpdatorDate>
      <IncidentSuppNarrative>
         <NarrativeNumber>1</NarrativeNumber>
         <NarrativeTitle>Original Narrative</NarrativeTitle>
         <NarrativeText>test</NarrativeText>
         <CreatorId>STATE_OFFICER13</CreatorId>
         <CreatorDate>06/30/2014 14:04:02</CreatorDate>
         <UpdatorId>STATE_OFFICER13</UpdatorId>
         <UpdatorDate>06/30/2014 14:04:02</UpdatorDate>
      </IncidentSuppNarrative>
      <IncidentOfficer>
         <OfficerRoleCode>P</OfficerRoleCode>
         <Officer>
            <AgencyCode>D42</AgencyCode>
            <ORINumber>SC0280000</ORINumber>
            <LastName>L'ivangood</LastName>
            <FirstName>D'erek</FirstName>
            <InternalID>0013</InternalID>
         </Officer>
      </IncidentOfficer>
      <IncidentOfficer>
         <OfficerRoleCode>P</OfficerRoleCode>
         <Officer>
            <AgencyCode>D42</AgencyCode>
            <ORINumber>SC0280000</ORINumber>
            <LastName>Ranz</LastName>
            <FirstName>Greg</FirstName>
            <InternalID>9696</InternalID>
         </Officer>
      </IncidentOfficer>
      <IncidentOfficer>
         <OfficerRoleCode>R</OfficerRoleCode>
         <Officer>
            <AgencyCode>D42</AgencyCode>
            <ORINumber>SC0280000</ORINumber>
            <LastName>L'ivangood</LastName>
            <FirstName>D'erek</FirstName>
            <InternalID>0013</InternalID>
         </Officer>
      </IncidentOfficer>
      <IncidentOffense>
         <IncidentId>1777</IncidentId>
         <OffenseNumber>1</OffenseNumber>
         <OffenseStatusCode>00</OffenseStatusCode>
         <OffenseCode>35-43-2-1  B05</OffenseCode>
         <PlaceCode>06</PlaceCode>
         <BiasCode>44</BiasCode>
         <CSAUCode>C</CSAUCode>
         <SupplementSeq>0</SupplementSeq>
         <UCRNumber>1</UCRNumber>
         <OffenseStatusDate>06/30/2014 14:03:00</OffenseStatusDate>
         <ForcedEntryCode>N</ForcedEntryCode>
         <AttemptedCompletedCode>C</AttemptedCompletedCode>
         <ArrestChargeCode>35-43-2-1  B05</ArrestChargeCode>
         <CreatorId>STATE_OFFICER11</CreatorId>
         <CreatorDate>06/20/2017 10:41:07</CreatorDate>
         <UpdatorId>STATE_OFFICER11</UpdatorId>
         <UpdatorDate>06/20/2017 11:00:18</UpdatorDate>
      </IncidentOffense>
      <IncidentPerson>
         <ApproxAge>43</ApproxAge>
         <ClearMultiArrestCode>N</ClearMultiArrestCode>
         <CreatorId>STATE_OFFICER11</CreatorId>
         <CreatorDate>06/20/2017 10:42:37</CreatorDate>
         <UpdatorId>TSTC</UpdatorId>
         <UpdatorDate>05/24/2023 12:41:21</UpdatorDate>
         <Person>
            <PersonId>885</PersonId>
            <RaceCode>B</RaceCode>
            <SexCode>F</SexCode>
            <PersonVerified>Y</PersonVerified>
            <PersonPrimaryName>
               <LastName>Person01</LastName>
               <FirstName>Incident</FirstName>
               <DOB>11/01/1970 00:00:00</DOB>
               <SSN>1.11111111E8</SSN>
               <DateOfInfo>06/06/2017 16:21:14</DateOfInfo>
               <SLastName>P625</SLastName>
               <SFirstName>I523</SFirstName>
            </PersonPrimaryName>
            <PersonPrimaryName>
               <LastName>Lawless</LastName>
               <FirstName>Lucy</FirstName>
               <DOB>06/01/2017 00:00:00</DOB>
               <DateOfInfo>06/06/2017 00:00:00</DateOfInfo>
               <SLastName>L420</SLastName>
               <SFirstName>L200</SFirstName>
            </PersonPrimaryName>
            <Alias>
               <NameTypeCode>P</NameTypeCode>
               <LastName>Person01</LastName>
               <FirstName>Incident</FirstName>
               <DOB>11/01/1970 00:00:00</DOB>
               <SSN>1.11111111E8</SSN>
               <SLastName>P625</SLastName>
               <SFirstName>I523</SFirstName>
               <DateOfInfo>06/06/2017 16:21:14</DateOfInfo>
            </Alias>
            <Alias>
               <NameTypeCode>M</NameTypeCode>
               <LastName>Lawless</LastName>
               <FirstName>Lucy</FirstName>
               <DOB>06/01/2017 00:00:00</DOB>
               <SLastName>L420</SLastName>
               <SFirstName>L200</SFirstName>
               <DateOfInfo>06/06/2017 00:00:00</DateOfInfo>
            </Alias>
            <PersonAddress>
               <StreetNumber>2740</StreetNumber>
               <StreetDirCode>N</StreetDirCode>
               <StreetName>ADDISON MEADOWS</StreetName>
               <StreetTypeCode>LN</StreetTypeCode>
               <SubTypeCode>BSMT</SubTypeCode>
               <City>INDIANAPOLIS</City>
               <StateCode>PA</StateCode>
               <Zip5>46203</Zip5>
               <Zip4>5555</Zip4>
               <Longitude>-86.059884</Longitude>
               <Latitude>39.728722</Latitude>
               <Beat>Test</Beat>
               <SubBeat>Area</SubBeat>
            </PersonAddress>
         </Person>
         <IncidentPersonRole>
            <RoleType>A</RoleType>
            <CreatorId>STATE_OFFICER11</CreatorId>
            <CreatorDate>06/20/2017 10:42:37</CreatorDate>
            <UpdatorId>TSTC</UpdatorId>
            <UpdatorDate>08/15/2023 20:32:23</UpdatorDate>
         </IncidentPersonRole>
         <IncidentPersonRole>
            <RoleType>S</RoleType>
            <CreatorId>STATE_OFFICER11</CreatorId>
            <CreatorDate>06/20/2017 10:42:37</CreatorDate>
            <UpdatorId>TSTC</UpdatorId>
            <UpdatorDate>08/15/2023 20:32:23</UpdatorDate>
         </IncidentPersonRole>
      </IncidentPerson>
      <IncidentPerson>
         <ApproxAge>34</ApproxAge>
         <ResidentStatusCode>R</ResidentStatusCode>
         <CreatorId>STATE_OFFICER11</CreatorId>
         <CreatorDate>06/20/2017 10:43:14</CreatorDate>
         <UpdatorId>TSTC</UpdatorId>
         <UpdatorDate>05/24/2023 12:41:21</UpdatorDate>
         <Person>
            <PersonId>886</PersonId>
            <RaceCode>B</RaceCode>
            <SexCode>F</SexCode>
            <EthnicityCode>U</EthnicityCode>
            <PersonVerified>Y</PersonVerified>
            <PersonPrimaryName>
               <LastName>Person02</LastName>
               <FirstName>Incident</FirstName>
               <DOB>06/01/1980 00:00:00</DOB>
               <SSN>2.22222222E8</SSN>
               <DateOfInfo>06/06/2017 16:22:21</DateOfInfo>
               <SLastName>P625</SLastName>
               <SFirstName>I523</SFirstName>
            </PersonPrimaryName>
            <PersonPrimaryName>
               <LastName>Person02</LastName>
               <FirstName>Lady</FirstName>
               <DOB>06/01/1980 00:00:00</DOB>
               <DateOfInfo>06/06/2017 00:00:00</DateOfInfo>
               <SLastName>P625</SLastName>
               <SFirstName>L300</SFirstName>
            </PersonPrimaryName>
            <PersonPrimaryName>
               <LastName>Person02</LastName>
               <FirstName>Girl</FirstName>
               <DOB>06/01/2016 00:00:00</DOB>
               <DateOfInfo>06/06/2017 00:00:00</DateOfInfo>
               <SLastName>P625</SLastName>
               <SFirstName>G640</SFirstName>
            </PersonPrimaryName>
            <Alias>
               <NameTypeCode>P</NameTypeCode>
               <LastName>Person02</LastName>
               <FirstName>Incident</FirstName>
               <DOB>06/01/1980 00:00:00</DOB>
               <SSN>2.22222222E8</SSN>
               <SLastName>P625</SLastName>
               <SFirstName>I523</SFirstName>
               <DateOfInfo>06/06/2017 16:22:21</DateOfInfo>
            </Alias>
            <Alias>
               <NameTypeCode>M</NameTypeCode>
               <LastName>Person02</LastName>
               <FirstName>Lady</FirstName>
               <DOB>06/01/1980 00:00:00</DOB>
               <SLastName>P625</SLastName>
               <SFirstName>L300</SFirstName>
               <DateOfInfo>06/06/2017 00:00:00</DateOfInfo>
            </Alias>
            <Alias>
               <NameTypeCode>A</NameTypeCode>
               <LastName>Person02</LastName>
               <FirstName>Girl</FirstName>
               <DOB>06/01/2016 00:00:00</DOB>
               <SLastName>P625</SLastName>
               <SFirstName>G640</SFirstName>
               <DateOfInfo>06/06/2017 00:00:00</DateOfInfo>
            </Alias>
            <PersonAddress>
               <StreetNumber>100</StreetNumber>
               <StreetDirCode>N</StreetDirCode>
               <StreetName>Ash</StreetName>
               <StreetTypeCode>ST</StreetTypeCode>
               <City>Advance</City>
               <StateCode>IN</StateCode>
               <Zip5>46102</Zip5>
               <CountryCode>US</CountryCode>
               <Longitude>-86.3994728628525</Longitude>
               <Latitude>39.69873135420444</Latitude>
            </PersonAddress>
         </Person>
         <IncidentPersonRole>
            <RoleType>V</RoleType>
            <CreatorId>STATE_OFFICER11</CreatorId>
            <CreatorDate>06/20/2017 10:43:15</CreatorDate>
            <UpdatorId>TSTC</UpdatorId>
            <UpdatorDate>08/15/2023 20:32:23</UpdatorDate>
         </IncidentPersonRole>
      </IncidentPerson>
      <IncidentPerson>
         <ApproxAge>24</ApproxAge>
         <ResidentStatusCode>R</ResidentStatusCode>
         <CreatorId>STATE_OFFICER11</CreatorId>
         <CreatorDate>06/20/2017 10:43:32</CreatorDate>
         <UpdatorId>TSTC</UpdatorId>
         <UpdatorDate>05/24/2023 12:41:21</UpdatorDate>
         <Person>
            <PersonId>887</PersonId>
            <RaceCode>B</RaceCode>
            <SexCode>F</SexCode>
            <EthnicityCode>N</EthnicityCode>
            <PersonVerified>Y</PersonVerified>
            <PersonPrimaryName>
               <LastName>Person03</LastName>
               <FirstName>Gal</FirstName>
               <DOB>06/01/1990 00:00:00</DOB>
               <DateOfInfo>06/06/2017 00:00:00</DateOfInfo>
               <SLastName>P625</SLastName>
               <SFirstName>G400</SFirstName>
            </PersonPrimaryName>
            <PersonPrimaryName>
               <LastName>Person03</LastName>
               <FirstName>Incident</FirstName>
               <DOB>06/01/1990 00:00:00</DOB>
               <SSN>3.33333333E8</SSN>
               <DateOfInfo>06/06/2017 16:24:48</DateOfInfo>
               <SLastName>P625</SLastName>
               <SFirstName>I523</SFirstName>
            </PersonPrimaryName>
            <Alias>
               <NameTypeCode>A</NameTypeCode>
               <LastName>Person03</LastName>
               <FirstName>Gal</FirstName>
               <DOB>06/01/1990 00:00:00</DOB>
               <SLastName>P625</SLastName>
               <SFirstName>G400</SFirstName>
               <DateOfInfo>06/06/2017 00:00:00</DateOfInfo>
            </Alias>
            <Alias>
               <NameTypeCode>P</NameTypeCode>
               <LastName>Person03</LastName>
               <FirstName>Incident</FirstName>
               <DOB>06/01/1990 00:00:00</DOB>
               <SSN>3.33333333E8</SSN>
               <SLastName>P625</SLastName>
               <SFirstName>I523</SFirstName>
               <DateOfInfo>06/06/2017 16:24:48</DateOfInfo>
            </Alias>
            <PersonAddress>
               <StreetNumber>123</StreetNumber>
               <StreetDirCode>N</StreetDirCode>
               <StreetName>Automation</StreetName>
               <StreetTypeCode>RD</StreetTypeCode>
               <SubTypeCode>TRLR</SubTypeCode>
               <CountryCode>US</CountryCode>
               <Beat>104</Beat>
               <SubBeat>West Patrol</SubBeat>
            </PersonAddress>
         </Person>
         <IncidentPersonRole>
            <RoleType>DR</RoleType>
            <CreatorId>STATE_OFFICER11</CreatorId>
            <CreatorDate>06/20/2017 10:43:32</CreatorDate>
            <UpdatorId>TSTC</UpdatorId>
            <UpdatorDate>08/15/2023 20:32:23</UpdatorDate>
         </IncidentPersonRole>
      </IncidentPerson>
      <IncidentProperty>
         <RoleCode>7</RoleCode>
         <CreatorId>STATE_OFFICER11</CreatorId>
         <CreatorDate>06/20/2017 10:44:43</CreatorDate>
         <UpdatorId>TSTC</UpdatorId>
         <UpdatorDate>08/10/2017 23:00:19</UpdatorDate>
         <DateOfInfo>06/20/2017 00:00:00</DateOfInfo>
         <StatusCode>7</StatusCode>
         <DocumentTypeCode>P</DocumentTypeCode>
         <PropertyTypeCode>440</PropertyTypeCode>
         <PropertyValue>100</PropertyValue>
         <Value>100</Value>
         <Evidence>Y</Evidence>
         <EvidenceFlag>Y</EvidenceFlag>
         <ExternalEvidenceId>685</ExternalEvidenceId>
         <Property_ID>1611</Property_ID>
         <Quantity>1</Quantity>
      </IncidentProperty>
   </IncidentSupplement>
</Incident>