<?xml version="1.0" encoding="UTF-8"?>
<Incident xmlns:xsi="http://www.w3.org/2001/XMLSchema-instance"
          xsi:noNamespaceSchemaLocation="file:///C:/DATA/EJS/SVN_Root/Ejustice/trunk/XMLTransformations/OnlineRMSInternalToIncident/IAOnlineRMSIncidentImport.xsd">
   <IncidentReportNum>2014ISP0000536</IncidentReportNum>
   <AgencyCode>D42</AgencyCode>
   <ORINum>SC0280000</ORINum>
   <ReportDate>10/03/2014 15:19:00</ReportDate>
   <ReportTime>10/03/2014 15:19:00</ReportTime>
   <StartDate>10/03/2014 15:19:00</StartDate>
   <StartTime>10/01/2014 15:19:00</StartTime>
   <CreatorId>STATE_OFFICER11</CreatorId>
   <CreatorDate>10/03/2014 15:19:39</CreatorDate>
   <UpdatorId>TSTC</UpdatorId>
   <UpdatorDate>09/09/2021 18:46:35</UpdatorDate>
   <IncidentType>
      <IncidentTypeCode>B/H</IncidentTypeCode>
   </IncidentType>
   <IncidentAddress>
      <AddressId>465</AddressId>
      <City>1</City>
      <CreatorId>STATE_OFFICER11</CreatorId>
      <CreatorDate>10/03/2014 15:21:25</CreatorDate>
      <UpdatorId>TSTC</UpdatorId>
      <UpdatorDate>10/03/2014 15:22:22</UpdatorDate>
      <Address>
         <AddressId>465</AddressId>
         <StreetNumber>200</StreetNumber>
         <StreetDirCode>E</StreetDirCode>
         <StreetName>Colfax</StreetName>
         <StreetTypeCode>AVE</StreetTypeCode>
         <City>Denver</City>
         <StateCode>CO</StateCode>
         <Zip5>80203</Zip5>
         <CountryCode>US</CountryCode>
      </Address>
   </IncidentAddress>
   <IncidentSupplement>
      <SupplementSequence>0</SupplementSequence>
      <IncSupplementStatusCode>A</IncSupplementStatusCode>
      <SuppReportDate>10/03/2014 15:19:39</SuppReportDate>
      <SuppReportTime>10/03/2014 15:19:39</SuppReportTime>
      <AgencyOnly>N</AgencyOnly>
      <SecurityLevel>1201</SecurityLevel>
      <SuppAgencyCode>D42</SuppAgencyCode>
      <UnknownNoOffenders>N</UnknownNoOffenders>
      <DsIcrDate>10/03/2014 15:25:48</DsIcrDate>
      <DsIcrSubmissionStatus>FAILED VALIDATION</DsIcrSubmissionStatus>
      <CreatorId>STATE_OFFICER11</CreatorId>
      <CreatorDate>10/03/2014 15:19:39</CreatorDate>
      <UpdatorId>TSTC</UpdatorId>
      <UpdatorDate>08/05/2021 17:38:22</UpdatorDate>
      <IncidentSuppNarrative>
         <NarrativeNumber>1</NarrativeNumber>
         <NarrativeTitle>Original Narrative</NarrativeTitle>
         <NarrativeText>test</NarrativeText>
         <CreatorId>STATE_OFFICER11</CreatorId>
         <CreatorDate>10/03/2014 15:24:48</CreatorDate>
         <UpdatorId>STATE_OFFICER11</UpdatorId>
         <UpdatorDate>10/03/2014 15:24:48</UpdatorDate>
      </IncidentSuppNarrative>
      <IncidentOfficer>
         <OfficerRoleCode>P</OfficerRoleCode>
         <Officer>
            <AgencyCode>D42</AgencyCode>
            <ORINumber>SC0280000</ORINumber>
            <LastName>Ranz</LastName>
            <FirstName>Greg</FirstName>
            <InternalID>9696</InternalID>
         </Officer>
      </IncidentOfficer>
      <IncidentOfficer>
         <OfficerRoleCode>R</OfficerRoleCode>
         <Officer>
            <AgencyCode>D42</AgencyCode>
            <ORINumber>SC0280000</ORINumber>
            <LastName>Ranz</LastName>
            <FirstName>Greg</FirstName>
            <InternalID>9696</InternalID>
         </Officer>
      </IncidentOfficer>
      <IncidentOffense>
         <IncidentId>1949</IncidentId>
         <OffenseNumber>1</OffenseNumber>
         <OffenseStatusCode>00</OffenseStatusCode>
         <OffenseCode>35-43-1-1A(2)</OffenseCode>
         <PlaceCode>40</PlaceCode>
         <BiasCode>88</BiasCode>
         <CSAUCode>C</CSAUCode>
         <SupplementSeq>0</SupplementSeq>
         <UCRNumber>1</UCRNumber>
         <OffenseStatusDate>10/03/2014 15:21:00</OffenseStatusDate>
         <AttemptedCompletedCode>C</AttemptedCompletedCode>
         <CreatorId>STATE_OFFICER11</CreatorId>
         <CreatorDate>10/03/2014 15:22:07</CreatorDate>
         <UpdatorId>STATE_OFFICER11</UpdatorId>
         <UpdatorDate>10/03/2014 15:22:07</UpdatorDate>
      </IncidentOffense>
      <IncidentPerson>
         <ApproxAge>39</ApproxAge>
         <CreatorId>STATE_OFFICER11</CreatorId>
         <CreatorDate>10/03/2014 15:23:36</CreatorDate>
         <UpdatorId>TSTC</UpdatorId>
         <UpdatorDate>05/24/2023 12:41:19</UpdatorDate>
         <Person>
            <PersonId>469</PersonId>
            <RaceCode>W</RaceCode>
            <SexCode>M</SexCode>
            <PersonVerified>Y</PersonVerified>
            <PersonPrimaryName>
               <LastName>Aaberg</LastName>
               <FirstName>Ken</FirstName>
               <DOB>07/09/1975 00:00:00</DOB>
               <SSN>1.23456789E8</SSN>
               <DateOfInfo>07/09/2013 15:43:42</DateOfInfo>
               <SLastName>A162</SLastName>
               <SFirstName>K500</SFirstName>
            </PersonPrimaryName>
            <PersonPrimaryName>
               <LastName>Free</LastName>
               <FirstName>Fredd</FirstName>
               <DateOfInfo>10/22/2018 00:00:00</DateOfInfo>
               <SLastName>F600</SLastName>
               <SFirstName>F630</SFirstName>
            </PersonPrimaryName>
            <Alias>
               <NameTypeCode>P</NameTypeCode>
               <LastName>Aaberg</LastName>
               <FirstName>Ken</FirstName>
               <DOB>07/09/1975 00:00:00</DOB>
               <SSN>1.23456789E8</SSN>
               <SLastName>A162</SLastName>
               <SFirstName>K500</SFirstName>
               <DateOfInfo>07/09/2013 15:43:42</DateOfInfo>
            </Alias>
            <Alias>
               <NameTypeCode>M</NameTypeCode>
               <LastName>Free</LastName>
               <FirstName>Fredd</FirstName>
               <SLastName>F600</SLastName>
               <SFirstName>F630</SFirstName>
               <DateOfInfo>10/22/2018 00:00:00</DateOfInfo>
            </Alias>
            <PersonAddress>
               <StreetNumber>86</StreetNumber>
               <StreetDirCode>NE</StreetDirCode>
               <StreetName>ASHWOOD</StreetName>
               <StreetTypeCode>LN</StreetTypeCode>
               <StreetSuffixCode>N</StreetSuffixCode>
               <City>DILLON</City>
               <CountryCode>US</CountryCode>
               <Beat>Test</Beat>
               <SubBeat>Area</SubBeat>
            </PersonAddress>
            <PersonAddress>
               <StreetNumber>1770</StreetNumber>
               <StreetDirCode>BLK</StreetDirCode>
               <StreetName>Lincoln</StreetName>
               <City>Denver</City>
               <StateCode>CO</StateCode>
               <Zip5>80104</Zip5>
               <CountryCode>US</CountryCode>
               <CountyCode>30</CountyCode>
               <Longitude>-104.999408</Longitude>
               <Latitude>39.739577</Latitude>
            </PersonAddress>
            <PersonAddress>
               <StreetNumber>400</StreetNumber>
               <StreetName>Elm</StreetName>
               <StreetTypeCode>ST</StreetTypeCode>
               <City>Fortville</City>
               <StateCode>IN</StateCode>
               <Zip5>46040</Zip5>
               <CountryCode>US</CountryCode>
               <CountyCode>30</CountyCode>
               <Longitude>-85.84358784985562</Longitude>
               <Latitude>39.93291330899494</Latitude>
            </PersonAddress>
            <PersonAddress>
               <StreetNumber>556</StreetNumber>
               <StreetName>Howard</StreetName>
               <City>Denver</City>
               <StateCode>CO</StateCode>
               <Zip5>80111</Zip5>
               <CountryCode>US</CountryCode>
            </PersonAddress>
            <PersonAddress>
               <StreetNumber>877</StreetNumber>
               <StreetName>Harbor</StreetName>
               <City>INDIANAPOLIS</City>
               <StateCode>IN</StateCode>
               <Zip5>A6221</Zip5>
               <CountyCode>30</CountyCode>
            </PersonAddress>
            <PersonPhone>
               <PhoneTypeCode>RES</PhoneTypeCode>
               <PhoneArea>987</PhoneArea>
               <PhonePrefix>987</PhonePrefix>
               <PhoneSuffix>9876</PhoneSuffix>
               <DateOfInfo>11/18/2014 00:00:00</DateOfInfo>
            </PersonPhone>
            <PersonPhone>
               <PhoneTypeCode>CEL</PhoneTypeCode>
               <PhoneArea>123</PhoneArea>
               <PhonePrefix>123</PhonePrefix>
               <PhoneSuffix>1234</PhoneSuffix>
               <DateOfInfo>11/18/2014 00:00:00</DateOfInfo>
            </PersonPhone>
            <PersonPhone>
               <PhoneTypeCode>CEL</PhoneTypeCode>
               <PhoneArea>111</PhoneArea>
               <PhonePrefix>111</PhonePrefix>
               <PhoneSuffix>1111</PhoneSuffix>
               <PhoneExt>111</PhoneExt>
               <DateOfInfo>10/22/2018 00:00:00</DateOfInfo>
            </PersonPhone>
         </Person>
         <IncidentPersonRole>
            <RoleType>S</RoleType>
            <CreatorId>STATE_OFFICER11</CreatorId>
            <CreatorDate>10/03/2014 15:23:36</CreatorDate>
            <UpdatorId>TSTC</UpdatorId>
            <UpdatorDate>08/15/2023 20:32:18</UpdatorDate>
         </IncidentPersonRole>
      </IncidentPerson>
      <IncidentPerson>
         <ApproxAge>30</ApproxAge>
         <ResidentStatusCode>R</ResidentStatusCode>
         <CreatorId>STATE_OFFICER11</CreatorId>
         <CreatorDate>10/03/2014 15:23:54</CreatorDate>
         <UpdatorId>TSTC</UpdatorId>
         <UpdatorDate>05/24/2023 12:41:19</UpdatorDate>
         <Person>
            <PersonId>466</PersonId>
            <RaceCode>B</RaceCode>
            <SexCode>M</SexCode>
            <PersonVerified>Y</PersonVerified>
            <PersonPrimaryName>
               <LastName>ANDERSON</LastName>
               <FirstName>NATHANIEL</FirstName>
               <MiddleName>NMN</MiddleName>
               <DOB>12/06/1983 00:00:00</DOB>
               <SSN>4.21179205E8</SSN>
               <DateOfInfo>06/19/2013 12:05:17</DateOfInfo>
               <SLastName>A536</SLastName>
               <SFirstName>N354</SFirstName>
            </PersonPrimaryName>
            <Alias>
               <NameTypeCode>P</NameTypeCode>
               <LastName>ANDERSON</LastName>
               <FirstName>NATHANIEL</FirstName>
               <MiddleName>NMN</MiddleName>
               <DOB>12/06/1983 00:00:00</DOB>
               <SSN>4.21179205E8</SSN>
               <SLastName>A536</SLastName>
               <SFirstName>N354</SFirstName>
               <DateOfInfo>06/19/2013 12:05:17</DateOfInfo>
            </Alias>
            <PersonAddress>
               <StreetNumber>6523</StreetNumber>
               <StreetName>Anystreet</StreetName>
               <City>Anytown</City>
               <StateCode>NJ</StateCode>
               <Zip5>45623</Zip5>
               <Zip4>123</Zip4>
               <CountryCode>US</CountryCode>
               <Longitude>-75</Longitude>
               <Latitude>40</Latitude>
               <Beat>104</Beat>
               <SubBeat>West Patrol</SubBeat>
            </PersonAddress>
            <PersonPhone>
               <PhoneTypeCode>CEL</PhoneTypeCode>
               <PhoneArea>123</PhoneArea>
               <PhonePrefix>456</PhonePrefix>
               <PhoneSuffix>7890</PhoneSuffix>
               <DateOfInfo>03/03/2014 00:00:00</DateOfInfo>
            </PersonPhone>
         </Person>
         <IncidentPersonRole>
            <RoleType>V</RoleType>
            <CreatorId>STATE_OFFICER11</CreatorId>
            <CreatorDate>10/03/2014 15:23:54</CreatorDate>
            <UpdatorId>TSTC</UpdatorId>
            <UpdatorDate>08/15/2023 20:32:18</UpdatorDate>
         </IncidentPersonRole>
      </IncidentPerson>
      <IncidentProperty>
         <RoleCode>2</RoleCode>
         <CreatorId>STATE_OFFICER11</CreatorId>
         <CreatorDate>10/03/2014 15:24:36</CreatorDate>
         <UpdatorId>TSTC</UpdatorId>
         <UpdatorDate>08/10/2017 23:00:41</UpdatorDate>
         <DateOfInfo>10/03/2014 00:00:00</DateOfInfo>
         <StatusCode>2</StatusCode>
         <DocumentTypeCode>P</DocumentTypeCode>
         <PropertyTypeCode>304</PropertyTypeCode>
         <PropertyValue>1</PropertyValue>
         <Value>1</Value>
         <Evidence>N</Evidence>
         <EvidenceFlag>N</EvidenceFlag>
         <Property_ID>1117</Property_ID>
         <Quantity>1</Quantity>
      </IncidentProperty>
   </IncidentSupplement>
</Incident>