<?xml version="1.0" encoding="UTF-8"?>
<Incident xmlns:xsi="http://www.w3.org/2001/XMLSchema-instance"
          xsi:noNamespaceSchemaLocation="file:///C:/DATA/EJS/SVN_Root/Ejustice/trunk/XMLTransformations/OnlineRMSInternalToIncident/IAOnlineRMSIncidentImport.xsd">
   <IncidentReportNum>2014ISP0000555</IncidentReportNum>
   <AgencyCode>D42</AgencyCode>
   <ORINum>SC0280000</ORINum>
   <ReportDate>10/21/2014 18:05:00</ReportDate>
   <ReportTime>10/21/2014 18:05:00</ReportTime>
   <StartDate>10/21/2014 18:05:00</StartDate>
   <StartTime>10/01/2014 18:05:00</StartTime>
   <CreatorId>STATE_OFFICER13</CreatorId>
   <CreatorDate>10/21/2014 18:05:40</CreatorDate>
   <UpdatorId>TSTC</UpdatorId>
   <UpdatorDate>09/09/2021 18:46:33</UpdatorDate>
   <IncidentType>
      <IncidentTypeCode>B/V</IncidentTypeCode>
   </IncidentType>
   <IncidentAddress>
      <AddressId>33</AddressId>
      <City>3</City>
      <CreatorId>STATE_OFFICER13</CreatorId>
      <CreatorDate>10/21/2014 18:05:50</CreatorDate>
      <UpdatorId>TSTC</UpdatorId>
      <UpdatorDate>10/21/2014 18:05:53</UpdatorDate>
      <Address>
         <AddressId>33</AddressId>
         <StreetNumber>1106</StreetNumber>
         <StreetName>Downing</StreetName>
         <StreetTypeCode>ST</StreetTypeCode>
         <City>Denver</City>
         <StateCode>CO</StateCode>
         <Zip5>80218</Zip5>
         <CountryCode>US</CountryCode>
         <Longitude>-104.972968</Longitude>
         <Latitude>39.733844</Latitude>
      </Address>
   </IncidentAddress>
   <IncidentSupplement>
      <SupplementSequence>0</SupplementSequence>
      <IncSupplementStatusCode>A</IncSupplementStatusCode>
      <SuppReportDate>10/21/2014 18:05:40</SuppReportDate>
      <SuppReportTime>10/21/2014 18:05:40</SuppReportTime>
      <AgencyOnly>N</AgencyOnly>
      <SecurityLevel>1100</SecurityLevel>
      <SuppAgencyCode>D42</SuppAgencyCode>
      <UnknownNoOffenders>N</UnknownNoOffenders>
      <DsIcrDate>11/04/2014 10:11:32</DsIcrDate>
      <DsIcrSubmissionStatus>NOT REPORTABLE</DsIcrSubmissionStatus>
      <CreatorId>STATE_OFFICER13</CreatorId>
      <CreatorDate>10/21/2014 18:05:40</CreatorDate>
      <UpdatorId>TSTC</UpdatorId>
      <UpdatorDate>08/05/2021 17:38:21</UpdatorDate>
      <IncidentSuppNarrative>
         <NarrativeNumber>1</NarrativeNumber>
         <NarrativeTitle>Original Narrative</NarrativeTitle>
         <NarrativeText>test&lt;br /&gt;</NarrativeText>
         <CreatorId>STATE_OFFICER13</CreatorId>
         <CreatorDate>10/21/2014 18:05:58</CreatorDate>
         <UpdatorId>STATE_OFFICER13</UpdatorId>
         <UpdatorDate>10/21/2014 18:05:58</UpdatorDate>
      </IncidentSuppNarrative>
      <IncidentOfficer>
         <OfficerRoleCode>P</OfficerRoleCode>
         <Officer>
            <AgencyCode>D21</AgencyCode>
            <ORINumber>901234567</ORINumber>
            <LastName>Gordmanson</LastName>
            <FirstName>Christian (osuper)</FirstName>
            <InternalID>70</InternalID>
         </Officer>
      </IncidentOfficer>
      <IncidentOfficer>
         <OfficerRoleCode>R</OfficerRoleCode>
         <Officer>
            <AgencyCode>D42</AgencyCode>
            <ORINumber>SC0280000</ORINumber>
            <LastName>L'ivangood</LastName>
            <FirstName>D'erek</FirstName>
            <InternalID>0015</InternalID>
         </Officer>
      </IncidentOfficer>
   </IncidentSupplement>
</Incident>