<?xml version="1.0" encoding="UTF-8"?>
<Incident xmlns:xsi="http://www.w3.org/2001/XMLSchema-instance"
          xsi:noNamespaceSchemaLocation="file:///C:/DATA/EJS/SVN_Root/Ejustice/trunk/XMLTransformations/OnlineRMSInternalToIncident/IAOnlineRMSIncidentImport.xsd">
   <IncidentReportNum>2015ROOT0099</IncidentReportNum>
   <AgencyCode>D42</AgencyCode>
   <ORINum>SC0280000</ORINum>
   <ReportDate>03/20/2015 16:17:00</ReportDate>
   <ReportTime>03/20/2015 16:17:00</ReportTime>
   <StartDate>03/20/2015 16:17:00</StartDate>
   <StartTime>03/01/2015 16:17:00</StartTime>
   <Summary>est</Summary>
   <CreatorId>STATE_OFFICER11</CreatorId>
   <CreatorDate>03/20/2015 16:17:13</CreatorDate>
   <UpdatorId>TSTC</UpdatorId>
   <UpdatorDate>09/09/2021 18:46:36</UpdatorDate>
   <IncidentType>
      <IncidentTypeCode>CAD</IncidentTypeCode>
   </IncidentType>
   <IncidentAddress>
      <AddressId>491</AddressId>
      <City>14</City>
      <CreatorId>DENNIS.MCCONNEL@INTERACT911.COM</CreatorId>
      <CreatorDate>03/20/2015 16:17:33</CreatorDate>
      <UpdatorId>TSTC</UpdatorId>
      <UpdatorDate>07/12/2017 13:33:45</UpdatorDate>
      <Address>
         <AddressId>491</AddressId>
         <StreetNumber>11173</StreetNumber>
         <StreetDirCode>W</StreetDirCode>
         <StreetName>BROAD</StreetName>
         <StreetTypeCode>ST</StreetTypeCode>
         <City>GLEN ALLEN</City>
         <StateCode>VA</StateCode>
         <Zip5>23060</Zip5>
         <Beat>Test</Beat>
         <SubBeat>Area</SubBeat>
      </Address>
   </IncidentAddress>
   <IncidentSupplement>
      <SupplementSequence>0</SupplementSequence>
      <IncSupplementStatusCode>A</IncSupplementStatusCode>
      <SuppReportDate>03/20/2015 16:17:13</SuppReportDate>
      <SuppReportTime>03/20/2015 16:17:13</SuppReportTime>
      <AgencyOnly>N</AgencyOnly>
      <SecurityLevel>1201</SecurityLevel>
      <SuppAgencyCode>D42</SuppAgencyCode>
      <UnknownNoOffenders>N</UnknownNoOffenders>
      <DsIcrDate>03/20/2015 16:19:29</DsIcrDate>
      <DsIcrSubmissionStatus>PROCESS COMPLETE</DsIcrSubmissionStatus>
      <CreatorId>STATE_OFFICER11</CreatorId>
      <CreatorDate>03/20/2015 16:17:13</CreatorDate>
      <UpdatorId>TSTC</UpdatorId>
      <UpdatorDate>08/05/2021 17:38:24</UpdatorDate>
      <IncidentSuppNarrative>
         <NarrativeNumber>1</NarrativeNumber>
         <NarrativeTitle>Original Narrative</NarrativeTitle>
         <NarrativeText>test</NarrativeText>
         <CreatorId>STATE_OFFICER11</CreatorId>
         <CreatorDate>03/20/2015 16:18:43</CreatorDate>
         <UpdatorId>STATE_OFFICER11</UpdatorId>
         <UpdatorDate>03/20/2015 16:18:43</UpdatorDate>
      </IncidentSuppNarrative>
      <IncidentOfficer>
         <OfficerRoleCode>P</OfficerRoleCode>
         <Officer>
            <AgencyCode>D42</AgencyCode>
            <ORINumber>SC0280000</ORINumber>
            <LastName>Ranz</LastName>
            <FirstName>Greg</FirstName>
            <InternalID>9696</InternalID>
         </Officer>
      </IncidentOfficer>
      <IncidentOfficer>
         <OfficerRoleCode>R</OfficerRoleCode>
         <Officer>
            <AgencyCode>D42</AgencyCode>
            <ORINumber>SC0280000</ORINumber>
            <LastName>Ranz</LastName>
            <FirstName>Greg</FirstName>
            <InternalID>9696</InternalID>
         </Officer>
      </IncidentOfficer>
      <IncidentOffense>
         <IncidentId>2259</IncidentId>
         <OffenseNumber>1</OffenseNumber>
         <OffenseStatusCode>00</OffenseStatusCode>
         <OffenseCode>35-42-1-1  M01        </OffenseCode>
         <PlaceCode>40</PlaceCode>
         <BiasCode>88</BiasCode>
         <CSAUCode>C</CSAUCode>
         <SupplementSeq>0</SupplementSeq>
         <UCRNumber>1</UCRNumber>
         <OffenseStatusDate>03/20/2015 16:17:00</OffenseStatusDate>
         <AttemptedCompletedCode>C</AttemptedCompletedCode>
         <CreatorId>STATE_OFFICER11</CreatorId>
         <CreatorDate>03/20/2015 16:18:00</CreatorDate>
         <UpdatorId>STATE_OFFICER11</UpdatorId>
         <UpdatorDate>03/20/2015 16:18:00</UpdatorDate>
      </IncidentOffense>
      <IncidentPerson>
         <ApproxAge>49</ApproxAge>
         <CreatorId>STATE_OFFICER11</CreatorId>
         <CreatorDate>03/20/2015 16:18:12</CreatorDate>
         <UpdatorId>TSTC</UpdatorId>
         <UpdatorDate>05/24/2023 12:41:19</UpdatorDate>
         <Person>
            <PersonId>81</PersonId>
            <RaceCode>W</RaceCode>
            <SexCode>M</SexCode>
            <PersonVerified>Y</PersonVerified>
            <PersonPrimaryName>
               <LastName>Anton</LastName>
               <FirstName>Paul</FirstName>
               <DOB>01/01/1966 00:00:00</DOB>
               <DateOfInfo>04/02/2012 09:38:28</DateOfInfo>
               <SLastName>A535</SLastName>
               <SFirstName>P400</SFirstName>
            </PersonPrimaryName>
            <Alias>
               <NameTypeCode>P</NameTypeCode>
               <LastName>Anton</LastName>
               <FirstName>Paul</FirstName>
               <DOB>01/01/1966 00:00:00</DOB>
               <SLastName>A535</SLastName>
               <SFirstName>P400</SFirstName>
               <DateOfInfo>04/02/2012 09:38:28</DateOfInfo>
            </Alias>
            <PersonAddress>
               <StreetNumber>6523</StreetNumber>
               <StreetName>Anystreet</StreetName>
               <City>Anytown</City>
               <StateCode>NJ</StateCode>
               <Zip5>45623</Zip5>
               <Zip4>123</Zip4>
               <CountryCode>US</CountryCode>
               <Longitude>-75</Longitude>
               <Latitude>40</Latitude>
               <Beat>104</Beat>
               <SubBeat>West Patrol</SubBeat>
            </PersonAddress>
            <PersonAddress>
               <StreetNumber>6523</StreetNumber>
               <StreetName>Anystreet</StreetName>
               <City>Anytown</City>
               <StateCode>NJ</StateCode>
               <Zip5>45623</Zip5>
               <Zip4>123</Zip4>
               <CountryCode>US</CountryCode>
               <Longitude>-75</Longitude>
               <Latitude>40</Latitude>
               <Beat>104</Beat>
               <SubBeat>West Patrol</SubBeat>
            </PersonAddress>
            <PersonAddress>
               <StreetNumber>6523</StreetNumber>
               <StreetName>Anystreet</StreetName>
               <City>Anytown</City>
               <StateCode>NJ</StateCode>
               <Zip5>45623</Zip5>
               <Zip4>123</Zip4>
               <CountryCode>US</CountryCode>
               <Longitude>-75</Longitude>
               <Latitude>40</Latitude>
               <Beat>104</Beat>
               <SubBeat>West Patrol</SubBeat>
            </PersonAddress>
            <PersonAddress>
               <StreetNumber>6523</StreetNumber>
               <StreetName>Anystreet</StreetName>
               <City>Anytown</City>
               <StateCode>NJ</StateCode>
               <Zip5>45623</Zip5>
               <Zip4>123</Zip4>
               <CountryCode>US</CountryCode>
               <Longitude>-75</Longitude>
               <Latitude>40</Latitude>
               <Beat>104</Beat>
               <SubBeat>West Patrol</SubBeat>
            </PersonAddress>
         </Person>
         <IncidentPersonRole>
            <RoleType>S</RoleType>
            <CreatorId>STATE_OFFICER11</CreatorId>
            <CreatorDate>03/20/2015 16:18:12</CreatorDate>
            <UpdatorId>TSTC</UpdatorId>
            <UpdatorDate>08/15/2023 20:32:19</UpdatorDate>
         </IncidentPersonRole>
      </IncidentPerson>
      <IncidentPerson>
         <ApproxAge>31</ApproxAge>
         <ResidentStatusCode>R</ResidentStatusCode>
         <CreatorId>STATE_OFFICER11</CreatorId>
         <CreatorDate>03/20/2015 16:18:27</CreatorDate>
         <UpdatorId>TSTC</UpdatorId>
         <UpdatorDate>05/24/2023 12:41:19</UpdatorDate>
         <Person>
            <PersonId>551</PersonId>
            <RaceCode>H</RaceCode>
            <SexCode>F</SexCode>
            <PersonVerified>Y</PersonVerified>
            <PersonPrimaryName>
               <LastName>Asdfasdf</LastName>
               <FirstName>Asdf</FirstName>
               <DateOfInfo>04/25/2014 14:56:07</DateOfInfo>
               <SLastName>A231</SLastName>
               <SFirstName>A231</SFirstName>
            </PersonPrimaryName>
            <Alias>
               <NameTypeCode>P</NameTypeCode>
               <LastName>Asdfasdf</LastName>
               <FirstName>Asdf</FirstName>
               <SLastName>A231</SLastName>
               <SFirstName>A231</SFirstName>
               <DateOfInfo>04/25/2014 14:56:07</DateOfInfo>
            </Alias>
         </Person>
         <IncidentPersonRole>
            <RoleType>V</RoleType>
            <CreatorId>STATE_OFFICER11</CreatorId>
            <CreatorDate>03/20/2015 16:18:28</CreatorDate>
            <UpdatorId>TSTC</UpdatorId>
            <UpdatorDate>08/15/2023 20:32:19</UpdatorDate>
         </IncidentPersonRole>
      </IncidentPerson>
   </IncidentSupplement>
</Incident>