<?xml version="1.0" encoding="UTF-8"?>
<Incident xmlns:xsi="http://www.w3.org/2001/XMLSchema-instance"
          xsi:noNamespaceSchemaLocation="file:///C:/DATA/EJS/SVN_Root/Ejustice/trunk/XMLTransformations/OnlineRMSInternalToIncident/IAOnlineRMSIncidentImport.xsd">
   <IncidentReportNum>2017D4210112</IncidentReportNum>
   <AgencyCode>D42</AgencyCode>
   <ORINum>SC0280000</ORINum>
   <ReportDate>08/01/2017 12:35:00</ReportDate>
   <ReportTime>08/01/2017 12:35:00</ReportTime>
   <StartDate>08/01/2017 08:00:00</StartDate>
   <StartTime>08/01/2017 08:00:00</StartTime>
   <Summary>test</Summary>
   <CreatorId>STATE_OFFICER11</CreatorId>
   <CreatorDate>08/01/2017 12:35:31</CreatorDate>
   <UpdatorId>TSTC</UpdatorId>
   <UpdatorDate>09/09/2021 18:46:39</UpdatorDate>
   <IncidentType>
      <IncidentTypeCode>B/H</IncidentTypeCode>
   </IncidentType>
   <IncidentAddress>
      <AddressId>692</AddressId>
      <City>1</City>
      <CreatorId>STATE_OFFICER11</CreatorId>
      <CreatorDate>08/23/2017 10:04:08</CreatorDate>
      <UpdatorId>TSTC</UpdatorId>
      <UpdatorDate>08/23/2017 10:04:14</UpdatorDate>
      <Address>
         <AddressId>692</AddressId>
         <StreetNumber>555</StreetNumber>
         <StreetName>Main</StreetName>
         <StreetTypeCode>ST</StreetTypeCode>
         <City>Belle Vernon</City>
         <StateCode>IN</StateCode>
         <CountryCode>US</CountryCode>
         <Longitude>-79.8664925757157</Longitude>
         <Latitude>40.12481470388257</Latitude>
         <AddressCommonName>
            <CommonPlaceName>Health Center</CommonPlaceName>
         </AddressCommonName>
      </Address>
   </IncidentAddress>
   <IncidentSupplement>
      <SupplementSequence>0</SupplementSequence>
      <IncSupplementStatusCode>A</IncSupplementStatusCode>
      <SuppReportDate>08/01/2017 12:35:32</SuppReportDate>
      <SuppReportTime>08/01/2017 12:35:32</SuppReportTime>
      <AgencyOnly>N</AgencyOnly>
      <SecurityLevel>1201</SecurityLevel>
      <SuppAgencyCode>D42</SuppAgencyCode>
      <UnknownNoOffenders>N</UnknownNoOffenders>
      <DsIcrDate>08/25/2017 10:13:21</DsIcrDate>
      <DsIcrSubmissionStatus>NOT REPORTABLE</DsIcrSubmissionStatus>
      <CreatorId>STATE_OFFICER11</CreatorId>
      <CreatorDate>08/01/2017 12:35:32</CreatorDate>
      <UpdatorId>TSTC</UpdatorId>
      <UpdatorDate>08/05/2021 17:38:27</UpdatorDate>
      <IncidentSuppNarrative>
         <NarrativeNumber>1</NarrativeNumber>
         <NarrativeTitle>Original Narrative</NarrativeTitle>
         <NarrativeText>&amp;nbsp;kjlfdkljskljfsdlkj</NarrativeText>
         <CreatorId>STATE_OFFICER11</CreatorId>
         <CreatorDate>08/25/2017 10:12:27</CreatorDate>
         <UpdatorId>STATE_OFFICER11</UpdatorId>
         <UpdatorDate>08/25/2017 10:12:27</UpdatorDate>
      </IncidentSuppNarrative>
      <IncidentOfficer>
         <OfficerRoleCode>P</OfficerRoleCode>
         <Officer>
            <AgencyCode>D42</AgencyCode>
            <ORINumber>SC0280000</ORINumber>
            <LastName>Ranz</LastName>
            <FirstName>Greg</FirstName>
            <InternalID>9696</InternalID>
         </Officer>
      </IncidentOfficer>
      <IncidentOfficer>
         <OfficerRoleCode>R</OfficerRoleCode>
         <Officer>
            <AgencyCode>D42</AgencyCode>
            <ORINumber>SC0280000</ORINumber>
            <LastName>Ranz</LastName>
            <FirstName>Greg</FirstName>
            <InternalID>9696</InternalID>
         </Officer>
      </IncidentOfficer>
      <IncidentOfficer>
         <OfficerRoleCode>X</OfficerRoleCode>
         <Officer>
            <AgencyCode>D42</AgencyCode>
            <ORINumber>SC0280000</ORINumber>
            <LastName>Ranz</LastName>
            <FirstName>Greg</FirstName>
            <InternalID>9696</InternalID>
         </Officer>
      </IncidentOfficer>
      <IncidentPerson>
         <ApproxAge>27</ApproxAge>
         <CreatorId>STATE_OFFICER11</CreatorId>
         <CreatorDate>08/01/2017 12:35:43</CreatorDate>
         <UpdatorId>TSTC</UpdatorId>
         <UpdatorDate>05/24/2023 12:41:23</UpdatorDate>
         <Person>
            <PersonId>873</PersonId>
            <RaceCode>P</RaceCode>
            <SexCode>M</SexCode>
            <EthnicityCode>U</EthnicityCode>
            <PersonVerified>Y</PersonVerified>
            <PersonPrimaryName>
               <LastName>Nickname</LastName>
               <FirstName>Person01</FirstName>
               <DateOfInfo>06/05/2017 00:00:00</DateOfInfo>
               <SLastName>N255</SLastName>
               <SFirstName>P625</SFirstName>
            </PersonPrimaryName>
            <PersonPrimaryName>
               <LastName>Evans</LastName>
               <FirstName>Chris</FirstName>
               <MiddleName>P</MiddleName>
               <DOB>05/01/1990 00:00:00</DOB>
               <SSN>1.11111111E8</SSN>
               <DateOfInfo>05/23/2017 14:08:58</DateOfInfo>
               <SLastName>E152</SLastName>
               <SFirstName>C620</SFirstName>
            </PersonPrimaryName>
            <Alias>
               <NameTypeCode>A</NameTypeCode>
               <LastName>Nickname</LastName>
               <FirstName>Person01</FirstName>
               <SLastName>N255</SLastName>
               <SFirstName>P625</SFirstName>
               <DateOfInfo>06/05/2017 00:00:00</DateOfInfo>
            </Alias>
            <Alias>
               <NameTypeCode>P</NameTypeCode>
               <LastName>Evans</LastName>
               <FirstName>Chris</FirstName>
               <MiddleName>P</MiddleName>
               <DOB>05/01/1990 00:00:00</DOB>
               <SSN>1.11111111E8</SSN>
               <SLastName>E152</SLastName>
               <SFirstName>C620</SFirstName>
               <DateOfInfo>05/23/2017 14:08:58</DateOfInfo>
            </Alias>
            <PersonAddress>
               <StreetNumber>300</StreetNumber>
               <StreetDirCode>E</StreetDirCode>
               <StreetName>200</StreetName>
               <StreetSuffixCode>E</StreetSuffixCode>
               <SubTypeCode>APT</SubTypeCode>
               <City>Lebanon</City>
               <StateCode>IN</StateCode>
               <Zip5>46052</Zip5>
               <CountryCode>US</CountryCode>
               <CountyCode>NaN</CountyCode>
               <Longitude>-86.36852515301796</Longitude>
               <Latitude>39.73382972861548</Latitude>
               <Beat>Test</Beat>
               <SubBeat>Area</SubBeat>
            </PersonAddress>
            <PersonPhone>
               <PhoneTypeCode>RES</PhoneTypeCode>
               <PhoneArea>303</PhoneArea>
               <PhonePrefix>111</PhonePrefix>
               <PhoneSuffix>1111</PhoneSuffix>
               <DateOfInfo>05/23/2017 00:00:00</DateOfInfo>
            </PersonPhone>
            <PersonPhone>
               <PhoneTypeCode>CEL</PhoneTypeCode>
               <PhoneArea>720</PhoneArea>
               <PhonePrefix>111</PhonePrefix>
               <PhoneSuffix>1111</PhoneSuffix>
               <DateOfInfo>05/23/2017 00:00:00</DateOfInfo>
            </PersonPhone>
         </Person>
         <IncidentPersonRole>
            <RoleType>S</RoleType>
            <CreatorId>STATE_OFFICER11</CreatorId>
            <CreatorDate>08/25/2017 10:12:02</CreatorDate>
            <UpdatorId>TSTC</UpdatorId>
            <UpdatorDate>08/15/2023 20:32:22</UpdatorDate>
         </IncidentPersonRole>
      </IncidentPerson>
      <IncidentProperty>
         <CreatorId>STATE_OFFICER11</CreatorId>
         <CreatorDate>08/23/2017 10:06:08</CreatorDate>
         <UpdatorId>STATE_OFFICER11</UpdatorId>
         <UpdatorDate>08/23/2017 10:06:08</UpdatorDate>
         <DateOfInfo>08/23/2017 00:00:00</DateOfInfo>
         <StatusCode>1</StatusCode>
         <DocumentTypeCode>P</DocumentTypeCode>
         <PropertyTypeCode>427</PropertyTypeCode>
         <PropertyValue>50</PropertyValue>
         <Value>50</Value>
         <SerialNumber>654</SerialNumber>
         <Evidence>N</Evidence>
         <EvidenceFlag>N</EvidenceFlag>
         <Property_ID>1635</Property_ID>
         <Make>ttt</Make>
         <Quantity>1</Quantity>
      </IncidentProperty>
      <IncidentProperty>
         <CreatorId>STATE_OFFICER11</CreatorId>
         <CreatorDate>08/23/2017 10:07:23</CreatorDate>
         <UpdatorId>STATE_OFFICER11</UpdatorId>
         <UpdatorDate>08/23/2017 10:07:23</UpdatorDate>
         <DateOfInfo>08/23/2017 00:00:00</DateOfInfo>
         <StatusCode>1</StatusCode>
         <DocumentTypeCode>D</DocumentTypeCode>
         <PropertyTypeCode>106</PropertyTypeCode>
         <PropertyValue>0</PropertyValue>
         <Value>0</Value>
         <Evidence>N</Evidence>
         <EvidenceFlag>N</EvidenceFlag>
         <Property_ID>1636</Property_ID>
         <DrugTypeCode>CD</DrugTypeCode>
         <Quantity>1</Quantity>
      </IncidentProperty>
      <IncidentProperty>
         <CreatorId>STATE_OFFICER11</CreatorId>
         <CreatorDate>08/23/2017 10:15:25</CreatorDate>
         <UpdatorId>STATE_OFFICER11</UpdatorId>
         <UpdatorDate>08/23/2017 10:15:25</UpdatorDate>
         <DateOfInfo>08/23/2017 00:00:00</DateOfInfo>
         <StatusCode>1</StatusCode>
         <DocumentTypeCode>O</DocumentTypeCode>
         <PropertyTypeCode>43</PropertyTypeCode>
         <PropertyValue>0</PropertyValue>
         <Value>0</Value>
         <Evidence>N</Evidence>
         <EvidenceFlag>N</EvidenceFlag>
         <Property_ID>1638</Property_ID>
         <AccountNumber>0</AccountNumber>
         <Amount>0</Amount>
         <Bank>Chase</Bank>
      </IncidentProperty>
      <IncidentProperty>
         <CreatorId>STATE_OFFICER11</CreatorId>
         <CreatorDate>08/23/2017 10:17:19</CreatorDate>
         <UpdatorId>STATE_OFFICER11</UpdatorId>
         <UpdatorDate>08/23/2017 10:17:19</UpdatorDate>
         <DateOfInfo>08/23/2017 00:00:00</DateOfInfo>
         <StatusCode>16</StatusCode>
         <DocumentTypeCode>C</DocumentTypeCode>
         <PropertyTypeCode>CSH</PropertyTypeCode>
         <PropertyValue>5</PropertyValue>
         <Value>5</Value>
         <Evidence>N</Evidence>
         <EvidenceFlag>N</EvidenceFlag>
         <Property_ID>1639</Property_ID>
         <Quantity>1</Quantity>
         <Amount>5</Amount>
      </IncidentProperty>
      <IncidentProperty>
         <CreatorId>STATE_OFFICER11</CreatorId>
         <CreatorDate>08/23/2017 10:21:50</CreatorDate>
         <UpdatorId>STATE_OFFICER11</UpdatorId>
         <UpdatorDate>08/23/2017 10:21:51</UpdatorDate>
         <DateOfInfo>08/23/2017 00:00:00</DateOfInfo>
         <StatusCode>1</StatusCode>
         <DocumentTypeCode>G</DocumentTypeCode>
         <PropertyTypeCode>620</PropertyTypeCode>
         <PropertyValue>0</PropertyValue>
         <Value>0</Value>
         <SerialNumber>11111</SerialNumber>
         <Evidence>N</Evidence>
         <EvidenceFlag>N</EvidenceFlag>
         <Property_ID>1640</Property_ID>
         <Make>rifle</Make>
         <Quantity>1</Quantity>
      </IncidentProperty>
      <IncidentProperty>
         <CreatorId>STATE_OFFICER11</CreatorId>
         <CreatorDate>08/23/2017 10:35:57</CreatorDate>
         <UpdatorId>STATE_OFFICER11</UpdatorId>
         <UpdatorDate>08/23/2017 10:35:57</UpdatorDate>
         <DateOfInfo>08/23/2017 00:00:00</DateOfInfo>
         <StatusCode>1</StatusCode>
         <DocumentTypeCode>P</DocumentTypeCode>
         <PropertyTypeCode>508</PropertyTypeCode>
         <PropertyValue>0</PropertyValue>
         <Value>0</Value>
         <Evidence>Y</Evidence>
         <EvidenceFlag>Y</EvidenceFlag>
         <ExternalEvidenceId>700</ExternalEvidenceId>
         <Property_ID>1641</Property_ID>
         <Make>hnn</Make>
         <Quantity>1</Quantity>
      </IncidentProperty>
      <IncidentProperty>
         <CreatorId>STATE_OFFICER11</CreatorId>
         <CreatorDate>08/23/2017 10:54:07</CreatorDate>
         <UpdatorId>STATE_OFFICER11</UpdatorId>
         <UpdatorDate>08/23/2017 11:07:26</UpdatorDate>
         <DateOfInfo>04/24/2017 00:00:00</DateOfInfo>
         <StatusCode>1</StatusCode>
         <DocumentTypeCode>P</DocumentTypeCode>
         <PropertyTypeCode>440</PropertyTypeCode>
         <PropertyValue>0</PropertyValue>
         <Value>0</Value>
         <SerialNumber>12345</SerialNumber>
         <Evidence>Y</Evidence>
         <EvidenceFlag>Y</EvidenceFlag>
         <ExternalEvidenceId>701</ExternalEvidenceId>
         <Property_ID>1588</Property_ID>
         <Make>TSTC</Make>
         <Quantity>1</Quantity>
      </IncidentProperty>
      <IncidentProperty>
         <CreatorId>STATE_OFFICER11</CreatorId>
         <CreatorDate>08/23/2017 11:30:51</CreatorDate>
         <UpdatorId>STATE_OFFICER11</UpdatorId>
         <UpdatorDate>08/23/2017 11:30:51</UpdatorDate>
         <DateOfInfo>04/02/2014 00:00:00</DateOfInfo>
         <StatusCode>1</StatusCode>
         <DocumentTypeCode>P</DocumentTypeCode>
         <Description>Freezer</Description>
         <PropertyTypeCode>440</PropertyTypeCode>
         <PropertyValue>8000</PropertyValue>
         <Value>8000</Value>
         <Evidence>N</Evidence>
         <EvidenceFlag>N</EvidenceFlag>
         <Property_ID>961</Property_ID>
         <PrimaryColor>SIL</PrimaryColor>
         <Quantity>1</Quantity>
      </IncidentProperty>
      <IncidentProperty>
         <CreatorId>STATE_OFFICER11</CreatorId>
         <CreatorDate>08/23/2017 11:35:21</CreatorDate>
         <UpdatorId>STATE_OFFICER11</UpdatorId>
         <UpdatorDate>08/23/2017 11:35:21</UpdatorDate>
         <DateOfInfo>08/23/2017 00:00:00</DateOfInfo>
         <StatusCode>1</StatusCode>
         <DocumentTypeCode>D</DocumentTypeCode>
         <PropertyTypeCode>106</PropertyTypeCode>
         <PropertyValue>0</PropertyValue>
         <Value>0</Value>
         <Evidence>N</Evidence>
         <EvidenceFlag>N</EvidenceFlag>
         <Property_ID>1642</Property_ID>
         <DrugTypeCode>I</DrugTypeCode>
         <Quantity>1</Quantity>
         <QuantityUnit>DU</QuantityUnit>
      </IncidentProperty>
      <IncidentProperty>
         <CreatorId>STATE_OFFICER11</CreatorId>
         <CreatorDate>08/23/2017 11:35:45</CreatorDate>
         <UpdatorId>STATE_OFFICER11</UpdatorId>
         <UpdatorDate>08/23/2017 11:36:25</UpdatorDate>
         <DateOfInfo>08/23/2017 00:00:00</DateOfInfo>
         <StatusCode>16</StatusCode>
         <DocumentTypeCode>P</DocumentTypeCode>
         <PropertyTypeCode>425</PropertyTypeCode>
         <PropertyValue>100</PropertyValue>
         <Value>100</Value>
         <Evidence>N</Evidence>
         <EvidenceFlag>N</EvidenceFlag>
         <Property_ID>1643</Property_ID>
         <Quantity>0</Quantity>
      </IncidentProperty>
      <IncidentProperty>
         <CreatorId>STATE_OFFICER11</CreatorId>
         <CreatorDate>08/23/2017 11:37:09</CreatorDate>
         <UpdatorId>STATE_OFFICER11</UpdatorId>
         <UpdatorDate>08/23/2017 11:37:09</UpdatorDate>
         <DateOfInfo>12/10/2014 00:00:00</DateOfInfo>
         <StatusCode>16</StatusCode>
         <DocumentTypeCode>O</DocumentTypeCode>
         <PropertyTypeCode>541</PropertyTypeCode>
         <PropertyValue>300</PropertyValue>
         <Value>300</Value>
         <Evidence>N</Evidence>
         <EvidenceFlag>N</EvidenceFlag>
         <Property_ID>1210</Property_ID>
         <AccountNumber>0</AccountNumber>
         <Amount>300</Amount>
      </IncidentProperty>
      <IncidentProperty>
         <CreatorId>STATE_OFFICER11</CreatorId>
         <CreatorDate>08/23/2017 11:39:26</CreatorDate>
         <UpdatorId>STATE_OFFICER11</UpdatorId>
         <UpdatorDate>08/23/2017 11:39:26</UpdatorDate>
         <DateOfInfo>08/23/2017 00:00:00</DateOfInfo>
         <StatusCode>16</StatusCode>
         <DocumentTypeCode>C</DocumentTypeCode>
         <PropertyTypeCode>CSH</PropertyTypeCode>
         <PropertyValue>9000</PropertyValue>
         <Value>9000</Value>
         <Evidence>N</Evidence>
         <EvidenceFlag>N</EvidenceFlag>
         <Property_ID>1644</Property_ID>
         <Quantity>90</Quantity>
         <Amount>9000</Amount>
      </IncidentProperty>
      <IncidentProperty>
         <CreatorId>STATE_OFFICER11</CreatorId>
         <CreatorDate>08/23/2017 11:44:17</CreatorDate>
         <UpdatorId>STATE_OFFICER11</UpdatorId>
         <UpdatorDate>08/23/2017 11:44:17</UpdatorDate>
         <DateOfInfo>08/24/2016 00:00:00</DateOfInfo>
         <StatusCode>1</StatusCode>
         <DocumentTypeCode>G</DocumentTypeCode>
         <Description>one black and tan Mossberg 12 gauge</Description>
         <PropertyTypeCode>630</PropertyTypeCode>
         <PropertyValue>565</PropertyValue>
         <Value>565</Value>
         <Evidence>N</Evidence>
         <EvidenceFlag>N</EvidenceFlag>
         <Property_ID>1533</Property_ID>
         <PrimaryColor>BLK</PrimaryColor>
         <SecondaryColor>CAM</SecondaryColor>
         <Make>O. F. Mossberg</Make>
         <Model>500  ATI</Model>
         <Quantity>1</Quantity>
         <BarrelLength>18.5</BarrelLength>
      </IncidentProperty>
   </IncidentSupplement>
</Incident>