<?xml version="1.0" encoding="UTF-8"?>
<Incident xmlns:xsi="http://www.w3.org/2001/XMLSchema-instance"
          xsi:noNamespaceSchemaLocation="file:///C:/DATA/EJS/SVN_Root/Ejustice/trunk/XMLTransformations/OnlineRMSInternalToIncident/IAOnlineRMSIncidentImport.xsd">
   <IncidentReportNum>2016D4210038</IncidentReportNum>
   <AgencyCode>D42</AgencyCode>
   <ORINum>SC0280000</ORINum>
   <ReportDate>06/13/2016 14:33:00</ReportDate>
   <ReportTime>06/13/2016 14:33:00</ReportTime>
   <StartDate>06/13/2016 14:33:00</StartDate>
   <StartTime>06/01/2016 14:33:00</StartTime>
   <Summary>test</Summary>
   <CreatorId>STATE_OFFICER11</CreatorId>
   <CreatorDate>06/03/2016 12:23:28</CreatorDate>
   <UpdatorId>TSTC</UpdatorId>
   <UpdatorDate>09/09/2021 18:46:37</UpdatorDate>
   <IncidentType>
      <IncidentTypeCode>B/B</IncidentTypeCode>
   </IncidentType>
   <IncidentAddress>
      <AddressId>307</AddressId>
      <Beat>Test</Beat>
      <SubBeat>Area</SubBeat>
      <CreatorId>STATE_OFFICER11</CreatorId>
      <CreatorDate>06/13/2016 14:33:32</CreatorDate>
      <UpdatorId>TSTC</UpdatorId>
      <UpdatorDate>06/13/2016 14:35:26</UpdatorDate>
      <Address>
         <AddressId>307</AddressId>
         <StreetNumber>439</StreetNumber>
         <StreetDirCode>NE</StreetDirCode>
         <StreetName>ASHWOOD</StreetName>
         <StreetTypeCode>LN</StreetTypeCode>
         <StreetSuffixCode>N</StreetSuffixCode>
         <City>DILLON</City>
         <StateCode>SC</StateCode>
         <CountryCode>US</CountryCode>
         <CrossStreetNumber>123</CrossStreetNumber>
         <CrossStreetDirCode>N</CrossStreetDirCode>
         <CrossStreetTypeCode>ACRE</CrossStreetTypeCode>
         <Beat>Test</Beat>
         <SubBeat>Area</SubBeat>
         <Longitude>-79.516913</Longitude>
         <Latitude>34.3197153</Latitude>
         <AddressCommonName>
            <CommonPlaceName>MICHAELS PLACE</CommonPlaceName>
         </AddressCommonName>
         <AddressCommonName>
            <CommonPlaceName>Michael's Place</CommonPlaceName>
         </AddressCommonName>
      </Address>
   </IncidentAddress>
   <IncidentSupplement>
      <SupplementSequence>0</SupplementSequence>
      <IncSupplementStatusCode>A</IncSupplementStatusCode>
      <SuppReportDate>06/03/2016 12:23:28</SuppReportDate>
      <SuppReportTime>06/03/2016 12:23:28</SuppReportTime>
      <AgencyOnly>N</AgencyOnly>
      <SecurityLevel>1201</SecurityLevel>
      <SuppAgencyCode>D42</SuppAgencyCode>
      <UnknownNoOffenders>N</UnknownNoOffenders>
      <DsIcrDate>06/13/2016 14:37:41</DsIcrDate>
      <DsIcrSubmissionStatus>NOT REPORTABLE</DsIcrSubmissionStatus>
      <CreatorId>STATE_OFFICER11</CreatorId>
      <CreatorDate>06/03/2016 12:23:28</CreatorDate>
      <UpdatorId>TSTC</UpdatorId>
      <UpdatorDate>08/05/2021 17:38:25</UpdatorDate>
      <IncidentSuppNarrative>
         <NarrativeNumber>1</NarrativeNumber>
         <NarrativeTitle>Original Narrative</NarrativeTitle>
         <NarrativeText>sssssssssssssssssssss</NarrativeText>
         <CreatorId>STATE_OFFICER11</CreatorId>
         <CreatorDate>06/13/2016 14:33:11</CreatorDate>
         <UpdatorId>STATE_OFFICER11</UpdatorId>
         <UpdatorDate>06/13/2016 14:33:11</UpdatorDate>
      </IncidentSuppNarrative>
      <IncidentOfficer>
         <OfficerRoleCode>P</OfficerRoleCode>
         <Officer>
            <AgencyCode>D42</AgencyCode>
            <ORINumber>SC0280000</ORINumber>
            <LastName>Ranz</LastName>
            <FirstName>Greg</FirstName>
            <InternalID>9696</InternalID>
         </Officer>
      </IncidentOfficer>
      <IncidentOfficer>
         <OfficerRoleCode>R</OfficerRoleCode>
         <Officer>
            <AgencyCode>D42</AgencyCode>
            <ORINumber>SC0280000</ORINumber>
            <LastName>Allen</LastName>
            <FirstName>Brenda (cid super)</FirstName>
            <InternalID>20</InternalID>
         </Officer>
      </IncidentOfficer>
      <IncidentOffense>
         <IncidentId>2514</IncidentId>
         <OffenseNumber>1</OffenseNumber>
         <OffenseStatusCode>29</OffenseStatusCode>
         <OffenseCode>14-15-9-6</OffenseCode>
         <PlaceCode>40</PlaceCode>
         <BiasCode>88</BiasCode>
         <CSAUCode>A</CSAUCode>
         <SupplementSeq>0</SupplementSeq>
         <UCRNumber>1</UCRNumber>
         <OffenseStatusDate>06/13/2016 14:33:00</OffenseStatusDate>
         <Remarks>asdasdas</Remarks>
         <AttemptedCompletedCode>A</AttemptedCompletedCode>
         <ArrestChargeCode>14-15-9-6</ArrestChargeCode>
         <CreatorId>STATE_OFFICER11</CreatorId>
         <CreatorDate>06/13/2016 14:36:21</CreatorDate>
         <UpdatorId>STATE_OFFICER11</UpdatorId>
         <UpdatorDate>06/13/2016 14:36:21</UpdatorDate>
      </IncidentOffense>
      <IncidentOffense>
         <IncidentId>2514</IncidentId>
         <OffenseNumber>2</OffenseNumber>
         <OffenseStatusCode>29</OffenseStatusCode>
         <OffenseCode>14-15-9-4</OffenseCode>
         <PlaceCode>40</PlaceCode>
         <BiasCode>88</BiasCode>
         <CSAUCode>A</CSAUCode>
         <SupplementSeq>0</SupplementSeq>
         <UCRNumber>2</UCRNumber>
         <OffenseStatusDate>06/13/2016 14:33:00</OffenseStatusDate>
         <AttemptedCompletedCode>A</AttemptedCompletedCode>
         <ArrestChargeCode>14-15-9-4</ArrestChargeCode>
         <CreatorId>STATE_OFFICER11</CreatorId>
         <CreatorDate>06/13/2016 14:36:38</CreatorDate>
         <UpdatorId>STATE_OFFICER11</UpdatorId>
         <UpdatorDate>06/13/2016 14:36:38</UpdatorDate>
      </IncidentOffense>
      <IncidentOffense>
         <IncidentId>2514</IncidentId>
         <OffenseNumber>3</OffenseNumber>
         <OffenseStatusCode>29</OffenseStatusCode>
         <OffenseCode>16-42-19-16</OffenseCode>
         <PlaceCode>01</PlaceCode>
         <BiasCode>88</BiasCode>
         <CSAUCode>A</CSAUCode>
         <SupplementSeq>0</SupplementSeq>
         <UCRNumber>3</UCRNumber>
         <OffenseStatusDate>06/13/2016 14:33:00</OffenseStatusDate>
         <AttemptedCompletedCode>A</AttemptedCompletedCode>
         <ArrestChargeCode>16-42-19-16</ArrestChargeCode>
         <CreatorId>STATE_OFFICER11</CreatorId>
         <CreatorDate>06/13/2016 14:37:09</CreatorDate>
         <UpdatorId>STATE_OFFICER11</UpdatorId>
         <UpdatorDate>06/13/2016 14:37:09</UpdatorDate>
      </IncidentOffense>
   </IncidentSupplement>
</Incident>