<?xml version="1.0" encoding="UTF-8"?>
<Incident xmlns:xsi="http://www.w3.org/2001/XMLSchema-instance"
          xsi:noNamespaceSchemaLocation="file:///C:/DATA/EJS/SVN_Root/Ejustice/trunk/XMLTransformations/OnlineRMSInternalToIncident/IAOnlineRMSIncidentImport.xsd">
   <IncidentReportNum>2018D4210186</IncidentReportNum>
   <AgencyCode>D42</AgencyCode>
   <ORINum>SC0280000</ORINum>
   <ReportDate>10/05/2018 17:21:00</ReportDate>
   <ReportTime>10/05/2018 17:21:00</ReportTime>
   <StartDate>10/05/2018 17:21:00</StartDate>
   <StartTime>10/01/2018 17:21:00</StartTime>
   <Summary>dsadsa</Summary>
   <CreatorId>STATE_OFFICER11</CreatorId>
   <CreatorDate>10/05/2018 17:21:14</CreatorDate>
   <UpdatorId>STATE_OFFICER11</UpdatorId>
   <UpdatorDate>09/12/2023 09:02:07</UpdatorDate>
   <IncidentType>
      <IncidentTypeCode>B/B</IncidentTypeCode>
   </IncidentType>
   <IncidentType>
      <IncidentTypeCode>CCD</IncidentTypeCode>
   </IncidentType>
   <IncidentAddress>
      <AddressId>120</AddressId>
      <Beat>Test</Beat>
      <SubBeat>Area</SubBeat>
      <City>8</City>
      <CreatorId>STATE_OFFICER11</CreatorId>
      <CreatorDate>10/05/2018 17:21:35</CreatorDate>
      <UpdatorId>TSTC</UpdatorId>
      <UpdatorDate>10/25/2018 16:06:34</UpdatorDate>
      <Address>
         <AddressId>120</AddressId>
         <StreetNumber>100</StreetNumber>
         <StreetName>Ash</StreetName>
         <StreetTypeCode>ST</StreetTypeCode>
         <City>INDIANAPOLIS</City>
         <StateCode>IN</StateCode>
         <Zip5>01234</Zip5>
         <Zip4>7777</Zip4>
         <CountryCode>US</CountryCode>
         <Beat>Test</Beat>
         <SubBeat>Area</SubBeat>
         <Longitude>-86.26354</Longitude>
         <Latitude>39.95494</Latitude>
         <AddressCommonName>
            <CommonPlaceName>Health Center</CommonPlaceName>
         </AddressCommonName>
      </Address>
   </IncidentAddress>
   <IncidentSupplement>
      <SupplementSequence>0</SupplementSequence>
      <IncSupplementStatusCode>A</IncSupplementStatusCode>
      <SuppReportDate>10/05/2018 17:21:15</SuppReportDate>
      <SuppReportTime>10/05/2018 17:21:15</SuppReportTime>
      <AgencyOnly>N</AgencyOnly>
      <SecurityLevel>1100</SecurityLevel>
      <SuppAgencyCode>D42</SuppAgencyCode>
      <UnknownNoOffenders>N</UnknownNoOffenders>
      <DsIcrDate>09/12/2023 09:02:18</DsIcrDate>
      <DsIcrSubmissionStatus>READY TO BE PROCESSED-ORIGINAL</DsIcrSubmissionStatus>
      <CreatorId>STATE_OFFICER11</CreatorId>
      <CreatorDate>10/05/2018 17:21:15</CreatorDate>
      <UpdatorId>STATE_OFFICER11</UpdatorId>
      <UpdatorDate>09/12/2023 09:02:18</UpdatorDate>
      <IncidentSuppNarrative>
         <NarrativeNumber>1</NarrativeNumber>
         <NarrativeTitle>Original Narrative</NarrativeTitle>
         <NarrativeText>dsadsa</NarrativeText>
         <CreatorId>STATE_OFFICER11</CreatorId>
         <CreatorDate>10/05/2018 17:21:49</CreatorDate>
         <UpdatorId>STATE_OFFICER11</UpdatorId>
         <UpdatorDate>10/05/2018 17:21:49</UpdatorDate>
      </IncidentSuppNarrative>
      <IncidentSuppNarrative>
         <NarrativeNumber>2</NarrativeNumber>
         <NarrativeTitle>Original Narrative</NarrativeTitle>
         <CreatorId>STATE_OFFICER11</CreatorId>
         <CreatorDate>10/25/2018 16:34:44</CreatorDate>
         <UpdatorId>STATE_OFFICER11</UpdatorId>
         <UpdatorDate>10/25/2018 16:34:44</UpdatorDate>
      </IncidentSuppNarrative>
      <IncidentOfficer>
         <OfficerRoleCode>P</OfficerRoleCode>
         <Officer>
            <AgencyCode>D42</AgencyCode>
            <ORINumber>SC0280000</ORINumber>
            <LastName>Simpson</LastName>
            <FirstName>Homer</FirstName>
            <InternalID>9696</InternalID>
         </Officer>
      </IncidentOfficer>
      <IncidentOfficer>
         <OfficerRoleCode>R</OfficerRoleCode>
         <Officer>
            <AgencyCode>D42</AgencyCode>
            <ORINumber>SC0280000</ORINumber>
            <LastName>Wright</LastName>
            <FirstName>Greg</FirstName>
            <InternalID>9696</InternalID>
         </Officer>
      </IncidentOfficer>
      <IncidentOffense>
         <IncidentId>3174</IncidentId>
         <OffenseNumber>1</OffenseNumber>
         <OffenseStatusCode>00</OffenseStatusCode>
         <OffenseCode>14-15-9-5A</OffenseCode>
         <PlaceCode>25</PlaceCode>
         <BiasCode>88</BiasCode>
         <CSAUCode>A</CSAUCode>
         <SupplementSeq>0</SupplementSeq>
         <UCRNumber>1</UCRNumber>
         <OffenseStatusDate>10/05/2018 17:21:00</OffenseStatusDate>
         <AttemptedCompletedCode>A</AttemptedCompletedCode>
         <CreatorId>STATE_OFFICER11</CreatorId>
         <CreatorDate>10/05/2018 20:35:08</CreatorDate>
         <UpdatorId>STATE_OFFICER11</UpdatorId>
         <UpdatorDate>10/05/2018 20:35:08</UpdatorDate>
      </IncidentOffense>
      <IncidentOffense>
         <IncidentId>3174</IncidentId>
         <OffenseNumber>2</OffenseNumber>
         <OffenseStatusCode>00</OffenseStatusCode>
         <OffenseCode>35-43-2-1  B02</OffenseCode>
         <PlaceCode>25</PlaceCode>
         <BiasCode>88</BiasCode>
         <CSAUCode>C</CSAUCode>
         <SupplementSeq>0</SupplementSeq>
         <UCRNumber>2</UCRNumber>
         <OffenseStatusDate>10/05/2018 17:21:00</OffenseStatusDate>
         <ForcedEntryCode>N</ForcedEntryCode>
         <AttemptedCompletedCode>C</AttemptedCompletedCode>
         <ArrestChargeCode>35-43-2-1  B02</ArrestChargeCode>
         <CreatorId>STATE_OFFICER11</CreatorId>
         <CreatorDate>09/12/2023 08:54:16</CreatorDate>
         <UpdatorId>STATE_OFFICER11</UpdatorId>
         <UpdatorDate>09/12/2023 08:54:16</UpdatorDate>
      </IncidentOffense>
      <IncidentPerson>
         <ApproxAge>38</ApproxAge>
         <ResidentStatusCode>C</ResidentStatusCode>
         <CreatorId>STATE_OFFICER11</CreatorId>
         <CreatorDate>10/05/2018 20:34:09</CreatorDate>
         <UpdatorId>TSTC</UpdatorId>
         <UpdatorDate>09/12/2023 08:57:47</UpdatorDate>
         <Person>
            <PersonId>540</PersonId>
            <RaceCode>M</RaceCode>
            <SexCode>M</SexCode>
            <EthnicityCode>A</EthnicityCode>
            <PersonVerified>Y</PersonVerified>
            <PersonPrimaryName>
               <LastName>Akbar</LastName>
               <FirstName>Allah</FirstName>
               <DOB>04/02/1980 00:00:00</DOB>
               <SSN>3.11776788E8</SSN>
               <DateOfInfo>04/07/2014 16:44:23</DateOfInfo>
               <SLastName>A216</SLastName>
               <SFirstName>A400</SFirstName>
            </PersonPrimaryName>
            <Alias>
               <NameTypeCode>P</NameTypeCode>
               <LastName>Akbar</LastName>
               <FirstName>Allah</FirstName>
               <DOB>04/02/1980 00:00:00</DOB>
               <SSN>3.11776788E8</SSN>
               <SLastName>A216</SLastName>
               <SFirstName>A400</SFirstName>
               <DateOfInfo>04/07/2014 16:44:23</DateOfInfo>
            </Alias>
            <PersonPhone>
               <PhoneTypeCode>RES</PhoneTypeCode>
               <PhoneArea>303</PhoneArea>
               <PhonePrefix>123</PhonePrefix>
               <PhoneSuffix>1234</PhoneSuffix>
               <DateOfInfo>08/10/2020 00:00:00</DateOfInfo>
            </PersonPhone>
         </Person>
         <IncidentPersonRole>
            <RoleType>V</RoleType>
            <CreatorId>STATE_OFFICER11</CreatorId>
            <CreatorDate>09/12/2023 08:57:47</CreatorDate>
            <UpdatorId>STATE_OFFICER11</UpdatorId>
            <UpdatorDate>09/12/2023 08:57:47</UpdatorDate>
         </IncidentPersonRole>
      </IncidentPerson>
      <IncidentPerson>
         <ApproxAge>54</ApproxAge>
         <ClearMultiArrestCode>N</ClearMultiArrestCode>
         <CreatorId>STATE_OFFICER11</CreatorId>
         <CreatorDate>09/12/2023 08:55:52</CreatorDate>
         <UpdatorId>STATE_OFFICER11</UpdatorId>
         <UpdatorDate>09/12/2023 08:55:52</UpdatorDate>
         <Person>
            <PersonId>1130</PersonId>
            <RaceCode>W</RaceCode>
            <SexCode>M</SexCode>
            <EthnicityCode>U</EthnicityCode>
            <PersonVerified>Y</PersonVerified>
            <PersonPrimaryName>
               <LastName>ADAMS</LastName>
               <FirstName>DAVID</FirstName>
               <MiddleName>FRANKLIN</MiddleName>
               <DOB>01/09/1964 00:00:00</DOB>
               <SSN>3.85907244E8</SSN>
               <DateOfInfo>06/28/2021 19:41:29</DateOfInfo>
               <SLastName>A352</SLastName>
               <SFirstName>D130</SFirstName>
            </PersonPrimaryName>
            <Alias>
               <NameTypeCode>P</NameTypeCode>
               <LastName>ADAMS</LastName>
               <FirstName>DAVID</FirstName>
               <MiddleName>FRANKLIN</MiddleName>
               <DOB>01/09/1964 00:00:00</DOB>
               <SSN>3.85907244E8</SSN>
               <SLastName>A352</SLastName>
               <SFirstName>D130</SFirstName>
               <DateOfInfo>06/28/2021 19:41:29</DateOfInfo>
            </Alias>
            <PersonAddress>
               <StreetNumber>410</StreetNumber>
               <StreetName>17th</StreetName>
               <StreetTypeCode>ST</StreetTypeCode>
               <SubTypeCode>STE</SubTypeCode>
               <SubNumber>1500</SubNumber>
               <City>Denver</City>
               <StateCode>CO</StateCode>
               <Zip5>80202</Zip5>
               <Zip4>4402</Zip4>
            </PersonAddress>
            <PersonAddress>
               <StreetNumber>410</StreetNumber>
               <StreetName>17th</StreetName>
               <StreetTypeCode>ST</StreetTypeCode>
               <SubTypeCode>STE</SubTypeCode>
               <SubNumber>1500</SubNumber>
               <City>Denver</City>
               <StateCode>CO</StateCode>
               <Zip5>80202</Zip5>
               <Zip4>4402</Zip4>
               <CountryCode>US</CountryCode>
               <Longitude>-104.9889953</Longitude>
               <Latitude>39.7440063</Latitude>
            </PersonAddress>
         </Person>
         <IncidentPersonRole>
            <RoleType>S</RoleType>
            <CreatorId>STATE_OFFICER11</CreatorId>
            <CreatorDate>09/12/2023 08:55:52</CreatorDate>
            <UpdatorId>STATE_OFFICER11</UpdatorId>
            <UpdatorDate>09/12/2023 08:55:52</UpdatorDate>
         </IncidentPersonRole>
         <IncidentPersonRole>
            <RoleType>A</RoleType>
            <CreatorId>STATE_OFFICER11</CreatorId>
            <CreatorDate>09/12/2023 08:55:52</CreatorDate>
            <UpdatorId>STATE_OFFICER11</UpdatorId>
            <UpdatorDate>09/12/2023 08:55:52</UpdatorDate>
         </IncidentPersonRole>
      </IncidentPerson>
      <IncidentProperty>
         <CreatorId>STATE_OFFICER11</CreatorId>
         <CreatorDate>11/02/2018 15:12:05</CreatorDate>
         <UpdatorId>STATE_OFFICER11</UpdatorId>
         <UpdatorDate>11/02/2018 15:12:05</UpdatorDate>
         <DateOfInfo>11/02/2018 00:00:00</DateOfInfo>
         <StatusCode>16</StatusCode>
         <DocumentTypeCode>P</DocumentTypeCode>
         <PropertyTypeCode>470</PropertyTypeCode>
         <PropertyValue>0</PropertyValue>
         <Value>0</Value>
         <SerialNumber>343</SerialNumber>
         <Evidence>Y</Evidence>
         <EvidenceFlag>Y</EvidenceFlag>
         <ExternalEvidenceId>780</ExternalEvidenceId>
         <Property_ID>1803</Property_ID>
         <Quantity>1</Quantity>
      </IncidentProperty>
      <IncidentProperty>
         <RoleCode>7</RoleCode>
         <CreatorId>STATE_OFFICER11</CreatorId>
         <CreatorDate>09/12/2023 08:58:30</CreatorDate>
         <UpdatorId>STATE_OFFICER11</UpdatorId>
         <UpdatorDate>09/12/2023 08:58:30</UpdatorDate>
         <DateOfInfo>09/12/2023 00:00:00</DateOfInfo>
         <StatusCode>7</StatusCode>
         <DocumentTypeCode>P</DocumentTypeCode>
         <Description>camera</Description>
         <PropertyTypeCode>817</PropertyTypeCode>
         <PropertyValue>500</PropertyValue>
         <Value>500</Value>
         <SerialNumber>323423423</SerialNumber>
         <Evidence>N</Evidence>
         <EvidenceFlag>N</EvidenceFlag>
         <Property_ID>2147</Property_ID>
         <Make>nikon</Make>
         <Quantity>1</Quantity>
      </IncidentProperty>
   </IncidentSupplement>
</Incident>