<?xml version="1.0" encoding="UTF-8"?>
<Incident xmlns:xsi="http://www.w3.org/2001/XMLSchema-instance"
          xsi:noNamespaceSchemaLocation="file:///C:/DATA/EJS/SVN_Root/Ejustice/trunk/XMLTransformations/OnlineRMSInternalToIncident/IAOnlineRMSIncidentImport.xsd">
   <IncidentReportNum>2016D4210021</IncidentReportNum>
   <AgencyCode>D42</AgencyCode>
   <ORINum>SC0280000</ORINum>
   <ReportDate>03/10/2016 15:28:00</ReportDate>
   <ReportTime>03/10/2016 15:28:00</ReportTime>
   <StartDate>03/10/2016 15:28:00</StartDate>
   <StartTime>03/01/2016 15:28:00</StartTime>
   <Summary>test 2</Summary>
   <CreatorId>STATE_OFFICER11</CreatorId>
   <CreatorDate>03/10/2016 15:28:46</CreatorDate>
   <UpdatorId>TSTC</UpdatorId>
   <UpdatorDate>09/09/2021 18:46:39</UpdatorDate>
   <IncidentType>
      <IncidentTypeCode>CAB</IncidentTypeCode>
   </IncidentType>
   <IncidentAddress>
      <AddressId>275</AddressId>
      <City>18</City>
      <CreatorId>STATE_OFFICER11</CreatorId>
      <CreatorDate>03/10/2016 15:29:08</CreatorDate>
      <UpdatorId>TSTC</UpdatorId>
      <UpdatorDate>03/10/2016 15:29:17</UpdatorDate>
      <Address>
         <AddressId>275</AddressId>
         <StreetNumber>6703</StreetNumber>
         <StreetName>STRAWBERRY</StreetName>
         <StreetTypeCode>LN</StreetTypeCode>
         <SubTypeCode>APT</SubTypeCode>
         <SubNumber>108</SubNumber>
         <City>LOUISVILLE</City>
         <StateCode>KY</StateCode>
         <Zip5>40214</Zip5>
         <AddressCommonName>
            <CommonPlaceName>Dead strip</CommonPlaceName>
         </AddressCommonName>
      </Address>
   </IncidentAddress>
   <IncidentSupplement>
      <SupplementSequence>0</SupplementSequence>
      <IncSupplementStatusCode>A</IncSupplementStatusCode>
      <SuppReportDate>03/10/2016 15:28:46</SuppReportDate>
      <SuppReportTime>03/10/2016 15:28:46</SuppReportTime>
      <AgencyOnly>N</AgencyOnly>
      <SecurityLevel>1201</SecurityLevel>
      <SuppAgencyCode>D42</SuppAgencyCode>
      <UnknownNoOffenders>N</UnknownNoOffenders>
      <DsIcrDate>03/10/2016 15:35:36</DsIcrDate>
      <DsIcrSubmissionStatus>NOT REPORTABLE</DsIcrSubmissionStatus>
      <CreatorId>STATE_OFFICER11</CreatorId>
      <CreatorDate>03/10/2016 15:28:46</CreatorDate>
      <UpdatorId>TSTC</UpdatorId>
      <UpdatorDate>08/05/2021 17:38:25</UpdatorDate>
      <IncidentSuppNarrative>
         <NarrativeNumber>1</NarrativeNumber>
         <NarrativeTitle>Original Narrative</NarrativeTitle>
         <NarrativeText>&amp;nbsp;test 2</NarrativeText>
         <CreatorId>STATE_OFFICER11</CreatorId>
         <CreatorDate>03/10/2016 15:31:46</CreatorDate>
         <UpdatorId>STATE_OFFICER11</UpdatorId>
         <UpdatorDate>03/10/2016 15:31:46</UpdatorDate>
      </IncidentSuppNarrative>
      <IncidentOfficer>
         <OfficerRoleCode>P</OfficerRoleCode>
         <Officer>
            <AgencyCode>D42</AgencyCode>
            <ORINumber>SC0280000</ORINumber>
            <LastName>Ranz</LastName>
            <FirstName>Greg</FirstName>
            <InternalID>9696</InternalID>
         </Officer>
      </IncidentOfficer>
      <IncidentOfficer>
         <OfficerRoleCode>R</OfficerRoleCode>
         <Officer>
            <AgencyCode>D42</AgencyCode>
            <ORINumber>SC0280000</ORINumber>
            <LastName>Ranz</LastName>
            <FirstName>Greg</FirstName>
            <InternalID>9696</InternalID>
         </Officer>
      </IncidentOfficer>
      <IncidentOffense>
         <IncidentId>2467</IncidentId>
         <OffenseNumber>1</OffenseNumber>
         <OffenseStatusCode>00</OffenseStatusCode>
         <OffenseCode>16-42-19-16</OffenseCode>
         <PlaceCode>41</PlaceCode>
         <BiasCode>88</BiasCode>
         <CSAUCode>C</CSAUCode>
         <SupplementSeq>0</SupplementSeq>
         <UCRNumber>1</UCRNumber>
         <OffenseStatusDate>03/10/2016 15:28:00</OffenseStatusDate>
         <AttemptedCompletedCode>C</AttemptedCompletedCode>
         <ArrestChargeCode>16-42-19-16</ArrestChargeCode>
         <CreatorId>STATE_OFFICER11</CreatorId>
         <CreatorDate>03/10/2016 15:29:48</CreatorDate>
         <UpdatorId>STATE_OFFICER11</UpdatorId>
         <UpdatorDate>03/10/2016 15:29:48</UpdatorDate>
      </IncidentOffense>
   </IncidentSupplement>
</Incident>