<?xml version="1.0" encoding="UTF-8"?>
<Incident xmlns:xsi="http://www.w3.org/2001/XMLSchema-instance"
          xsi:noNamespaceSchemaLocation="file:///C:/DATA/EJS/SVN_Root/Ejustice/trunk/XMLTransformations/OnlineRMSInternalToIncident/IAOnlineRMSIncidentImport.xsd">
   <IncidentReportNum>2020D4210242</IncidentReportNum>
   <AgencyCode>D42</AgencyCode>
   <ORINum>SC0280000</ORINum>
   <ReportDate>03/27/2020 15:33:00</ReportDate>
   <ReportTime>03/27/2020 15:33:00</ReportTime>
   <StartDate>03/27/2020 15:33:00</StartDate>
   <StartTime>03/27/2020 15:33:00</StartTime>
   <Summary>ertert</Summary>
   <CreatorId>STATE_OFFICER14</CreatorId>
   <CreatorDate>03/27/2020 15:33:36</CreatorDate>
   <UpdatorId>TSTC</UpdatorId>
   <UpdatorDate>09/09/2021 18:46:43</UpdatorDate>
   <IncidentType>
      <IncidentTypeCode>AIR</IncidentTypeCode>
   </IncidentType>
   <IncidentAddress>
      <AddressId>1698</AddressId>
      <City>16</City>
      <CreatorId>STATE_OFFICER14</CreatorId>
      <CreatorDate>03/27/2020 15:35:53</CreatorDate>
      <UpdatorId>TSTC</UpdatorId>
      <UpdatorDate>03/27/2020 15:36:06</UpdatorDate>
      <Address>
         <AddressId>1698</AddressId>
         <StreetNumber>89</StreetNumber>
         <StreetName>Harris</StreetName>
         <City>Indianapolis</City>
         <StateCode>IN</StateCode>
         <Zip5>45454</Zip5>
         <CountryCode>US</CountryCode>
      </Address>
   </IncidentAddress>
   <IncidentSupplement>
      <SupplementSequence>0</SupplementSequence>
      <IncSupplementStatusCode>A</IncSupplementStatusCode>
      <SuppReportDate>03/27/2020 15:33:36</SuppReportDate>
      <SuppReportTime>03/27/2020 15:33:36</SuppReportTime>
      <AgencyOnly>N</AgencyOnly>
      <SecurityLevel>990</SecurityLevel>
      <SuppAgencyCode>D42</SuppAgencyCode>
      <UnknownNoOffenders>N</UnknownNoOffenders>
      <DsIcrDate>03/27/2020 15:39:57</DsIcrDate>
      <DsIcrSubmissionStatus>NOT REPORTABLE</DsIcrSubmissionStatus>
      <CreatorId>STATE_OFFICER14</CreatorId>
      <CreatorDate>03/27/2020 15:33:36</CreatorDate>
      <UpdatorId>TSTC</UpdatorId>
      <UpdatorDate>08/05/2021 17:38:28</UpdatorDate>
      <IncidentSuppNarrative>
         <NarrativeNumber>1</NarrativeNumber>
         <NarrativeTitle>Original Narrative</NarrativeTitle>
         <NarrativeText>sdfsdf</NarrativeText>
         <CreatorId>STATE_OFFICER14</CreatorId>
         <CreatorDate>03/27/2020 15:39:21</CreatorDate>
         <UpdatorId>STATE_OFFICER14</UpdatorId>
         <UpdatorDate>03/27/2020 15:39:21</UpdatorDate>
      </IncidentSuppNarrative>
      <IncidentOfficer>
         <OfficerRoleCode>P</OfficerRoleCode>
         <Officer>
            <AgencyCode>D42</AgencyCode>
            <ORINumber>SC0280000</ORINumber>
            <LastName>Smith</LastName>
            <FirstName>Charles</FirstName>
            <InternalID>2014</InternalID>
         </Officer>
      </IncidentOfficer>
      <IncidentOfficer>
         <OfficerRoleCode>R</OfficerRoleCode>
         <Officer>
            <AgencyCode>D42</AgencyCode>
            <ORINumber>SC0280000</ORINumber>
            <LastName>Smith</LastName>
            <FirstName>Charles</FirstName>
            <InternalID>2014</InternalID>
         </Officer>
      </IncidentOfficer>
      <IncidentOffense>
         <IncidentId>3232</IncidentId>
         <OffenseNumber>1</OffenseNumber>
         <OffenseStatusCode>00</OffenseStatusCode>
         <OffenseCode>35-43-2-2  C02</OffenseCode>
         <PlaceCode>25</PlaceCode>
         <BiasCode>88</BiasCode>
         <CSAUCode>C</CSAUCode>
         <SupplementSeq>0</SupplementSeq>
         <UCRNumber>1</UCRNumber>
         <OffenseStatusDate>03/27/2020 15:33:00</OffenseStatusDate>
         <AttemptedCompletedCode>C</AttemptedCompletedCode>
         <CreatorId>STATE_OFFICER14</CreatorId>
         <CreatorDate>03/27/2020 15:36:48</CreatorDate>
         <UpdatorId>STATE_OFFICER14</UpdatorId>
         <UpdatorDate>03/27/2020 15:36:48</UpdatorDate>
      </IncidentOffense>
      <IncidentPerson>
         <ApproxAge>40</ApproxAge>
         <CreatorId>STATE_OFFICER14</CreatorId>
         <CreatorDate>03/27/2020 15:39:07</CreatorDate>
         <UpdatorId>TSTC</UpdatorId>
         <UpdatorDate>05/24/2023 12:41:23</UpdatorDate>
         <Person>
            <PersonId>872</PersonId>
            <RaceCode>W</RaceCode>
            <SexCode>M</SexCode>
            <PersonVerified>Y</PersonVerified>
            <PersonPrimaryName>
               <LastName>Aveeno</LastName>
               <FirstName>Tom</FirstName>
               <DOB>01/01/1980 00:00:00</DOB>
               <SSN>1.11111111E8</SSN>
               <DateOfInfo>05/22/2017 12:41:38</DateOfInfo>
               <SLastName>A150</SLastName>
               <SFirstName>T500</SFirstName>
            </PersonPrimaryName>
            <Alias>
               <NameTypeCode>P</NameTypeCode>
               <LastName>Aveeno</LastName>
               <FirstName>Tom</FirstName>
               <DOB>01/01/1980 00:00:00</DOB>
               <SSN>1.11111111E8</SSN>
               <SLastName>A150</SLastName>
               <SFirstName>T500</SFirstName>
               <DateOfInfo>05/22/2017 12:41:38</DateOfInfo>
            </Alias>
         </Person>
         <IncidentPersonRole>
            <RoleType>S</RoleType>
            <CreatorId>STATE_OFFICER14</CreatorId>
            <CreatorDate>03/27/2020 15:39:07</CreatorDate>
            <UpdatorId>TSTC</UpdatorId>
            <UpdatorDate>08/15/2023 20:32:24</UpdatorDate>
         </IncidentPersonRole>
      </IncidentPerson>
      <IncidentBusiness>
         <BusinessNumber>240000001</BusinessNumber>
         <BusinessName>SOCIETY</BusinessName>
         <IncBusinessRoleCode>V</IncBusinessRoleCode>
         <CreatorId>STATE_OFFICER14</CreatorId>
         <CreatorDate>03/27/2020 15:36:49</CreatorDate>
         <UpdatorId>STATE_OFFICER14</UpdatorId>
         <UpdatorDate>03/27/2020 15:36:49</UpdatorDate>
      </IncidentBusiness>
   </IncidentSupplement>
</Incident>