<?xml version="1.0" encoding="UTF-8"?>
<Incident xmlns:xsi="http://www.w3.org/2001/XMLSchema-instance"
          xsi:noNamespaceSchemaLocation="file:///C:/DATA/EJS/SVN_Root/Ejustice/trunk/XMLTransformations/OnlineRMSInternalToIncident/IAOnlineRMSIncidentImport.xsd">
   <IncidentReportNum>2017D4210093</IncidentReportNum>
   <AgencyCode>D42</AgencyCode>
   <ORINum>SC0280000</ORINum>
   <ReportDate>06/01/2017 16:51:00</ReportDate>
   <ReportTime>06/01/2017 16:51:00</ReportTime>
   <StartDate>06/01/2017 16:51:00</StartDate>
   <StartTime>06/01/2017 16:51:00</StartTime>
   <Summary>asdfasdf</Summary>
   <CreatorId>STATE_OFFICER11</CreatorId>
   <CreatorDate>06/29/2017 16:51:52</CreatorDate>
   <UpdatorId>TSTC</UpdatorId>
   <UpdatorDate>09/09/2021 18:46:42</UpdatorDate>
   <IncidentType>
      <IncidentTypeCode>CAD</IncidentTypeCode>
   </IncidentType>
   <IncidentAddress>
      <AddressId>543</AddressId>
      <City>3</City>
      <CreatorId>STATE_OFFICER11</CreatorId>
      <CreatorDate>06/29/2017 16:52:13</CreatorDate>
      <UpdatorId>TSTC</UpdatorId>
      <UpdatorDate>06/29/2017 16:52:21</UpdatorDate>
      <Address>
         <AddressId>543</AddressId>
         <StreetNumber>3705</StreetNumber>
         <StreetName>FRANKLIN</StreetName>
         <StreetTypeCode>ST</StreetTypeCode>
         <StateCode>IN</StateCode>
         <CountryCode>US</CountryCode>
      </Address>
   </IncidentAddress>
   <IncidentSupplement>
      <SupplementSequence>0</SupplementSequence>
      <IncSupplementStatusCode>A</IncSupplementStatusCode>
      <SuppReportDate>06/29/2017 16:51:52</SuppReportDate>
      <SuppReportTime>06/29/2017 16:51:52</SuppReportTime>
      <AgencyOnly>N</AgencyOnly>
      <SecurityLevel>1201</SecurityLevel>
      <SuppAgencyCode>D42</SuppAgencyCode>
      <UnknownNoOffenders>N</UnknownNoOffenders>
      <DsIcrDate>07/13/2017 12:41:34</DsIcrDate>
      <DsIcrSubmissionStatus>SENT WAITING FOR RESPONSE</DsIcrSubmissionStatus>
      <CreatorId>STATE_OFFICER11</CreatorId>
      <CreatorDate>06/29/2017 16:51:52</CreatorDate>
      <UpdatorId>TSTC</UpdatorId>
      <UpdatorDate>08/05/2021 17:38:25</UpdatorDate>
      <IncidentSuppNarrative>
         <NarrativeNumber>1</NarrativeNumber>
         <NarrativeTitle>Original Narrative</NarrativeTitle>
         <NarrativeText>asdfasdf</NarrativeText>
         <CreatorId>STATE_OFFICER11</CreatorId>
         <CreatorDate>06/29/2017 16:54:48</CreatorDate>
         <UpdatorId>STATE_OFFICER11</UpdatorId>
         <UpdatorDate>06/29/2017 16:54:48</UpdatorDate>
      </IncidentSuppNarrative>
      <IncidentOfficer>
         <OfficerRoleCode>P</OfficerRoleCode>
         <Officer>
            <AgencyCode>D42</AgencyCode>
            <ORINumber>SC0280000</ORINumber>
            <LastName>Ranz</LastName>
            <FirstName>Greg</FirstName>
            <InternalID>9696</InternalID>
         </Officer>
      </IncidentOfficer>
      <IncidentOfficer>
         <OfficerRoleCode>R</OfficerRoleCode>
         <Officer>
            <AgencyCode>D42</AgencyCode>
            <ORINumber>SC0280000</ORINumber>
            <LastName>Ranz</LastName>
            <FirstName>Greg</FirstName>
            <InternalID>9696</InternalID>
         </Officer>
      </IncidentOfficer>
      <IncidentOffense>
         <IncidentId>2739</IncidentId>
         <OffenseNumber>1</OffenseNumber>
         <OffenseStatusCode>00</OffenseStatusCode>
         <OffenseCode>35-43-2-1  B01</OffenseCode>
         <PlaceCode>37</PlaceCode>
         <BiasCode>22</BiasCode>
         <CSAUCode>C</CSAUCode>
         <SupplementSeq>0</SupplementSeq>
         <UCRNumber>1</UCRNumber>
         <OffenseStatusDate>06/01/2017 16:51:00</OffenseStatusDate>
         <ForcedEntryCode>F</ForcedEntryCode>
         <AttemptedCompletedCode>C</AttemptedCompletedCode>
         <ArrestChargeCode>35-43-2-1  B01</ArrestChargeCode>
         <CreatorId>STATE_OFFICER11</CreatorId>
         <CreatorDate>06/29/2017 16:52:47</CreatorDate>
         <UpdatorId>STATE_OFFICER11</UpdatorId>
         <UpdatorDate>06/29/2017 16:52:47</UpdatorDate>
      </IncidentOffense>
      <IncidentPerson>
         <ApproxAge>28</ApproxAge>
         <ResidentStatusCode>R</ResidentStatusCode>
         <CreatorId>STATE_OFFICER11</CreatorId>
         <CreatorDate>06/29/2017 16:53:54</CreatorDate>
         <UpdatorId>TSTC</UpdatorId>
         <UpdatorDate>05/24/2023 12:41:24</UpdatorDate>
         <Person>
            <PersonId>842</PersonId>
            <RaceCode>W</RaceCode>
            <SexCode>M</SexCode>
            <PersonVerified>Y</PersonVerified>
            <PersonPrimaryName>
               <LastName>Weasley</LastName>
               <FirstName>Ron</FirstName>
               <MiddleName>m</MiddleName>
               <DateOfInfo>10/25/2016 12:06:18</DateOfInfo>
               <SLastName>W240</SLastName>
               <SFirstName>R500</SFirstName>
            </PersonPrimaryName>
            <Alias>
               <NameTypeCode>P</NameTypeCode>
               <LastName>Weasley</LastName>
               <FirstName>Ron</FirstName>
               <MiddleName>m</MiddleName>
               <SLastName>W240</SLastName>
               <SFirstName>R500</SFirstName>
               <DateOfInfo>10/25/2016 12:06:18</DateOfInfo>
            </Alias>
         </Person>
         <IncidentPersonRole>
            <RoleType>V</RoleType>
            <CreatorId>STATE_OFFICER11</CreatorId>
            <CreatorDate>06/29/2017 16:53:54</CreatorDate>
            <UpdatorId>TSTC</UpdatorId>
            <UpdatorDate>08/15/2023 20:32:22</UpdatorDate>
         </IncidentPersonRole>
      </IncidentPerson>
      <IncidentVehicle>
         <VEHICLE_ID>141</VEHICLE_ID>
         <RoleCode>VI</RoleCode>
         <CreatorId>STATE_AGENCYADMIN</CreatorId>
         <CreatorDate>06/29/2017 16:54:42</CreatorDate>
         <UpdatorId>TSTC</UpdatorId>
         <UpdatorDate>07/12/2017 12:54:31</UpdatorDate>
         <DateOfInfo>07/27/2012 00:00:00</DateOfInfo>
         <StatusCode>1</StatusCode>
         <VIN>1XKTD69X6XJ792684</VIN>
         <VehicleYear>1999</VehicleYear>
         <VehicleMakeCode>KW</VehicleMakeCode>
         <VehSecColorCode>RED</VehSecColorCode>
         <VehicleLicStateCode>MI</VehicleLicStateCode>
         <VehicleLicNumber>RA70499</VehicleLicNumber>
         <VehicleLicYear>2013</VehicleLicYear>
         <VehicleLicMonth>3</VehicleLicMonth>
         <VehicleValue>12</VehicleValue>
      </IncidentVehicle>
      <IncidentProperty>
         <RoleCode>7</RoleCode>
         <CreatorId>STATE_OFFICER11</CreatorId>
         <CreatorDate>06/29/2017 16:54:19</CreatorDate>
         <UpdatorId>TSTC</UpdatorId>
         <UpdatorDate>08/10/2017 23:00:51</UpdatorDate>
         <DateOfInfo>06/29/2017 00:00:00</DateOfInfo>
         <StatusCode>7</StatusCode>
         <DocumentTypeCode>P</DocumentTypeCode>
         <PropertyTypeCode>471</PropertyTypeCode>
         <PropertyValue>1</PropertyValue>
         <Value>1</Value>
         <Evidence>N</Evidence>
         <EvidenceFlag>N</EvidenceFlag>
         <Property_ID>1618</Property_ID>
         <Make>asdf</Make>
         <Quantity>1</Quantity>
      </IncidentProperty>
   </IncidentSupplement>
</Incident>