<?xml version="1.0" encoding="UTF-8"?>
<Incident xmlns:xsi="http://www.w3.org/2001/XMLSchema-instance"
          xsi:noNamespaceSchemaLocation="file:///C:/DATA/EJS/SVN_Root/Ejustice/trunk/XMLTransformations/OnlineRMSInternalToIncident/IAOnlineRMSIncidentImport.xsd">
   <IncidentReportNum>2022D4210403</IncidentReportNum>
   <AgencyCode>D42</AgencyCode>
   <ORINum>SC0280000</ORINum>
   <ReportDate>07/14/2022 11:26:00</ReportDate>
   <ReportTime>07/14/2022 11:26:00</ReportTime>
   <StartDate>07/14/2022 11:26:00</StartDate>
   <StartTime>07/14/2022 11:26:00</StartTime>
   <Summary>7/14 Test #5 - One image only. Create incident</Summary>
   <InternalIncident>Y</InternalIncident>
   <CreatorId>STATE_OFFICER11</CreatorId>
   <CreatorDate>07/14/2022 11:27:03</CreatorDate>
   <UpdatorId>STATE_OFFICER11</UpdatorId>
   <UpdatorDate>10/10/2022 10:49:23</UpdatorDate>
   <IncidentType>
      <IncidentTypeCode>CITREP</IncidentTypeCode>
   </IncidentType>
   <IncidentAddress>
      <AddressId>394</AddressId>
      <City>20</City>
      <CreatorId>STATE_OFFICER11</CreatorId>
      <CreatorDate>10/10/2022 10:38:08</CreatorDate>
      <UpdatorId>TSTC</UpdatorId>
      <UpdatorDate>10/10/2022 10:38:21</UpdatorDate>
      <Address>
         <AddressId>394</AddressId>
         <StreetNumber>123</StreetNumber>
         <StreetName>Quake</StreetName>
         <StreetTypeCode>ST</StreetTypeCode>
         <StateCode>CO</StateCode>
         <CountryCode>US</CountryCode>
         <Longitude>-105.782067</Longitude>
         <Latitude>39.55005</Latitude>
      </Address>
   </IncidentAddress>
   <IncidentSupplement>
      <SupplementSequence>0</SupplementSequence>
      <IncSupplementStatusCode>A</IncSupplementStatusCode>
      <SuppReportDate>07/14/2022 11:27:04</SuppReportDate>
      <SuppReportTime>07/14/2022 11:27:04</SuppReportTime>
      <AgencyOnly>Y</AgencyOnly>
      <SecurityLevel>1100</SecurityLevel>
      <SuppAgencyCode>D42</SuppAgencyCode>
      <UnknownNoOffenders>N</UnknownNoOffenders>
      <DsIcrDate>10/10/2022 10:49:28</DsIcrDate>
      <DsIcrSubmissionStatus>NOT REPORTABLE</DsIcrSubmissionStatus>
      <CreatorId>STATE_OFFICER11</CreatorId>
      <CreatorDate>07/14/2022 11:27:04</CreatorDate>
      <UpdatorId>STATE_OFFICER11</UpdatorId>
      <UpdatorDate>10/10/2022 10:49:28</UpdatorDate>
      <IncidentSuppNarrative>
         <NarrativeNumber>1</NarrativeNumber>
         <NarrativeTitle>Complainant Narrative</NarrativeTitle>
         <NarrativeText>7/14 Test #5 - One image only. Create incident</NarrativeText>
         <CreatorId>STATE_OFFICER11</CreatorId>
         <CreatorDate>07/14/2022 11:27:04</CreatorDate>
         <UpdatorId>STATE_OFFICER11</UpdatorId>
         <UpdatorDate>07/14/2022 11:27:04</UpdatorDate>
      </IncidentSuppNarrative>
      <IncidentOfficer>
         <OfficerRoleCode>P</OfficerRoleCode>
         <Officer>
            <AgencyCode>D42</AgencyCode>
            <ORINumber>SC0280000</ORINumber>
            <LastName>Simpson</LastName>
            <FirstName>Homer</FirstName>
            <InternalID>9696</InternalID>
         </Officer>
      </IncidentOfficer>
      <IncidentOfficer>
         <OfficerRoleCode>R</OfficerRoleCode>
         <Officer>
            <AgencyCode>D42</AgencyCode>
            <ORINumber>SC0280000</ORINumber>
            <LastName>Simpson</LastName>
            <FirstName>Homer</FirstName>
            <InternalID>9696</InternalID>
         </Officer>
      </IncidentOfficer>
      <IncidentOffense>
         <IncidentId>3407</IncidentId>
         <OffenseNumber>1</OffenseNumber>
         <OffenseStatusCode>00</OffenseStatusCode>
         <OffenseCode>35-43-2-2  C03</OffenseCode>
         <PlaceCode>40</PlaceCode>
         <BiasCode>88</BiasCode>
         <CSAUCode>C</CSAUCode>
         <SupplementSeq>0</SupplementSeq>
         <UCRNumber>1</UCRNumber>
         <OffenseStatusDate>07/14/2022 11:26:00</OffenseStatusDate>
         <AttemptedCompletedCode>C</AttemptedCompletedCode>
         <CreatorId>STATE_OFFICER11</CreatorId>
         <CreatorDate>10/10/2022 10:39:20</CreatorDate>
         <UpdatorId>STATE_OFFICER11</UpdatorId>
         <UpdatorDate>10/10/2022 10:39:20</UpdatorDate>
      </IncidentOffense>
      <IncidentPerson>
         <ApproxAge>46</ApproxAge>
         <CreatorId>STATE_OFFICER11</CreatorId>
         <CreatorDate>10/10/2022 10:40:31</CreatorDate>
         <UpdatorId>TSTC</UpdatorId>
         <UpdatorDate>05/24/2023 12:41:25</UpdatorDate>
         <Person>
            <PersonId>1050</PersonId>
            <RaceCode>W</RaceCode>
            <SexCode>F</SexCode>
            <EthnicityCode>U</EthnicityCode>
            <PersonVerified>Y</PersonVerified>
            <PersonPrimaryName>
               <LastName>Hanshoal</LastName>
               <FirstName>Susan</FirstName>
               <DateOfInfo>08/19/2020 00:00:00</DateOfInfo>
               <SLastName>H524</SLastName>
               <SFirstName>S250</SFirstName>
            </PersonPrimaryName>
            <PersonPrimaryName>
               <LastName>Pemberly</LastName>
               <FirstName>Susan</FirstName>
               <DOB>02/17/1976 00:00:00</DOB>
               <SSN>1.23123123E8</SSN>
               <DateOfInfo>08/19/2020 12:45:03</DateOfInfo>
               <SLastName>P516</SLastName>
               <SFirstName>S250</SFirstName>
            </PersonPrimaryName>
            <Alias>
               <NameTypeCode>M</NameTypeCode>
               <LastName>Hanshoal</LastName>
               <FirstName>Susan</FirstName>
               <SLastName>H524</SLastName>
               <SFirstName>S250</SFirstName>
               <DateOfInfo>08/19/2020 00:00:00</DateOfInfo>
            </Alias>
            <Alias>
               <NameTypeCode>P</NameTypeCode>
               <LastName>Pemberly</LastName>
               <FirstName>Susan</FirstName>
               <DOB>02/17/1976 00:00:00</DOB>
               <SSN>1.23123123E8</SSN>
               <SLastName>P516</SLastName>
               <SFirstName>S250</SFirstName>
               <DateOfInfo>08/19/2020 12:45:03</DateOfInfo>
            </Alias>
            <PersonAddress>
               <StreetNumber>500</StreetNumber>
               <StreetName>Hancock</StreetName>
               <StreetTypeCode>BND</StreetTypeCode>
               <City>INDIANAPOLIS</City>
               <StateCode>IN</StateCode>
               <Zip5>12345</Zip5>
               <CountryCode>US</CountryCode>
               <CountyCode>NaN</CountyCode>
            </PersonAddress>
            <PersonPhone>
               <PhoneTypeCode>RES</PhoneTypeCode>
               <PhoneArea>123</PhoneArea>
               <PhonePrefix>111</PhonePrefix>
               <PhoneSuffix>1111</PhoneSuffix>
               <DateOfInfo>08/19/2020 00:00:00</DateOfInfo>
            </PersonPhone>
         </Person>
         <IncidentPersonRole>
            <RoleType>S</RoleType>
            <CreatorId>STATE_OFFICER11</CreatorId>
            <CreatorDate>10/10/2022 10:40:32</CreatorDate>
            <UpdatorId>TSTC</UpdatorId>
            <UpdatorDate>08/15/2023 20:32:25</UpdatorDate>
         </IncidentPersonRole>
      </IncidentPerson>
   </IncidentSupplement>
   <IncidentSupplement>
      <SupplementSequence>1</SupplementSequence>
      <IncSupplementStatusCode>A</IncSupplementStatusCode>
      <SuppReportDate>10/10/2022 10:44:17</SuppReportDate>
      <SuppReportTime>10/10/2022 10:44:17</SuppReportTime>
      <AgencyOnly>N</AgencyOnly>
      <SecurityLevel>1700</SecurityLevel>
      <SuppAgencyCode>D42</SuppAgencyCode>
      <UnknownNoOffenders>N</UnknownNoOffenders>
      <DsIcrDate>10/10/2022 10:49:28</DsIcrDate>
      <DsIcrSubmissionStatus>READY TO BE PROCESSED-ORIGINAL</DsIcrSubmissionStatus>
      <CreatorId>STATE_OFFICER11</CreatorId>
      <CreatorDate>10/10/2022 10:44:17</CreatorDate>
      <UpdatorId>STATE_OFFICER11</UpdatorId>
      <UpdatorDate>10/10/2022 10:49:28</UpdatorDate>
      <IncidentSuppNarrative>
         <NarrativeNumber>1</NarrativeNumber>
         <NarrativeTitle>Supplement #1 Narrative</NarrativeTitle>
         <NarrativeText>asdaSD</NarrativeText>
         <CreatorId>STATE_OFFICER11</CreatorId>
         <CreatorDate>10/10/2022 10:48:36</CreatorDate>
         <UpdatorId>STATE_OFFICER11</UpdatorId>
         <UpdatorDate>10/10/2022 10:48:36</UpdatorDate>
      </IncidentSuppNarrative>
      <IncidentOfficer>
         <OfficerRoleCode>P</OfficerRoleCode>
         <Officer>
            <AgencyCode>D42</AgencyCode>
            <ORINumber>SC0280000</ORINumber>
            <LastName>Simpson</LastName>
            <FirstName>Homer</FirstName>
            <InternalID>9696</InternalID>
         </Officer>
      </IncidentOfficer>
      <IncidentOfficer>
         <OfficerRoleCode>R</OfficerRoleCode>
         <Officer>
            <AgencyCode>D42</AgencyCode>
            <ORINumber>SC0280000</ORINumber>
            <LastName>Simpson</LastName>
            <FirstName>Homer</FirstName>
            <InternalID>9696</InternalID>
         </Officer>
      </IncidentOfficer>
      <IncidentOffense>
         <IncidentId>3407</IncidentId>
         <OffenseNumber>2</OffenseNumber>
         <OffenseStatusCode>00</OffenseStatusCode>
         <OffenseCode>35-43-5-2  </OffenseCode>
         <PlaceCode>25</PlaceCode>
         <BiasCode>88</BiasCode>
         <CSAUCode>C</CSAUCode>
         <SupplementSeq>1</SupplementSeq>
         <UCRNumber>2</UCRNumber>
         <OffenseStatusDate>07/14/2022 11:26:00</OffenseStatusDate>
         <AttemptedCompletedCode>C</AttemptedCompletedCode>
         <CreatorId>STATE_OFFICER11</CreatorId>
         <CreatorDate>10/10/2022 10:46:17</CreatorDate>
         <UpdatorId>STATE_OFFICER11</UpdatorId>
         <UpdatorDate>10/10/2022 10:46:17</UpdatorDate>
      </IncidentOffense>
      <IncidentPerson>
         <ApproxAge>32</ApproxAge>
         <CreatorId>STATE_OFFICER11</CreatorId>
         <CreatorDate>10/10/2022 10:47:05</CreatorDate>
         <UpdatorId>TSTC</UpdatorId>
         <UpdatorDate>05/24/2023 12:41:26</UpdatorDate>
         <Person>
            <PersonId>747</PersonId>
            <RaceCode>H</RaceCode>
            <SexCode>M</SexCode>
            <PersonVerified>Y</PersonVerified>
            <PersonPrimaryName>
               <LastName>Lindgren</LastName>
               <FirstName>Peter</FirstName>
               <DateOfInfo>09/02/2015 15:00:43</DateOfInfo>
               <SLastName>L532</SLastName>
               <SFirstName>P360</SFirstName>
            </PersonPrimaryName>
            <Alias>
               <NameTypeCode>P</NameTypeCode>
               <LastName>Lindgren</LastName>
               <FirstName>Peter</FirstName>
               <SLastName>L532</SLastName>
               <SFirstName>P360</SFirstName>
               <DateOfInfo>09/02/2015 15:00:43</DateOfInfo>
            </Alias>
         </Person>
         <IncidentPersonRole>
            <RoleType>S</RoleType>
            <CreatorId>STATE_OFFICER11</CreatorId>
            <CreatorDate>10/10/2022 10:47:06</CreatorDate>
            <UpdatorId>TSTC</UpdatorId>
            <UpdatorDate>08/15/2023 20:32:24</UpdatorDate>
         </IncidentPersonRole>
      </IncidentPerson>
      <IncidentPerson>
         <ApproxAge>31</ApproxAge>
         <ResidentStatusCode>R</ResidentStatusCode>
         <CreatorId>STATE_OFFICER11</CreatorId>
         <CreatorDate>10/10/2022 10:47:31</CreatorDate>
         <UpdatorId>TSTC</UpdatorId>
         <UpdatorDate>05/24/2023 12:41:26</UpdatorDate>
         <Person>
            <PersonId>178</PersonId>
            <RaceCode>U</RaceCode>
            <SexCode>M</SexCode>
            <PersonVerified>Y</PersonVerified>
            <PersonPrimaryName>
               <LastName>BENNETT</LastName>
               <FirstName>JUSTIN</FirstName>
               <MiddleName>L</MiddleName>
               <DOB>02/05/1991 00:00:00</DOB>
               <DateOfInfo>06/06/2012 00:00:00</DateOfInfo>
               <SLastName>B530</SLastName>
               <SFirstName>J235</SFirstName>
            </PersonPrimaryName>
            <Alias>
               <NameTypeCode>P</NameTypeCode>
               <LastName>BENNETT</LastName>
               <FirstName>JUSTIN</FirstName>
               <MiddleName>L</MiddleName>
               <DOB>02/05/1991 00:00:00</DOB>
               <SLastName>B530</SLastName>
               <SFirstName>J235</SFirstName>
               <DateOfInfo>06/06/2012 00:00:00</DateOfInfo>
            </Alias>
         </Person>
         <IncidentPersonRole>
            <RoleType>V</RoleType>
            <CreatorId>STATE_OFFICER11</CreatorId>
            <CreatorDate>10/10/2022 10:47:31</CreatorDate>
            <UpdatorId>TSTC</UpdatorId>
            <UpdatorDate>08/15/2023 20:32:24</UpdatorDate>
         </IncidentPersonRole>
      </IncidentPerson>
      <IncidentProperty>
         <RoleCode>3</RoleCode>
         <CreatorId>STATE_OFFICER11</CreatorId>
         <CreatorDate>10/10/2022 10:48:08</CreatorDate>
         <UpdatorId>STATE_OFFICER11</UpdatorId>
         <UpdatorDate>10/10/2022 10:48:26</UpdatorDate>
         <DateOfInfo>10/10/2022 00:00:00</DateOfInfo>
         <StatusCode>3</StatusCode>
         <DocumentTypeCode>O</DocumentTypeCode>
         <PropertyTypeCode>541</PropertyTypeCode>
         <PropertyValue>0</PropertyValue>
         <Value>0</Value>
         <Evidence>N</Evidence>
         <EvidenceFlag>N</EvidenceFlag>
         <Property_ID>2113</Property_ID>
         <AccountName>123</AccountName>
         <AccountNumber>123</AccountNumber>
         <Amount>0</Amount>
         <Bank>Chase</Bank>
      </IncidentProperty>
   </IncidentSupplement>
</Incident>