<?xml version="1.0" encoding="UTF-8"?>
<Incident xmlns:xsi="http://www.w3.org/2001/XMLSchema-instance"
          xsi:noNamespaceSchemaLocation="file:///C:/DATA/EJS/SVN_Root/Ejustice/trunk/XMLTransformations/OnlineRMSInternalToIncident/IAOnlineRMSIncidentImport.xsd">
   <IncidentReportNum>2022D4210409</IncidentReportNum>
   <AgencyCode>D42</AgencyCode>
   <ORINum>SC0280000</ORINum>
   <ReportDate>08/01/2022 15:26:00</ReportDate>
   <ReportTime>08/01/2022 15:26:00</ReportTime>
   <StartDate>08/01/2022 15:26:00</StartDate>
   <StartTime>08/01/2022 15:26:00</StartTime>
   <Summary>blurb</Summary>
   <CreatorId>STATE_OFFICER11</CreatorId>
   <CreatorDate>08/01/2022 15:26:10</CreatorDate>
   <UpdatorId>STATE_OFFICER11</UpdatorId>
   <UpdatorDate>08/25/2023 15:11:31</UpdatorDate>
   <IncidentType>
      <IncidentTypeCode>AIR</IncidentTypeCode>
   </IncidentType>
   <IncidentAddress>
      <AddressId>1499</AddressId>
      <CreatorId>STATE_OFFICER11</CreatorId>
      <CreatorDate>08/25/2023 15:02:47</CreatorDate>
      <UpdatorId>TSTC</UpdatorId>
      <UpdatorDate>08/25/2023 15:02:56</UpdatorDate>
      <Address>
         <AddressId>1499</AddressId>
         <StreetNumber>800</StreetNumber>
         <StreetName>Oak Boulevard N</StreetName>
         <StreetTypeCode>DR</StreetTypeCode>
         <SubTypeCode>APT</SubTypeCode>
         <SubNumber>88</SubNumber>
         <City>Greenfield</City>
         <StateCode>IN</StateCode>
         <Zip5>46140</Zip5>
         <CountryCode>US</CountryCode>
         <Longitude>-85.93747341465723</Longitude>
         <Latitude>39.786947014548936</Latitude>
      </Address>
   </IncidentAddress>
   <IncidentSupplement>
      <SupplementSequence>0</SupplementSequence>
      <IncSupplementStatusCode>A</IncSupplementStatusCode>
      <SuppReportDate>08/01/2022 15:26:10</SuppReportDate>
      <SuppReportTime>08/01/2022 15:26:10</SuppReportTime>
      <AgencyOnly>N</AgencyOnly>
      <SecurityLevel>1100</SecurityLevel>
      <SuppAgencyCode>D42</SuppAgencyCode>
      <UnknownNoOffenders>N</UnknownNoOffenders>
      <DsIcrDate>08/25/2023 15:11:31</DsIcrDate>
      <DsIcrSubmissionStatus>READY TO BE PROCESSED-ORIGINAL</DsIcrSubmissionStatus>
      <CreatorId>STATE_OFFICER11</CreatorId>
      <CreatorDate>08/01/2022 15:26:10</CreatorDate>
      <UpdatorId>STATE_OFFICER11</UpdatorId>
      <UpdatorDate>08/25/2023 15:11:31</UpdatorDate>
      <IncidentSuppNarrative>
         <NarrativeNumber>1</NarrativeNumber>
         <NarrativeTitle>Original Narrative</NarrativeTitle>
         <NarrativeText>asdadfsdf</NarrativeText>
         <CreatorId>STATE_OFFICER11</CreatorId>
         <CreatorDate>08/25/2023 15:04:56</CreatorDate>
         <UpdatorId>STATE_OFFICER11</UpdatorId>
         <UpdatorDate>08/25/2023 15:04:56</UpdatorDate>
      </IncidentSuppNarrative>
      <IncidentOfficer>
         <OfficerRoleCode>P</OfficerRoleCode>
         <Officer>
            <AgencyCode>D42</AgencyCode>
            <ORINumber>SC0280000</ORINumber>
            <LastName>Simpson</LastName>
            <FirstName>Homer</FirstName>
            <InternalID>9696</InternalID>
         </Officer>
      </IncidentOfficer>
      <IncidentOfficer>
         <OfficerRoleCode>R</OfficerRoleCode>
         <Officer>
            <AgencyCode>D42</AgencyCode>
            <ORINumber>SC0280000</ORINumber>
            <LastName>Simpson</LastName>
            <FirstName>Homer</FirstName>
            <InternalID>9696</InternalID>
         </Officer>
      </IncidentOfficer>
      <IncidentOffense>
         <IncidentId>3413</IncidentId>
         <OffenseNumber>1</OffenseNumber>
         <OffenseStatusCode>00</OffenseStatusCode>
         <OffenseCode>TESTSTATECODE</OffenseCode>
         <PlaceCode>25</PlaceCode>
         <BiasCode>88</BiasCode>
         <CSAUCode>A</CSAUCode>
         <SupplementSeq>0</SupplementSeq>
         <UCRNumber>1</UCRNumber>
         <OffenseStatusDate>08/01/2022 15:26:00</OffenseStatusDate>
         <AttemptedCompletedCode>A</AttemptedCompletedCode>
         <CreatorId>STATE_OFFICER11</CreatorId>
         <CreatorDate>08/25/2023 15:03:18</CreatorDate>
         <UpdatorId>STATE_OFFICER11</UpdatorId>
         <UpdatorDate>08/25/2023 15:03:18</UpdatorDate>
      </IncidentOffense>
      <IncidentOffense>
         <IncidentId>3413</IncidentId>
         <OffenseNumber>2</OffenseNumber>
         <OffenseStatusCode>00</OffenseStatusCode>
         <OffenseCode>35-43-2-2  C01</OffenseCode>
         <PlaceCode>46</PlaceCode>
         <BiasCode>21</BiasCode>
         <CSAUCode>C</CSAUCode>
         <SupplementSeq>0</SupplementSeq>
         <UCRNumber>2</UCRNumber>
         <OffenseStatusDate>08/23/2023 15:10:00</OffenseStatusDate>
         <AttemptedCompletedCode>C</AttemptedCompletedCode>
         <CreatorId>STATE_OFFICER11</CreatorId>
         <CreatorDate>08/25/2023 15:09:56</CreatorDate>
         <UpdatorId>STATE_OFFICER11</UpdatorId>
         <UpdatorDate>08/25/2023 15:10:27</UpdatorDate>
      </IncidentOffense>
      <IncidentPerson>
         <ApproxAge>42</ApproxAge>
         <CreatorId>STATE_OFFICER11</CreatorId>
         <CreatorDate>08/25/2023 15:03:40</CreatorDate>
         <UpdatorId>TSTC</UpdatorId>
         <UpdatorDate>08/25/2023 15:03:40</UpdatorDate>
         <Person>
            <PersonId>1223</PersonId>
            <RaceCode>W</RaceCode>
            <SexCode>M</SexCode>
            <EthnicityCode>U</EthnicityCode>
            <PersonVerified>Y</PersonVerified>
            <PersonPrimaryName>
               <LastName>Bailey</LastName>
               <FirstName>Miles</FirstName>
               <DOB>05/06/1980 00:00:00</DOB>
               <DateOfInfo>02/28/2023 11:16:51</DateOfInfo>
               <SLastName>B400</SLastName>
               <SFirstName>M420</SFirstName>
            </PersonPrimaryName>
            <Alias>
               <NameTypeCode>P</NameTypeCode>
               <LastName>Bailey</LastName>
               <FirstName>Miles</FirstName>
               <DOB>05/06/1980 00:00:00</DOB>
               <SLastName>B400</SLastName>
               <SFirstName>M420</SFirstName>
               <DateOfInfo>02/28/2023 11:16:51</DateOfInfo>
            </Alias>
         </Person>
         <IncidentPersonRole>
            <RoleType>S</RoleType>
            <CreatorId>STATE_OFFICER11</CreatorId>
            <CreatorDate>08/25/2023 15:03:40</CreatorDate>
            <UpdatorId>STATE_OFFICER11</UpdatorId>
            <UpdatorDate>08/25/2023 15:03:40</UpdatorDate>
         </IncidentPersonRole>
      </IncidentPerson>
      <IncidentPerson>
         <ApproxAge>23</ApproxAge>
         <ResidentStatusCode>U</ResidentStatusCode>
         <CreatorId>STATE_OFFICER11</CreatorId>
         <CreatorDate>08/25/2023 15:04:02</CreatorDate>
         <UpdatorId>TSTC</UpdatorId>
         <UpdatorDate>08/25/2023 15:09:22</UpdatorDate>
         <Person>
            <PersonId>804</PersonId>
            <RaceCode>W</RaceCode>
            <SexCode>M</SexCode>
            <EthnicityCode>O</EthnicityCode>
            <PersonVerified>Y</PersonVerified>
            <PersonPrimaryName>
               <LastName>White</LastName>
               <FirstName>Charlie</FirstName>
               <DOB>06/07/2016 00:00:00</DOB>
               <DateOfInfo>06/06/2017 00:00:00</DateOfInfo>
               <SLastName>W300</SLastName>
               <SFirstName>C640</SFirstName>
            </PersonPrimaryName>
            <PersonPrimaryName>
               <LastName>Brown</LastName>
               <FirstName>Charlie</FirstName>
               <MiddleName>Snoops</MiddleName>
               <DOB>05/04/1999 00:00:00</DOB>
               <DateOfInfo>12/10/2015 15:16:50</DateOfInfo>
               <SLastName>B650</SLastName>
               <SFirstName>C640</SFirstName>
            </PersonPrimaryName>
            <PersonPrimaryName>
               <LastName>Brown</LastName>
               <FirstName>Charlies</FirstName>
               <DOB>06/01/1980 00:00:00</DOB>
               <DateOfInfo>06/06/2017 00:00:00</DateOfInfo>
               <SLastName>B650</SLastName>
               <SFirstName>C642</SFirstName>
            </PersonPrimaryName>
            <Alias>
               <NameTypeCode>M</NameTypeCode>
               <LastName>White</LastName>
               <FirstName>Charlie</FirstName>
               <DOB>06/07/2016 00:00:00</DOB>
               <SLastName>W300</SLastName>
               <SFirstName>C640</SFirstName>
               <DateOfInfo>06/06/2017 00:00:00</DateOfInfo>
            </Alias>
            <Alias>
               <NameTypeCode>P</NameTypeCode>
               <LastName>Brown</LastName>
               <FirstName>Charlie</FirstName>
               <MiddleName>Snoops</MiddleName>
               <DOB>05/04/1999 00:00:00</DOB>
               <SLastName>B650</SLastName>
               <SFirstName>C640</SFirstName>
               <DateOfInfo>12/10/2015 15:16:50</DateOfInfo>
            </Alias>
            <Alias>
               <NameTypeCode>T</NameTypeCode>
               <LastName>Brown</LastName>
               <FirstName>Charlies</FirstName>
               <DOB>06/01/1980 00:00:00</DOB>
               <SLastName>B650</SLastName>
               <SFirstName>C642</SFirstName>
               <DateOfInfo>06/06/2017 00:00:00</DateOfInfo>
            </Alias>
            <PersonAddress>
               <StreetNumber>300</StreetNumber>
               <StreetDirCode>E</StreetDirCode>
               <StreetName>200</StreetName>
               <StreetSuffixCode>E</StreetSuffixCode>
               <SubTypeCode>APT</SubTypeCode>
               <City>Lebanon</City>
               <StateCode>IN</StateCode>
               <Zip5>46052</Zip5>
               <CountryCode>US</CountryCode>
               <CountyCode>NaN</CountyCode>
               <Longitude>-86.36852515301796</Longitude>
               <Latitude>39.73382972861548</Latitude>
               <Beat>Test</Beat>
               <SubBeat>Area</SubBeat>
            </PersonAddress>
         </Person>
         <IncidentPersonRole>
            <RoleType>V</RoleType>
            <CreatorId>STATE_OFFICER11</CreatorId>
            <CreatorDate>08/25/2023 15:09:22</CreatorDate>
            <UpdatorId>STATE_OFFICER11</UpdatorId>
            <UpdatorDate>08/25/2023 15:09:22</UpdatorDate>
         </IncidentPersonRole>
      </IncidentPerson>
      <IncidentBusiness>
         <BusinessNumber>240000001</BusinessNumber>
         <BusinessName>SOCIETY</BusinessName>
         <IncBusinessRoleCode>V</IncBusinessRoleCode>
         <CreatorId>STATE_OFFICER11</CreatorId>
         <CreatorDate>08/25/2023 15:09:56</CreatorDate>
         <UpdatorId>STATE_OFFICER11</UpdatorId>
         <UpdatorDate>08/25/2023 15:09:56</UpdatorDate>
      </IncidentBusiness>
      <IncidentProperty>
         <RoleCode>8</RoleCode>
         <CreatorId>STATE_OFFICER11</CreatorId>
         <CreatorDate>08/25/2023 15:04:23</CreatorDate>
         <UpdatorId>STATE_OFFICER11</UpdatorId>
         <UpdatorDate>08/25/2023 15:04:49</UpdatorDate>
         <DateOfInfo>08/25/2023 00:00:00</DateOfInfo>
         <StatusCode>8</StatusCode>
         <DocumentTypeCode>P</DocumentTypeCode>
         <Description>asdfafd</Description>
         <PropertyTypeCode>316</PropertyTypeCode>
         <PropertyValue>0</PropertyValue>
         <Value>0</Value>
         <SerialNumber>ASDFADF</SerialNumber>
         <Evidence>N</Evidence>
         <EvidenceFlag>N</EvidenceFlag>
         <Property_ID>2145</Property_ID>
         <Quantity>1</Quantity>
      </IncidentProperty>
   </IncidentSupplement>
</Incident>