<?xml version="1.0" encoding="UTF-8"?>
<Incident xmlns:xsi="http://www.w3.org/2001/XMLSchema-instance"
          xsi:noNamespaceSchemaLocation="file:///C:/DATA/EJS/SVN_Root/Ejustice/trunk/XMLTransformations/OnlineRMSInternalToIncident/IAOnlineRMSIncidentImport.xsd">
   <IncidentReportNum>2017-11-317-000025</IncidentReportNum>
   <AgencyCode>D42</AgencyCode>
   <ORINum>SC0280000</ORINum>
   <ReportDate>11/13/2017 10:45:00</ReportDate>
   <ReportTime>11/13/2017 10:45:00</ReportTime>
   <StartDate>11/13/2017 10:38:00</StartDate>
   <StartTime>11/01/2017 10:38:00</StartTime>
   <Summary>ttest</Summary>
   <CreatorId>TSTC</CreatorId>
   <CreatorDate>11/13/2017 10:46:46</CreatorDate>
   <UpdatorId>TSTC</UpdatorId>
   <UpdatorDate>09/09/2021 18:46:39</UpdatorDate>
   <IncidentType>
      <IncidentTypeCode>B/V</IncidentTypeCode>
   </IncidentType>
   <IncidentAddress>
      <AddressId>1332</AddressId>
      <City>4</City>
      <CreatorId>TSTC</CreatorId>
      <CreatorDate>11/13/2017 10:46:52</CreatorDate>
      <UpdatorId>TSTC</UpdatorId>
      <UpdatorDate>11/13/2017 11:43:11</UpdatorDate>
      <Address>
         <AddressId>1332</AddressId>
         <StreetNumber>500</StreetNumber>
         <StreetDirCode>S</StreetDirCode>
         <StreetName>Oak</StreetName>
         <StreetTypeCode>ST</StreetTypeCode>
         <City>Fortville</City>
         <StateCode>IN</StateCode>
         <Zip5>46040</Zip5>
         <CountryCode>US</CountryCode>
         <Longitude>-85.84593891690783</Longitude>
         <Latitude>39.93114010041132</Latitude>
      </Address>
   </IncidentAddress>
   <IncidentSupplement>
      <SupplementSequence>0</SupplementSequence>
      <IncSupplementStatusCode>A</IncSupplementStatusCode>
      <SuppReportDate>11/13/2017 10:45:29</SuppReportDate>
      <SuppReportTime>11/13/2017 10:45:29</SuppReportTime>
      <AgencyOnly>N</AgencyOnly>
      <SecurityLevel>1100</SecurityLevel>
      <SuppAgencyCode>D42</SuppAgencyCode>
      <UnknownNoOffenders>N</UnknownNoOffenders>
      <DsIcrDate>01/31/2019 15:02:08</DsIcrDate>
      <DsIcrSubmissionStatus>SENT WAITING FOR RESPONSE</DsIcrSubmissionStatus>
      <CreatorId>TSTC</CreatorId>
      <CreatorDate>11/13/2017 10:46:47</CreatorDate>
      <UpdatorId>TSTC</UpdatorId>
      <UpdatorDate>08/05/2021 17:38:28</UpdatorDate>
      <IncidentSuppNarrative>
         <NarrativeNumber>1</NarrativeNumber>
         <NarrativeTitle>Combined narratives from CAD</NarrativeTitle>
         <NarrativeText>11/13/2017 10:42:05 ANG: This is my first narrative&lt;br /&gt;</NarrativeText>
         <CreatorId>TSTC</CreatorId>
         <CreatorDate>11/13/2017 10:50:32</CreatorDate>
         <UpdatorId>TSTC</UpdatorId>
         <UpdatorDate>11/13/2017 10:50:35</UpdatorDate>
      </IncidentSuppNarrative>
      <IncidentOfficer>
         <OfficerRoleCode>P</OfficerRoleCode>
         <Officer>
            <AgencyCode>D42</AgencyCode>
            <ORINumber>SC0280000</ORINumber>
            <LastName>Ranz</LastName>
            <FirstName>Greg</FirstName>
            <InternalID>9696</InternalID>
         </Officer>
      </IncidentOfficer>
      <IncidentOfficer>
         <OfficerRoleCode>R</OfficerRoleCode>
         <Officer>
            <AgencyCode>D42</AgencyCode>
            <ORINumber>SC0280000</ORINumber>
            <LastName>Ranz</LastName>
            <FirstName>Greg</FirstName>
            <InternalID>9696</InternalID>
         </Officer>
      </IncidentOfficer>
      <IncidentOffense>
         <IncidentId>3006</IncidentId>
         <OffenseNumber>1</OffenseNumber>
         <OffenseStatusCode>05</OffenseStatusCode>
         <OffenseCode>35-43-2-1  B31</OffenseCode>
         <PlaceCode>01</PlaceCode>
         <BiasCode>72</BiasCode>
         <CSAUCode>C</CSAUCode>
         <SupplementSeq>0</SupplementSeq>
         <UCRNumber>1</UCRNumber>
         <OffenseStatusDate>11/13/2017 10:39:00</OffenseStatusDate>
         <ForcedEntryCode>F</ForcedEntryCode>
         <AttemptedCompletedCode>C</AttemptedCompletedCode>
         <CreatorId>STATE_OFFICER11</CreatorId>
         <CreatorDate>11/13/2017 11:22:07</CreatorDate>
         <UpdatorId>STATE_OFFICER11</UpdatorId>
         <UpdatorDate>11/13/2017 11:22:24</UpdatorDate>
      </IncidentOffense>
      <IncidentPerson>
         <ApproxAge>00</ApproxAge>
         <CreatorId>STATE_OFFICER11</CreatorId>
         <CreatorDate>11/13/2017 10:58:46</CreatorDate>
         <UpdatorId>TSTC</UpdatorId>
         <UpdatorDate>05/24/2023 12:41:22</UpdatorDate>
         <Person>
            <PersonId>933</PersonId>
            <RaceCode>A</RaceCode>
            <SexCode>F</SexCode>
            <EthnicityCode>N</EthnicityCode>
            <PersonVerified>Y</PersonVerified>
            <PersonPrimaryName>
               <LastName>Ono</LastName>
               <FirstName>Yoko</FirstName>
               <SSN>7.77777777E8</SSN>
               <DateOfInfo>11/13/2017 10:56:50</DateOfInfo>
               <SLastName>O500</SLastName>
               <SFirstName>Y200</SFirstName>
            </PersonPrimaryName>
            <Alias>
               <NameTypeCode>P</NameTypeCode>
               <LastName>Ono</LastName>
               <FirstName>Yoko</FirstName>
               <SSN>7.77777777E8</SSN>
               <SLastName>O500</SLastName>
               <SFirstName>Y200</SFirstName>
               <DateOfInfo>11/13/2017 10:56:50</DateOfInfo>
            </Alias>
            <PersonAddress>
               <StreetNumber>400</StreetNumber>
               <StreetName>Oak</StreetName>
               <StreetTypeCode>AVE</StreetTypeCode>
               <City>Vanderbilt</City>
               <StateCode>IN</StateCode>
               <CountryCode>US</CountryCode>
            </PersonAddress>
         </Person>
         <IncidentPersonRole>
            <RoleType>S</RoleType>
            <CreatorId>STATE_OFFICER11</CreatorId>
            <CreatorDate>11/13/2017 10:58:46</CreatorDate>
            <UpdatorId>TSTC</UpdatorId>
            <UpdatorDate>08/15/2023 20:32:22</UpdatorDate>
         </IncidentPersonRole>
      </IncidentPerson>
      <IncidentPerson>
         <ApproxAge>06</ApproxAge>
         <ResidentStatusCode>R</ResidentStatusCode>
         <CreatorId>STATE_OFFICER11</CreatorId>
         <CreatorDate>11/13/2017 11:00:37</CreatorDate>
         <UpdatorId>TSTC</UpdatorId>
         <UpdatorDate>05/24/2023 12:41:22</UpdatorDate>
         <Person>
            <PersonId>173</PersonId>
            <RaceCode>W</RaceCode>
            <SexCode>M</SexCode>
            <PersonVerified>Y</PersonVerified>
            <PersonPrimaryName>
               <LastName>ALEXANDERRRRR</LastName>
               <FirstName>KAREN</FirstName>
               <MiddleName>A</MiddleName>
               <DOB>08/01/2011 00:00:00</DOB>
               <SSN>1.23456789E8</SSN>
               <DateOfInfo>06/06/2012 13:56:20</DateOfInfo>
               <SLastName>A425</SLastName>
               <SFirstName>K650</SFirstName>
            </PersonPrimaryName>
            <Alias>
               <NameTypeCode>P</NameTypeCode>
               <LastName>ALEXANDERRRRR</LastName>
               <FirstName>KAREN</FirstName>
               <MiddleName>A</MiddleName>
               <DOB>08/01/2011 00:00:00</DOB>
               <SSN>1.23456789E8</SSN>
               <SLastName>A425</SLastName>
               <SFirstName>K650</SFirstName>
               <DateOfInfo>06/06/2012 13:56:20</DateOfInfo>
            </Alias>
            <PersonAddress>
               <StreetNumber>123</StreetNumber>
               <StreetName>Main</StreetName>
               <StreetTypeCode>ST</StreetTypeCode>
               <City>Bloomington</City>
               <StateCode>NY</StateCode>
               <Zip5>12411</Zip5>
               <CountryCode>US</CountryCode>
            </PersonAddress>
            <PersonPhone>
               <PhoneTypeCode>CEL</PhoneTypeCode>
               <PhoneArea>217</PhoneArea>
               <PhonePrefix>654</PhonePrefix>
               <PhoneSuffix>1248</PhoneSuffix>
               <DateOfInfo>07/08/2013 00:00:00</DateOfInfo>
            </PersonPhone>
         </Person>
         <IncidentPersonRole>
            <RoleType>DR</RoleType>
            <CreatorId>STATE_OFFICER11</CreatorId>
            <CreatorDate>11/13/2017 11:00:37</CreatorDate>
            <UpdatorId>TSTC</UpdatorId>
            <UpdatorDate>08/15/2023 20:32:22</UpdatorDate>
         </IncidentPersonRole>
      </IncidentPerson>
      <IncidentBusiness>
         <BusinessNumber>240000069</BusinessNumber>
         <BusinessName>Cafe Paree</BusinessName>
         <IncBusinessRoleCode>I</IncBusinessRoleCode>
         <CreatorId>STATE_OFFICER11</CreatorId>
         <CreatorDate>11/13/2017 11:35:20</CreatorDate>
         <UpdatorId>STATE_OFFICER11</UpdatorId>
         <UpdatorDate>11/13/2017 11:35:20</UpdatorDate>
      </IncidentBusiness>
      <IncidentBusiness>
         <BusinessNumber>240000070</BusinessNumber>
         <BusinessName>All Blacks Rugby Kiwisr</BusinessName>
         <IncBusinessRoleCode>V</IncBusinessRoleCode>
         <CreatorId>STATE_OFFICER11</CreatorId>
         <CreatorDate>11/13/2017 10:59:57</CreatorDate>
         <UpdatorId>STATE_OFFICER11</UpdatorId>
         <UpdatorDate>11/13/2017 11:22:33</UpdatorDate>
         <BusinessAddress>
            <AddressId>533</AddressId>
            <StreetNumber>503</StreetNumber>
            <StreetName>Silver Sage</StreetName>
            <StreetTypeCode>ST</StreetTypeCode>
            <City>Miles City</City>
            <StateCode>MT</StateCode>
            <Zip5>59301</Zip5>
            <CountryCode>US</CountryCode>
            <Longitude>-105.814718</Longitude>
            <Latitude>46.389615</Latitude>
            <BusinessPhone>
               <PhoneTypeCode>BUS</PhoneTypeCode>
               <PhoneArea>406</PhoneArea>
               <PhonePrefix>888</PhonePrefix>
               <PhoneSuffix>8888</PhoneSuffix>
               <DateOfInfo>11/23/2015 00:00:00</DateOfInfo>
            </BusinessPhone>
            <BusinessPhone>
               <PhoneTypeCode>CEL</PhoneTypeCode>
               <PhoneArea>222</PhoneArea>
               <PhonePrefix>222</PhonePrefix>
               <PhoneSuffix>2222</PhoneSuffix>
               <DateOfInfo>04/25/2017 00:00:00</DateOfInfo>
            </BusinessPhone>
         </BusinessAddress>
         <BusinessAddress>
            <AddressId>457</AddressId>
            <StreetNumber>126</StreetNumber>
            <StreetDirCode>N</StreetDirCode>
            <StreetName>750</StreetName>
            <StreetSuffixCode>W</StreetSuffixCode>
            <StateCode>IN</StateCode>
            <CountryCode>US</CountryCode>
            <Longitude>-85.39604</Longitude>
            <Latitude>39.07748</Latitude>
            <Beat>D2</Beat>
            <SubBeat>Sub D2</SubBeat>
            <AddressCommonName>
               <CommonPlaceName>Test 3</CommonPlaceName>
            </AddressCommonName>
            <AddressCommonName>
               <CommonPlaceName>Test 1</CommonPlaceName>
            </AddressCommonName>
            <AddressCommonName>
               <CommonPlaceName>Test 2</CommonPlaceName>
            </AddressCommonName>
            <BusinessPhone>
               <PhoneTypeCode>CEL</PhoneTypeCode>
               <PhoneArea>666</PhoneArea>
               <PhonePrefix>444</PhonePrefix>
               <PhoneSuffix>6677</PhoneSuffix>
               <DateOfInfo>10/06/2018 00:00:00</DateOfInfo>
            </BusinessPhone>
         </BusinessAddress>
         <BusinessAddress>
            <AddressId>532</AddressId>
            <StreetNumber>2815 Tompy</StreetNumber>
            <City>MILES CITY</City>
            <StateCode>MT</StateCode>
            <Zip5>59301</Zip5>
            <CountryCode>US</CountryCode>
            <BusinessPhone>
               <PhoneTypeCode>BUS</PhoneTypeCode>
               <PhoneArea>406</PhoneArea>
               <PhonePrefix>555</PhonePrefix>
               <PhoneSuffix>5555</PhoneSuffix>
               <DateOfInfo>11/23/2015 00:00:00</DateOfInfo>
            </BusinessPhone>
         </BusinessAddress>
         <BusinessAddress>
            <AddressId>640</AddressId>
            <StreetNumber>200</StreetNumber>
            <StreetDirCode>W</StreetDirCode>
            <StreetName>Ash</StreetName>
            <StreetTypeCode>ST</StreetTypeCode>
            <City>Lebanon</City>
            <StateCode>IN</StateCode>
            <Zip5>46052</Zip5>
            <CountryCode>US</CountryCode>
            <CountyCode>33</CountyCode>
            <Beat>104</Beat>
            <SubBeat>West Patrol</SubBeat>
         </BusinessAddress>
      </IncidentBusiness>
      <IncidentVehicle>
         <VEHICLE_ID>765</VEHICLE_ID>
         <RoleCode>OT</RoleCode>
         <CreatorId>TSTC</CreatorId>
         <CreatorDate>02/08/2019 13:45:10</CreatorDate>
         <UpdatorId>TSTC</UpdatorId>
         <UpdatorDate>02/08/2019 13:45:10</UpdatorDate>
         <DateOfInfo>01/31/2019 13:31:31</DateOfInfo>
         <DateOfInfo>01/31/2019 00:00:00</DateOfInfo>
         <DateOfInfo>11/13/2017 10:46:52</DateOfInfo>
         <DateOfInfo>01/31/2019 13:51:37</DateOfInfo>
         <DateOfInfo>01/31/2019 13:41:58</DateOfInfo>
         <DateOfInfo>12/11/2017 11:36:18</DateOfInfo>
         <DateOfInfo>06/12/2012 00:00:00</DateOfInfo>
         <DateOfInfo>09/26/2012 07:54:47</DateOfInfo>
         <DateOfInfo>09/13/2012 09:43:04</DateOfInfo>
         <DateOfInfo>04/17/2014 16:51:27</DateOfInfo>
         <DateOfInfo>06/11/2012 23:59:59</DateOfInfo>
         <DateOfInfo>08/13/2012 10:08:45</DateOfInfo>
         <DateOfInfo>09/03/2012 11:44:56</DateOfInfo>
         <DateOfInfo>03/20/2014 12:12:08</DateOfInfo>
         <DateOfInfo>11/19/2020 17:59:22</DateOfInfo>
         <DateOfInfo>11/19/2020 17:59:29</DateOfInfo>
         <StatusCode>8</StatusCode>
         <VehicleMakeCode>ABTR</VehicleMakeCode>
         <VehicleModelCode>001</VehicleModelCode>
         <VehicleTypeCode>TR</VehicleTypeCode>
         <VehPriColorCode>BLU</VehPriColorCode>
         <VehPriColorCode>BLU</VehPriColorCode>
         <VehPriColorCode>BLU</VehPriColorCode>
         <VehPriColorCode>TEA</VehPriColorCode>
         <VehPriColorCode>TEA</VehPriColorCode>
         <VehPriColorCode>BLU</VehPriColorCode>
         <VehPriColorCode>BRZ</VehPriColorCode>
         <VehPriColorCode>TEA</VehPriColorCode>
         <VehPriColorCode>TEA</VehPriColorCode>
         <VehSecColorCode>AME</VehSecColorCode>
         <VehSecColorCode>COM</VehSecColorCode>
         <VehSecColorCode>PLE</VehSecColorCode>
         <VehSecColorCode>PNK</VehSecColorCode>
         <VehSecColorCode>BLK</VehSecColorCode>
         <VehSecColorCode>BGE</VehSecColorCode>
         <VehSecColorCode>PLE</VehSecColorCode>
         <VehSecColorCode>PLE</VehSecColorCode>
         <VehicleLicStateCode>IN</VehicleLicStateCode>
         <VehicleLicStateCode>IN</VehicleLicStateCode>
         <VehicleLicStateCode>IN</VehicleLicStateCode>
         <VehicleLicStateCode>IN</VehicleLicStateCode>
         <VehicleLicStateCode>IN</VehicleLicStateCode>
         <VehicleLicStateCode>IN</VehicleLicStateCode>
         <VehicleLicStateCode>NC</VehicleLicStateCode>
         <VehicleLicStateCode>NC</VehicleLicStateCode>
         <VehicleLicStateCode>NC</VehicleLicStateCode>
         <VehicleLicStateCode>NC</VehicleLicStateCode>
         <VehicleLicStateCode>NC</VehicleLicStateCode>
         <VehicleLicStateCode>NC</VehicleLicStateCode>
         <VehicleLicStateCode>NC</VehicleLicStateCode>
         <VehicleLicStateCode>NC</VehicleLicStateCode>
         <VehicleLicStateCode>IN</VehicleLicStateCode>
         <VehicleLicStateCode>IN</VehicleLicStateCode>
         <VehicleLicNumber>NBR 097</VehicleLicNumber>
         <VehicleLicNumber>NBR 097</VehicleLicNumber>
         <VehicleLicNumber>NBR 097</VehicleLicNumber>
         <VehicleLicNumber>NBR 097</VehicleLicNumber>
         <VehicleLicNumber>NBR 097</VehicleLicNumber>
         <VehicleLicNumber>NBR 097</VehicleLicNumber>
         <VehicleLicNumber>AUTOMATION1</VehicleLicNumber>
         <VehicleLicNumber>AUTOMATION1</VehicleLicNumber>
         <VehicleLicNumber>AUTOMATION1</VehicleLicNumber>
         <VehicleLicNumber>AUTOMATION1</VehicleLicNumber>
         <VehicleLicNumber>AUTOMATION2</VehicleLicNumber>
         <VehicleLicNumber>AUTOMATION2</VehicleLicNumber>
         <VehicleLicNumber>AUTOMATION2</VehicleLicNumber>
         <VehicleLicNumber>AUTOMATION2</VehicleLicNumber>
         <VehicleLicNumber>NBR 097</VehicleLicNumber>
         <VehicleLicNumber>NBR 097</VehicleLicNumber>
         <VehicleLicYear>2020</VehicleLicYear>
         <VehicleLicYear>2004</VehicleLicYear>
         <VehicleLicYear>2020</VehicleLicYear>
         <VehicleLicYear>1980</VehicleLicYear>
         <VehicleLicYear>1972</VehicleLicYear>
         <VehicleLicYear>2012</VehicleLicYear>
         <VehicleLicYear>2012</VehicleLicYear>
         <VehicleLicYear>2012</VehicleLicYear>
         <VehicleLicYear>2012</VehicleLicYear>
         <VehicleLicYear>2012</VehicleLicYear>
         <VehicleLicYear>2012</VehicleLicYear>
         <VehicleLicYear>2012</VehicleLicYear>
         <VehicleLicYear>2012</VehicleLicYear>
         <VehicleLicYear>1980</VehicleLicYear>
         <VehicleLicYear>1980</VehicleLicYear>
         <VehicleLicMonth>12</VehicleLicMonth>
         <VehicleLicMonth>12</VehicleLicMonth>
         <VehicleLicMonth>12</VehicleLicMonth>
         <VehicleLicMonth>12</VehicleLicMonth>
         <VehicleLicTypeCode>AQ</VehicleLicTypeCode>
         <VehicleLicTypeCode>DD</VehicleLicTypeCode>
         <VehicleLicTypeCode>CC</VehicleLicTypeCode>
         <VehicleLicTypeCode>CC</VehicleLicTypeCode>
         <VehicleLicTypeCode>LF</VehicleLicTypeCode>
         <VehicleLicTypeCode>LF</VehicleLicTypeCode>
         <VehicleLicTypeCode>LF</VehicleLicTypeCode>
         <VehicleLicTypeCode>LF</VehicleLicTypeCode>
         <VehicleLicTypeCode>JJ</VehicleLicTypeCode>
         <VehicleLicTypeCode>JJ</VehicleLicTypeCode>
         <VehicleLicTypeCode>JJ</VehicleLicTypeCode>
         <VehicleLicTypeCode>JJ</VehicleLicTypeCode>
         <VehicleLicTypeCode>CC</VehicleLicTypeCode>
         <VehicleLicTypeCode>CC</VehicleLicTypeCode>
         <VehConditionCode>BURNED</VehConditionCode>
         <VehDamageDesc>Rear drivers panel</VehDamageDesc>
         <VehicleValue>200000</VehicleValue>
         <VehicleValue>1500</VehicleValue>
         <VehicleValue>1500</VehicleValue>
         <VehicleValue>1250</VehicleValue>
         <VehicleMiscID>12345</VehicleMiscID>
         <VehicleMiscID>12345</VehicleMiscID>
         <VehicleMiscID>12345</VehicleMiscID>
      </IncidentVehicle>
      <IncidentProperty>
         <RoleCode>7</RoleCode>
         <CreatorId>STATE_OFFICER11</CreatorId>
         <CreatorDate>11/13/2017 11:19:17</CreatorDate>
         <UpdatorId>STATE_OFFICER11</UpdatorId>
         <UpdatorDate>11/13/2017 11:22:46</UpdatorDate>
         <DateOfInfo>11/13/2017 00:00:00</DateOfInfo>
         <StatusCode>7</StatusCode>
         <DocumentTypeCode>P</DocumentTypeCode>
         <PropertyTypeCode>427</PropertyTypeCode>
         <PropertyValue>200</PropertyValue>
         <Value>200</Value>
         <Evidence>N</Evidence>
         <EvidenceFlag>N</EvidenceFlag>
         <Property_ID>1757</Property_ID>
         <Quantity>1</Quantity>
      </IncidentProperty>
   </IncidentSupplement>
   <IncidentSupplement>
      <SupplementSequence>1</SupplementSequence>
      <IncSupplementStatusCode>A</IncSupplementStatusCode>
      <SuppReportDate>11/13/2017 12:30:02</SuppReportDate>
      <SuppReportTime>11/13/2017 12:30:02</SuppReportTime>
      <AgencyOnly>N</AgencyOnly>
      <SecurityLevel>1201</SecurityLevel>
      <SuppAgencyCode>D42</SuppAgencyCode>
      <UnknownNoOffenders>N</UnknownNoOffenders>
      <DsIcrDate>01/31/2019 15:02:08</DsIcrDate>
      <DsIcrSubmissionStatus>SENT WAITING FOR RESPONSE</DsIcrSubmissionStatus>
      <CreatorId>STATE_OFFICER11</CreatorId>
      <CreatorDate>11/13/2017 12:30:02</CreatorDate>
      <UpdatorId>TSTC</UpdatorId>
      <UpdatorDate>08/05/2021 17:38:28</UpdatorDate>
      <IncidentSuppNarrative>
         <NarrativeNumber>1</NarrativeNumber>
         <NarrativeTitle>Supplement #1 Narrative</NarrativeTitle>
         <NarrativeText>sdf</NarrativeText>
         <CreatorId>STATE_OFFICER11</CreatorId>
         <CreatorDate>01/31/2019 15:01:40</CreatorDate>
         <UpdatorId>STATE_OFFICER11</UpdatorId>
         <UpdatorDate>01/31/2019 15:01:40</UpdatorDate>
      </IncidentSuppNarrative>
      <IncidentOfficer>
         <OfficerRoleCode>P</OfficerRoleCode>
         <Officer>
            <AgencyCode>D42</AgencyCode>
            <ORINumber>SC0280000</ORINumber>
            <LastName>Wright</LastName>
            <FirstName>Greg</FirstName>
            <InternalID>9696</InternalID>
         </Officer>
      </IncidentOfficer>
      <IncidentOfficer>
         <OfficerRoleCode>R</OfficerRoleCode>
         <Officer>
            <AgencyCode>D42</AgencyCode>
            <ORINumber>SC0280000</ORINumber>
            <LastName>Ranz</LastName>
            <FirstName>Greg</FirstName>
            <InternalID>9696</InternalID>
         </Officer>
      </IncidentOfficer>
      <IncidentVehicle>
         <VEHICLE_ID>601</VEHICLE_ID>
         <RoleCode>VI</RoleCode>
         <CreatorId>STATE_OFFICER11</CreatorId>
         <CreatorDate>01/31/2019 15:01:29</CreatorDate>
         <UpdatorId>STATE_OFFICER11</UpdatorId>
         <UpdatorDate>01/31/2019 15:01:29</UpdatorDate>
         <DateOfInfo>12/01/2017 14:31:36</DateOfInfo>
         <DateOfInfo>01/31/2019 14:54:32</DateOfInfo>
         <DateOfInfo>12/01/2017 14:31:24</DateOfInfo>
         <DateOfInfo>01/31/2019 00:00:00</DateOfInfo>
         <DateOfInfo>12/01/2017 14:31:45</DateOfInfo>
         <DateOfInfo>01/31/2019 14:58:10</DateOfInfo>
         <StatusCode>7</StatusCode>
         <VIN>9876548745</VIN>
         <VehicleYear>1972</VehicleYear>
         <VehicleMakeCode>AUDI</VehicleMakeCode>
         <VehicleModelCode>A3</VehicleModelCode>
         <VehicleStyleCode>SD</VehicleStyleCode>
         <VehicleTypeCode>AT</VehicleTypeCode>
         <VehPriColorCode>BLU</VehPriColorCode>
         <VehPriColorCode>SIL</VehPriColorCode>
         <VehPriColorCode>BLU</VehPriColorCode>
         <VehPriColorCode>BLU</VehPriColorCode>
         <VehPriColorCode>BLU</VehPriColorCode>
         <VehPriColorCode>COM</VehPriColorCode>
         <VehSecColorCode>CRM</VehSecColorCode>
         <VehSecColorCode>SIL</VehSecColorCode>
         <VehSecColorCode>BARF</VehSecColorCode>
         <VehSecColorCode>LGR</VehSecColorCode>
         <VehSecColorCode>MAR</VehSecColorCode>
         <VehicleLicStateCode>MD</VehicleLicStateCode>
         <VehicleLicStateCode>MD</VehicleLicStateCode>
         <VehicleLicStateCode>MD</VehicleLicStateCode>
         <VehicleLicStateCode>MD</VehicleLicStateCode>
         <VehicleLicStateCode>MD</VehicleLicStateCode>
         <VehicleLicStateCode>MD</VehicleLicStateCode>
         <VehicleLicNumber>HHH990</VehicleLicNumber>
         <VehicleLicNumber>HHH990</VehicleLicNumber>
         <VehicleLicNumber>HHH990</VehicleLicNumber>
         <VehicleLicNumber>HHH990</VehicleLicNumber>
         <VehicleLicNumber>HHH990</VehicleLicNumber>
         <VehicleLicNumber>HHH990</VehicleLicNumber>
         <VehicleLicYear>1973</VehicleLicYear>
         <VehicleLicYear>1972</VehicleLicYear>
         <VehicleLicYear>1974</VehicleLicYear>
         <VehicleLicMonth>1</VehicleLicMonth>
         <VehicleLicTypeCode>AM</VehicleLicTypeCode>
         <VehicleLicTypeCode>AR</VehicleLicTypeCode>
         <VehicleLicTypeCode>AQ</VehicleLicTypeCode>
         <VehConditionCode>G</VehConditionCode>
         <VehConditionCode>G</VehConditionCode>
         <VehConditionCode>G</VehConditionCode>
         <VehDamageCode>10</VehDamageCode>
         <VehDamageCode>1</VehDamageCode>
         <VehDamageCode>0</VehDamageCode>
         <VehDamageDesc>UNDER CARRIAGE</VehDamageDesc>
         <VehDamageDesc>Burned</VehDamageDesc>
         <VehDamageDesc>None</VehDamageDesc>
         <VehicleValue>20000</VehicleValue>
         <VehicleValue>10000</VehicleValue>
         <VehicleValue>65000</VehicleValue>
      </IncidentVehicle>
   </IncidentSupplement>
</Incident>