<?xml version="1.0" encoding="UTF-8"?>
<Incident xmlns:xsi="http://www.w3.org/2001/XMLSchema-instance"
          xsi:noNamespaceSchemaLocation="file:///C:/DATA/EJS/SVN_Root/Ejustice/trunk/XMLTransformations/OnlineRMSInternalToIncident/IAOnlineRMSIncidentImport.xsd">
   <IncidentReportNum>2017D4210084</IncidentReportNum>
   <AgencyCode>D42</AgencyCode>
   <ORINum>SC0280000</ORINum>
   <ReportDate>06/01/2017 11:12:00</ReportDate>
   <ReportTime>06/01/2017 11:12:00</ReportTime>
   <StartDate>06/01/2017 11:12:00</StartDate>
   <StartTime>06/01/2017 11:12:00</StartTime>
   <Summary>sadf - save</Summary>
   <CreatorId>STATE_OFFICER11</CreatorId>
   <CreatorDate>06/16/2017 11:12:11</CreatorDate>
   <UpdatorId>TSTC</UpdatorId>
   <UpdatorDate>09/09/2021 18:46:42</UpdatorDate>
   <IncidentType>
      <IncidentTypeCode>CV</IncidentTypeCode>
   </IncidentType>
   <IncidentAddress>
      <AddressId>697</AddressId>
      <City>11</City>
      <CreatorId>STATE_OFFICER11</CreatorId>
      <CreatorDate>06/16/2017 11:12:34</CreatorDate>
      <UpdatorId>TSTC</UpdatorId>
      <UpdatorDate>06/16/2017 11:12:43</UpdatorDate>
      <Address>
         <AddressId>697</AddressId>
         <StreetNumber>600</StreetNumber>
         <StreetName>Main</StreetName>
         <StreetTypeCode>ST</StreetTypeCode>
         <City>Luzerne</City>
         <StateCode>IN</StateCode>
         <CountryCode>US</CountryCode>
         <Longitude>-79.89455406525636</Longitude>
         <Latitude>39.96915249791032</Latitude>
      </Address>
   </IncidentAddress>
   <IncidentSupplement>
      <SupplementSequence>0</SupplementSequence>
      <IncSupplementStatusCode>A</IncSupplementStatusCode>
      <SuppReportDate>06/16/2017 11:12:11</SuppReportDate>
      <SuppReportTime>06/16/2017 11:12:11</SuppReportTime>
      <AgencyOnly>N</AgencyOnly>
      <SecurityLevel>1100</SecurityLevel>
      <SuppAgencyCode>D42</SuppAgencyCode>
      <UnknownNoOffenders>N</UnknownNoOffenders>
      <DsIcrDate>07/13/2017 12:41:29</DsIcrDate>
      <DsIcrSubmissionStatus>SENT WAITING FOR RESPONSE</DsIcrSubmissionStatus>
      <CreatorId>STATE_OFFICER11</CreatorId>
      <CreatorDate>06/16/2017 11:12:11</CreatorDate>
      <UpdatorId>TSTC</UpdatorId>
      <UpdatorDate>08/05/2021 17:38:26</UpdatorDate>
      <IncidentSuppNarrative>
         <NarrativeNumber>1</NarrativeNumber>
         <NarrativeTitle>Original Narrative</NarrativeTitle>
         <NarrativeText>asdf - edit</NarrativeText>
         <CreatorId>STATE_OFFICER11</CreatorId>
         <CreatorDate>06/16/2017 11:19:40</CreatorDate>
         <UpdatorId>STATE_OFFICER11</UpdatorId>
         <UpdatorDate>06/16/2017 11:19:40</UpdatorDate>
      </IncidentSuppNarrative>
      <IncidentOfficer>
         <OfficerRoleCode>P</OfficerRoleCode>
         <Officer>
            <AgencyCode>D42</AgencyCode>
            <ORINumber>SC0280000</ORINumber>
            <LastName>Ranz</LastName>
            <FirstName>Greg</FirstName>
            <InternalID>9696</InternalID>
         </Officer>
      </IncidentOfficer>
      <IncidentOfficer>
         <OfficerRoleCode>R</OfficerRoleCode>
         <Officer>
            <AgencyCode>D42</AgencyCode>
            <ORINumber>SC0280000</ORINumber>
            <LastName>Ranz</LastName>
            <FirstName>Greg</FirstName>
            <InternalID>9696</InternalID>
         </Officer>
      </IncidentOfficer>
      <IncidentOffense>
         <IncidentId>2713</IncidentId>
         <OffenseNumber>1</OffenseNumber>
         <OffenseStatusCode>00</OffenseStatusCode>
         <OffenseCode>35-43-2-1  B05</OffenseCode>
         <PlaceCode>04</PlaceCode>
         <BiasCode>88</BiasCode>
         <CSAUCode>C</CSAUCode>
         <SupplementSeq>0</SupplementSeq>
         <UCRNumber>1</UCRNumber>
         <OffenseStatusDate>06/01/2017 11:12:00</OffenseStatusDate>
         <ForcedEntryCode>N</ForcedEntryCode>
         <AttemptedCompletedCode>C</AttemptedCompletedCode>
         <ArrestChargeCode>35-43-2-1  B05</ArrestChargeCode>
         <CreatorId>STATE_OFFICER11</CreatorId>
         <CreatorDate>06/16/2017 11:14:29</CreatorDate>
         <UpdatorId>STATE_OFFICER11</UpdatorId>
         <UpdatorDate>06/16/2017 11:14:29</UpdatorDate>
      </IncidentOffense>
      <IncidentPerson>
         <ApproxAge>17</ApproxAge>
         <CreatorId>STATE_OFFICER11</CreatorId>
         <CreatorDate>06/16/2017 11:13:05</CreatorDate>
         <UpdatorId>TSTC</UpdatorId>
         <UpdatorDate>05/24/2023 12:41:23</UpdatorDate>
         <Person>
            <PersonId>903</PersonId>
            <RaceCode>A</RaceCode>
            <SexCode>M</SexCode>
            <EthnicityCode>U</EthnicityCode>
            <PersonVerified>Y</PersonVerified>
            <PersonPrimaryName>
               <LastName>OFFENDER</LastName>
               <FirstName>ONE</FirstName>
               <DOB>02/01/2000 00:00:00</DOB>
               <DateOfInfo>06/16/2017 11:08:45</DateOfInfo>
               <SLastName>O153</SLastName>
               <SFirstName>O500</SFirstName>
            </PersonPrimaryName>
            <Alias>
               <NameTypeCode>P</NameTypeCode>
               <LastName>OFFENDER</LastName>
               <FirstName>ONE</FirstName>
               <DOB>02/01/2000 00:00:00</DOB>
               <SLastName>O153</SLastName>
               <SFirstName>O500</SFirstName>
               <DateOfInfo>06/16/2017 11:08:45</DateOfInfo>
            </Alias>
         </Person>
         <IncidentPersonRole>
            <RoleType>S</RoleType>
            <CreatorId>STATE_OFFICER11</CreatorId>
            <CreatorDate>06/16/2017 11:13:05</CreatorDate>
            <UpdatorId>TSTC</UpdatorId>
            <UpdatorDate>08/15/2023 20:32:23</UpdatorDate>
         </IncidentPersonRole>
      </IncidentPerson>
      <IncidentPerson>
         <ApproxAge>27</ApproxAge>
         <CreatorId>STATE_OFFICER11</CreatorId>
         <CreatorDate>06/16/2017 11:13:21</CreatorDate>
         <UpdatorId>TSTC</UpdatorId>
         <UpdatorDate>05/24/2023 12:41:23</UpdatorDate>
         <Person>
            <PersonId>904</PersonId>
            <RaceCode>W</RaceCode>
            <SexCode>M</SexCode>
            <EthnicityCode>U</EthnicityCode>
            <PersonVerified>Y</PersonVerified>
            <PersonPrimaryName>
               <LastName>OFFENDER</LastName>
               <FirstName>TWO</FirstName>
               <DOB>01/01/1990 00:00:00</DOB>
               <DateOfInfo>06/16/2017 11:09:33</DateOfInfo>
               <SLastName>O153</SLastName>
               <SFirstName>T000</SFirstName>
            </PersonPrimaryName>
            <Alias>
               <NameTypeCode>P</NameTypeCode>
               <LastName>OFFENDER</LastName>
               <FirstName>TWO</FirstName>
               <DOB>01/01/1990 00:00:00</DOB>
               <SLastName>O153</SLastName>
               <SFirstName>T000</SFirstName>
               <DateOfInfo>06/16/2017 11:09:33</DateOfInfo>
            </Alias>
         </Person>
         <IncidentPersonRole>
            <RoleType>S</RoleType>
            <CreatorId>BA_OFFICER</CreatorId>
            <CreatorDate>06/16/2017 11:13:21</CreatorDate>
            <UpdatorId>TSTC</UpdatorId>
            <UpdatorDate>08/15/2023 20:32:23</UpdatorDate>
         </IncidentPersonRole>
      </IncidentPerson>
      <IncidentPerson>
         <ApproxAge>28</ApproxAge>
         <ResidentStatusCode>R</ResidentStatusCode>
         <CreatorId>STATE_OFFICER11</CreatorId>
         <CreatorDate>06/16/2017 11:14:04</CreatorDate>
         <UpdatorId>TSTC</UpdatorId>
         <UpdatorDate>05/24/2023 12:41:23</UpdatorDate>
         <Person>
            <PersonId>324</PersonId>
            <RaceCode>A</RaceCode>
            <SexCode>M</SexCode>
            <PersonVerified>Y</PersonVerified>
            <PersonPrimaryName>
               <LastName>Thumb</LastName>
               <FirstName>Tom</FirstName>
               <MiddleName>Tee</MiddleName>
               <DOB>07/04/1988 00:00:00</DOB>
               <DateOfInfo>07/06/2012 14:46:43</DateOfInfo>
               <SLastName>T510</SLastName>
               <SFirstName>T500</SFirstName>
            </PersonPrimaryName>
            <Alias>
               <NameTypeCode>P</NameTypeCode>
               <LastName>Thumb</LastName>
               <FirstName>Tom</FirstName>
               <MiddleName>Tee</MiddleName>
               <DOB>07/04/1988 00:00:00</DOB>
               <SLastName>T510</SLastName>
               <SFirstName>T500</SFirstName>
               <DateOfInfo>07/06/2012 14:46:43</DateOfInfo>
            </Alias>
         </Person>
         <IncidentPersonRole>
            <RoleType>V</RoleType>
            <CreatorId>STATE_OFFICER11</CreatorId>
            <CreatorDate>06/16/2017 11:14:48</CreatorDate>
            <UpdatorId>TSTC</UpdatorId>
            <UpdatorDate>08/15/2023 20:32:23</UpdatorDate>
         </IncidentPersonRole>
      </IncidentPerson>
      <IncidentVehicle>
         <VEHICLE_ID>123</VEHICLE_ID>
         <RoleCode>VI</RoleCode>
         <CreatorId>STATE_OFFICER11</CreatorId>
         <CreatorDate>06/16/2017 11:15:44</CreatorDate>
         <UpdatorId>STATE_OFFICER11</UpdatorId>
         <UpdatorDate>06/16/2017 11:15:44</UpdatorDate>
         <DateOfInfo>08/27/2012 00:00:00</DateOfInfo>
         <StatusCode>1</StatusCode>
         <VIN>789</VIN>
         <VehicleYear>2012</VehicleYear>
         <VehicleMakeCode>BMW</VehicleMakeCode>
         <VehicleModelCode>Z8</VehicleModelCode>
         <VehicleStyleCode>RD</VehicleStyleCode>
         <VehicleTypeCode>AT</VehicleTypeCode>
         <VehicleLicNumber>LIVINGWELL3</VehicleLicNumber>
         <VehicleValue>25000</VehicleValue>
      </IncidentVehicle>
      <IncidentProperty>
         <RoleCode>8</RoleCode>
         <CreatorId>STATE_OFFICER11</CreatorId>
         <CreatorDate>06/16/2017 11:15:15</CreatorDate>
         <UpdatorId>TSTC</UpdatorId>
         <UpdatorDate>08/10/2017 23:00:52</UpdatorDate>
         <DateOfInfo>06/16/2017 00:00:00</DateOfInfo>
         <StatusCode>8</StatusCode>
         <DocumentTypeCode>O</DocumentTypeCode>
         <PropertyTypeCode>43</PropertyTypeCode>
         <PropertyValue>0</PropertyValue>
         <Value>0</Value>
         <Evidence>N</Evidence>
         <EvidenceFlag>N</EvidenceFlag>
         <Property_ID>1604</Property_ID>
         <AccountName>Asdf</AccountName>
         <AccountNumber>0</AccountNumber>
         <Amount>0</Amount>
      </IncidentProperty>
   </IncidentSupplement>
</Incident>