<?xml version="1.0" encoding="UTF-8"?>
<Incident xmlns:xsi="http://www.w3.org/2001/XMLSchema-instance"
          xsi:noNamespaceSchemaLocation="file:///C:/DATA/EJS/SVN_Root/Ejustice/trunk/XMLTransformations/OnlineRMSInternalToIncident/IAOnlineRMSIncidentImport.xsd">
   <IncidentReportNum>2020D4210310</IncidentReportNum>
   <AgencyCode>D42</AgencyCode>
   <ORINum>SC0280000</ORINum>
   <ReportDate>10/01/2020 17:46:00</ReportDate>
   <ReportTime>10/01/2020 17:46:00</ReportTime>
   <StartDate>10/01/2020 17:46:00</StartDate>
   <StartTime>10/01/2020 17:46:00</StartTime>
   <Summary>asd</Summary>
   <CreatorId>STATE_OFFICER11</CreatorId>
   <CreatorDate>10/01/2020 17:46:14</CreatorDate>
   <UpdatorId>TSTC</UpdatorId>
   <UpdatorDate>09/09/2021 18:46:43</UpdatorDate>
   <IncidentType>
      <IncidentTypeCode>AIR</IncidentTypeCode>
   </IncidentType>
   <IncidentAddress>
      <AddressId>1719</AddressId>
      <City>17</City>
      <CreatorId>STATE_OFFICER11</CreatorId>
      <CreatorDate>10/05/2020 21:22:36</CreatorDate>
      <UpdatorId>TSTC</UpdatorId>
      <UpdatorDate>10/05/2020 21:22:47</UpdatorDate>
      <Address>
         <AddressId>1719</AddressId>
         <StreetNumber>77</StreetNumber>
         <StreetName>Hancock</StreetName>
         <StreetTypeCode>AVE</StreetTypeCode>
         <City>INDIANAPOLIS</City>
         <StateCode>IN</StateCode>
         <Zip5>46222</Zip5>
         <CountryCode>US</CountryCode>
         <Longitude>-86.2093442</Longitude>
         <Latitude>39.7641051</Latitude>
      </Address>
   </IncidentAddress>
   <IncidentSupplement>
      <SupplementSequence>0</SupplementSequence>
      <IncSupplementStatusCode>A</IncSupplementStatusCode>
      <SuppReportDate>10/01/2020 17:46:15</SuppReportDate>
      <SuppReportTime>10/01/2020 17:46:15</SuppReportTime>
      <AgencyOnly>N</AgencyOnly>
      <SecurityLevel>1100</SecurityLevel>
      <SuppAgencyCode>D42</SuppAgencyCode>
      <UnknownNoOffenders>N</UnknownNoOffenders>
      <DsIcrDate>10/05/2020 21:25:21</DsIcrDate>
      <DsIcrSubmissionStatus>READY TO BE PROCESSED-ORIGINAL</DsIcrSubmissionStatus>
      <CreatorId>STATE_OFFICER11</CreatorId>
      <CreatorDate>10/01/2020 17:46:15</CreatorDate>
      <UpdatorId>TSTC</UpdatorId>
      <UpdatorDate>08/05/2021 17:38:29</UpdatorDate>
      <IncidentSuppNarrative>
         <NarrativeNumber>1</NarrativeNumber>
         <NarrativeTitle>Original Narrative</NarrativeTitle>
         <NarrativeText>sdfsdf</NarrativeText>
         <CreatorId>STATE_OFFICER11</CreatorId>
         <CreatorDate>10/01/2020 17:49:18</CreatorDate>
         <UpdatorId>STATE_OFFICER11</UpdatorId>
         <UpdatorDate>10/01/2020 18:54:51</UpdatorDate>
      </IncidentSuppNarrative>
      <IncidentOfficer>
         <OfficerRoleCode>P</OfficerRoleCode>
         <Officer>
            <AgencyCode>D42</AgencyCode>
            <ORINumber>SC0280000</ORINumber>
            <LastName>Simpson</LastName>
            <FirstName>Homer</FirstName>
            <InternalID>9696</InternalID>
         </Officer>
      </IncidentOfficer>
      <IncidentOfficer>
         <OfficerRoleCode>R</OfficerRoleCode>
         <Officer>
            <AgencyCode>D42</AgencyCode>
            <ORINumber>SC0280000</ORINumber>
            <LastName>Simpson</LastName>
            <FirstName>Homer</FirstName>
            <InternalID>9696</InternalID>
         </Officer>
      </IncidentOfficer>
      <IncidentOffense>
         <IncidentId>3304</IncidentId>
         <OffenseNumber>1</OffenseNumber>
         <OffenseStatusCode>00</OffenseStatusCode>
         <OffenseCode>35-42-2-1  B01</OffenseCode>
         <PlaceCode>06</PlaceCode>
         <BiasCode>21</BiasCode>
         <SupplementSeq>0</SupplementSeq>
         <UCRNumber>1</UCRNumber>
         <OffenseStatusDate>10/01/2020 17:46:00</OffenseStatusDate>
         <CreatorId>STATE_OFFICER11</CreatorId>
         <CreatorDate>10/05/2020 21:23:15</CreatorDate>
         <UpdatorId>STATE_OFFICER11</UpdatorId>
         <UpdatorDate>10/05/2020 21:23:15</UpdatorDate>
      </IncidentOffense>
      <IncidentPerson>
         <ApproxAge>33</ApproxAge>
         <CreatorId>STATE_OFFICER11</CreatorId>
         <CreatorDate>10/01/2020 17:47:50</CreatorDate>
         <UpdatorId>TSTC</UpdatorId>
         <UpdatorDate>05/24/2023 12:41:25</UpdatorDate>
         <Person>
            <PersonId>1079</PersonId>
            <RaceCode>A</RaceCode>
            <SexCode>F</SexCode>
            <EthnicityCode>U</EthnicityCode>
            <PersonVerified>Y</PersonVerified>
            <PersonPrimaryName>
               <DateOfInfo>10/01/2020 17:47:49</DateOfInfo>
            </PersonPrimaryName>
            <Alias>
               <NameTypeCode>P</NameTypeCode>
               <DateOfInfo>10/01/2020 17:47:49</DateOfInfo>
            </Alias>
         </Person>
         <IncidentPersonRole>
            <RoleType>S</RoleType>
            <CreatorId>STATE_OFFICER11</CreatorId>
            <CreatorDate>10/01/2020 17:47:51</CreatorDate>
            <UpdatorId>TSTC</UpdatorId>
            <UpdatorDate>08/15/2023 20:32:24</UpdatorDate>
         </IncidentPersonRole>
      </IncidentPerson>
      <IncidentPerson>
         <ApproxAge>35</ApproxAge>
         <CreatorId>STATE_OFFICER11</CreatorId>
         <CreatorDate>10/01/2020 17:47:51</CreatorDate>
         <UpdatorId>TSTC</UpdatorId>
         <UpdatorDate>05/24/2023 12:41:25</UpdatorDate>
         <Person>
            <PersonId>1080</PersonId>
            <RaceCode>H</RaceCode>
            <SexCode>M</SexCode>
            <EthnicityCode>U</EthnicityCode>
            <PersonVerified>Y</PersonVerified>
            <PersonPrimaryName>
               <DateOfInfo>10/01/2020 17:47:51</DateOfInfo>
            </PersonPrimaryName>
            <Alias>
               <NameTypeCode>P</NameTypeCode>
               <DateOfInfo>10/01/2020 17:47:51</DateOfInfo>
            </Alias>
         </Person>
         <IncidentPersonRole>
            <RoleType>S</RoleType>
            <CreatorId>STATE_OFFICER11</CreatorId>
            <CreatorDate>10/01/2020 17:47:51</CreatorDate>
            <UpdatorId>TSTC</UpdatorId>
            <UpdatorDate>08/15/2023 20:32:24</UpdatorDate>
         </IncidentPersonRole>
      </IncidentPerson>
      <IncidentPerson>
         <ApproxAge>29</ApproxAge>
         <ResidentStatusCode>R</ResidentStatusCode>
         <CreatorId>STATE_OFFICER11</CreatorId>
         <CreatorDate>10/05/2020 21:23:43</CreatorDate>
         <UpdatorId>TSTC</UpdatorId>
         <UpdatorDate>05/24/2023 12:41:24</UpdatorDate>
         <Person>
            <PersonId>826</PersonId>
            <RaceCode>W</RaceCode>
            <SexCode>M</SexCode>
            <PersonVerified>Y</PersonVerified>
            <PersonPrimaryName>
               <LastName>AB</LastName>
               <FirstName>SB</FirstName>
               <MiddleName>S</MiddleName>
               <DateOfInfo>05/12/2016 16:53:25</DateOfInfo>
               <SLastName>A100</SLastName>
               <SFirstName>S100</SFirstName>
            </PersonPrimaryName>
            <Alias>
               <NameTypeCode>A</NameTypeCode>
               <LastName>AB</LastName>
               <FirstName>SB</FirstName>
               <MiddleName>S</MiddleName>
               <SLastName>A100</SLastName>
               <SFirstName>S100</SFirstName>
               <DateOfInfo>05/12/2016 16:53:25</DateOfInfo>
            </Alias>
            <PersonAddress>
               <StreetNumber>2924</StreetNumber>
               <StreetDirCode>E</StreetDirCode>
               <StreetName>1250</StreetName>
               <StreetSuffixCode>S</StreetSuffixCode>
               <SubTypeCode>BLDG</SubTypeCode>
               <SubNumber>99</SubNumber>
               <City>Battle Ground</City>
               <StateCode>IN</StateCode>
               <Zip5>47920</Zip5>
               <CountryCode>US</CountryCode>
               <CountyCode>NaN</CountyCode>
               <Longitude>-86.813061</Longitude>
               <Latitude>40.569043</Latitude>
            </PersonAddress>
         </Person>
         <IncidentPersonRole>
            <RoleType>V</RoleType>
            <CreatorId>STATE_OFFICER11</CreatorId>
            <CreatorDate>10/05/2020 21:23:44</CreatorDate>
            <UpdatorId>TSTC</UpdatorId>
            <UpdatorDate>08/15/2023 20:32:25</UpdatorDate>
         </IncidentPersonRole>
      </IncidentPerson>
   </IncidentSupplement>
</Incident>