<?xml version="1.0" encoding="UTF-8"?>
<Incident xmlns:xsi="http://www.w3.org/2001/XMLSchema-instance"
          xsi:noNamespaceSchemaLocation="file:///C:/DATA/EJS/SVN_Root/Ejustice/trunk/XMLTransformations/OnlineRMSInternalToIncident/IAOnlineRMSIncidentImport.xsd">
   <IncidentReportNum>2019D4210217</IncidentReportNum>
   <AgencyCode>D42</AgencyCode>
   <ORINum>SC0280000</ORINum>
   <ReportDate>03/06/2019 15:35:00</ReportDate>
   <ReportTime>03/06/2019 15:35:00</ReportTime>
   <StartDate>03/06/2019 15:35:00</StartDate>
   <StartTime>03/06/2019 15:35:00</StartTime>
   <Summary>Loud music at 2am.</Summary>
   <CreatorId>CSAUR</CreatorId>
   <CreatorDate>03/06/2019 15:35:38</CreatorDate>
   <UpdatorId>TSTC</UpdatorId>
   <UpdatorDate>09/09/2021 18:46:43</UpdatorDate>
   <IncidentType>
      <IncidentTypeCode>DIS</IncidentTypeCode>
   </IncidentType>
   <IncidentAddress>
      <AddressId>1668</AddressId>
      <City>12</City>
      <CreatorId>CSAUR</CreatorId>
      <CreatorDate>03/06/2019 15:47:24</CreatorDate>
      <UpdatorId>TSTC</UpdatorId>
      <UpdatorDate>03/06/2019 15:48:11</UpdatorDate>
      <Address>
         <AddressId>1668</AddressId>
         <StreetNumber>100</StreetNumber>
         <StreetDirCode>N</StreetDirCode>
         <StreetName>Main</StreetName>
         <StreetTypeCode>ST</StreetTypeCode>
         <City>BLOOMINGTON</City>
         <StateCode>IL</StateCode>
         <Zip5>61701</Zip5>
         <CountryCode>US</CountryCode>
      </Address>
   </IncidentAddress>
   <IncidentSupplement>
      <SupplementSequence>0</SupplementSequence>
      <IncSupplementStatusCode>A</IncSupplementStatusCode>
      <SuppReportDate>03/06/2019 15:35:38</SuppReportDate>
      <SuppReportTime>03/06/2019 15:35:38</SuppReportTime>
      <AgencyOnly>N</AgencyOnly>
      <SecurityLevel>1100</SecurityLevel>
      <SuppAgencyCode>D42</SuppAgencyCode>
      <UnknownNoOffenders>Y</UnknownNoOffenders>
      <DsIcrDate>07/25/2020 14:58:59</DsIcrDate>
      <DsIcrSubmissionStatus>NOT REPORTABLE</DsIcrSubmissionStatus>
      <CreatorId>CSAUR</CreatorId>
      <CreatorDate>03/06/2019 15:35:38</CreatorDate>
      <UpdatorId>TSTC</UpdatorId>
      <UpdatorDate>08/05/2021 17:38:28</UpdatorDate>
      <IncidentSuppNarrative>
         <NarrativeNumber>1</NarrativeNumber>
         <NarrativeTitle>Original Narrative</NarrativeTitle>
         <NarrativeText>A lot of yelling and music at 2am.</NarrativeText>
         <CreatorId>CSAUR</CreatorId>
         <CreatorDate>03/06/2019 15:40:14</CreatorDate>
         <UpdatorId>CSAUR</UpdatorId>
         <UpdatorDate>03/06/2019 15:42:21</UpdatorDate>
      </IncidentSuppNarrative>
      <IncidentOfficer>
         <OfficerRoleCode>P</OfficerRoleCode>
         <Officer>
            <AgencyCode>D42</AgencyCode>
            <ORINumber>SC0280000</ORINumber>
            <LastName>Saur</LastName>
            <FirstName>Christine</FirstName>
            <InternalID>SAUR111</InternalID>
         </Officer>
      </IncidentOfficer>
      <IncidentOfficer>
         <OfficerRoleCode>R</OfficerRoleCode>
         <Officer>
            <AgencyCode>D42</AgencyCode>
            <ORINumber>SC0280000</ORINumber>
            <LastName>Saur</LastName>
            <FirstName>Christine</FirstName>
            <InternalID>SAUR111</InternalID>
         </Officer>
      </IncidentOfficer>
      <IncidentOffense>
         <IncidentId>3206</IncidentId>
         <OffenseNumber>1</OffenseNumber>
         <OffenseStatusCode>00</OffenseStatusCode>
         <OffenseCode>35-45-1-3</OffenseCode>
         <PlaceCode>20</PlaceCode>
         <BiasCode>88</BiasCode>
         <CSAUCode>C</CSAUCode>
         <SupplementSeq>0</SupplementSeq>
         <UCRNumber>1</UCRNumber>
         <OffenseStatusDate>03/06/2019 15:35:00</OffenseStatusDate>
         <AttemptedCompletedCode>C</AttemptedCompletedCode>
         <CreatorId>CSAUR</CreatorId>
         <CreatorDate>03/06/2019 15:39:25</CreatorDate>
         <UpdatorId>CSAUR</UpdatorId>
         <UpdatorDate>03/06/2019 15:39:25</UpdatorDate>
      </IncidentOffense>
      <IncidentBusiness>
         <BusinessNumber>240000001</BusinessNumber>
         <BusinessName>SOCIETY</BusinessName>
         <IncBusinessRoleCode>V</IncBusinessRoleCode>
         <CreatorId>CSAUR</CreatorId>
         <CreatorDate>03/06/2019 15:39:26</CreatorDate>
         <UpdatorId>CSAUR</UpdatorId>
         <UpdatorDate>03/06/2019 15:39:26</UpdatorDate>
      </IncidentBusiness>
   </IncidentSupplement>
</Incident>