<?xml version="1.0" encoding="UTF-8"?>
<Incident xmlns:xsi="http://www.w3.org/2001/XMLSchema-instance"
          xsi:noNamespaceSchemaLocation="file:///C:/DATA/EJS/SVN_Root/Ejustice/trunk/XMLTransformations/OnlineRMSInternalToIncident/IAOnlineRMSIncidentImport.xsd">
   <IncidentReportNum>2020D4210323</IncidentReportNum>
   <AgencyCode>D42</AgencyCode>
   <ORINum>SC0280000</ORINum>
   <ReportDate>11/09/2020 15:47:00</ReportDate>
   <ReportTime>11/09/2020 15:47:00</ReportTime>
   <StartDate>11/09/2020 15:47:00</StartDate>
   <StartTime>11/09/2020 15:47:00</StartTime>
   <Summary>asdf</Summary>
   <CreatorId>STATE_OFFICER11</CreatorId>
   <CreatorDate>11/09/2020 15:47:11</CreatorDate>
   <UpdatorId>STATE_OFFICER11</UpdatorId>
   <UpdatorDate>05/16/2022 11:06:11</UpdatorDate>
   <IncidentType>
      <IncidentTypeCode>B/B</IncidentTypeCode>
   </IncidentType>
   <IncidentAddress>
      <AddressId>1775</AddressId>
      <City>13</City>
      <CreatorId>STATE_OFFICER11</CreatorId>
      <CreatorDate>07/22/2021 18:19:11</CreatorDate>
      <UpdatorId>TSTC</UpdatorId>
      <UpdatorDate>09/13/2022 13:40:29</UpdatorDate>
      <Address>
         <AddressId>1775</AddressId>
         <StreetNumber>806</StreetNumber>
         <StreetName>Myrtle</StreetName>
         <StreetTypeCode>AVE</StreetTypeCode>
         <City>Frankfort</City>
         <StateCode>IN</StateCode>
         <Zip5>46041</Zip5>
         <CountryCode>US</CountryCode>
         <Beat>Test</Beat>
         <SubBeat>Area</SubBeat>
         <Longitude>-86.524798</Longitude>
         <Latitude>40.2875</Latitude>
         <AddressCommonName>
            <CommonPlaceName>Wild West Hall</CommonPlaceName>
         </AddressCommonName>
         <AddressCommonName>
            <CommonPlaceName>ANG TEST</CommonPlaceName>
         </AddressCommonName>
      </Address>
   </IncidentAddress>
   <IncidentSupplement>
      <SupplementSequence>0</SupplementSequence>
      <IncSupplementStatusCode>A</IncSupplementStatusCode>
      <SuppReportDate>11/09/2020 15:47:12</SuppReportDate>
      <SuppReportTime>11/09/2020 15:47:12</SuppReportTime>
      <AgencyOnly>Y</AgencyOnly>
      <SecurityLevel>1100</SecurityLevel>
      <SuppAgencyCode>D42</SuppAgencyCode>
      <UnknownNoOffenders>N</UnknownNoOffenders>
      <DsIcrDate>11/09/2021 15:40:06</DsIcrDate>
      <DsIcrSubmissionStatus>READY TO BE PROCESSED-ORIGINAL</DsIcrSubmissionStatus>
      <CreatorId>STATE_OFFICER11</CreatorId>
      <CreatorDate>11/09/2020 15:47:12</CreatorDate>
      <UpdatorId>STATE_OFFICER11</UpdatorId>
      <UpdatorDate>11/09/2021 15:40:06</UpdatorDate>
      <IncidentSuppNarrative>
         <NarrativeNumber>1</NarrativeNumber>
         <NarrativeTitle>Original Narrative</NarrativeTitle>
         <NarrativeText>sdfsdf</NarrativeText>
         <CreatorId>STATE_OFFICER11</CreatorId>
         <CreatorDate>11/09/2021 15:11:26</CreatorDate>
         <UpdatorId>STATE_OFFICER11</UpdatorId>
         <UpdatorDate>11/09/2021 15:11:26</UpdatorDate>
      </IncidentSuppNarrative>
      <IncidentOfficer>
         <OfficerRoleCode>H</OfficerRoleCode>
         <Officer>
            <AgencyCode>D42</AgencyCode>
            <ORINumber>SC0280000</ORINumber>
            <LastName>Pangle</LastName>
            <FirstName>Brandon</FirstName>
            <InternalID>8888a</InternalID>
         </Officer>
      </IncidentOfficer>
      <IncidentOfficer>
         <OfficerRoleCode>P</OfficerRoleCode>
         <Officer>
            <AgencyCode>D42</AgencyCode>
            <ORINumber>SC0280000</ORINumber>
            <LastName>Simpson</LastName>
            <FirstName>Homer</FirstName>
            <InternalID>9696</InternalID>
         </Officer>
      </IncidentOfficer>
      <IncidentOfficer>
         <OfficerRoleCode>R</OfficerRoleCode>
         <Officer>
            <AgencyCode>D42</AgencyCode>
            <ORINumber>SC0280000</ORINumber>
            <LastName>Pangle</LastName>
            <FirstName>Brandon</FirstName>
            <InternalID>8888a</InternalID>
         </Officer>
      </IncidentOfficer>
      <IncidentOfficer>
         <OfficerRoleCode>X</OfficerRoleCode>
         <Officer>
            <AgencyCode>D42</AgencyCode>
            <ORINumber>SC0280000</ORINumber>
            <LastName>Pangle</LastName>
            <FirstName>Brandon</FirstName>
            <InternalID>8888a</InternalID>
         </Officer>
      </IncidentOfficer>
      <IncidentOffense>
         <IncidentId>3317</IncidentId>
         <OffenseNumber>1</OffenseNumber>
         <OffenseStatusCode>00</OffenseStatusCode>
         <OffenseCode>7.1-5-11-14</OffenseCode>
         <PlaceCode>57</PlaceCode>
         <BiasCode>88</BiasCode>
         <CSAUCode>C</CSAUCode>
         <SupplementSeq>0</SupplementSeq>
         <UCRNumber>1</UCRNumber>
         <OffenseStatusDate>07/22/2021 18:19:00</OffenseStatusDate>
         <AttemptedCompletedCode>C</AttemptedCompletedCode>
         <ArrestChargeCode>7.1-5-11-14</ArrestChargeCode>
         <CreatorId>STATE_OFFICER11</CreatorId>
         <CreatorDate>11/09/2020 15:48:05</CreatorDate>
         <UpdatorId>STATE_OFFICER11</UpdatorId>
         <UpdatorDate>07/22/2021 18:20:36</UpdatorDate>
      </IncidentOffense>
      <IncidentOffense>
         <IncidentId>3317</IncidentId>
         <OffenseNumber>2</OffenseNumber>
         <OffenseStatusCode>00</OffenseStatusCode>
         <OffenseCode>35-43-2-1  B02</OffenseCode>
         <PlaceCode>25</PlaceCode>
         <BiasCode>88</BiasCode>
         <CSAUCode>C</CSAUCode>
         <SupplementSeq>0</SupplementSeq>
         <UCRNumber>2</UCRNumber>
         <OffenseStatusDate>11/09/2020 15:47:00</OffenseStatusDate>
         <ForcedEntryCode>F</ForcedEntryCode>
         <AttemptedCompletedCode>C</AttemptedCompletedCode>
         <CreatorId>STATE_OFFICER11</CreatorId>
         <CreatorDate>07/22/2021 18:21:41</CreatorDate>
         <UpdatorId>STATE_OFFICER11</UpdatorId>
         <UpdatorDate>07/22/2021 18:21:41</UpdatorDate>
      </IncidentOffense>
      <IncidentPerson>
         <ApproxAge>43</ApproxAge>
         <ClearMultiArrestCode>N</ClearMultiArrestCode>
         <CreatorId>STATE_OFFICER11</CreatorId>
         <CreatorDate>11/09/2020 15:48:05</CreatorDate>
         <UpdatorId>TSTC</UpdatorId>
         <UpdatorDate>05/24/2023 12:41:25</UpdatorDate>
         <Person>
            <PersonId>556</PersonId>
            <RaceCode>W</RaceCode>
            <SexCode>M</SexCode>
            <PersonVerified>Y</PersonVerified>
            <PersonPrimaryName>
               <LastName>Blue</LastName>
               <FirstName>Big</FirstName>
               <DOB>05/04/1977 00:00:00</DOB>
               <DateOfInfo>06/03/2014 16:53:42</DateOfInfo>
               <SLastName>B400</SLastName>
               <SFirstName>B200</SFirstName>
            </PersonPrimaryName>
            <Alias>
               <NameTypeCode>P</NameTypeCode>
               <LastName>Blue</LastName>
               <FirstName>Big</FirstName>
               <DOB>05/04/1977 00:00:00</DOB>
               <SLastName>B400</SLastName>
               <SFirstName>B200</SFirstName>
               <DateOfInfo>06/03/2014 16:53:42</DateOfInfo>
            </Alias>
         </Person>
         <IncidentPersonRole>
            <RoleType>A</RoleType>
            <CreatorId>STATE_OFFICER11</CreatorId>
            <CreatorDate>11/09/2021 15:11:02</CreatorDate>
            <UpdatorId>TSTC</UpdatorId>
            <UpdatorDate>08/15/2023 20:32:24</UpdatorDate>
         </IncidentPersonRole>
         <IncidentPersonRole>
            <RoleType>S</RoleType>
            <CreatorId>STATE_OFFICER11</CreatorId>
            <CreatorDate>11/09/2021 15:11:02</CreatorDate>
            <UpdatorId>TSTC</UpdatorId>
            <UpdatorDate>08/15/2023 20:32:24</UpdatorDate>
         </IncidentPersonRole>
      </IncidentPerson>
      <IncidentPerson>
         <ApproxAge>21</ApproxAge>
         <ClearMultiArrestCode>N</ClearMultiArrestCode>
         <CreatorId>STATE_OFFICER11</CreatorId>
         <CreatorDate>07/22/2021 18:23:08</CreatorDate>
         <UpdatorId>TSTC</UpdatorId>
         <UpdatorDate>05/24/2023 12:41:25</UpdatorDate>
         <Person>
            <PersonId>1151</PersonId>
            <RaceCode>W</RaceCode>
            <SexCode>F</SexCode>
            <EthnicityCode>U</EthnicityCode>
            <PersonVerified>Y</PersonVerified>
            <PersonPrimaryName>
               <LastName>Hendricks</LastName>
               <FirstName>Kayla</FirstName>
               <DOB>04/05/1999 00:00:00</DOB>
               <DateOfInfo>07/22/2021 18:22:53</DateOfInfo>
               <SLastName>H536</SLastName>
               <SFirstName>K400</SFirstName>
            </PersonPrimaryName>
            <Alias>
               <NameTypeCode>P</NameTypeCode>
               <LastName>Hendricks</LastName>
               <FirstName>Kayla</FirstName>
               <DOB>04/05/1999 00:00:00</DOB>
               <SLastName>H536</SLastName>
               <SFirstName>K400</SFirstName>
               <DateOfInfo>07/22/2021 18:22:53</DateOfInfo>
            </Alias>
         </Person>
         <IncidentPersonRole>
            <RoleType>A</RoleType>
            <CreatorId>STATE_OFFICER11</CreatorId>
            <CreatorDate>11/09/2021 15:10:41</CreatorDate>
            <UpdatorId>TSTC</UpdatorId>
            <UpdatorDate>08/15/2023 20:32:24</UpdatorDate>
         </IncidentPersonRole>
         <IncidentPersonRole>
            <RoleType>S</RoleType>
            <CreatorId>STATE_OFFICER11</CreatorId>
            <CreatorDate>11/09/2021 15:10:41</CreatorDate>
            <UpdatorId>TSTC</UpdatorId>
            <UpdatorDate>08/15/2023 20:32:24</UpdatorDate>
         </IncidentPersonRole>
      </IncidentPerson>
      <IncidentPerson>
         <ApproxAge>23</ApproxAge>
         <ResidentStatusCode>R</ResidentStatusCode>
         <CreatorId>STATE_OFFICER11</CreatorId>
         <CreatorDate>07/22/2021 18:24:59</CreatorDate>
         <UpdatorId>TSTC</UpdatorId>
         <UpdatorDate>05/24/2023 12:41:25</UpdatorDate>
         <Person>
            <PersonId>972</PersonId>
            <RaceCode>W</RaceCode>
            <SexCode>M</SexCode>
            <PersonVerified>Y</PersonVerified>
            <PersonPrimaryName>
               <LastName>BEERTZER</LastName>
               <FirstName>HANK</FirstName>
               <MiddleName>AUSTIN JAMES</MiddleName>
               <DOB>10/24/1997 00:00:00</DOB>
               <SSN>4.82001223E8</SSN>
               <DateOfInfo>10/01/2018 11:38:29</DateOfInfo>
               <SLastName>B632</SLastName>
               <SFirstName>H520</SFirstName>
            </PersonPrimaryName>
            <PersonPrimaryName>
               <LastName>B</LastName>
               <MiddleName>HENRY</MiddleName>
               <DateOfInfo>10/01/2018 00:00:00</DateOfInfo>
               <SLastName>B000</SLastName>
            </PersonPrimaryName>
            <PersonPrimaryName>
               <LastName>B</LastName>
               <FirstName>AA</FirstName>
               <MiddleName>HARLY</MiddleName>
               <DateOfInfo>10/01/2018 00:00:00</DateOfInfo>
               <SLastName>B000</SLastName>
               <SFirstName>A000</SFirstName>
            </PersonPrimaryName>
            <Alias>
               <NameTypeCode>P</NameTypeCode>
               <LastName>BEERTZER</LastName>
               <FirstName>HANK</FirstName>
               <MiddleName>AUSTIN JAMES</MiddleName>
               <DOB>10/24/1997 00:00:00</DOB>
               <SSN>4.82001223E8</SSN>
               <SLastName>B632</SLastName>
               <SFirstName>H520</SFirstName>
               <DateOfInfo>10/01/2018 11:38:29</DateOfInfo>
            </Alias>
            <Alias>
               <NameTypeCode>A</NameTypeCode>
               <LastName>B</LastName>
               <MiddleName>HENRY</MiddleName>
               <SLastName>B000</SLastName>
               <DateOfInfo>10/01/2018 00:00:00</DateOfInfo>
            </Alias>
            <Alias>
               <NameTypeCode>A</NameTypeCode>
               <LastName>B</LastName>
               <FirstName>AA</FirstName>
               <MiddleName>HARLY</MiddleName>
               <SLastName>B000</SLastName>
               <SFirstName>A000</SFirstName>
               <DateOfInfo>10/01/2018 00:00:00</DateOfInfo>
            </Alias>
         </Person>
         <IncidentPersonRole>
            <RoleType>V</RoleType>
            <CreatorId>STATE_OFFICER11</CreatorId>
            <CreatorDate>07/22/2021 18:25:00</CreatorDate>
            <UpdatorId>TSTC</UpdatorId>
            <UpdatorDate>08/15/2023 20:32:24</UpdatorDate>
         </IncidentPersonRole>
      </IncidentPerson>
      <IncidentPerson>
         <ApproxAge>33</ApproxAge>
         <CreatorId>STATE_OFFICER11</CreatorId>
         <CreatorDate>07/22/2021 18:25:37</CreatorDate>
         <UpdatorId>TSTC</UpdatorId>
         <UpdatorDate>05/24/2023 12:41:25</UpdatorDate>
         <Person>
            <PersonId>471</PersonId>
            <RaceCode>I</RaceCode>
            <SexCode>M</SexCode>
            <PersonVerified>Y</PersonVerified>
            <PersonPrimaryName>
               <LastName>Bobby</LastName>
               <FirstName>Bob</FirstName>
               <DateOfInfo>07/12/2013 16:04:50</DateOfInfo>
               <SLastName>B100</SLastName>
               <SFirstName>B100</SFirstName>
            </PersonPrimaryName>
            <PersonPrimaryName>
               <LastName>Bobbby</LastName>
               <FirstName>Bob</FirstName>
               <MiddleName>B</MiddleName>
               <DateOfInfo>07/17/2013 00:00:00</DateOfInfo>
               <SLastName>B100</SLastName>
               <SFirstName>B100</SFirstName>
            </PersonPrimaryName>
            <PersonPrimaryName>
               <LastName>Bobby</LastName>
               <FirstName>B</FirstName>
               <DOB>06/01/1987 00:00:00</DOB>
               <DateOfInfo>07/17/2013 00:00:00</DateOfInfo>
               <SLastName>B100</SLastName>
               <SFirstName>B000</SFirstName>
            </PersonPrimaryName>
            <Alias>
               <NameTypeCode>A</NameTypeCode>
               <LastName>Bobby</LastName>
               <FirstName>Bob</FirstName>
               <SLastName>B100</SLastName>
               <SFirstName>B100</SFirstName>
               <DateOfInfo>07/12/2013 16:04:50</DateOfInfo>
            </Alias>
            <Alias>
               <NameTypeCode>A</NameTypeCode>
               <LastName>Bobbby</LastName>
               <FirstName>Bob</FirstName>
               <MiddleName>B</MiddleName>
               <SLastName>B100</SLastName>
               <SFirstName>B100</SFirstName>
               <DateOfInfo>07/17/2013 00:00:00</DateOfInfo>
            </Alias>
            <Alias>
               <NameTypeCode>P</NameTypeCode>
               <LastName>Bobby</LastName>
               <FirstName>B</FirstName>
               <DOB>06/01/1987 00:00:00</DOB>
               <SLastName>B100</SLastName>
               <SFirstName>B000</SFirstName>
               <DateOfInfo>07/17/2013 00:00:00</DateOfInfo>
            </Alias>
         </Person>
         <IncidentPersonRole>
            <RoleType>CP</RoleType>
            <CreatorId>STATE_OFFICER11</CreatorId>
            <CreatorDate>07/28/2021 18:17:01</CreatorDate>
            <UpdatorId>TSTC</UpdatorId>
            <UpdatorDate>08/15/2023 20:32:24</UpdatorDate>
         </IncidentPersonRole>
         <IncidentPersonRole>
            <RoleType>DR</RoleType>
            <CreatorId>STATE_OFFICER11</CreatorId>
            <CreatorDate>07/28/2021 18:17:01</CreatorDate>
            <UpdatorId>TSTC</UpdatorId>
            <UpdatorDate>08/15/2023 20:32:24</UpdatorDate>
         </IncidentPersonRole>
         <IncidentPersonRole>
            <RoleType>T</RoleType>
            <CreatorId>STATE_OFFICER11</CreatorId>
            <CreatorDate>07/28/2021 18:17:01</CreatorDate>
            <UpdatorId>TSTC</UpdatorId>
            <UpdatorDate>08/15/2023 20:32:24</UpdatorDate>
         </IncidentPersonRole>
      </IncidentPerson>
      <IncidentBusiness>
         <BusinessNumber>240000001</BusinessNumber>
         <BusinessName>SOCIETY</BusinessName>
         <IncBusinessRoleCode>V</IncBusinessRoleCode>
         <CreatorId>STATE_OFFICER11</CreatorId>
         <CreatorDate>11/09/2020 15:48:06</CreatorDate>
         <UpdatorId>STATE_OFFICER11</UpdatorId>
         <UpdatorDate>11/09/2020 15:48:06</UpdatorDate>
      </IncidentBusiness>
      <IncidentVehicle>
         <VEHICLE_ID>122</VEHICLE_ID>
         <RoleCode>VI</RoleCode>
         <CreatorId>STATE_OFFICER11</CreatorId>
         <CreatorDate>07/22/2021 18:27:34</CreatorDate>
         <UpdatorId>STATE_OFFICER11</UpdatorId>
         <UpdatorDate>07/22/2021 18:27:34</UpdatorDate>
         <DateOfInfo>08/27/2012 00:00:00</DateOfInfo>
         <DateOfInfo>08/29/2012 13:59:18</DateOfInfo>
         <DateOfInfo>09/05/2012 07:16:52</DateOfInfo>
         <DateOfInfo>09/05/2012 07:54:49</DateOfInfo>
         <StatusCode>7</StatusCode>
         <VIN>456</VIN>
         <VehicleYear>2012</VehicleYear>
         <VehicleMakeCode>BMW</VehicleMakeCode>
         <VehicleModelCode>Z4</VehicleModelCode>
         <VehicleStyleCode>CV</VehicleStyleCode>
         <VehicleTypeCode>AT</VehicleTypeCode>
         <VehPriColorCode>RED</VehPriColorCode>
         <VehPriColorCode>RED</VehPriColorCode>
         <VehSecColorCode>RED</VehSecColorCode>
         <VehSecColorCode>RED</VehSecColorCode>
         <VehicleLicStateCode>IL</VehicleLicStateCode>
         <VehicleLicStateCode>IL</VehicleLicStateCode>
         <VehicleLicNumber>LIVINGWELL2</VehicleLicNumber>
         <VehicleLicNumber>LIVINGWELL2</VehicleLicNumber>
         <VehicleLicNumber>LIVINGWELL2</VehicleLicNumber>
         <VehicleLicNumber>LIVINGWELL2</VehicleLicNumber>
         <VehicleLicYear>2012</VehicleLicYear>
         <VehicleLicYear>2012</VehicleLicYear>
         <VehicleLicMonth>2</VehicleLicMonth>
         <VehicleLicMonth>2</VehicleLicMonth>
         <VehicleLicTypeCode>PC</VehicleLicTypeCode>
         <VehicleLicTypeCode>PC</VehicleLicTypeCode>
         <VehConditionCode>G</VehConditionCode>
         <VehConditionCode>F</VehConditionCode>
         <VehDamageDesc>Comments about car</VehDamageDesc>
         <VehicleValue>16000</VehicleValue>
         <VehicleValue>15000</VehicleValue>
      </IncidentVehicle>
      <IncidentProperty>
         <CreatorId>STATE_OFFICER11</CreatorId>
         <CreatorDate>02/16/2021 13:57:51</CreatorDate>
         <UpdatorId>STATE_OFFICER11</UpdatorId>
         <UpdatorDate>02/16/2021 13:58:24</UpdatorDate>
         <DateOfInfo>02/16/2021 00:00:00</DateOfInfo>
         <StatusCode>1</StatusCode>
         <DocumentTypeCode>P</DocumentTypeCode>
         <PropertyTypeCode>508</PropertyTypeCode>
         <PropertyValue>0</PropertyValue>
         <Value>0</Value>
         <Evidence>Y</Evidence>
         <EvidenceFlag>Y</EvidenceFlag>
         <ExternalEvidenceId>812</ExternalEvidenceId>
         <Property_ID>1992</Property_ID>
         <Quantity>1</Quantity>
      </IncidentProperty>
      <IncidentProperty>
         <CreatorId>STATE_OFFICER11</CreatorId>
         <CreatorDate>03/24/2021 13:38:18</CreatorDate>
         <UpdatorId>STATE_OFFICER11</UpdatorId>
         <UpdatorDate>03/24/2021 13:38:57</UpdatorDate>
         <DateOfInfo>03/24/2021 00:00:00</DateOfInfo>
         <StatusCode>15</StatusCode>
         <DocumentTypeCode>P</DocumentTypeCode>
         <PropertyTypeCode>429</PropertyTypeCode>
         <PropertyValue>0</PropertyValue>
         <Value>0</Value>
         <Evidence>Y</Evidence>
         <EvidenceFlag>Y</EvidenceFlag>
         <ExternalEvidenceId>828</ExternalEvidenceId>
         <ExternalEvidenceId>829</ExternalEvidenceId>
         <Property_ID>2020</Property_ID>
         <Quantity>1</Quantity>
      </IncidentProperty>
      <IncidentProperty>
         <CreatorId>STATE_OFFICER11</CreatorId>
         <CreatorDate>04/05/2021 09:57:01</CreatorDate>
         <UpdatorId>STATE_OFFICER11</UpdatorId>
         <UpdatorDate>04/05/2021 09:57:01</UpdatorDate>
         <DateOfInfo>04/05/2021 00:00:00</DateOfInfo>
         <StatusCode>15</StatusCode>
         <DocumentTypeCode>P</DocumentTypeCode>
         <PropertyTypeCode>425</PropertyTypeCode>
         <PropertyValue>0</PropertyValue>
         <Value>0</Value>
         <Evidence>N</Evidence>
         <EvidenceFlag>N</EvidenceFlag>
         <Property_ID>2040</Property_ID>
         <Quantity>1</Quantity>
      </IncidentProperty>
      <IncidentProperty>
         <CreatorId>STATE_OFFICER11</CreatorId>
         <CreatorDate>04/05/2021 09:57:31</CreatorDate>
         <UpdatorId>STATE_OFFICER11</UpdatorId>
         <UpdatorDate>04/05/2021 09:57:32</UpdatorDate>
         <DateOfInfo>04/05/2021 00:00:00</DateOfInfo>
         <StatusCode>15</StatusCode>
         <DocumentTypeCode>D</DocumentTypeCode>
         <PropertyTypeCode>560</PropertyTypeCode>
         <PropertyValue>0</PropertyValue>
         <Value>0</Value>
         <Evidence>N</Evidence>
         <EvidenceFlag>N</EvidenceFlag>
         <Property_ID>2041</Property_ID>
         <Quantity>0</Quantity>
      </IncidentProperty>
      <IncidentProperty>
         <CreatorId>STATE_OFFICER11</CreatorId>
         <CreatorDate>04/05/2021 09:58:45</CreatorDate>
         <UpdatorId>STATE_OFFICER11</UpdatorId>
         <UpdatorDate>04/05/2021 09:58:45</UpdatorDate>
         <DateOfInfo>04/05/2021 00:00:00</DateOfInfo>
         <StatusCode>15</StatusCode>
         <DocumentTypeCode>O</DocumentTypeCode>
         <PropertyTypeCode>43</PropertyTypeCode>
         <PropertyValue>0</PropertyValue>
         <Value>0</Value>
         <Evidence>N</Evidence>
         <EvidenceFlag>N</EvidenceFlag>
         <Property_ID>2042</Property_ID>
         <AccountNumber>0</AccountNumber>
         <Amount>0</Amount>
      </IncidentProperty>
      <IncidentProperty>
         <CreatorId>STATE_OFFICER11</CreatorId>
         <CreatorDate>04/05/2021 09:59:56</CreatorDate>
         <UpdatorId>STATE_OFFICER11</UpdatorId>
         <UpdatorDate>04/05/2021 09:59:57</UpdatorDate>
         <DateOfInfo>04/05/2021 00:00:00</DateOfInfo>
         <StatusCode>15</StatusCode>
         <DocumentTypeCode>C</DocumentTypeCode>
         <PropertyTypeCode>CSH</PropertyTypeCode>
         <PropertyValue>80</PropertyValue>
         <Value>80</Value>
         <Evidence>N</Evidence>
         <EvidenceFlag>N</EvidenceFlag>
         <Property_ID>2043</Property_ID>
         <Quantity>80</Quantity>
         <Amount>80</Amount>
      </IncidentProperty>
      <IncidentProperty>
         <CreatorId>STATE_OFFICER11</CreatorId>
         <CreatorDate>04/05/2021 10:00:34</CreatorDate>
         <UpdatorId>STATE_OFFICER11</UpdatorId>
         <UpdatorDate>04/05/2021 10:00:34</UpdatorDate>
         <DateOfInfo>04/05/2021 00:00:00</DateOfInfo>
         <StatusCode>15</StatusCode>
         <DocumentTypeCode>G</DocumentTypeCode>
         <PropertyTypeCode>621</PropertyTypeCode>
         <PropertyValue>0</PropertyValue>
         <Value>0</Value>
         <Evidence>N</Evidence>
         <EvidenceFlag>N</EvidenceFlag>
         <Property_ID>2044</Property_ID>
         <Quantity>1</Quantity>
      </IncidentProperty>
      <IncidentProperty>
         <CreatorId>STATE_OFFICER11</CreatorId>
         <CreatorDate>04/05/2021 10:01:12</CreatorDate>
         <UpdatorId>STATE_OFFICER11</UpdatorId>
         <UpdatorDate>04/05/2021 10:01:12</UpdatorDate>
         <DateOfInfo>04/05/2021 00:00:00</DateOfInfo>
         <StatusCode>15</StatusCode>
         <DocumentTypeCode>P</DocumentTypeCode>
         <PropertyTypeCode>470</PropertyTypeCode>
         <PropertyValue>0</PropertyValue>
         <Value>0</Value>
         <Evidence>N</Evidence>
         <EvidenceFlag>N</EvidenceFlag>
         <Property_ID>2045</Property_ID>
         <Quantity>1</Quantity>
      </IncidentProperty>
   </IncidentSupplement>
   <IncidentSupplement>
      <SupplementSequence>1</SupplementSequence>
      <IncSupplementStatusCode>A</IncSupplementStatusCode>
      <SuppReportDate>11/09/2021 15:35:37</SuppReportDate>
      <SuppReportTime>11/09/2021 15:35:37</SuppReportTime>
      <AgencyOnly>Y</AgencyOnly>
      <SecurityLevel>1100</SecurityLevel>
      <SuppAgencyCode>D42</SuppAgencyCode>
      <UnknownNoOffenders>N</UnknownNoOffenders>
      <DsIcrDate>11/09/2021 15:40:06</DsIcrDate>
      <DsIcrSubmissionStatus>READY TO BE PROCESSED-REPLACE</DsIcrSubmissionStatus>
      <CreatorId>STATE_OFFICER11</CreatorId>
      <CreatorDate>11/09/2021 15:35:37</CreatorDate>
      <UpdatorId>STATE_OFFICER11</UpdatorId>
      <UpdatorDate>11/09/2021 15:40:06</UpdatorDate>
      <IncidentSuppNarrative>
         <NarrativeNumber>1</NarrativeNumber>
         <NarrativeTitle>Supplement #1 Narrative</NarrativeTitle>
         <NarrativeText>sdfsdsf</NarrativeText>
         <CreatorId>STATE_OFFICER11</CreatorId>
         <CreatorDate>11/09/2021 15:35:55</CreatorDate>
         <UpdatorId>STATE_OFFICER11</UpdatorId>
         <UpdatorDate>11/09/2021 15:35:55</UpdatorDate>
      </IncidentSuppNarrative>
      <IncidentOfficer>
         <OfficerRoleCode>P</OfficerRoleCode>
         <Officer>
            <AgencyCode>D42</AgencyCode>
            <ORINumber>SC0280000</ORINumber>
            <LastName>Simpson</LastName>
            <FirstName>Homer</FirstName>
            <InternalID>9696</InternalID>
         </Officer>
      </IncidentOfficer>
      <IncidentOfficer>
         <OfficerRoleCode>R</OfficerRoleCode>
         <Officer>
            <AgencyCode>D42</AgencyCode>
            <ORINumber>SC0280000</ORINumber>
            <LastName>Simpson</LastName>
            <FirstName>Homer</FirstName>
            <InternalID>9696</InternalID>
         </Officer>
      </IncidentOfficer>
   </IncidentSupplement>
</Incident>