<?xml version="1.0" encoding="UTF-8"?>
<Incident xmlns:xsi="http://www.w3.org/2001/XMLSchema-instance"
          xsi:noNamespaceSchemaLocation="file:///C:/DATA/EJS/SVN_Root/Ejustice/trunk/XMLTransformations/OnlineRMSInternalToIncident/IAOnlineRMSIncidentImport.xsd">
   <IncidentReportNum>13ISPC000015</IncidentReportNum>
   <AgencyCode>D42</AgencyCode>
   <ORINum>SC0280000</ORINum>
   <ReportDate>03/06/2013 14:59:00</ReportDate>
   <ReportTime>03/06/2013 14:59:00</ReportTime>
   <StartDate>03/06/2013 14:58:00</StartDate>
   <StartTime>03/01/2013 14:58:00</StartTime>
   <CreatorId>TSTC</CreatorId>
   <CreatorDate>03/06/2013 14:53:55</CreatorDate>
   <UpdatorId>TSTC</UpdatorId>
   <UpdatorDate>09/09/2021 18:46:23</UpdatorDate>
   <IncidentAddress>
      <AddressId>118</AddressId>
      <SubBeat>P69</SubBeat>
      <City>4</City>
      <CreatorId>TSTC</CreatorId>
      <CreatorDate>03/06/2013 14:53:55</CreatorDate>
      <UpdatorId>STATE_OFFICER11</UpdatorId>
      <UpdatorDate>03/06/2013 15:56:07</UpdatorDate>
      <Address>
         <AddressId>118</AddressId>
         <StreetNumber>555</StreetNumber>
         <StreetDirCode>E</StreetDirCode>
         <StreetName>PERRY</StreetName>
         <StreetTypeCode>ST</StreetTypeCode>
         <City>VERSAILLES</City>
         <StateCode>IN</StateCode>
         <SubBeat>P69</SubBeat>
         <Longitude>-85.245519</Longitude>
         <Latitude>39.0693128</Latitude>
      </Address>
   </IncidentAddress>
   <IncidentSupplement>
      <SupplementSequence>0</SupplementSequence>
      <IncSupplementStatusCode>A</IncSupplementStatusCode>
      <SuppReportDate>03/06/2013 14:59:13</SuppReportDate>
      <SuppReportTime>03/06/2013 14:59:13</SuppReportTime>
      <AgencyOnly>N</AgencyOnly>
      <SecurityLevel>1100</SecurityLevel>
      <SuppAgencyCode>D42</SuppAgencyCode>
      <UnknownNoOffenders>N</UnknownNoOffenders>
      <DsIcrDate>07/30/2013 09:38:46</DsIcrDate>
      <DsIcrSubmissionStatus>FAILED VALIDATION</DsIcrSubmissionStatus>
      <CreatorId>STATE_CIDSUP1</CreatorId>
      <CreatorDate>03/06/2013 14:53:55</CreatorDate>
      <UpdatorId>TSTC</UpdatorId>
      <UpdatorDate>08/05/2021 17:38:16</UpdatorDate>
      <IncidentSuppNarrative>
         <NarrativeNumber>1</NarrativeNumber>
         <NarrativeTitle>Combined narratives from CAD</NarrativeTitle>
         <NarrativeText> 03/06/2013 14:58:46  This is Narrative 1 03/06/2013 14:58:55  This is my Second Narrative. 03/06/2013 14:59:04  The following XMl document options (in the table XML_DOC_OPTIONS) can now be configured by development or operations staff with knowledge of TOAD:     NARRATIVE_TO_CFS_NOTE  Y/N Flag indicating if CAD narratives should be copied to the Calls for Service Incident Note. Default is Y.    NARRATIVE_TO_INCIDENT  Y/N Flag indicating if CAD narratives should be copied to the Incident Report narrative. Default is N.    COMBINE_NARRATIVES  Y/N flag indicating if all narratives should be concatenated into one or stored separately on the incident report.  Default is Y, combine as 1.        Development Testing Notes:Development Testing Notes   Developer can direct tester on proper testing methods.    PORT of 10.13.x SCR# 22253  To test, create a CAD call with multiple narratives, with a total size greater than 4,000 characters.  You can change the setting of the options (see configuration notes) to change where and how the narratives are stored.  Remember that narratives added or changed when the call is re-sent will be updated in the CFS incident note but NOT the incident report narrative.    Also, please do some regression testing of the CFS manage calls and view calls screens, to make sure that cusomters who use CFS for dispatching will not be affected.  The view screen and report should display everything loaded into the incident note.  The Manage Calls screen is still restricted to entering 4,000 characters.        Functional Documentation:Functional Documentation   This is for development to enter end user functional documentation    The CAD interface can now be configured regarding the information stored in the CFS Incident note and the narrative on the incident report.    The CFS incident note can be configured to:  --Load all CAD narratives, combined into one, into the Incident Note on the Calls for Service.  This information will be updated each time the same call is received from CAD, so when the call is closed the incident note should contain all CAD narratives on the call.  OR  --Load only the CAD case description into the CFS incident note.    The incident report narrative can be configured to:  --Load all CAD narratives existing at the time a case number is requested as a single narrative on the incident report.  This narrative will NOT be updated if additional narratives are added in CAD after the incident report is initially created in the RMS.  OR  --Load all CAD narratives existing at the time a case number is requested as separate narratives on the incident report.  These narrative will NOT be updated if additional narratives are added in CAD after the incident report is initially created in the RMS.    NOTE:  At this time, customer who use the CFS Manage Calls screen for dispatching are still restricted to entering 4,000 characters in the Incident Note field.  If those customer are interested in increasing the size of the field for entry, we can implement that in a later release.</NarrativeText>
         <CreatorId>TSTC</CreatorId>
         <CreatorDate>03/06/2013 14:53:55</CreatorDate>
         <UpdatorId>TSTC</UpdatorId>
         <UpdatorDate>03/06/2013 14:53:55</UpdatorDate>
      </IncidentSuppNarrative>
      <IncidentOfficer>
         <OfficerRoleCode>P</OfficerRoleCode>
         <Officer>
            <AgencyCode>D42</AgencyCode>
            <ORINumber>SC0280000</ORINumber>
            <LastName>Ranz</LastName>
            <FirstName>Greg</FirstName>
            <InternalID>9696</InternalID>
         </Officer>
      </IncidentOfficer>
      <IncidentOfficer>
         <OfficerRoleCode>R</OfficerRoleCode>
         <Officer>
            <AgencyCode>D42</AgencyCode>
            <ORINumber>SC0280000</ORINumber>
            <LastName>Ranz</LastName>
            <FirstName>Greg</FirstName>
            <InternalID>9696</InternalID>
         </Officer>
      </IncidentOfficer>
      <IncidentOfficer>
         <OfficerRoleCode>Y</OfficerRoleCode>
         <Officer>
            <AgencyCode>OTHR</AgencyCode>
            <ORINumber>IN344SP00</ORINumber>
            <LastName>Test</LastName>
            <FirstName>Tester</FirstName>
            <InternalID>Test</InternalID>
         </Officer>
      </IncidentOfficer>
      <IncidentOffense>
         <IncidentId>1066</IncidentId>
         <OffenseNumber>1</OffenseNumber>
         <OffenseStatusCode>02</OffenseStatusCode>
         <OffenseCode>35-43-4-2.5 V02</OffenseCode>
         <PlaceCode>37</PlaceCode>
         <BiasCode>88</BiasCode>
         <CSAUCode>C</CSAUCode>
         <SupplementSeq>0</SupplementSeq>
         <UCRNumber>1</UCRNumber>
         <OffenseStatusDate>03/06/2013 15:53:00</OffenseStatusDate>
         <AttemptedCompletedCode>C</AttemptedCompletedCode>
         <ArrestChargeCode>35-43-4-2.5 V02</ArrestChargeCode>
         <CreatorId>STATE_OFFICER11</CreatorId>
         <CreatorDate>03/06/2013 15:53:48</CreatorDate>
         <UpdatorId>TSTC</UpdatorId>
         <UpdatorDate>07/02/2013 18:21:29</UpdatorDate>
      </IncidentOffense>
      <IncidentPerson>
         <ApproxAge>00</ApproxAge>
         <ResidentStatusCode>U</ResidentStatusCode>
         <CreatorId>JFIELD</CreatorId>
         <CreatorDate>03/06/2013 15:54:33</CreatorDate>
         <UpdatorId>TSTC</UpdatorId>
         <UpdatorDate>05/24/2023 12:41:13</UpdatorDate>
         <Person>
            <PersonId>254</PersonId>
            <RaceCode>A</RaceCode>
            <SexCode>M</SexCode>
            <EthnicityCode>H</EthnicityCode>
            <PersonVerified>Y</PersonVerified>
            <PersonPrimaryName>
               <LastName>ALEXANDER</LastName>
               <FirstName>KAREN</FirstName>
               <MiddleName>A</MiddleName>
               <DateOfInfo>06/06/2012 14:50:22</DateOfInfo>
               <SLastName>A425</SLastName>
               <SFirstName>K650</SFirstName>
            </PersonPrimaryName>
            <PersonPrimaryName>
               <LastName>Joe</LastName>
               <FirstName>Schmoe</FirstName>
               <MiddleName>Idaho</MiddleName>
               <DateOfInfo>03/15/2013 00:00:00</DateOfInfo>
               <SLastName>J000</SLastName>
               <SFirstName>S500</SFirstName>
            </PersonPrimaryName>
            <PersonPrimaryName>
               <LastName>Asd</LastName>
               <FirstName>Asd</FirstName>
               <DateOfInfo>03/15/2013 00:00:00</DateOfInfo>
               <SLastName>A230</SLastName>
               <SFirstName>A230</SFirstName>
            </PersonPrimaryName>
            <Alias>
               <NameTypeCode>A</NameTypeCode>
               <LastName>ALEXANDER</LastName>
               <FirstName>KAREN</FirstName>
               <MiddleName>A</MiddleName>
               <SLastName>A425</SLastName>
               <SFirstName>K650</SFirstName>
               <DateOfInfo>06/06/2012 14:50:22</DateOfInfo>
            </Alias>
            <Alias>
               <NameTypeCode>P</NameTypeCode>
               <LastName>Joe</LastName>
               <FirstName>Schmoe</FirstName>
               <MiddleName>Idaho</MiddleName>
               <SLastName>J000</SLastName>
               <SFirstName>S500</SFirstName>
               <DateOfInfo>03/15/2013 00:00:00</DateOfInfo>
            </Alias>
            <Alias>
               <NameTypeCode>M</NameTypeCode>
               <LastName>Asd</LastName>
               <FirstName>Asd</FirstName>
               <SLastName>A230</SLastName>
               <SFirstName>A230</SFirstName>
               <DateOfInfo>03/15/2013 00:00:00</DateOfInfo>
            </Alias>
            <PersonAddress>
               <StreetName>17841PATRICKST</StreetName>
               <City>ROMULUS</City>
               <StateCode>MI</StateCode>
               <Zip5>48174</Zip5>
            </PersonAddress>
         </Person>
         <IncidentPersonRole>
            <RoleType>S</RoleType>
            <CreatorId>STATE_OFFICER11</CreatorId>
            <CreatorDate>03/06/2013 15:54:33</CreatorDate>
            <UpdatorId>TSTC</UpdatorId>
            <UpdatorDate>08/15/2023 20:32:16</UpdatorDate>
         </IncidentPersonRole>
      </IncidentPerson>
      <IncidentPerson>
         <ApproxAge>43</ApproxAge>
         <ResidentStatusCode>U</ResidentStatusCode>
         <CreatorId>STATE_OFFICER11</CreatorId>
         <CreatorDate>03/06/2013 15:54:49</CreatorDate>
         <UpdatorId>TSTC</UpdatorId>
         <UpdatorDate>05/24/2023 12:41:13</UpdatorDate>
         <Person>
            <PersonId>367</PersonId>
            <RaceCode>H</RaceCode>
            <SexCode>M</SexCode>
            <PersonVerified>Y</PersonVerified>
            <PersonPrimaryName>
               <LastName>ALMANZA</LastName>
               <FirstName>ELEAZAR</FirstName>
               <DOB>03/12/1969 00:00:00</DOB>
               <DateOfInfo>09/05/2012 14:14:01</DateOfInfo>
               <SLastName>A455</SLastName>
               <SFirstName>E426</SFirstName>
            </PersonPrimaryName>
            <Alias>
               <NameTypeCode>P</NameTypeCode>
               <LastName>ALMANZA</LastName>
               <FirstName>ELEAZAR</FirstName>
               <DOB>03/12/1969 00:00:00</DOB>
               <SLastName>A455</SLastName>
               <SFirstName>E426</SFirstName>
               <DateOfInfo>09/05/2012 14:14:01</DateOfInfo>
            </Alias>
            <PersonAddress>
               <StreetNumber>615</StreetNumber>
               <StreetName>VAN RAALTE</StreetName>
               <StreetTypeCode>AVE</StreetTypeCode>
               <City>HOLLAND</City>
               <StateCode>MI</StateCode>
               <Zip5>49423</Zip5>
            </PersonAddress>
            <PersonPhone>
               <PhoneTypeCode>RES</PhoneTypeCode>
               <PhoneArea>321</PhoneArea>
               <PhonePrefix>321</PhonePrefix>
               <PhoneSuffix>4567</PhoneSuffix>
               <DateOfInfo>07/17/2013 00:00:00</DateOfInfo>
            </PersonPhone>
            <PersonPhone>
               <PhoneTypeCode>RES</PhoneTypeCode>
               <PhoneArea>555</PhoneArea>
               <PhonePrefix>579</PhonePrefix>
               <PhoneSuffix>2214</PhoneSuffix>
               <DateOfInfo>07/17/2013 00:00:00</DateOfInfo>
            </PersonPhone>
            <PersonPhone>
               <PhoneTypeCode>VOC</PhoneTypeCode>
               <PhoneArea>555</PhoneArea>
               <PhonePrefix>579</PhonePrefix>
               <PhoneSuffix>2214</PhoneSuffix>
               <DateOfInfo>07/15/2013 00:00:00</DateOfInfo>
            </PersonPhone>
         </Person>
         <IncidentPersonRole>
            <RoleType>V</RoleType>
            <CreatorId>STATE_OFFICER11</CreatorId>
            <CreatorDate>03/06/2013 15:54:49</CreatorDate>
            <UpdatorId>TSTC</UpdatorId>
            <UpdatorDate>08/15/2023 20:32:16</UpdatorDate>
         </IncidentPersonRole>
      </IncidentPerson>
      <IncidentVehicle>
         <VEHICLE_ID>96</VEHICLE_ID>
         <RoleCode>ST</RoleCode>
         <CreatorId>TEST_SYSTEM_USER_ADMIN</CreatorId>
         <CreatorDate>03/06/2013 15:54:17</CreatorDate>
         <UpdatorId>TSTC</UpdatorId>
         <UpdatorDate>07/12/2017 13:33:57</UpdatorDate>
         <DateOfInfo>06/06/2012 13:56:23</DateOfInfo>
         <DateOfInfo>06/19/2013 13:07:38</DateOfInfo>
         <StatusCode>7</StatusCode>
         <VehicleYear>1995</VehicleYear>
         <VehicleMakeCode>INTE</VehicleMakeCode>
         <VehicleTypeCode>TK</VehicleTypeCode>
         <VehicleLicStateCode>IN</VehicleLicStateCode>
         <VehicleLicStateCode>IN</VehicleLicStateCode>
         <VehicleLicNumber>852101</VehicleLicNumber>
         <VehicleLicNumber>852101</VehicleLicNumber>
         <VehicleLicYear>2009</VehicleLicYear>
         <VehicleLicYear>2009</VehicleLicYear>
         <VehicleValue>500</VehicleValue>
      </IncidentVehicle>
   </IncidentSupplement>
   <IncidentSupplement>
      <SupplementSequence>1</SupplementSequence>
      <IncSupplementStatusCode>A</IncSupplementStatusCode>
      <SuppReportDate>03/06/2013 15:56:44</SuppReportDate>
      <SuppReportTime>03/06/2013 15:56:44</SuppReportTime>
      <AgencyOnly>N</AgencyOnly>
      <SecurityLevel>1201</SecurityLevel>
      <SuppAgencyCode>D42</SuppAgencyCode>
      <UnknownNoOffenders>N</UnknownNoOffenders>
      <DsIcrDate>07/30/2013 09:38:46</DsIcrDate>
      <DsIcrSubmissionStatus>FAILED VALIDATION</DsIcrSubmissionStatus>
      <CreatorId>STATE_OFFICER11</CreatorId>
      <CreatorDate>03/06/2013 15:56:44</CreatorDate>
      <UpdatorId>TSTC</UpdatorId>
      <UpdatorDate>08/05/2021 17:38:16</UpdatorDate>
      <IncidentSuppNarrative>
         <NarrativeNumber>1</NarrativeNumber>
         <NarrativeTitle>Supplement#1 - Narrative</NarrativeTitle>
         <NarrativeText>asdf</NarrativeText>
         <CreatorId>STATE_OFFICER11</CreatorId>
         <CreatorDate>03/06/2013 15:57:11</CreatorDate>
         <UpdatorId>STATE_OFFICER11</UpdatorId>
         <UpdatorDate>03/06/2013 15:57:11</UpdatorDate>
      </IncidentSuppNarrative>
      <IncidentOfficer>
         <OfficerRoleCode>P</OfficerRoleCode>
         <Officer>
            <AgencyCode>D42</AgencyCode>
            <ORINumber>SC0280000</ORINumber>
            <LastName>Ranz</LastName>
            <FirstName>Greg</FirstName>
            <InternalID>9696</InternalID>
         </Officer>
      </IncidentOfficer>
      <IncidentOfficer>
         <OfficerRoleCode>R</OfficerRoleCode>
         <Officer>
            <AgencyCode>D42</AgencyCode>
            <ORINumber>SC0280000</ORINumber>
            <LastName>Ranz</LastName>
            <FirstName>Greg</FirstName>
            <InternalID>9696</InternalID>
         </Officer>
      </IncidentOfficer>
   </IncidentSupplement>
</Incident>