<?xml version="1.0" encoding="UTF-8"?>
<Incident xmlns:xsi="http://www.w3.org/2001/XMLSchema-instance"
          xsi:noNamespaceSchemaLocation="file:///C:/DATA/EJS/SVN_Root/Ejustice/trunk/XMLTransformations/OnlineRMSInternalToIncident/IAOnlineRMSIncidentImport.xsd">
   <IncidentReportNum>2013ISP0000044</IncidentReportNum>
   <AgencyCode>D42</AgencyCode>
   <ORINum>SC0280000</ORINum>
   <ReportDate>01/31/2013 18:01:00</ReportDate>
   <ReportTime>01/31/2013 18:01:00</ReportTime>
   <StartDate>01/31/2013 18:01:00</StartDate>
   <StartTime>01/01/2013 18:01:00</StartTime>
   <CreatorId>STATE_OFFICER11</CreatorId>
   <CreatorDate>01/31/2013 18:01:26</CreatorDate>
   <UpdatorId>TSTC</UpdatorId>
   <UpdatorDate>09/09/2021 18:46:23</UpdatorDate>
   <IncidentAddress>
      <AddressId>121</AddressId>
      <City>1</City>
      <CreatorId>STATE_OFFICER11</CreatorId>
      <CreatorDate>01/31/2013 18:01:42</CreatorDate>
      <UpdatorId>TSTC</UpdatorId>
      <UpdatorDate>01/31/2013 18:01:49</UpdatorDate>
      <Address>
         <AddressId>121</AddressId>
         <StreetNumber>103</StreetNumber>
         <StreetDirCode>W</StreetDirCode>
         <StreetName>Front</StreetName>
         <City>INDIANAPOLIS</City>
         <StateCode>IN</StateCode>
         <CountryCode>US</CountryCode>
         <Beat>Test</Beat>
         <SubBeat>Area</SubBeat>
         <AddressCommonName>
            <CommonPlaceName>Dead strip</CommonPlaceName>
         </AddressCommonName>
         <AddressCommonName>
            <CommonPlaceName>hotspot</CommonPlaceName>
         </AddressCommonName>
         <AddressCommonName>
            <CommonPlaceName>Outside Store</CommonPlaceName>
         </AddressCommonName>
      </Address>
   </IncidentAddress>
   <IncidentSupplement>
      <SupplementSequence>0</SupplementSequence>
      <IncSupplementStatusCode>A</IncSupplementStatusCode>
      <SuppReportDate>01/31/2013 18:01:27</SuppReportDate>
      <SuppReportTime>01/31/2013 18:01:27</SuppReportTime>
      <AgencyOnly>N</AgencyOnly>
      <SecurityLevel>1201</SecurityLevel>
      <SuppAgencyCode>D42</SuppAgencyCode>
      <UnknownNoOffenders>N</UnknownNoOffenders>
      <DsIcrDate>07/02/2013 18:18:55</DsIcrDate>
      <DsIcrSubmissionStatus>PROCESS COMPLETE</DsIcrSubmissionStatus>
      <CreatorId>STATE_OFFICER11</CreatorId>
      <CreatorDate>01/31/2013 18:01:27</CreatorDate>
      <UpdatorId>TSTC</UpdatorId>
      <UpdatorDate>08/05/2021 17:38:16</UpdatorDate>
      <IncidentSuppNarrative>
         <NarrativeNumber>1</NarrativeNumber>
         <NarrativeTitle>Original Narrative</NarrativeTitle>
         <NarrativeText>ttest</NarrativeText>
         <CreatorId>STATE_OFFICER11</CreatorId>
         <CreatorDate>01/31/2013 18:04:44</CreatorDate>
         <UpdatorId>STATE_OFFICER11</UpdatorId>
         <UpdatorDate>01/31/2013 18:04:44</UpdatorDate>
      </IncidentSuppNarrative>
      <IncidentOfficer>
         <OfficerRoleCode>P</OfficerRoleCode>
         <Officer>
            <AgencyCode>D42</AgencyCode>
            <ORINumber>SC0280000</ORINumber>
            <LastName>Ranz</LastName>
            <FirstName>Greg</FirstName>
            <InternalID>9696</InternalID>
         </Officer>
      </IncidentOfficer>
      <IncidentOfficer>
         <OfficerRoleCode>R</OfficerRoleCode>
         <Officer>
            <AgencyCode>D42</AgencyCode>
            <ORINumber>SC0280000</ORINumber>
            <LastName>OFFICER</LastName>
            <FirstName>JOHN</FirstName>
            <InternalID>9696</InternalID>
         </Officer>
      </IncidentOfficer>
      <IncidentOffense>
         <IncidentId>1041</IncidentId>
         <OffenseNumber>1</OffenseNumber>
         <OffenseStatusCode>02</OffenseStatusCode>
         <OffenseCode>35-43-4-2  T05</OffenseCode>
         <PlaceCode>25</PlaceCode>
         <BiasCode>88</BiasCode>
         <CSAUCode>C</CSAUCode>
         <SupplementSeq>0</SupplementSeq>
         <UCRNumber>1</UCRNumber>
         <OffenseStatusDate>01/31/2013 18:01:00</OffenseStatusDate>
         <AttemptedCompletedCode>C</AttemptedCompletedCode>
         <ArrestChargeCode>35-43-4-2  T05</ArrestChargeCode>
         <CreatorId>STATE_OFFICER11</CreatorId>
         <CreatorDate>01/31/2013 18:02:17</CreatorDate>
         <UpdatorId>TSTC</UpdatorId>
         <UpdatorDate>07/02/2013 18:21:29</UpdatorDate>
      </IncidentOffense>
      <IncidentPerson>
         <ApproxAge>43</ApproxAge>
         <ResidentStatusCode>R</ResidentStatusCode>
         <CreatorId>STATE_OFFICER11</CreatorId>
         <CreatorDate>01/31/2013 18:02:34</CreatorDate>
         <UpdatorId>TSTC</UpdatorId>
         <UpdatorDate>05/24/2023 12:41:12</UpdatorDate>
         <Person>
            <PersonId>367</PersonId>
            <RaceCode>H</RaceCode>
            <SexCode>M</SexCode>
            <PersonVerified>Y</PersonVerified>
            <PersonPrimaryName>
               <LastName>ALMANZA</LastName>
               <FirstName>ELEAZAR</FirstName>
               <DOB>03/12/1969 00:00:00</DOB>
               <DateOfInfo>09/05/2012 14:14:01</DateOfInfo>
               <SLastName>A455</SLastName>
               <SFirstName>E426</SFirstName>
            </PersonPrimaryName>
            <Alias>
               <NameTypeCode>P</NameTypeCode>
               <LastName>ALMANZA</LastName>
               <FirstName>ELEAZAR</FirstName>
               <DOB>03/12/1969 00:00:00</DOB>
               <SLastName>A455</SLastName>
               <SFirstName>E426</SFirstName>
               <DateOfInfo>09/05/2012 14:14:01</DateOfInfo>
            </Alias>
            <PersonAddress>
               <StreetNumber>615</StreetNumber>
               <StreetName>VAN RAALTE</StreetName>
               <StreetTypeCode>AVE</StreetTypeCode>
               <City>HOLLAND</City>
               <StateCode>MI</StateCode>
               <Zip5>49423</Zip5>
            </PersonAddress>
            <PersonPhone>
               <PhoneTypeCode>RES</PhoneTypeCode>
               <PhoneArea>321</PhoneArea>
               <PhonePrefix>321</PhonePrefix>
               <PhoneSuffix>4567</PhoneSuffix>
               <DateOfInfo>07/17/2013 00:00:00</DateOfInfo>
            </PersonPhone>
            <PersonPhone>
               <PhoneTypeCode>RES</PhoneTypeCode>
               <PhoneArea>555</PhoneArea>
               <PhonePrefix>579</PhonePrefix>
               <PhoneSuffix>2214</PhoneSuffix>
               <DateOfInfo>07/17/2013 00:00:00</DateOfInfo>
            </PersonPhone>
            <PersonPhone>
               <PhoneTypeCode>VOC</PhoneTypeCode>
               <PhoneArea>555</PhoneArea>
               <PhonePrefix>579</PhonePrefix>
               <PhoneSuffix>2214</PhoneSuffix>
               <DateOfInfo>07/15/2013 00:00:00</DateOfInfo>
            </PersonPhone>
         </Person>
         <IncidentPersonRole>
            <RoleType>S</RoleType>
            <CreatorId>STATE_OFFICER11</CreatorId>
            <CreatorDate>01/31/2013 18:02:34</CreatorDate>
            <UpdatorId>TSTC</UpdatorId>
            <UpdatorDate>08/15/2023 20:32:16</UpdatorDate>
         </IncidentPersonRole>
      </IncidentPerson>
      <IncidentPerson>
         <ApproxAge>46</ApproxAge>
         <ResidentStatusCode>R</ResidentStatusCode>
         <CreatorId>STATE_OFFICER11</CreatorId>
         <CreatorDate>01/31/2013 18:02:46</CreatorDate>
         <UpdatorId>TSTC</UpdatorId>
         <UpdatorDate>05/24/2023 12:41:12</UpdatorDate>
         <Person>
            <PersonId>88</PersonId>
            <RaceCode>W</RaceCode>
            <SexCode>F</SexCode>
            <PersonVerified>Y</PersonVerified>
            <PersonPrimaryName>
               <LastName>Baker</LastName>
               <FirstName>Tammy</FirstName>
               <DOB>01/01/1967 00:00:00</DOB>
               <SSN>7.77777777E8</SSN>
               <DateOfInfo>04/05/2012 15:31:30</DateOfInfo>
               <SLastName>B260</SLastName>
               <SFirstName>T500</SFirstName>
            </PersonPrimaryName>
            <PersonPrimaryName>
               <LastName>last</LastName>
               <FirstName>first</FirstName>
               <MiddleName>l</MiddleName>
               <DateOfInfo>07/13/2020 00:00:00</DateOfInfo>
               <SLastName>L230</SLastName>
               <SFirstName>F623</SFirstName>
            </PersonPrimaryName>
            <Alias>
               <NameTypeCode>P</NameTypeCode>
               <LastName>Baker</LastName>
               <FirstName>Tammy</FirstName>
               <DOB>01/01/1967 00:00:00</DOB>
               <SSN>7.77777777E8</SSN>
               <SLastName>B260</SLastName>
               <SFirstName>T500</SFirstName>
               <DateOfInfo>04/05/2012 15:31:30</DateOfInfo>
            </Alias>
            <Alias>
               <NameTypeCode>M</NameTypeCode>
               <LastName>last</LastName>
               <FirstName>first</FirstName>
               <MiddleName>l</MiddleName>
               <SLastName>L230</SLastName>
               <SFirstName>F623</SFirstName>
               <DateOfInfo>07/13/2020 00:00:00</DateOfInfo>
            </Alias>
            <PersonAddress>
               <StreetNumber>6523</StreetNumber>
               <StreetName>Anystreet</StreetName>
               <City>Anytown</City>
               <StateCode>NJ</StateCode>
               <Zip5>45623</Zip5>
               <Zip4>123</Zip4>
               <CountryCode>US</CountryCode>
               <Longitude>-75</Longitude>
               <Latitude>40</Latitude>
               <Beat>104</Beat>
               <SubBeat>West Patrol</SubBeat>
            </PersonAddress>
            <PersonPhone>
               <PhoneTypeCode>RES</PhoneTypeCode>
               <PhoneArea>123</PhoneArea>
               <PhonePrefix>123</PhonePrefix>
               <PhoneSuffix>1233</PhoneSuffix>
               <DateOfInfo>07/13/2020 00:00:00</DateOfInfo>
            </PersonPhone>
            <PersonPhone>
               <PhoneTypeCode>CEL</PhoneTypeCode>
               <PhoneArea>456</PhoneArea>
               <PhonePrefix>456</PhonePrefix>
               <PhoneSuffix>4566</PhoneSuffix>
               <DateOfInfo>07/13/2020 00:00:00</DateOfInfo>
            </PersonPhone>
         </Person>
         <IncidentPersonRole>
            <RoleType>V</RoleType>
            <CreatorId>STATE_OFFICER11</CreatorId>
            <CreatorDate>01/31/2013 18:02:46</CreatorDate>
            <UpdatorId>TSTC</UpdatorId>
            <UpdatorDate>08/15/2023 20:32:16</UpdatorDate>
         </IncidentPersonRole>
      </IncidentPerson>
      <IncidentProperty>
         <RoleCode>7</RoleCode>
         <CreatorId>STATE_OFFICER11</CreatorId>
         <CreatorDate>01/31/2013 18:04:27</CreatorDate>
         <UpdatorId>STATE_OFFICER11</UpdatorId>
         <UpdatorDate>12/15/2020 16:38:23</UpdatorDate>
         <DateOfInfo>01/31/2013 00:00:00</DateOfInfo>
         <StatusCode>7</StatusCode>
         <DocumentTypeCode>P</DocumentTypeCode>
         <PropertyTypeCode>202</PropertyTypeCode>
         <PropertyValue>100</PropertyValue>
         <Value>100</Value>
         <Evidence>Y</Evidence>
         <EvidenceFlag>Y</EvidenceFlag>
         <ExternalEvidenceId>442</ExternalEvidenceId>
         <Property_ID>740</Property_ID>
         <Quantity>1</Quantity>
      </IncidentProperty>
   </IncidentSupplement>
</Incident>