<?xml version="1.0" encoding="UTF-8"?>
<Incident xmlns:xsi="http://www.w3.org/2001/XMLSchema-instance"
          xsi:noNamespaceSchemaLocation="file:///C:/DATA/EJS/SVN_Root/Ejustice/trunk/XMLTransformations/OnlineRMSInternalToIncident/IAOnlineRMSIncidentImport.xsd">
   <IncidentReportNum>2013ISP0000134</IncidentReportNum>
   <AgencyCode>D42</AgencyCode>
   <ORINum>SC0280000</ORINum>
   <ReportDate>08/05/2013 10:20:00</ReportDate>
   <ReportTime>08/05/2013 10:20:00</ReportTime>
   <StartDate>08/05/2013 10:20:00</StartDate>
   <StartTime>08/01/2013 10:20:00</StartTime>
   <CreatorId>STATE_OFFICER11</CreatorId>
   <CreatorDate>08/05/2013 10:20:37</CreatorDate>
   <UpdatorId>TSTC</UpdatorId>
   <UpdatorDate>09/09/2021 18:46:24</UpdatorDate>
   <IncidentType>
      <IncidentTypeCode>B/B</IncidentTypeCode>
   </IncidentType>
   <IncidentAddress>
      <AddressId>269</AddressId>
      <Beat>104</Beat>
      <SubBeat>West Patrol</SubBeat>
      <City>3</City>
      <CreatorId>STATE_OFFICER11</CreatorId>
      <CreatorDate>08/05/2013 10:21:21</CreatorDate>
      <UpdatorId>TSTC</UpdatorId>
      <UpdatorDate>08/05/2013 10:21:24</UpdatorDate>
      <Address>
         <AddressId>269</AddressId>
         <StreetNumber>11215</StreetNumber>
         <StreetName>DEER VALLEY</StreetName>
         <StreetTypeCode>DR</StreetTypeCode>
         <City>INDIANAPOLIS</City>
         <StateCode>IN</StateCode>
         <Zip5>46229</Zip5>
         <Beat>104</Beat>
         <SubBeat>West Patrol</SubBeat>
      </Address>
   </IncidentAddress>
   <IncidentSupplement>
      <SupplementSequence>0</SupplementSequence>
      <IncSupplementStatusCode>A</IncSupplementStatusCode>
      <SuppReportDate>08/05/2013 10:20:37</SuppReportDate>
      <SuppReportTime>08/05/2013 10:20:37</SuppReportTime>
      <AgencyOnly>N</AgencyOnly>
      <SecurityLevel>1201</SecurityLevel>
      <SuppAgencyCode>D42</SuppAgencyCode>
      <UnknownNoOffenders>N</UnknownNoOffenders>
      <DsIcrDate>09/12/2013 18:04:50</DsIcrDate>
      <DsIcrSubmissionStatus>FAILED VALIDATION</DsIcrSubmissionStatus>
      <CreatorId>STATE_OFFICER11</CreatorId>
      <CreatorDate>08/05/2013 10:20:37</CreatorDate>
      <UpdatorId>TSTC</UpdatorId>
      <UpdatorDate>08/05/2021 17:38:17</UpdatorDate>
      <IncidentSuppNarrative>
         <NarrativeNumber>1</NarrativeNumber>
         <NarrativeTitle>Original Narrative</NarrativeTitle>
         <NarrativeText>test</NarrativeText>
         <CreatorId>STATE_OFFICER11</CreatorId>
         <CreatorDate>08/05/2013 10:26:13</CreatorDate>
         <UpdatorId>STATE_OFFICER11</UpdatorId>
         <UpdatorDate>08/05/2013 10:26:13</UpdatorDate>
      </IncidentSuppNarrative>
      <IncidentOfficer>
         <OfficerRoleCode>P</OfficerRoleCode>
         <Officer>
            <AgencyCode>D42</AgencyCode>
            <ORINumber>SC0280000</ORINumber>
            <LastName>Ranz</LastName>
            <FirstName>Greg</FirstName>
            <InternalID>9696</InternalID>
         </Officer>
      </IncidentOfficer>
      <IncidentOfficer>
         <OfficerRoleCode>R</OfficerRoleCode>
         <Officer>
            <AgencyCode>D42</AgencyCode>
            <ORINumber>SC0280000</ORINumber>
            <LastName>Ranz</LastName>
            <FirstName>Greg</FirstName>
            <InternalID>9696</InternalID>
         </Officer>
      </IncidentOfficer>
      <IncidentOffense>
         <IncidentId>1274</IncidentId>
         <OffenseNumber>1</OffenseNumber>
         <OffenseStatusCode>02</OffenseStatusCode>
         <OffenseCode>35-43-4-2  T93</OffenseCode>
         <PlaceCode>40</PlaceCode>
         <BiasCode>88</BiasCode>
         <CSAUCode>C</CSAUCode>
         <SupplementSeq>0</SupplementSeq>
         <UCRNumber>1</UCRNumber>
         <OffenseStatusDate>08/05/2013 10:23:00</OffenseStatusDate>
         <AttemptedCompletedCode>C</AttemptedCompletedCode>
         <ArrestChargeCode>35-43-4-2  T93</ArrestChargeCode>
         <CreatorId>STATE_OFFICER11</CreatorId>
         <CreatorDate>08/05/2013 10:24:08</CreatorDate>
         <UpdatorId>STATE_OFFICER11</UpdatorId>
         <UpdatorDate>08/05/2013 10:24:11</UpdatorDate>
      </IncidentOffense>
      <IncidentPerson>
         <ApproxAge>29</ApproxAge>
         <ResidentStatusCode>R</ResidentStatusCode>
         <CreatorId>STATE_OFFICER11</CreatorId>
         <CreatorDate>08/05/2013 10:24:34</CreatorDate>
         <UpdatorId>TSTC</UpdatorId>
         <UpdatorDate>05/24/2023 12:41:16</UpdatorDate>
         <Person>
            <PersonId>348</PersonId>
            <RaceCode>H</RaceCode>
            <SexCode>M</SexCode>
            <PersonVerified>Y</PersonVerified>
            <PersonPrimaryName>
               <LastName>Argueta</LastName>
               <FirstName>Ricardo</FirstName>
               <MiddleName>PICTEST</MiddleName>
               <DOB>12/17/1983 00:00:00</DOB>
               <DateOfInfo>08/29/2012 12:45:28</DateOfInfo>
               <SLastName>A623</SLastName>
               <SFirstName>R263</SFirstName>
            </PersonPrimaryName>
            <PersonPrimaryName>
               <LastName>Ricardo</LastName>
               <FirstName>Riki</FirstName>
               <DateOfInfo>01/02/2013 00:00:00</DateOfInfo>
               <SLastName>R263</SLastName>
               <SFirstName>R200</SFirstName>
            </PersonPrimaryName>
            <Alias>
               <NameTypeCode>P</NameTypeCode>
               <LastName>Argueta</LastName>
               <FirstName>Ricardo</FirstName>
               <MiddleName>PICTEST</MiddleName>
               <DOB>12/17/1983 00:00:00</DOB>
               <SLastName>A623</SLastName>
               <SFirstName>R263</SFirstName>
               <DateOfInfo>08/29/2012 12:45:28</DateOfInfo>
            </Alias>
            <Alias>
               <NameTypeCode>A</NameTypeCode>
               <LastName>Ricardo</LastName>
               <FirstName>Riki</FirstName>
               <SLastName>R263</SLastName>
               <SFirstName>R200</SFirstName>
               <DateOfInfo>01/02/2013 00:00:00</DateOfInfo>
            </Alias>
         </Person>
         <IncidentPersonRole>
            <RoleType>S</RoleType>
            <CreatorId>STATE_OFFICER11</CreatorId>
            <CreatorDate>08/05/2013 10:24:34</CreatorDate>
            <UpdatorId>TSTC</UpdatorId>
            <UpdatorDate>08/15/2023 20:32:17</UpdatorDate>
         </IncidentPersonRole>
      </IncidentPerson>
      <IncidentPerson>
         <ApproxAge>21</ApproxAge>
         <ResidentStatusCode>R</ResidentStatusCode>
         <CreatorId>STATE_OFFICER11</CreatorId>
         <CreatorDate>08/05/2013 10:25:06</CreatorDate>
         <UpdatorId>TSTC</UpdatorId>
         <UpdatorDate>05/24/2023 12:41:16</UpdatorDate>
         <Person>
            <PersonId>373</PersonId>
            <RaceCode>W</RaceCode>
            <SexCode>M</SexCode>
            <EthnicityCode>A</EthnicityCode>
            <PersonVerified>Y</PersonVerified>
            <PersonPrimaryName>
               <LastName>BEAVER</LastName>
               <FirstName>TYLER</FirstName>
               <DOB>07/24/1992 00:00:00</DOB>
               <DateOfInfo>09/05/2012 14:14:09</DateOfInfo>
               <SLastName>B160</SLastName>
               <SFirstName>T460</SFirstName>
            </PersonPrimaryName>
            <PersonPrimaryName>
               <LastName>Beaver</LastName>
               <FirstName>Tyler</FirstName>
               <MiddleName>Joseph</MiddleName>
               <DOB>07/24/1992 00:00:00</DOB>
               <SSN>1.07241992E8</SSN>
               <TitleCode>JR</TitleCode>
               <DateOfInfo>02/06/2014 00:00:00</DateOfInfo>
               <SLastName>B160</SLastName>
               <SFirstName>T460</SFirstName>
            </PersonPrimaryName>
            <Alias>
               <NameTypeCode>A</NameTypeCode>
               <LastName>BEAVER</LastName>
               <FirstName>TYLER</FirstName>
               <DOB>07/24/1992 00:00:00</DOB>
               <SLastName>B160</SLastName>
               <SFirstName>T460</SFirstName>
               <DateOfInfo>09/05/2012 14:14:09</DateOfInfo>
            </Alias>
            <Alias>
               <NameTypeCode>P</NameTypeCode>
               <LastName>Beaver</LastName>
               <FirstName>Tyler</FirstName>
               <MiddleName>Joseph</MiddleName>
               <DOB>07/24/1992 00:00:00</DOB>
               <SSN>1.07241992E8</SSN>
               <TitleCode>JR</TitleCode>
               <SLastName>B160</SLastName>
               <SFirstName>T460</SFirstName>
               <DateOfInfo>02/06/2014 00:00:00</DateOfInfo>
            </Alias>
            <PersonAddress>
               <StreetNumber>20755</StreetNumber>
               <StreetName>RIVERWOOD</StreetName>
               <StreetTypeCode>AVE</StreetTypeCode>
               <City>NOBLESVILLE</City>
               <StateCode>IN</StateCode>
               <Zip5>46062</Zip5>
            </PersonAddress>
         </Person>
         <IncidentPersonRole>
            <RoleType>V</RoleType>
            <CreatorId>STATE_OFFICER11</CreatorId>
            <CreatorDate>08/05/2013 10:25:06</CreatorDate>
            <UpdatorId>TSTC</UpdatorId>
            <UpdatorDate>08/15/2023 20:32:17</UpdatorDate>
         </IncidentPersonRole>
      </IncidentPerson>
      <IncidentVehicle>
         <VEHICLE_ID>167</VEHICLE_ID>
         <RoleCode>ST</RoleCode>
         <CreatorId>STATE_OFFICER11</CreatorId>
         <CreatorDate>08/05/2013 10:26:08</CreatorDate>
         <UpdatorId>STATE_OFFICER11</UpdatorId>
         <UpdatorDate>08/05/2013 10:26:08</UpdatorDate>
         <DateOfInfo>11/30/2012 13:23:55</DateOfInfo>
         <DateOfInfo>01/07/2013 12:10:10</DateOfInfo>
         <DateOfInfo>01/14/2013 15:30:16</DateOfInfo>
         <DateOfInfo>09/18/2012 15:44:56</DateOfInfo>
         <DateOfInfo>11/12/2012 14:48:16</DateOfInfo>
         <DateOfInfo>10/26/2012 13:36:29</DateOfInfo>
         <DateOfInfo>02/15/2013 09:58:32</DateOfInfo>
         <DateOfInfo>03/15/2013 06:23:24</DateOfInfo>
         <DateOfInfo>10/16/2013 14:39:32</DateOfInfo>
         <DateOfInfo>10/29/2015 15:27:10</DateOfInfo>
         <StatusCode>7</StatusCode>
         <VIN>12345678765433456</VIN>
         <VehicleYear>2012</VehicleYear>
         <VehicleMakeCode>TOYT</VehicleMakeCode>
         <VehicleModelCode>PRI</VehicleModelCode>
         <VehicleValue>95000</VehicleValue>
         <VehicleValue>20000</VehicleValue>
         <VehicleValue>1</VehicleValue>
      </IncidentVehicle>
   </IncidentSupplement>
</Incident>