<?xml version="1.0" encoding="UTF-8"?>
<Incident xmlns:xsi="http://www.w3.org/2001/XMLSchema-instance"
          xsi:noNamespaceSchemaLocation="file:///C:/DATA/EJS/SVN_Root/Ejustice/trunk/XMLTransformations/OnlineRMSInternalToIncident/IAOnlineRMSIncidentImport.xsd">
   <IncidentReportNum>2012ISP0000013</IncidentReportNum>
   <AgencyCode>D42</AgencyCode>
   <ORINum>SC0280000</ORINum>
   <ReportDate>06/14/2012 11:01:00</ReportDate>
   <ReportTime>06/14/2012 11:01:00</ReportTime>
   <StartDate>06/14/2012 11:01:00</StartDate>
   <StartTime>06/01/2012 11:01:00</StartTime>
   <Summary>Automation Incident Report Statewide Testing</Summary>
   <CreatorId>STATE_OFFICER11</CreatorId>
   <CreatorDate>06/14/2012 11:01:38</CreatorDate>
   <UpdatorId>TSTC</UpdatorId>
   <UpdatorDate>09/09/2021 18:46:21</UpdatorDate>
   <IncidentType>
      <IncidentTypeCode>THT</IncidentTypeCode>
   </IncidentType>
   <IncidentAddress>
      <AddressId>173</AddressId>
      <City>1</City>
      <CreatorId>STATE_OFFICER11</CreatorId>
      <CreatorDate>06/14/2012 11:03:14</CreatorDate>
      <UpdatorId>STATE_OFFICER11</UpdatorId>
      <UpdatorDate>06/14/2012 16:39:34</UpdatorDate>
      <Address>
         <AddressId>173</AddressId>
         <StreetNumber>911</StreetNumber>
         <StreetDirCode>E</StreetDirCode>
         <StreetName>Automation</StreetName>
         <StreetTypeCode>ST</StreetTypeCode>
         <SubTypeCode>PH</SubTypeCode>
         <City>Raleigh</City>
         <StateCode>NC</StateCode>
         <Zip5>27601</Zip5>
         <Zip4>1234</Zip4>
         <CountryCode>US</CountryCode>
         <Longitude>-78.631362</Longitude>
         <Latitude>35.77443</Latitude>
      </Address>
   </IncidentAddress>
   <IncidentSupplement>
      <SupplementSequence>0</SupplementSequence>
      <IncSupplementStatusCode>A</IncSupplementStatusCode>
      <SuppReportDate>06/14/2012 11:01:39</SuppReportDate>
      <SuppReportTime>06/14/2012 11:01:39</SuppReportTime>
      <AgencyOnly>N</AgencyOnly>
      <SecurityLevel>1100</SecurityLevel>
      <SuppAgencyCode>D42</SuppAgencyCode>
      <UnknownNoOffenders>N</UnknownNoOffenders>
      <DsIcrDate>06/14/2012 16:56:31</DsIcrDate>
      <DsIcrSubmissionStatus>NOT REPORTABLE</DsIcrSubmissionStatus>
      <CreatorId>STATE_OFFICER11</CreatorId>
      <CreatorDate>06/14/2012 11:01:39</CreatorDate>
      <UpdatorId>TSTC</UpdatorId>
      <UpdatorDate>08/05/2021 17:38:13</UpdatorDate>
      <IncidentSuppNarrative>
         <NarrativeNumber>1</NarrativeNumber>
         <NarrativeTitle>Automation Narrative - Statewide</NarrativeTitle>
         <NarrativeText>Automation - Incident Report - Statewide</NarrativeText>
         <CreatorId>STATE_OFFICER11</CreatorId>
         <CreatorDate>06/14/2012 16:29:40</CreatorDate>
         <UpdatorId>STATE_OFFICER11</UpdatorId>
         <UpdatorDate>06/14/2012 16:30:31</UpdatorDate>
      </IncidentSuppNarrative>
      <IncidentOfficer>
         <OfficerRoleCode>P</OfficerRoleCode>
         <Officer>
            <AgencyCode>D42</AgencyCode>
            <ORINumber>SC0280000</ORINumber>
            <LastName>Ranz</LastName>
            <FirstName>Greg</FirstName>
            <InternalID>9696</InternalID>
         </Officer>
      </IncidentOfficer>
      <IncidentOfficer>
         <OfficerRoleCode>R</OfficerRoleCode>
         <Officer>
            <AgencyCode>D42</AgencyCode>
            <ORINumber>SC0280000</ORINumber>
            <LastName>OFFICER</LastName>
            <FirstName>JOHN</FirstName>
            <InternalID>9696</InternalID>
         </Officer>
      </IncidentOfficer>
      <IncidentOffense>
         <IncidentId>725</IncidentId>
         <OffenseNumber>1</OffenseNumber>
         <OffenseStatusCode>29</OffenseStatusCode>
         <OffenseCode>35-43-4-2  T59</OffenseCode>
         <PlaceCode>20</PlaceCode>
         <BiasCode>88</BiasCode>
         <CSAUCode>C</CSAUCode>
         <SupplementSeq>0</SupplementSeq>
         <UCRNumber>1</UCRNumber>
         <OffenseStatusDate>06/14/2012 11:16:00</OffenseStatusDate>
         <AttemptedCompletedCode>C</AttemptedCompletedCode>
         <CreatorId>STATE_OFFICER11</CreatorId>
         <CreatorDate>06/14/2012 11:22:58</CreatorDate>
         <UpdatorId>TSTC</UpdatorId>
         <UpdatorDate>07/02/2013 18:21:29</UpdatorDate>
      </IncidentOffense>
      <IncidentPerson>
         <ApproxAge>26</ApproxAge>
         <ResidentStatusCode>R</ResidentStatusCode>
         <CreatorId>STATE_OFFICER11</CreatorId>
         <CreatorDate>06/14/2012 11:44:12</CreatorDate>
         <UpdatorId>TSTC</UpdatorId>
         <UpdatorDate>05/24/2023 12:41:12</UpdatorDate>
         <Person>
            <PersonId>310</PersonId>
            <RaceCode>W</RaceCode>
            <SexCode>M</SexCode>
            <PersonVerified>Y</PersonVerified>
            <PersonPrimaryName>
               <LastName>Offender</LastName>
               <FirstName>Automation</FirstName>
               <MiddleName>Testing</MiddleName>
               <DOB>12/01/1985 00:00:00</DOB>
               <DateOfInfo>06/12/2012 17:03:24</DateOfInfo>
               <SLastName>O153</SLastName>
               <SFirstName>A353</SFirstName>
            </PersonPrimaryName>
            <Alias>
               <NameTypeCode>P</NameTypeCode>
               <LastName>Offender</LastName>
               <FirstName>Automation</FirstName>
               <MiddleName>Testing</MiddleName>
               <DOB>12/01/1985 00:00:00</DOB>
               <SLastName>O153</SLastName>
               <SFirstName>A353</SFirstName>
               <DateOfInfo>06/12/2012 17:03:24</DateOfInfo>
            </Alias>
         </Person>
         <IncidentPersonRole>
            <RoleType>S</RoleType>
            <CreatorId>STATE_OFFICER11</CreatorId>
            <CreatorDate>06/14/2012 11:44:12</CreatorDate>
            <UpdatorId>TSTC</UpdatorId>
            <UpdatorDate>08/15/2023 20:32:16</UpdatorDate>
         </IncidentPersonRole>
      </IncidentPerson>
      <IncidentPerson>
         <ApproxAge>25</ApproxAge>
         <ResidentStatusCode>R</ResidentStatusCode>
         <CreatorId>STATE_OFFICER11</CreatorId>
         <CreatorDate>06/14/2012 11:57:19</CreatorDate>
         <UpdatorId>TSTC</UpdatorId>
         <UpdatorDate>05/24/2023 12:41:12</UpdatorDate>
         <Person>
            <PersonId>309</PersonId>
            <RaceCode>W</RaceCode>
            <SexCode>M</SexCode>
            <PersonVerified>Y</PersonVerified>
            <PersonPrimaryName>
               <LastName>Victim</LastName>
               <FirstName>Automation</FirstName>
               <MiddleName>Testing</MiddleName>
               <DOB>01/01/1987 00:00:00</DOB>
               <DateOfInfo>06/12/2012 16:11:18</DateOfInfo>
               <SLastName>V235</SLastName>
               <SFirstName>A353</SFirstName>
            </PersonPrimaryName>
            <Alias>
               <NameTypeCode>P</NameTypeCode>
               <LastName>Victim</LastName>
               <FirstName>Automation</FirstName>
               <MiddleName>Testing</MiddleName>
               <DOB>01/01/1987 00:00:00</DOB>
               <SLastName>V235</SLastName>
               <SFirstName>A353</SFirstName>
               <DateOfInfo>06/12/2012 16:11:18</DateOfInfo>
            </Alias>
            <PersonPhone>
               <PhoneTypeCode>CEL</PhoneTypeCode>
               <PhoneArea>218</PhoneArea>
               <PhonePrefix>269</PhonePrefix>
               <PhoneSuffix>1827</PhoneSuffix>
               <DateOfInfo>06/21/2012 00:00:00</DateOfInfo>
            </PersonPhone>
         </Person>
         <IncidentPersonRole>
            <RoleType>V</RoleType>
            <CreatorId>STATE_OFFICER11</CreatorId>
            <CreatorDate>06/14/2012 13:36:35</CreatorDate>
            <UpdatorId>TSTC</UpdatorId>
            <UpdatorDate>08/15/2023 20:32:16</UpdatorDate>
         </IncidentPersonRole>
      </IncidentPerson>
      <IncidentPerson>
         <ApproxAge>24</ApproxAge>
         <CreatorId>STATE_OFFICER11</CreatorId>
         <CreatorDate>06/14/2012 13:34:12</CreatorDate>
         <UpdatorId>TSTC</UpdatorId>
         <UpdatorDate>05/24/2023 12:41:12</UpdatorDate>
         <Person>
            <PersonId>313</PersonId>
            <RaceCode>W</RaceCode>
            <SexCode>M</SexCode>
            <PersonVerified>Y</PersonVerified>
            <PersonPrimaryName>
               <DateOfInfo>06/14/2012 13:34:12</DateOfInfo>
            </PersonPrimaryName>
            <Alias>
               <NameTypeCode>P</NameTypeCode>
               <DateOfInfo>06/14/2012 13:34:12</DateOfInfo>
            </Alias>
         </Person>
         <IncidentPersonRole>
            <RoleType>S</RoleType>
            <CreatorId>STATE_OFFICER11</CreatorId>
            <CreatorDate>06/14/2012 13:34:12</CreatorDate>
            <UpdatorId>TSTC</UpdatorId>
            <UpdatorDate>08/15/2023 20:32:16</UpdatorDate>
         </IncidentPersonRole>
      </IncidentPerson>
      <IncidentBusiness>
         <BusinessNumber>240000006</BusinessNumber>
         <BusinessName>Automation Incorporated</BusinessName>
         <IncBusinessRoleCode>V</IncBusinessRoleCode>
         <CreatorId>STATE_OFFICER11</CreatorId>
         <CreatorDate>06/14/2012 12:43:33</CreatorDate>
         <UpdatorId>STATE_OFFICER11</UpdatorId>
         <UpdatorDate>06/14/2012 12:43:33</UpdatorDate>
         <BusinessAddress>
            <AddressId>290</AddressId>
            <StreetNumber>122</StreetNumber>
            <StreetDirCode>W</StreetDirCode>
            <StreetName>Elm</StreetName>
            <StreetTypeCode>ST</StreetTypeCode>
            <City>Chicago</City>
            <StateCode>IL</StateCode>
            <Zip5>60610</Zip5>
            <Zip4>1</Zip4>
            <CountryCode>US</CountryCode>
            <CountyCode>1</CountyCode>
            <Longitude>-87.632329</Longitude>
            <Latitude>41.903126</Latitude>
         </BusinessAddress>
      </IncidentBusiness>
      <IncidentVehicle>
         <VEHICLE_ID>765</VEHICLE_ID>
         <RoleCode>AB</RoleCode>
         <CreatorId>TSTC</CreatorId>
         <CreatorDate>02/08/2019 13:45:10</CreatorDate>
         <UpdatorId>TSTC</UpdatorId>
         <UpdatorDate>02/08/2019 13:45:10</UpdatorDate>
         <DateOfInfo>01/31/2019 13:31:31</DateOfInfo>
         <DateOfInfo>01/31/2019 00:00:00</DateOfInfo>
         <DateOfInfo>11/13/2017 10:46:52</DateOfInfo>
         <DateOfInfo>01/31/2019 13:51:37</DateOfInfo>
         <DateOfInfo>01/31/2019 13:41:58</DateOfInfo>
         <DateOfInfo>12/11/2017 11:36:18</DateOfInfo>
         <DateOfInfo>06/12/2012 00:00:00</DateOfInfo>
         <DateOfInfo>09/26/2012 07:54:47</DateOfInfo>
         <DateOfInfo>09/13/2012 09:43:04</DateOfInfo>
         <DateOfInfo>04/17/2014 16:51:27</DateOfInfo>
         <DateOfInfo>06/11/2012 23:59:59</DateOfInfo>
         <DateOfInfo>08/13/2012 10:08:45</DateOfInfo>
         <DateOfInfo>09/03/2012 11:44:56</DateOfInfo>
         <DateOfInfo>03/20/2014 12:12:08</DateOfInfo>
         <DateOfInfo>11/19/2020 17:59:22</DateOfInfo>
         <DateOfInfo>11/19/2020 17:59:29</DateOfInfo>
         <StatusCode>5</StatusCode>
         <VehicleMakeCode>ABTR</VehicleMakeCode>
         <VehicleModelCode>001</VehicleModelCode>
         <VehicleTypeCode>TR</VehicleTypeCode>
         <VehPriColorCode>BLU</VehPriColorCode>
         <VehPriColorCode>BLU</VehPriColorCode>
         <VehPriColorCode>BLU</VehPriColorCode>
         <VehPriColorCode>TEA</VehPriColorCode>
         <VehPriColorCode>TEA</VehPriColorCode>
         <VehPriColorCode>BLU</VehPriColorCode>
         <VehPriColorCode>BRZ</VehPriColorCode>
         <VehPriColorCode>TEA</VehPriColorCode>
         <VehPriColorCode>TEA</VehPriColorCode>
         <VehSecColorCode>AME</VehSecColorCode>
         <VehSecColorCode>COM</VehSecColorCode>
         <VehSecColorCode>PLE</VehSecColorCode>
         <VehSecColorCode>PNK</VehSecColorCode>
         <VehSecColorCode>BLK</VehSecColorCode>
         <VehSecColorCode>BGE</VehSecColorCode>
         <VehSecColorCode>PLE</VehSecColorCode>
         <VehSecColorCode>PLE</VehSecColorCode>
         <VehicleLicStateCode>IN</VehicleLicStateCode>
         <VehicleLicStateCode>IN</VehicleLicStateCode>
         <VehicleLicStateCode>IN</VehicleLicStateCode>
         <VehicleLicStateCode>IN</VehicleLicStateCode>
         <VehicleLicStateCode>IN</VehicleLicStateCode>
         <VehicleLicStateCode>IN</VehicleLicStateCode>
         <VehicleLicStateCode>NC</VehicleLicStateCode>
         <VehicleLicStateCode>NC</VehicleLicStateCode>
         <VehicleLicStateCode>NC</VehicleLicStateCode>
         <VehicleLicStateCode>NC</VehicleLicStateCode>
         <VehicleLicStateCode>NC</VehicleLicStateCode>
         <VehicleLicStateCode>NC</VehicleLicStateCode>
         <VehicleLicStateCode>NC</VehicleLicStateCode>
         <VehicleLicStateCode>NC</VehicleLicStateCode>
         <VehicleLicStateCode>IN</VehicleLicStateCode>
         <VehicleLicStateCode>IN</VehicleLicStateCode>
         <VehicleLicNumber>NBR 097</VehicleLicNumber>
         <VehicleLicNumber>NBR 097</VehicleLicNumber>
         <VehicleLicNumber>NBR 097</VehicleLicNumber>
         <VehicleLicNumber>NBR 097</VehicleLicNumber>
         <VehicleLicNumber>NBR 097</VehicleLicNumber>
         <VehicleLicNumber>NBR 097</VehicleLicNumber>
         <VehicleLicNumber>AUTOMATION1</VehicleLicNumber>
         <VehicleLicNumber>AUTOMATION1</VehicleLicNumber>
         <VehicleLicNumber>AUTOMATION1</VehicleLicNumber>
         <VehicleLicNumber>AUTOMATION1</VehicleLicNumber>
         <VehicleLicNumber>AUTOMATION2</VehicleLicNumber>
         <VehicleLicNumber>AUTOMATION2</VehicleLicNumber>
         <VehicleLicNumber>AUTOMATION2</VehicleLicNumber>
         <VehicleLicNumber>AUTOMATION2</VehicleLicNumber>
         <VehicleLicNumber>NBR 097</VehicleLicNumber>
         <VehicleLicNumber>NBR 097</VehicleLicNumber>
         <VehicleLicYear>2020</VehicleLicYear>
         <VehicleLicYear>2004</VehicleLicYear>
         <VehicleLicYear>2020</VehicleLicYear>
         <VehicleLicYear>1980</VehicleLicYear>
         <VehicleLicYear>1972</VehicleLicYear>
         <VehicleLicYear>2012</VehicleLicYear>
         <VehicleLicYear>2012</VehicleLicYear>
         <VehicleLicYear>2012</VehicleLicYear>
         <VehicleLicYear>2012</VehicleLicYear>
         <VehicleLicYear>2012</VehicleLicYear>
         <VehicleLicYear>2012</VehicleLicYear>
         <VehicleLicYear>2012</VehicleLicYear>
         <VehicleLicYear>2012</VehicleLicYear>
         <VehicleLicYear>1980</VehicleLicYear>
         <VehicleLicYear>1980</VehicleLicYear>
         <VehicleLicMonth>12</VehicleLicMonth>
         <VehicleLicMonth>12</VehicleLicMonth>
         <VehicleLicMonth>12</VehicleLicMonth>
         <VehicleLicMonth>12</VehicleLicMonth>
         <VehicleLicTypeCode>AQ</VehicleLicTypeCode>
         <VehicleLicTypeCode>DD</VehicleLicTypeCode>
         <VehicleLicTypeCode>CC</VehicleLicTypeCode>
         <VehicleLicTypeCode>CC</VehicleLicTypeCode>
         <VehicleLicTypeCode>LF</VehicleLicTypeCode>
         <VehicleLicTypeCode>LF</VehicleLicTypeCode>
         <VehicleLicTypeCode>LF</VehicleLicTypeCode>
         <VehicleLicTypeCode>LF</VehicleLicTypeCode>
         <VehicleLicTypeCode>JJ</VehicleLicTypeCode>
         <VehicleLicTypeCode>JJ</VehicleLicTypeCode>
         <VehicleLicTypeCode>JJ</VehicleLicTypeCode>
         <VehicleLicTypeCode>JJ</VehicleLicTypeCode>
         <VehicleLicTypeCode>CC</VehicleLicTypeCode>
         <VehicleLicTypeCode>CC</VehicleLicTypeCode>
         <VehConditionCode>BURNED</VehConditionCode>
         <VehDamageDesc>Rear drivers panel</VehDamageDesc>
         <VehicleValue>200000</VehicleValue>
         <VehicleValue>1500</VehicleValue>
         <VehicleValue>1500</VehicleValue>
         <VehicleValue>1250</VehicleValue>
         <VehicleMiscID>12345</VehicleMiscID>
         <VehicleMiscID>12345</VehicleMiscID>
         <VehicleMiscID>12345</VehicleMiscID>
      </IncidentVehicle>
      <IncidentProperty>
         <RoleCode>7</RoleCode>
         <CreatorId>STATE_OFFICER11</CreatorId>
         <CreatorDate>06/14/2012 13:48:03</CreatorDate>
         <UpdatorId>TSTC</UpdatorId>
         <UpdatorDate>08/10/2017 23:00:30</UpdatorDate>
         <DateOfInfo>06/12/2012 00:00:00</DateOfInfo>
         <StatusCode>7</StatusCode>
         <DocumentTypeCode>P</DocumentTypeCode>
         <Description>Automation Property Testing 1</Description>
         <PropertyTypeCode>472</PropertyTypeCode>
         <PropertyValue>20</PropertyValue>
         <Value>20</Value>
         <SerialNumber>911</SerialNumber>
         <Evidence>N</Evidence>
         <EvidenceFlag>N</EvidenceFlag>
         <Property_ID>451</Property_ID>
         <Make>Automation</Make>
         <Quantity>1</Quantity>
      </IncidentProperty>
      <IncidentProperty>
         <CreatorId>STATE_OFFICER11</CreatorId>
         <CreatorDate>06/14/2012 15:58:14</CreatorDate>
         <UpdatorId>TSTC</UpdatorId>
         <UpdatorDate>08/10/2017 22:59:55</UpdatorDate>
         <DateOfInfo>06/12/2012 00:00:00</DateOfInfo>
         <StatusCode>15</StatusCode>
         <DocumentTypeCode>D</DocumentTypeCode>
         <Description>Automation Property Testing 2</Description>
         <PropertyTypeCode>560</PropertyTypeCode>
         <Evidence>Y</Evidence>
         <EvidenceFlag>Y</EvidenceFlag>
         <ExternalEvidenceId>265</ExternalEvidenceId>
         <Property_ID>452</Property_ID>
         <DrugTypeCode>J</DrugTypeCode>
         <Quantity>5</Quantity>
         <QuantityUnit>DU</QuantityUnit>
      </IncidentProperty>
   </IncidentSupplement>
</Incident>