<?xml version="1.0" encoding="UTF-8"?>
<Incident xmlns:xsi="http://www.w3.org/2001/XMLSchema-instance"
          xsi:noNamespaceSchemaLocation="file:///C:/DATA/EJS/SVN_Root/Ejustice/trunk/XMLTransformations/OnlineRMSInternalToIncident/IAOnlineRMSIncidentImport.xsd">
   <IncidentReportNum>13ISPC000067</IncidentReportNum>
   <AgencyCode>D42</AgencyCode>
   <ORINum>SC0280000</ORINum>
   <ReportDate>11/22/2013 18:36:00</ReportDate>
   <ReportTime>11/22/2013 18:36:00</ReportTime>
   <StartDate>11/22/2013 18:35:00</StartDate>
   <StartTime>11/01/2013 18:35:00</StartTime>
   <Summary>asdf</Summary>
   <CreatorId>EARL.CULPEPPER@INTERACT911.COM</CreatorId>
   <CreatorDate>11/22/2013 18:36:48</CreatorDate>
   <UpdatorId>TSTC</UpdatorId>
   <UpdatorDate>09/09/2021 18:46:25</UpdatorDate>
   <IncidentType>
      <IncidentTypeCode>CCD</IncidentTypeCode>
   </IncidentType>
   <IncidentAddress>
      <AddressId>378</AddressId>
      <Beat>Test</Beat>
      <SubBeat>Area</SubBeat>
      <City>3</City>
      <CreatorId>TSTC</CreatorId>
      <CreatorDate>11/22/2013 18:36:48</CreatorDate>
      <UpdatorId>TSTC</UpdatorId>
      <UpdatorDate>11/22/2013 19:00:32</UpdatorDate>
      <Address>
         <AddressId>378</AddressId>
         <StreetNumber>485</StreetNumber>
         <StreetDirCode>E</StreetDirCode>
         <StreetName>Perry</StreetName>
         <StreetTypeCode>ST</StreetTypeCode>
         <City>Versailles</City>
         <StateCode>IN</StateCode>
         <Zip5>47042</Zip5>
         <CountryCode>US</CountryCode>
         <Beat>Test</Beat>
         <SubBeat>Area</SubBeat>
         <Longitude>-85.245519</Longitude>
         <Latitude>39.069313</Latitude>
      </Address>
   </IncidentAddress>
   <IncidentSupplement>
      <SupplementSequence>0</SupplementSequence>
      <IncSupplementStatusCode>A</IncSupplementStatusCode>
      <SuppReportDate>11/22/2013 18:36:41</SuppReportDate>
      <SuppReportTime>11/22/2013 18:36:41</SuppReportTime>
      <AgencyOnly>N</AgencyOnly>
      <SecurityLevel>1100</SecurityLevel>
      <SuppAgencyCode>D42</SuppAgencyCode>
      <UnknownNoOffenders>Y</UnknownNoOffenders>
      <DsIcrDate>11/25/2013 13:25:08</DsIcrDate>
      <DsIcrSubmissionStatus>FAILED VALIDATION</DsIcrSubmissionStatus>
      <CreatorId>TSTC</CreatorId>
      <CreatorDate>11/22/2013 18:36:48</CreatorDate>
      <UpdatorId>TSTC</UpdatorId>
      <UpdatorDate>08/05/2021 17:38:18</UpdatorDate>
      <IncidentSuppNarrative>
         <NarrativeNumber>1</NarrativeNumber>
         <NarrativeTitle>Combined narratives from CAD</NarrativeTitle>
         <NarrativeText>   These are Initial Remarks put into CAD after address and caller info go in.&lt;br /&gt;</NarrativeText>
         <CreatorId>TSTC</CreatorId>
         <CreatorDate>11/22/2013 18:36:40</CreatorDate>
         <UpdatorId>TSTC</UpdatorId>
         <UpdatorDate>11/22/2013 18:36:49</UpdatorDate>
      </IncidentSuppNarrative>
      <IncidentOfficer>
         <OfficerRoleCode>P</OfficerRoleCode>
         <Officer>
            <AgencyCode>D42</AgencyCode>
            <ORINumber>SC0280000</ORINumber>
            <LastName>Ranz</LastName>
            <FirstName>Greg</FirstName>
            <InternalID>9696</InternalID>
         </Officer>
      </IncidentOfficer>
      <IncidentOfficer>
         <OfficerRoleCode>R</OfficerRoleCode>
         <Officer>
            <AgencyCode>D42</AgencyCode>
            <ORINumber>SC0280000</ORINumber>
            <LastName>Ranz</LastName>
            <FirstName>Greg</FirstName>
            <InternalID>9696</InternalID>
         </Officer>
      </IncidentOfficer>
      <IncidentOffense>
         <IncidentId>1347</IncidentId>
         <OffenseNumber>1</OffenseNumber>
         <OffenseStatusCode>16</OffenseStatusCode>
         <OffenseCode>35-42-2-1.5</OffenseCode>
         <PlaceCode>37</PlaceCode>
         <BiasCode>43</BiasCode>
         <CSAUCode>C</CSAUCode>
         <SupplementSeq>0</SupplementSeq>
         <UCRNumber>1</UCRNumber>
         <OffenseStatusDate>11/22/2013 19:01:00</OffenseStatusDate>
         <AttemptedCompletedCode>C</AttemptedCompletedCode>
         <ArrestChargeCode>35-42-2-1.5</ArrestChargeCode>
         <CreatorId>STATE_OFFICER11</CreatorId>
         <CreatorDate>11/22/2013 19:02:30</CreatorDate>
         <UpdatorId>STATE_OFFICER11</UpdatorId>
         <UpdatorDate>11/22/2013 19:02:36</UpdatorDate>
      </IncidentOffense>
      <IncidentPerson>
         <ApproxAge>53</ApproxAge>
         <ResidentStatusCode>U</ResidentStatusCode>
         <CreatorId>STATE_OFFICER11</CreatorId>
         <CreatorDate>11/25/2013 13:20:26</CreatorDate>
         <UpdatorId>TSTC</UpdatorId>
         <UpdatorDate>05/24/2023 12:41:16</UpdatorDate>
         <Person>
            <PersonId>381</PersonId>
            <RaceCode>W</RaceCode>
            <SexCode>M</SexCode>
            <PersonVerified>Y</PersonVerified>
            <PersonPrimaryName>
               <LastName>ARNEY</LastName>
               <FirstName>DON</FirstName>
               <DOB>06/09/1960 00:00:00</DOB>
               <DateOfInfo>09/05/2012 14:14:18</DateOfInfo>
               <SLastName>A650</SLastName>
               <SFirstName>D500</SFirstName>
            </PersonPrimaryName>
            <PersonPrimaryName>
               <LastName>Arney</LastName>
               <FirstName>Donnovan</FirstName>
               <MiddleName>James</MiddleName>
               <DOB>06/09/1960 00:00:00</DOB>
               <TitleCode>SR</TitleCode>
               <DateOfInfo>01/31/2014 00:00:00</DateOfInfo>
               <SLastName>A650</SLastName>
               <SFirstName>D515</SFirstName>
            </PersonPrimaryName>
            <PersonPrimaryName>
               <LastName>Chrome Dome</LastName>
               <FirstName>Dome</FirstName>
               <DateOfInfo>07/14/2014 00:00:00</DateOfInfo>
               <SLastName>C653</SLastName>
               <SFirstName>D500</SFirstName>
            </PersonPrimaryName>
            <Alias>
               <NameTypeCode>A</NameTypeCode>
               <LastName>ARNEY</LastName>
               <FirstName>DON</FirstName>
               <DOB>06/09/1960 00:00:00</DOB>
               <SLastName>A650</SLastName>
               <SFirstName>D500</SFirstName>
               <DateOfInfo>09/05/2012 14:14:18</DateOfInfo>
            </Alias>
            <Alias>
               <NameTypeCode>P</NameTypeCode>
               <LastName>Arney</LastName>
               <FirstName>Donnovan</FirstName>
               <MiddleName>James</MiddleName>
               <DOB>06/09/1960 00:00:00</DOB>
               <TitleCode>SR</TitleCode>
               <SLastName>A650</SLastName>
               <SFirstName>D515</SFirstName>
               <DateOfInfo>01/31/2014 00:00:00</DateOfInfo>
            </Alias>
            <Alias>
               <NameTypeCode>N</NameTypeCode>
               <LastName>Chrome Dome</LastName>
               <FirstName>Dome</FirstName>
               <SLastName>C653</SLastName>
               <SFirstName>D500</SFirstName>
               <DateOfInfo>07/14/2014 00:00:00</DateOfInfo>
            </Alias>
            <PersonAddress>
               <StreetNumber>9291</StreetNumber>
               <StreetName>UNION SCHOOL</StreetName>
               <StreetTypeCode>RD</StreetTypeCode>
               <City>POLAND</City>
               <StateCode>IN</StateCode>
               <Zip5>47868</Zip5>
            </PersonAddress>
         </Person>
         <IncidentPersonRole>
            <RoleType>V</RoleType>
            <CreatorId>STATE_OFFICER11</CreatorId>
            <CreatorDate>11/25/2013 13:20:27</CreatorDate>
            <UpdatorId>TSTC</UpdatorId>
            <UpdatorDate>08/15/2023 20:32:17</UpdatorDate>
         </IncidentPersonRole>
      </IncidentPerson>
   </IncidentSupplement>
</Incident>