<?xml version="1.0" encoding="UTF-8"?>
<Incident xmlns:xsi="http://www.w3.org/2001/XMLSchema-instance"
          xsi:noNamespaceSchemaLocation="file:///C:/DATA/EJS/SVN_Root/Ejustice/trunk/XMLTransformations/OnlineRMSInternalToIncident/IAOnlineRMSIncidentImport.xsd">
   <IncidentReportNum>2014ISP0000412</IncidentReportNum>
   <AgencyCode>D42</AgencyCode>
   <ORINum>SC0280000</ORINum>
   <ReportDate>06/12/2014 15:19:00</ReportDate>
   <ReportTime>06/12/2014 15:19:00</ReportTime>
   <StartDate>06/12/2014 15:19:00</StartDate>
   <StartTime>06/01/2014 15:19:00</StartTime>
   <CreatorId>STATE_OFFICER13</CreatorId>
   <CreatorDate>06/12/2014 15:15:39</CreatorDate>
   <UpdatorId>TSTC</UpdatorId>
   <UpdatorDate>09/09/2021 18:46:30</UpdatorDate>
   <IncidentType>
      <IncidentTypeCode>B/V</IncidentTypeCode>
   </IncidentType>
   <IncidentAddress>
      <AddressId>333</AddressId>
      <Beat>104</Beat>
      <SubBeat>West Patrol</SubBeat>
      <City>5</City>
      <CreatorId>STATE_OFFICER111</CreatorId>
      <CreatorDate>06/12/2014 15:19:38</CreatorDate>
      <UpdatorId>TSTC</UpdatorId>
      <UpdatorDate>07/12/2017 13:31:19</UpdatorDate>
      <Address>
         <AddressId>333</AddressId>
         <StreetNumber>123</StreetNumber>
         <StreetDirCode>N</StreetDirCode>
         <StreetName>Automation</StreetName>
         <StreetTypeCode>RD</StreetTypeCode>
         <SubTypeCode>TRLR</SubTypeCode>
         <CountryCode>US</CountryCode>
         <Beat>104</Beat>
         <SubBeat>West Patrol</SubBeat>
         <AddressCommonName>
            <CommonPlaceName>Dead strip</CommonPlaceName>
         </AddressCommonName>
      </Address>
   </IncidentAddress>
   <IncidentSupplement>
      <SupplementSequence>0</SupplementSequence>
      <IncSupplementStatusCode>A</IncSupplementStatusCode>
      <SuppReportDate>06/12/2014 15:15:39</SuppReportDate>
      <SuppReportTime>06/12/2014 15:15:39</SuppReportTime>
      <AgencyOnly>N</AgencyOnly>
      <SecurityLevel>1100</SecurityLevel>
      <SuppAgencyCode>D42</SuppAgencyCode>
      <UnknownNoOffenders>N</UnknownNoOffenders>
      <DsIcrDate>06/12/2014 15:23:35</DsIcrDate>
      <DsIcrSubmissionStatus>READY TO BE PROCESSED-ORIGINAL</DsIcrSubmissionStatus>
      <CreatorId>STATE_OFFICER13</CreatorId>
      <CreatorDate>06/12/2014 15:15:39</CreatorDate>
      <UpdatorId>TSTC</UpdatorId>
      <UpdatorDate>08/05/2021 17:38:20</UpdatorDate>
      <IncidentSuppNarrative>
         <NarrativeNumber>1</NarrativeNumber>
         <NarrativeTitle>Original Narrative</NarrativeTitle>
         <NarrativeText>test</NarrativeText>
         <CreatorId>STATE_OFFICER13</CreatorId>
         <CreatorDate>06/12/2014 15:22:11</CreatorDate>
         <UpdatorId>STATE_OFFICER13</UpdatorId>
         <UpdatorDate>06/12/2014 15:22:11</UpdatorDate>
      </IncidentSuppNarrative>
      <IncidentOfficer>
         <OfficerRoleCode>P</OfficerRoleCode>
         <Officer>
            <AgencyCode>D42</AgencyCode>
            <ORINumber>SC0280000</ORINumber>
            <LastName>L'ivangood</LastName>
            <FirstName>D'erek</FirstName>
            <InternalID>0013</InternalID>
         </Officer>
      </IncidentOfficer>
      <IncidentOfficer>
         <OfficerRoleCode>R</OfficerRoleCode>
         <Officer>
            <AgencyCode>D42</AgencyCode>
            <ORINumber>SC0280000</ORINumber>
            <LastName>L'ivangood</LastName>
            <FirstName>D'erek</FirstName>
            <InternalID>0013</InternalID>
         </Officer>
      </IncidentOfficer>
      <IncidentOffense>
         <IncidentId>1739</IncidentId>
         <OffenseNumber>1</OffenseNumber>
         <OffenseStatusCode>00</OffenseStatusCode>
         <OffenseCode>35-42-1-1  M01        </OffenseCode>
         <PlaceCode>40</PlaceCode>
         <BiasCode>88</BiasCode>
         <CSAUCode>C</CSAUCode>
         <SupplementSeq>0</SupplementSeq>
         <UCRNumber>1</UCRNumber>
         <OffenseStatusDate>06/12/2014 15:19:00</OffenseStatusDate>
         <AttemptedCompletedCode>C</AttemptedCompletedCode>
         <ArrestChargeCode>35-42-1-1  M01        </ArrestChargeCode>
         <CreatorId>STATE_OFFICER13</CreatorId>
         <CreatorDate>06/12/2014 15:17:19</CreatorDate>
         <UpdatorId>STATE_OFFICER13</UpdatorId>
         <UpdatorDate>06/12/2014 15:21:13</UpdatorDate>
      </IncidentOffense>
      <IncidentPerson>
         <ApproxAge>34</ApproxAge>
         <CreatorId>STATE_OFFICER13</CreatorId>
         <CreatorDate>06/12/2014 15:21:35</CreatorDate>
         <UpdatorId>TSTC</UpdatorId>
         <UpdatorDate>05/24/2023 12:41:19</UpdatorDate>
         <Person>
            <PersonId>155</PersonId>
            <RaceCode>U</RaceCode>
            <SexCode>U</SexCode>
            <PersonVerified>Y</PersonVerified>
            <PersonPrimaryName>
               <LastName>FEDEROWICZ</LastName>
               <FirstName>JANE</FirstName>
               <MiddleName>A</MiddleName>
               <DOB>01/03/1980 00:00:00</DOB>
               <DateOfInfo>06/06/2012 13:56:11</DateOfInfo>
               <SLastName>F362</SLastName>
               <SFirstName>J500</SFirstName>
            </PersonPrimaryName>
            <Alias>
               <NameTypeCode>P</NameTypeCode>
               <LastName>FEDEROWICZ</LastName>
               <FirstName>JANE</FirstName>
               <MiddleName>A</MiddleName>
               <DOB>01/03/1980 00:00:00</DOB>
               <SLastName>F362</SLastName>
               <SFirstName>J500</SFirstName>
               <DateOfInfo>06/06/2012 13:56:11</DateOfInfo>
            </Alias>
         </Person>
         <IncidentPersonRole>
            <RoleType>S</RoleType>
            <CreatorId>STATE_OFFICER13</CreatorId>
            <CreatorDate>06/12/2014 15:21:35</CreatorDate>
            <UpdatorId>TSTC</UpdatorId>
            <UpdatorDate>08/15/2023 20:32:19</UpdatorDate>
         </IncidentPersonRole>
      </IncidentPerson>
      <IncidentPerson>
         <ApproxAge>30</ApproxAge>
         <ResidentStatusCode>R</ResidentStatusCode>
         <CreatorId>STATE_OFFICER13</CreatorId>
         <CreatorDate>06/12/2014 15:21:58</CreatorDate>
         <UpdatorId>TSTC</UpdatorId>
         <UpdatorDate>05/24/2023 12:41:18</UpdatorDate>
         <Person>
            <PersonId>270</PersonId>
            <RaceCode>U</RaceCode>
            <SexCode>F</SexCode>
            <PersonVerified>Y</PersonVerified>
            <PersonPrimaryName>
               <LastName>FEDEROWICZ</LastName>
               <FirstName>KIMBERLY</FirstName>
               <MiddleName>J</MiddleName>
               <DOB>03/02/1984 00:00:00</DOB>
               <DateOfInfo>06/06/2012 15:14:54</DateOfInfo>
               <SLastName>F362</SLastName>
               <SFirstName>K516</SFirstName>
            </PersonPrimaryName>
            <Alias>
               <NameTypeCode>A</NameTypeCode>
               <LastName>FEDEROWICZ</LastName>
               <FirstName>KIMBERLY</FirstName>
               <MiddleName>J</MiddleName>
               <DOB>03/02/1984 00:00:00</DOB>
               <SLastName>F362</SLastName>
               <SFirstName>K516</SFirstName>
               <DateOfInfo>06/06/2012 15:14:54</DateOfInfo>
            </Alias>
            <PersonAddress>
               <StreetName>2435WHITBYROAD</StreetName>
               <City>HAVERTOWN</City>
               <StateCode>PA</StateCode>
               <Zip5>19083</Zip5>
            </PersonAddress>
         </Person>
         <IncidentPersonRole>
            <RoleType>V</RoleType>
            <CreatorId>STATE_OFFICER13</CreatorId>
            <CreatorDate>06/12/2014 15:21:58</CreatorDate>
            <UpdatorId>TSTC</UpdatorId>
            <UpdatorDate>08/15/2023 20:32:20</UpdatorDate>
         </IncidentPersonRole>
      </IncidentPerson>
   </IncidentSupplement>
</Incident>