<?xml version="1.0" encoding="UTF-8"?>
<Incident xmlns:xsi="http://www.w3.org/2001/XMLSchema-instance"
          xsi:noNamespaceSchemaLocation="file:///C:/DATA/EJS/SVN_Root/Ejustice/trunk/XMLTransformations/OnlineRMSInternalToIncident/IAOnlineRMSIncidentImport.xsd">
   <IncidentReportNum>2014ISP0000542</IncidentReportNum>
   <AgencyCode>D42</AgencyCode>
   <ORINum>SC0280000</ORINum>
   <ReportDate>10/07/2014 16:48:00</ReportDate>
   <ReportTime>10/07/2014 16:48:00</ReportTime>
   <StartDate>10/07/2014 16:48:00</StartDate>
   <StartTime>10/01/2014 16:48:00</StartTime>
   <CreatorId>STATE_OFFICER11</CreatorId>
   <CreatorDate>10/07/2014 16:48:12</CreatorDate>
   <UpdatorId>TSTC</UpdatorId>
   <UpdatorDate>09/09/2021 18:46:33</UpdatorDate>
   <IncidentType>
      <IncidentTypeCode>B/V</IncidentTypeCode>
   </IncidentType>
   <IncidentAddress>
      <AddressId>29</AddressId>
      <Beat>104</Beat>
      <SubBeat>West Patrol</SubBeat>
      <City>6</City>
      <CreatorId>C_ADMIN</CreatorId>
      <CreatorDate>10/07/2014 16:48:21</CreatorDate>
      <UpdatorId>TSTC</UpdatorId>
      <UpdatorDate>10/07/2014 16:48:23</UpdatorDate>
      <Address>
         <AddressId>29</AddressId>
         <StreetNumber>1451 </StreetNumber>
         <StreetDirCode>N</StreetDirCode>
         <StreetName>Eel river cenetery</StreetName>
         <City>PERU</City>
         <StateCode>IN</StateCode>
         <Zip5>12365</Zip5>
         <Zip4>4899</Zip4>
         <CountryCode>US</CountryCode>
         <Beat>104</Beat>
         <SubBeat>West Patrol</SubBeat>
         <Longitude>-86.130319</Longitude>
         <Latitude>40.785137</Latitude>
      </Address>
   </IncidentAddress>
   <IncidentSupplement>
      <SupplementSequence>0</SupplementSequence>
      <IncSupplementStatusCode>A</IncSupplementStatusCode>
      <SuppReportDate>10/07/2014 16:48:12</SuppReportDate>
      <SuppReportTime>10/07/2014 16:48:12</SuppReportTime>
      <AgencyOnly>N</AgencyOnly>
      <SecurityLevel>1201</SecurityLevel>
      <SuppAgencyCode>D42</SuppAgencyCode>
      <UnknownNoOffenders>N</UnknownNoOffenders>
      <DsIcrDate>10/07/2014 16:51:28</DsIcrDate>
      <DsIcrSubmissionStatus>NOT REPORTABLE</DsIcrSubmissionStatus>
      <CreatorId>SANGEETA.VERMA@INTERACT911.COM</CreatorId>
      <CreatorDate>10/07/2014 16:48:12</CreatorDate>
      <UpdatorId>TSTC</UpdatorId>
      <UpdatorDate>08/05/2021 17:38:22</UpdatorDate>
      <IncidentSuppNarrative>
         <NarrativeNumber>1</NarrativeNumber>
         <NarrativeTitle>Original Narrative</NarrativeTitle>
         <NarrativeText>test</NarrativeText>
         <CreatorId>STATE_OFFICER11</CreatorId>
         <CreatorDate>10/07/2014 16:48:32</CreatorDate>
         <UpdatorId>STATE_OFFICER11</UpdatorId>
         <UpdatorDate>10/07/2014 16:48:32</UpdatorDate>
      </IncidentSuppNarrative>
      <IncidentOfficer>
         <OfficerRoleCode>P</OfficerRoleCode>
         <Officer>
            <AgencyCode>D42</AgencyCode>
            <ORINumber>SC0280000</ORINumber>
            <LastName>Ranz</LastName>
            <FirstName>Greg</FirstName>
            <InternalID>9696</InternalID>
         </Officer>
      </IncidentOfficer>
      <IncidentOfficer>
         <OfficerRoleCode>R</OfficerRoleCode>
         <Officer>
            <AgencyCode>D42</AgencyCode>
            <ORINumber>SC0280000</ORINumber>
            <LastName>Ranz</LastName>
            <FirstName>Greg</FirstName>
            <InternalID>9696</InternalID>
         </Officer>
      </IncidentOfficer>
      <IncidentPerson>
         <ApproxAge>25</ApproxAge>
         <CreatorId>DL_USER_1</CreatorId>
         <CreatorDate>10/07/2014 16:49:25</CreatorDate>
         <UpdatorId>TSTC</UpdatorId>
         <UpdatorDate>05/24/2023 12:41:21</UpdatorDate>
         <Person>
            <PersonId>632</PersonId>
            <RaceCode>W</RaceCode>
            <SexCode>M</SexCode>
            <PersonVerified>Y</PersonVerified>
            <PersonPrimaryName>
               <LastName>Guy</LastName>
               <FirstName>New</FirstName>
               <MiddleName>Random</MiddleName>
               <DOB>11/06/1987 00:00:00</DOB>
               <DateOfInfo>11/06/2014 17:44:17</DateOfInfo>
               <SLastName>G000</SLastName>
               <SFirstName>N000</SFirstName>
            </PersonPrimaryName>
            <Alias>
               <NameTypeCode>P</NameTypeCode>
               <LastName>Guy</LastName>
               <FirstName>New</FirstName>
               <MiddleName>Random</MiddleName>
               <DOB>11/06/1987 00:00:00</DOB>
               <SLastName>G000</SLastName>
               <SFirstName>N000</SFirstName>
               <DateOfInfo>11/06/2014 17:44:17</DateOfInfo>
            </Alias>
         </Person>
         <IncidentPersonRole>
            <RoleType>S</RoleType>
            <CreatorId>STATE_OFFICER11</CreatorId>
            <CreatorDate>10/07/2014 16:49:25</CreatorDate>
            <UpdatorId>TSTC</UpdatorId>
            <UpdatorDate>08/15/2023 20:32:21</UpdatorDate>
         </IncidentPersonRole>
      </IncidentPerson>
   </IncidentSupplement>
</Incident>