<?xml version="1.0" encoding="UTF-8"?>
<Incident xmlns:xsi="http://www.w3.org/2001/XMLSchema-instance"
          xsi:noNamespaceSchemaLocation="file:///C:/DATA/EJS/SVN_Root/Ejustice/trunk/XMLTransformations/OnlineRMSInternalToIncident/IAOnlineRMSIncidentImport.xsd">
   <IncidentReportNum>2014ISP0000595</IncidentReportNum>
   <AgencyCode>D42</AgencyCode>
   <ORINum>SC0280000</ORINum>
   <ReportDate>11/24/2014 11:08:00</ReportDate>
   <ReportTime>11/24/2014 11:08:00</ReportTime>
   <StartDate>11/24/2014 11:08:00</StartDate>
   <StartTime>11/01/2014 11:08:00</StartTime>
   <Summary>test2</Summary>
   <CreatorId>STATE_OFFICER11</CreatorId>
   <CreatorDate>11/24/2014 11:08:33</CreatorDate>
   <UpdatorId>TSTC</UpdatorId>
   <UpdatorDate>09/09/2021 18:46:33</UpdatorDate>
   <IncidentType>
      <IncidentTypeCode>AIR</IncidentTypeCode>
   </IncidentType>
   <IncidentAddress>
      <AddressId>17</AddressId>
      <City>13</City>
      <CreatorId>STATE_OFFICER11</CreatorId>
      <CreatorDate>11/24/2014 11:08:49</CreatorDate>
      <UpdatorId>TSTC</UpdatorId>
      <UpdatorDate>11/24/2014 11:08:55</UpdatorDate>
      <Address>
         <AddressId>17</AddressId>
         <StreetNumber>208</StreetNumber>
         <StreetName>Education </StreetName>
         <StreetTypeCode>AVE</StreetTypeCode>
         <City>Durham</City>
         <StateCode>NC</StateCode>
         <Zip5>27713</Zip5>
         <CountryCode>US</CountryCode>
         <Longitude>-78.945522</Longitude>
         <Latitude>35.887815</Latitude>
      </Address>
   </IncidentAddress>
   <IncidentSupplement>
      <SupplementSequence>0</SupplementSequence>
      <IncSupplementStatusCode>A</IncSupplementStatusCode>
      <SuppReportDate>11/24/2014 11:08:33</SuppReportDate>
      <SuppReportTime>11/24/2014 11:08:33</SuppReportTime>
      <AgencyOnly>N</AgencyOnly>
      <SecurityLevel>1100</SecurityLevel>
      <SuppAgencyCode>D42</SuppAgencyCode>
      <UnknownNoOffenders>N</UnknownNoOffenders>
      <DsIcrDate>11/24/2014 11:10:57</DsIcrDate>
      <DsIcrSubmissionStatus>NOT REPORTABLE</DsIcrSubmissionStatus>
      <CreatorId>STATE_OFFICER11</CreatorId>
      <CreatorDate>11/24/2014 11:08:33</CreatorDate>
      <UpdatorId>TSTC</UpdatorId>
      <UpdatorDate>08/05/2021 17:38:22</UpdatorDate>
      <IncidentSuppNarrative>
         <NarrativeNumber>1</NarrativeNumber>
         <NarrativeTitle>Original Narrative</NarrativeTitle>
         <NarrativeText>&amp;nbsp;asdfasdf</NarrativeText>
         <CreatorId>STATE_OFFICER11</CreatorId>
         <CreatorDate>11/24/2014 11:10:33</CreatorDate>
         <UpdatorId>STATE_OFFICER11</UpdatorId>
         <UpdatorDate>11/24/2014 11:10:33</UpdatorDate>
      </IncidentSuppNarrative>
      <IncidentOfficer>
         <OfficerRoleCode>P</OfficerRoleCode>
         <Officer>
            <AgencyCode>D42</AgencyCode>
            <ORINumber>SC0280000</ORINumber>
            <LastName>Ranz</LastName>
            <FirstName>Greg</FirstName>
            <InternalID>9696</InternalID>
         </Officer>
      </IncidentOfficer>
      <IncidentOfficer>
         <OfficerRoleCode>R</OfficerRoleCode>
         <Officer>
            <AgencyCode>D42</AgencyCode>
            <ORINumber>SC0280000</ORINumber>
            <LastName>Ranz</LastName>
            <FirstName>Greg</FirstName>
            <InternalID>9696</InternalID>
         </Officer>
      </IncidentOfficer>
      <IncidentOffense>
         <IncidentId>2069</IncidentId>
         <OffenseNumber>1</OffenseNumber>
         <OffenseStatusCode>00</OffenseStatusCode>
         <OffenseCode>35-46-3-10</OffenseCode>
         <PlaceCode>57</PlaceCode>
         <BiasCode>88</BiasCode>
         <CSAUCode>A</CSAUCode>
         <SupplementSeq>0</SupplementSeq>
         <UCRNumber>1</UCRNumber>
         <OffenseStatusDate>11/24/2014 11:09:00</OffenseStatusDate>
         <AttemptedCompletedCode>A</AttemptedCompletedCode>
         <ArrestChargeCode>35-46-3-10</ArrestChargeCode>
         <CreatorId>STATE_OFFICER11</CreatorId>
         <CreatorDate>11/24/2014 11:09:38</CreatorDate>
         <UpdatorId>STATE_OFFICER11</UpdatorId>
         <UpdatorDate>11/24/2014 11:09:38</UpdatorDate>
      </IncidentOffense>
      <IncidentPerson>
         <ApproxAge>53</ApproxAge>
         <CreatorId>STATE_OFFICER11</CreatorId>
         <CreatorDate>11/24/2014 11:10:11</CreatorDate>
         <UpdatorId>TSTC</UpdatorId>
         <UpdatorDate>05/24/2023 12:41:18</UpdatorDate>
         <Person>
            <PersonId>383</PersonId>
            <RaceCode>P</RaceCode>
            <SexCode>M</SexCode>
            <EthnicityCode>H</EthnicityCode>
            <PersonVerified>Y</PersonVerified>
            <PersonPrimaryName>
               <LastName>Agui</LastName>
               <FirstName>CARRERAS</FirstName>
               <DOB>08/19/1967 00:00:00</DOB>
               <DateOfInfo>09/05/2012 00:00:00</DateOfInfo>
               <SLastName>A200</SLastName>
               <SFirstName>C662</SFirstName>
            </PersonPrimaryName>
            <PersonPrimaryName>
               <LastName>Ign</LastName>
               <FirstName>Test</FirstName>
               <DOB>01/01/1986 00:00:00</DOB>
               <DateOfInfo>01/14/2013 00:00:00</DateOfInfo>
               <SLastName>I250</SLastName>
               <SFirstName>T230</SFirstName>
            </PersonPrimaryName>
            <PersonPrimaryName>
               <LastName>Aguero</LastName>
               <FirstName>Carlos</FirstName>
               <DOB>03/03/1979 00:00:00</DOB>
               <DateOfInfo>03/20/2013 00:00:00</DateOfInfo>
               <SLastName>A260</SLastName>
               <SFirstName>C642</SFirstName>
            </PersonPrimaryName>
            <PersonPrimaryName>
               <LastName>Aguero</LastName>
               <FirstName>Carlosena</FirstName>
               <MiddleName>Java</MiddleName>
               <DOB>06/22/1961 00:00:00</DOB>
               <SSN>1.23456789E8</SSN>
               <DateOfInfo>07/11/2013 00:00:00</DateOfInfo>
               <SLastName>A260</SLastName>
               <SFirstName>C642</SFirstName>
            </PersonPrimaryName>
            <PersonPrimaryName>
               <LastName>Dsfq</LastName>
               <FirstName>Joe</FirstName>
               <DOB>05/10/2020 00:00:00</DOB>
               <SSN>9.88888888E8</SSN>
               <TitleCode>JR</TitleCode>
               <DateOfInfo>04/12/2016 00:00:00</DateOfInfo>
               <SLastName>D212</SLastName>
               <SFirstName>J000</SFirstName>
            </PersonPrimaryName>
            <Alias>
               <NameTypeCode>N</NameTypeCode>
               <LastName>Agui</LastName>
               <FirstName>CARRERAS</FirstName>
               <DOB>08/19/1967 00:00:00</DOB>
               <SLastName>A200</SLastName>
               <SFirstName>C662</SFirstName>
               <DateOfInfo>09/05/2012 00:00:00</DateOfInfo>
            </Alias>
            <Alias>
               <NameTypeCode>A</NameTypeCode>
               <LastName>Ign</LastName>
               <FirstName>Test</FirstName>
               <DOB>01/01/1986 00:00:00</DOB>
               <SLastName>I250</SLastName>
               <SFirstName>T230</SFirstName>
               <DateOfInfo>01/14/2013 00:00:00</DateOfInfo>
            </Alias>
            <Alias>
               <NameTypeCode>A</NameTypeCode>
               <LastName>Aguero</LastName>
               <FirstName>Carlos</FirstName>
               <DOB>03/03/1979 00:00:00</DOB>
               <SLastName>A260</SLastName>
               <SFirstName>C642</SFirstName>
               <DateOfInfo>03/20/2013 00:00:00</DateOfInfo>
            </Alias>
            <Alias>
               <NameTypeCode>A</NameTypeCode>
               <LastName>Aguero</LastName>
               <FirstName>Carlosena</FirstName>
               <MiddleName>Java</MiddleName>
               <DOB>06/22/1961 00:00:00</DOB>
               <SSN>1.23456789E8</SSN>
               <SLastName>A260</SLastName>
               <SFirstName>C642</SFirstName>
               <DateOfInfo>07/11/2013 00:00:00</DateOfInfo>
            </Alias>
            <Alias>
               <NameTypeCode>P</NameTypeCode>
               <LastName>Dsfq</LastName>
               <FirstName>Joe</FirstName>
               <DOB>05/10/2020 00:00:00</DOB>
               <SSN>9.88888888E8</SSN>
               <TitleCode>JR</TitleCode>
               <SLastName>D212</SLastName>
               <SFirstName>J000</SFirstName>
               <DateOfInfo>04/12/2016 00:00:00</DateOfInfo>
            </Alias>
            <PersonPhone>
               <PhoneTypeCode>RES</PhoneTypeCode>
               <PhoneArea>444</PhoneArea>
               <PhonePrefix>555</PhonePrefix>
               <PhoneSuffix>6666</PhoneSuffix>
               <DateOfInfo>11/18/2014 00:00:00</DateOfInfo>
            </PersonPhone>
            <PersonPhone>
               <PhoneTypeCode>CEL</PhoneTypeCode>
               <PhoneArea>777</PhoneArea>
               <PhonePrefix>777</PhonePrefix>
               <PhoneSuffix>7777</PhoneSuffix>
               <DateOfInfo>06/06/2017 00:00:00</DateOfInfo>
            </PersonPhone>
         </Person>
         <IncidentPersonRole>
            <RoleType>S</RoleType>
            <CreatorId>STATE_OFFICER11</CreatorId>
            <CreatorDate>11/24/2014 11:10:11</CreatorDate>
            <UpdatorId>TSTC</UpdatorId>
            <UpdatorDate>08/15/2023 20:32:18</UpdatorDate>
         </IncidentPersonRole>
      </IncidentPerson>
      <IncidentVehicle>
         <VEHICLE_ID>213</VEHICLE_ID>
         <RoleCode>ST</RoleCode>
         <CreatorId>CASESUPER</CreatorId>
         <CreatorDate>11/24/2014 11:10:27</CreatorDate>
         <UpdatorId>TSTC</UpdatorId>
         <UpdatorDate>07/12/2017 13:33:13</UpdatorDate>
         <DateOfInfo>11/24/2014 11:10:27</DateOfInfo>
         <DateOfInfo>06/16/2017 13:37:24</DateOfInfo>
         <StatusCode>13</StatusCode>
         <VIN>YHNGF567</VIN>
         <VehicleMakeCode>CHNA</VehicleMakeCode>
      </IncidentVehicle>
   </IncidentSupplement>
</Incident>