<?xml version="1.0" encoding="UTF-8"?>
<Incident xmlns:xsi="http://www.w3.org/2001/XMLSchema-instance"
          xsi:noNamespaceSchemaLocation="file:///C:/DATA/EJS/SVN_Root/Ejustice/trunk/XMLTransformations/OnlineRMSInternalToIncident/IAOnlineRMSIncidentImport.xsd">
   <IncidentReportNum>2014ISP0000597</IncidentReportNum>
   <AgencyCode>D42</AgencyCode>
   <ORINum>SC0280000</ORINum>
   <ReportDate>11/24/2014 11:20:00</ReportDate>
   <ReportTime>11/24/2014 11:20:00</ReportTime>
   <StartDate>11/24/2014 11:20:00</StartDate>
   <StartTime>11/01/2014 11:20:00</StartTime>
   <Summary>dafasdf</Summary>
   <CreatorId>STATE_OFFICER11</CreatorId>
   <CreatorDate>11/24/2014 11:20:52</CreatorDate>
   <UpdatorId>TSTC</UpdatorId>
   <UpdatorDate>09/09/2021 18:46:33</UpdatorDate>
   <IncidentType>
      <IncidentTypeCode>AIR</IncidentTypeCode>
   </IncidentType>
   <IncidentAddress>
      <AddressId>22</AddressId>
      <Beat>104</Beat>
      <SubBeat>West Patrol</SubBeat>
      <City>3</City>
      <CreatorId>STATE_OFFICER11</CreatorId>
      <CreatorDate>11/24/2014 11:21:05</CreatorDate>
      <UpdatorId>TSTC</UpdatorId>
      <UpdatorDate>11/24/2014 11:21:08</UpdatorDate>
      <Address>
         <AddressId>22</AddressId>
         <StreetNumber>1355</StreetNumber>
         <StreetDirCode>W</StreetDirCode>
         <StreetName>COUNTY LINE</StreetName>
         <StreetTypeCode>RD</StreetTypeCode>
         <StreetSuffixCode>N</StreetSuffixCode>
         <SubTypeCode>APT</SubTypeCode>
         <SubNumber>A100</SubNumber>
         <City>DILLON</City>
         <StateCode>CO</StateCode>
         <Zip5>80302</Zip5>
         <Beat>104</Beat>
         <SubBeat>West Patrol</SubBeat>
         <AddressCommonName>
            <CommonPlaceName>Outside Store</CommonPlaceName>
         </AddressCommonName>
      </Address>
   </IncidentAddress>
   <IncidentSupplement>
      <SupplementSequence>0</SupplementSequence>
      <IncSupplementStatusCode>A</IncSupplementStatusCode>
      <SuppReportDate>11/24/2014 11:20:52</SuppReportDate>
      <SuppReportTime>11/24/2014 11:20:52</SuppReportTime>
      <AgencyOnly>N</AgencyOnly>
      <SecurityLevel>1100</SecurityLevel>
      <SuppAgencyCode>D42</SuppAgencyCode>
      <UnknownNoOffenders>N</UnknownNoOffenders>
      <DsIcrDate>11/24/2014 11:22:49</DsIcrDate>
      <DsIcrSubmissionStatus>NOT REPORTABLE</DsIcrSubmissionStatus>
      <CreatorId>STATE_OFFICER11</CreatorId>
      <CreatorDate>11/24/2014 11:20:52</CreatorDate>
      <UpdatorId>TSTC</UpdatorId>
      <UpdatorDate>08/05/2021 17:38:23</UpdatorDate>
      <IncidentSuppNarrative>
         <NarrativeNumber>1</NarrativeNumber>
         <NarrativeTitle>Original Narrative</NarrativeTitle>
         <NarrativeText>&amp;nbsp;adfewf</NarrativeText>
         <CreatorId>STATE_OFFICER11</CreatorId>
         <CreatorDate>11/24/2014 11:22:23</CreatorDate>
         <UpdatorId>STATE_OFFICER11</UpdatorId>
         <UpdatorDate>11/24/2014 11:22:23</UpdatorDate>
      </IncidentSuppNarrative>
      <IncidentOfficer>
         <OfficerRoleCode>P</OfficerRoleCode>
         <Officer>
            <AgencyCode>D42</AgencyCode>
            <ORINumber>SC0280000</ORINumber>
            <LastName>Ranz</LastName>
            <FirstName>Greg</FirstName>
            <InternalID>9696</InternalID>
         </Officer>
      </IncidentOfficer>
      <IncidentOfficer>
         <OfficerRoleCode>R</OfficerRoleCode>
         <Officer>
            <AgencyCode>D42</AgencyCode>
            <ORINumber>SC0280000</ORINumber>
            <LastName>Ranz</LastName>
            <FirstName>Greg</FirstName>
            <InternalID>9696</InternalID>
         </Officer>
      </IncidentOfficer>
      <IncidentOffense>
         <IncidentId>2071</IncidentId>
         <OffenseNumber>1</OffenseNumber>
         <OffenseStatusCode>06</OffenseStatusCode>
         <OffenseCode>13-30-10-6</OffenseCode>
         <PlaceCode>37</PlaceCode>
         <BiasCode>41</BiasCode>
         <CSAUCode>A</CSAUCode>
         <SupplementSeq>0</SupplementSeq>
         <UCRNumber>1</UCRNumber>
         <OffenseStatusDate>11/24/2014 11:21:00</OffenseStatusDate>
         <AttemptedCompletedCode>A</AttemptedCompletedCode>
         <ArrestChargeCode>13-30-10-6</ArrestChargeCode>
         <CreatorId>STATE_OFFICER11</CreatorId>
         <CreatorDate>11/24/2014 11:21:37</CreatorDate>
         <UpdatorId>STATE_OFFICER11</UpdatorId>
         <UpdatorDate>11/24/2014 11:21:38</UpdatorDate>
      </IncidentOffense>
      <IncidentPerson>
         <ApproxAge>48</ApproxAge>
         <CreatorId>STATE_OFFICER11</CreatorId>
         <CreatorDate>11/24/2014 11:21:59</CreatorDate>
         <UpdatorId>TSTC</UpdatorId>
         <UpdatorDate>05/24/2023 12:41:17</UpdatorDate>
         <Person>
            <PersonId>300</PersonId>
            <RaceCode>U</RaceCode>
            <SexCode>U</SexCode>
            <PersonVerified>Y</PersonVerified>
            <PersonPrimaryName>
               <LastName>RANARD</LastName>
               <FirstName>MARC</FirstName>
               <MiddleName>A</MiddleName>
               <DateOfInfo>06/06/2012 15:16:03</DateOfInfo>
               <SLastName>R563</SLastName>
               <SFirstName>M620</SFirstName>
            </PersonPrimaryName>
            <Alias>
               <NameTypeCode>P</NameTypeCode>
               <LastName>RANARD</LastName>
               <FirstName>MARC</FirstName>
               <MiddleName>A</MiddleName>
               <SLastName>R563</SLastName>
               <SFirstName>M620</SFirstName>
               <DateOfInfo>06/06/2012 15:16:03</DateOfInfo>
            </Alias>
            <PersonAddress>
               <StreetName>RR1BOX40</StreetName>
               <City>BLOOMFIELD</City>
               <StateCode>IN</StateCode>
               <Zip5>47424</Zip5>
            </PersonAddress>
         </Person>
         <IncidentPersonRole>
            <RoleType>S</RoleType>
            <CreatorId>STATE_OFFICER11</CreatorId>
            <CreatorDate>11/24/2014 11:21:59</CreatorDate>
            <UpdatorId>TSTC</UpdatorId>
            <UpdatorDate>08/15/2023 20:32:19</UpdatorDate>
         </IncidentPersonRole>
      </IncidentPerson>
      <IncidentVehicle>
         <VEHICLE_ID>207</VEHICLE_ID>
         <RoleCode>OT</RoleCode>
         <CreatorId>STATE_OFFICER11</CreatorId>
         <CreatorDate>11/24/2014 11:22:18</CreatorDate>
         <UpdatorId>STATE_OFFICER11</UpdatorId>
         <UpdatorDate>11/24/2014 11:22:18</UpdatorDate>
         <DateOfInfo>03/31/2015 22:50:20</DateOfInfo>
         <DateOfInfo>03/16/2015 13:51:00</DateOfInfo>
         <DateOfInfo>03/06/2014 00:00:00</DateOfInfo>
         <DateOfInfo>02/10/2015 12:23:21</DateOfInfo>
         <DateOfInfo>04/14/2017 17:10:17</DateOfInfo>
         <StatusCode>6</StatusCode>
         <VIN>665-667</VIN>
         <VehicleYear>2002</VehicleYear>
         <VehicleMakeCode>HOND</VehicleMakeCode>
         <VehicleModelCode>CIV</VehicleModelCode>
         <VehicleStyleCode>2T</VehicleStyleCode>
         <VehicleTypeCode>AT</VehicleTypeCode>
         <VehPriColorCode>WHI</VehPriColorCode>
         <VehPriColorCode>WHI</VehPriColorCode>
         <VehPriColorCode>WHI</VehPriColorCode>
         <VehPriColorCode>WHI</VehPriColorCode>
         <VehPriColorCode>WHI</VehPriColorCode>
         <VehSecColorCode>WHI</VehSecColorCode>
         <VehSecColorCode>WHI</VehSecColorCode>
         <VehSecColorCode>WHI</VehSecColorCode>
         <VehSecColorCode>WHI</VehSecColorCode>
         <VehSecColorCode>WHI</VehSecColorCode>
         <VehicleLicStateCode>CO</VehicleLicStateCode>
         <VehicleLicStateCode>CO</VehicleLicStateCode>
         <VehicleLicStateCode>CO</VehicleLicStateCode>
         <VehicleLicStateCode>CO</VehicleLicStateCode>
         <VehicleLicStateCode>CO</VehicleLicStateCode>
         <VehicleLicNumber>JOES-HONDA</VehicleLicNumber>
         <VehicleLicNumber>JOES-HONDA</VehicleLicNumber>
         <VehicleLicNumber>JOES-HONDA</VehicleLicNumber>
         <VehicleLicNumber>JOES-HONDA</VehicleLicNumber>
         <VehicleLicNumber>JOES-HONDA</VehicleLicNumber>
         <VehicleLicYear>2014</VehicleLicYear>
         <VehicleLicYear>2014</VehicleLicYear>
         <VehicleLicYear>2014</VehicleLicYear>
         <VehicleLicYear>2014</VehicleLicYear>
         <VehicleLicYear>2014</VehicleLicYear>
         <VehicleLicMonth>1</VehicleLicMonth>
         <VehicleLicMonth>1</VehicleLicMonth>
         <VehicleLicMonth>1</VehicleLicMonth>
         <VehicleLicMonth>1</VehicleLicMonth>
         <VehicleLicMonth>1</VehicleLicMonth>
         <VehicleValue>100000</VehicleValue>
      </IncidentVehicle>
   </IncidentSupplement>
</Incident>