<?xml version="1.0" encoding="UTF-8"?>
<Incident xmlns:xsi="http://www.w3.org/2001/XMLSchema-instance"
          xsi:noNamespaceSchemaLocation="file:///C:/DATA/EJS/SVN_Root/Ejustice/trunk/XMLTransformations/OnlineRMSInternalToIncident/IAOnlineRMSIncidentImport.xsd">
   <IncidentReportNum>2014ISP0000487</IncidentReportNum>
   <AgencyCode>D42</AgencyCode>
   <ORINum>SC0280000</ORINum>
   <ReportDate>07/29/2014 12:54:00</ReportDate>
   <ReportTime>07/29/2014 12:54:00</ReportTime>
   <StartDate>07/29/2014 12:54:00</StartDate>
   <StartTime>07/01/2014 12:54:00</StartTime>
   <Summary>dadfadfa</Summary>
   <CreatorId>STATE_OFFICER11</CreatorId>
   <CreatorDate>07/29/2014 12:54:00</CreatorDate>
   <UpdatorId>TSTC</UpdatorId>
   <UpdatorDate>09/09/2021 18:46:34</UpdatorDate>
   <IncidentType>
      <IncidentTypeCode>B/B</IncidentTypeCode>
   </IncidentType>
   <IncidentAddress>
      <AddressId>291</AddressId>
      <Beat>Test</Beat>
      <SubBeat>Area</SubBeat>
      <City>17</City>
      <CreatorId>STATE_OFFICER11</CreatorId>
      <CreatorDate>07/29/2014 12:54:36</CreatorDate>
      <UpdatorId>STATE_OFFICER11</UpdatorId>
      <UpdatorDate>07/29/2014 14:51:56</UpdatorDate>
      <Address>
         <AddressId>291</AddressId>
         <StreetNumber>6523</StreetNumber>
         <StreetName>Anystreet</StreetName>
         <City>Anytown</City>
         <StateCode>NJ</StateCode>
         <Zip5>45623</Zip5>
         <Zip4>123</Zip4>
         <CountryCode>US</CountryCode>
         <Beat>104</Beat>
         <SubBeat>West Patrol</SubBeat>
         <Longitude>-75</Longitude>
         <Latitude>40</Latitude>
         <AddressCommonName>
            <CommonPlaceName>Dead strip</CommonPlaceName>
         </AddressCommonName>
      </Address>
   </IncidentAddress>
   <IncidentSupplement>
      <SupplementSequence>0</SupplementSequence>
      <IncSupplementStatusCode>A</IncSupplementStatusCode>
      <SuppReportDate>07/29/2014 12:54:00</SuppReportDate>
      <SuppReportTime>07/29/2014 12:54:00</SuppReportTime>
      <AgencyOnly>N</AgencyOnly>
      <SecurityLevel>1201</SecurityLevel>
      <SuppAgencyCode>D42</SuppAgencyCode>
      <UnknownNoOffenders>N</UnknownNoOffenders>
      <DsIcrDate>08/13/2014 00:03:02</DsIcrDate>
      <DsIcrSubmissionStatus>FAILED VALIDATION</DsIcrSubmissionStatus>
      <CreatorId>STATE_OFFICER11</CreatorId>
      <CreatorDate>07/29/2014 12:54:00</CreatorDate>
      <UpdatorId>TSTC</UpdatorId>
      <UpdatorDate>08/05/2021 17:38:21</UpdatorDate>
      <IncidentSuppNarrative>
         <NarrativeNumber>1</NarrativeNumber>
         <NarrativeTitle>Original Narrative</NarrativeTitle>
         <NarrativeText>normal&lt;br /&gt;  &lt;strong&gt;bold&lt;br /&gt;  &lt;/strong&gt;&lt;em&gt;italic&lt;br /&gt;  &lt;/em&gt;&lt;u&gt;underline&lt;br /&gt;  &lt;/u&gt;&lt;strike&gt;strikethrough&lt;br /&gt;  &lt;/strike&gt;&lt;br /&gt;  &lt;em&gt;&lt;strong&gt;bold italic&lt;br /&gt;  &lt;/strong&gt;&lt;/em&gt;&lt;u&gt;&lt;strong&gt;bold underline&lt;br /&gt;  &lt;/strong&gt;&lt;/u&gt;&lt;strike&gt;&lt;strong&gt;bold strikethrough&lt;br /&gt;  &lt;/strong&gt;&lt;/strike&gt;&lt;br /&gt;  &lt;u&gt;&lt;em&gt;italic underline&lt;br /&gt;  &lt;/em&gt;&lt;/u&gt;&lt;strike&gt;&lt;em&gt;italic strikethrough&lt;br /&gt;  &lt;/em&gt;&lt;u&gt;&lt;br /&gt;  underline strikethrough&lt;br /&gt;  &lt;br /&gt;  &lt;/u&gt;&lt;/strike&gt;&lt;span style="COLOR: #00ff00"&gt;color&lt;/span&gt;</NarrativeText>
         <CreatorId>STATE_OFFICER11</CreatorId>
         <CreatorDate>07/29/2014 13:01:44</CreatorDate>
         <UpdatorId>STATE_OFFICER11</UpdatorId>
         <UpdatorDate>07/29/2014 13:01:44</UpdatorDate>
      </IncidentSuppNarrative>
      <IncidentOfficer>
         <OfficerRoleCode>P</OfficerRoleCode>
         <Officer>
            <AgencyCode>D42</AgencyCode>
            <ORINumber>SC0280000</ORINumber>
            <LastName>Ranz</LastName>
            <FirstName>Greg</FirstName>
            <InternalID>9696</InternalID>
         </Officer>
      </IncidentOfficer>
      <IncidentOfficer>
         <OfficerRoleCode>R</OfficerRoleCode>
         <Officer>
            <AgencyCode>D42</AgencyCode>
            <ORINumber>SC0280000</ORINumber>
            <LastName>Ranz</LastName>
            <FirstName>Greg</FirstName>
            <InternalID>9696</InternalID>
         </Officer>
      </IncidentOfficer>
      <IncidentOffense>
         <IncidentId>1874</IncidentId>
         <OffenseNumber>1</OffenseNumber>
         <OffenseStatusCode>00</OffenseStatusCode>
         <OffenseCode>35-43-2-1  B03</OffenseCode>
         <PlaceCode>44</PlaceCode>
         <BiasCode>88</BiasCode>
         <CSAUCode>A</CSAUCode>
         <SupplementSeq>0</SupplementSeq>
         <UCRNumber>1</UCRNumber>
         <OffenseStatusDate>07/29/2014 12:55:00</OffenseStatusDate>
         <ForcedEntryCode>N</ForcedEntryCode>
         <Remarks>test</Remarks>
         <AttemptedCompletedCode>A</AttemptedCompletedCode>
         <ArrestChargeCode>35-43-2-1  B03</ArrestChargeCode>
         <CreatorId>STATE_OFFICER11</CreatorId>
         <CreatorDate>07/29/2014 12:55:39</CreatorDate>
         <UpdatorId>STATE_OFFICER11</UpdatorId>
         <UpdatorDate>07/29/2014 12:55:41</UpdatorDate>
      </IncidentOffense>
      <IncidentPerson>
         <ApproxAge>38</ApproxAge>
         <ResidentStatusCode>O</ResidentStatusCode>
         <CreatorId>STATE_OFFICER11</CreatorId>
         <CreatorDate>07/29/2014 13:00:37</CreatorDate>
         <UpdatorId>TSTC</UpdatorId>
         <UpdatorDate>05/24/2023 12:41:17</UpdatorDate>
         <Person>
            <PersonId>59</PersonId>
            <RaceCode>W</RaceCode>
            <SexCode>M</SexCode>
            <EthnicityCode>U</EthnicityCode>
            <PersonVerified>Y</PersonVerified>
            <PersonPrimaryName>
               <LastName>Testtttttttttttttttttttttttttttttttttttttttttttttttttttttttttt</LastName>
               <FirstName>Jailllllllllllllllllllllllllllllllllllllllllllllll</FirstName>
               <MiddleName>CleanGuylllllllllllllllllllllllllllllllllllllllllllllllllllllllllll</MiddleName>
               <DOB>03/01/1976 00:00:00</DOB>
               <SSN>6.54549874E8</SSN>
               <DateOfInfo>03/22/2012 10:24:37</DateOfInfo>
               <SLastName>T230</SLastName>
               <SFirstName>J400</SFirstName>
            </PersonPrimaryName>
            <Alias>
               <NameTypeCode>P</NameTypeCode>
               <LastName>Testtttttttttttttttttttttttttttttttttttttttttttttttttttttttttt</LastName>
               <FirstName>Jailllllllllllllllllllllllllllllllllllllllllllllll</FirstName>
               <MiddleName>CleanGuylllllllllllllllllllllllllllllllllllllllllllllllllllllllllll</MiddleName>
               <DOB>03/01/1976 00:00:00</DOB>
               <SSN>6.54549874E8</SSN>
               <SLastName>T230</SLastName>
               <SFirstName>J400</SFirstName>
               <DateOfInfo>03/22/2012 10:24:37</DateOfInfo>
            </Alias>
         </Person>
         <IncidentPersonRole>
            <RoleType>S</RoleType>
            <CreatorId>STATE_OFFICER11</CreatorId>
            <CreatorDate>07/29/2014 13:00:37</CreatorDate>
            <UpdatorId>TSTC</UpdatorId>
            <UpdatorDate>08/15/2023 20:32:20</UpdatorDate>
         </IncidentPersonRole>
      </IncidentPerson>
      <IncidentPerson>
         <ApproxAge>13</ApproxAge>
         <ResidentStatusCode>U</ResidentStatusCode>
         <CreatorId>STATE_OFFICER11</CreatorId>
         <CreatorDate>07/29/2014 13:01:37</CreatorDate>
         <UpdatorId>TSTC</UpdatorId>
         <UpdatorDate>05/24/2023 12:41:17</UpdatorDate>
         <Person>
            <PersonId>175</PersonId>
            <RaceCode>U</RaceCode>
            <SexCode>U</SexCode>
            <PersonVerified>Y</PersonVerified>
            <PersonPrimaryName>
               <LastName>REEVES</LastName>
               <FirstName>ROGER</FirstName>
               <DateOfInfo>06/06/2012 13:56:21</DateOfInfo>
               <SLastName>R120</SLastName>
               <SFirstName>R260</SFirstName>
            </PersonPrimaryName>
            <Alias>
               <NameTypeCode>P</NameTypeCode>
               <LastName>REEVES</LastName>
               <FirstName>ROGER</FirstName>
               <SLastName>R120</SLastName>
               <SFirstName>R260</SFirstName>
               <DateOfInfo>06/06/2012 13:56:21</DateOfInfo>
            </Alias>
         </Person>
         <IncidentPersonRole>
            <RoleType>V</RoleType>
            <CreatorId>STATE_OFFICER11</CreatorId>
            <CreatorDate>07/29/2014 13:01:37</CreatorDate>
            <UpdatorId>TSTC</UpdatorId>
            <UpdatorDate>08/15/2023 20:32:20</UpdatorDate>
         </IncidentPersonRole>
      </IncidentPerson>
      <IncidentVehicle>
         <VEHICLE_ID>167</VEHICLE_ID>
         <RoleCode>OT</RoleCode>
         <CreatorId>STATE_OFFICER11</CreatorId>
         <CreatorDate>07/29/2014 14:37:48</CreatorDate>
         <UpdatorId>STATE_OFFICER11</UpdatorId>
         <UpdatorDate>07/29/2014 14:37:48</UpdatorDate>
         <DateOfInfo>11/30/2012 13:23:55</DateOfInfo>
         <DateOfInfo>01/07/2013 12:10:10</DateOfInfo>
         <DateOfInfo>01/14/2013 15:30:16</DateOfInfo>
         <DateOfInfo>09/18/2012 15:44:56</DateOfInfo>
         <DateOfInfo>11/12/2012 14:48:16</DateOfInfo>
         <DateOfInfo>10/26/2012 13:36:29</DateOfInfo>
         <DateOfInfo>02/15/2013 09:58:32</DateOfInfo>
         <DateOfInfo>03/15/2013 06:23:24</DateOfInfo>
         <DateOfInfo>10/16/2013 14:39:32</DateOfInfo>
         <DateOfInfo>10/29/2015 15:27:10</DateOfInfo>
         <StatusCode>10</StatusCode>
         <VIN>12345678765433456</VIN>
         <VehicleYear>2012</VehicleYear>
         <VehicleMakeCode>TOYT</VehicleMakeCode>
         <VehicleModelCode>PRI</VehicleModelCode>
         <VehicleValue>95000</VehicleValue>
         <VehicleValue>20000</VehicleValue>
         <VehicleValue>1</VehicleValue>
      </IncidentVehicle>
      <IncidentProperty>
         <RoleCode>8</RoleCode>
         <CreatorId>STATE_OFFICER11</CreatorId>
         <CreatorDate>07/29/2014 12:58:20</CreatorDate>
         <UpdatorId>TSTC</UpdatorId>
         <UpdatorDate>08/10/2017 23:00:44</UpdatorDate>
         <DateOfInfo>07/29/2014 00:00:00</DateOfInfo>
         <StatusCode>8</StatusCode>
         <DocumentTypeCode>P</DocumentTypeCode>
         <PropertyTypeCode>508</PropertyTypeCode>
         <PropertyValue>40</PropertyValue>
         <Value>40</Value>
         <SerialNumber>234234</SerialNumber>
         <Evidence>Y</Evidence>
         <EvidenceFlag>Y</EvidenceFlag>
         <ExternalEvidenceId>770</ExternalEvidenceId>
         <Property_ID>1077</Property_ID>
         <Quantity>1</Quantity>
      </IncidentProperty>
   </IncidentSupplement>
</Incident>