<?xml version="1.0" encoding="UTF-8"?>
<Incident xmlns:xsi="http://www.w3.org/2001/XMLSchema-instance"
          xsi:noNamespaceSchemaLocation="file:///C:/DATA/EJS/SVN_Root/Ejustice/trunk/XMLTransformations/OnlineRMSInternalToIncident/IAOnlineRMSIncidentImport.xsd">
   <IncidentReportNum>2015ROOT0178</IncidentReportNum>
   <AgencyCode>D42</AgencyCode>
   <ORINum>SC0280000</ORINum>
   <ReportDate>08/11/2015 09:03:00</ReportDate>
   <ReportTime>08/11/2015 09:03:00</ReportTime>
   <StartDate>08/11/2015 09:03:00</StartDate>
   <StartTime>08/01/2015 09:03:00</StartTime>
   <CreatorId>42CIDSUP</CreatorId>
   <CreatorDate>08/13/2015 09:03:44</CreatorDate>
   <UpdatorId>TSTC</UpdatorId>
   <UpdatorDate>09/09/2021 18:46:36</UpdatorDate>
   <IncidentType>
      <IncidentTypeCode>FV</IncidentTypeCode>
   </IncidentType>
   <IncidentAddress>
      <AddressId>289</AddressId>
      <Beat>104</Beat>
      <SubBeat>West Patrol</SubBeat>
      <City>13</City>
      <CreatorId>42CIDSUP</CreatorId>
      <CreatorDate>08/13/2015 09:05:43</CreatorDate>
      <UpdatorId>TSTC</UpdatorId>
      <UpdatorDate>08/13/2015 09:05:58</UpdatorDate>
      <Address>
         <AddressId>289</AddressId>
         <StreetNumber>303</StreetNumber>
         <StreetName>Cobblestone</StreetName>
         <StreetTypeCode>WAY</StreetTypeCode>
         <City>Bedrock</City>
         <StateCode>IN</StateCode>
         <Zip5>43221</Zip5>
         <Zip4>2</Zip4>
         <CountryCode>US</CountryCode>
         <Beat>104</Beat>
         <SubBeat>West Patrol</SubBeat>
         <AddressCommonName>
            <CommonPlaceName>Dead strip</CommonPlaceName>
         </AddressCommonName>
      </Address>
   </IncidentAddress>
   <IncidentSupplement>
      <SupplementSequence>0</SupplementSequence>
      <IncSupplementStatusCode>A</IncSupplementStatusCode>
      <SuppReportDate>08/13/2015 09:03:44</SuppReportDate>
      <SuppReportTime>08/13/2015 09:03:44</SuppReportTime>
      <AgencyOnly>N</AgencyOnly>
      <SecurityLevel>1100</SecurityLevel>
      <SuppAgencyCode>D42</SuppAgencyCode>
      <UnknownNoOffenders>N</UnknownNoOffenders>
      <DsIcrDate>08/13/2015 09:40:30</DsIcrDate>
      <DsIcrSubmissionStatus>SENT WAITING FOR RESPONSE</DsIcrSubmissionStatus>
      <CreatorId>42CIDSUP</CreatorId>
      <CreatorDate>08/13/2015 09:03:44</CreatorDate>
      <UpdatorId>TSTC</UpdatorId>
      <UpdatorDate>08/05/2021 17:38:23</UpdatorDate>
      <IncidentSuppNarrative>
         <NarrativeNumber>1</NarrativeNumber>
         <NarrativeTitle>Original Narrative</NarrativeTitle>
         <NarrativeText>&amp;nbsp;test&lt;br /&gt;  &lt;br type="_moz" /&gt;</NarrativeText>
         <CreatorId>42CIDSUP</CreatorId>
         <CreatorDate>08/13/2015 09:24:33</CreatorDate>
         <UpdatorId>42CIDSUP</UpdatorId>
         <UpdatorDate>08/13/2015 09:24:33</UpdatorDate>
      </IncidentSuppNarrative>
      <IncidentOfficer>
         <OfficerRoleCode>P</OfficerRoleCode>
         <Officer>
            <AgencyCode>D22</AgencyCode>
            <ORINumber>147258369</ORINumber>
            <LastName>Collins</LastName>
            <FirstName>Sgt.</FirstName>
            <InternalID>5513</InternalID>
         </Officer>
      </IncidentOfficer>
      <IncidentOfficer>
         <OfficerRoleCode>R</OfficerRoleCode>
         <Officer>
            <AgencyCode>D22</AgencyCode>
            <ORINumber>147258369</ORINumber>
            <LastName>Collins</LastName>
            <FirstName>Sgt.</FirstName>
            <InternalID>5513</InternalID>
         </Officer>
      </IncidentOfficer>
      <IncidentOffense>
         <IncidentId>2361</IncidentId>
         <OffenseNumber>1</OffenseNumber>
         <OffenseStatusCode>00</OffenseStatusCode>
         <OffenseCode>35-42-2-1  B08</OffenseCode>
         <PlaceCode>40</PlaceCode>
         <BiasCode>88</BiasCode>
         <CSAUCode>C</CSAUCode>
         <SupplementSeq>0</SupplementSeq>
         <UCRNumber>1</UCRNumber>
         <OffenseStatusDate>08/11/2015 09:03:00</OffenseStatusDate>
         <AttemptedCompletedCode>C</AttemptedCompletedCode>
         <ArrestChargeCode>35-42-2-1  B08</ArrestChargeCode>
         <CreatorId>42CIDSUP</CreatorId>
         <CreatorDate>08/13/2015 09:07:58</CreatorDate>
         <UpdatorId>42CIDSUP</UpdatorId>
         <UpdatorDate>08/13/2015 09:07:58</UpdatorDate>
      </IncidentOffense>
      <IncidentPerson>
         <ApproxAge>33</ApproxAge>
         <ResidentStatusCode>R</ResidentStatusCode>
         <CreatorId>42CIDSUP</CreatorId>
         <CreatorDate>08/13/2015 09:22:51</CreatorDate>
         <UpdatorId>TSTC</UpdatorId>
         <UpdatorDate>05/24/2023 12:41:21</UpdatorDate>
         <Person>
            <PersonId>394</PersonId>
            <RaceCode>W</RaceCode>
            <SexCode>M</SexCode>
            <PersonVerified>Y</PersonVerified>
            <PersonPrimaryName>
               <LastName>SMITH</LastName>
               <FirstName>JEFFERY</FirstName>
               <MiddleName>DAVID</MiddleName>
               <DOB>10/17/1981 00:00:00</DOB>
               <SSN>3.45708182E8</SSN>
               <DateOfInfo>09/11/2012 09:57:48</DateOfInfo>
               <SLastName>S530</SLastName>
               <SFirstName>J160</SFirstName>
            </PersonPrimaryName>
            <Alias>
               <NameTypeCode>P</NameTypeCode>
               <LastName>SMITH</LastName>
               <FirstName>JEFFERY</FirstName>
               <MiddleName>DAVID</MiddleName>
               <DOB>10/17/1981 00:00:00</DOB>
               <SSN>3.45708182E8</SSN>
               <SLastName>S530</SLastName>
               <SFirstName>J160</SFirstName>
               <DateOfInfo>09/11/2012 09:57:48</DateOfInfo>
            </Alias>
         </Person>
         <IncidentPersonRole>
            <RoleType>S</RoleType>
            <CreatorId>42CIDSUP</CreatorId>
            <CreatorDate>08/13/2015 09:22:51</CreatorDate>
            <UpdatorId>TSTC</UpdatorId>
            <UpdatorDate>08/15/2023 20:32:20</UpdatorDate>
         </IncidentPersonRole>
      </IncidentPerson>
      <IncidentPerson>
         <ApproxAge>36</ApproxAge>
         <ResidentStatusCode>R</ResidentStatusCode>
         <CreatorId>42CIDSUP</CreatorId>
         <CreatorDate>08/13/2015 09:23:37</CreatorDate>
         <UpdatorId>TSTC</UpdatorId>
         <UpdatorDate>05/24/2023 12:41:20</UpdatorDate>
         <Person>
            <PersonId>130</PersonId>
            <RaceCode>W</RaceCode>
            <SexCode>M</SexCode>
            <EthnicityCode>O</EthnicityCode>
            <PersonVerified>Y</PersonVerified>
            <PersonPrimaryName>
               <LastName>Bundy</LastName>
               <FirstName>Al</FirstName>
               <MiddleName>Test</MiddleName>
               <SSN>2.22222223E8</SSN>
               <DateOfInfo>05/03/2011 15:11:42</DateOfInfo>
               <SLastName>B530</SLastName>
               <SFirstName>A400</SFirstName>
            </PersonPrimaryName>
            <Alias>
               <NameTypeCode>P</NameTypeCode>
               <LastName>Bundy</LastName>
               <FirstName>Al</FirstName>
               <MiddleName>Test</MiddleName>
               <SSN>2.22222223E8</SSN>
               <SLastName>B530</SLastName>
               <SFirstName>A400</SFirstName>
               <DateOfInfo>05/03/2011 15:11:42</DateOfInfo>
            </Alias>
            <PersonAddress>
               <StreetNumber>2740</StreetNumber>
               <StreetDirCode>N</StreetDirCode>
               <StreetName>ADDISON MEADOWS</StreetName>
               <StreetTypeCode>LN</StreetTypeCode>
               <SubTypeCode>BSMT</SubTypeCode>
               <City>INDIANAPOLIS</City>
               <StateCode>PA</StateCode>
               <Zip5>46203</Zip5>
               <Zip4>5555</Zip4>
               <Longitude>-86.059884</Longitude>
               <Latitude>39.728722</Latitude>
               <Beat>Test</Beat>
               <SubBeat>Area</SubBeat>
            </PersonAddress>
            <PersonAddress>
               <StreetNumber>200</StreetNumber>
               <StreetName>Main</StreetName>
               <SubTypeCode>APT</SubTypeCode>
               <SubNumber>2G</SubNumber>
               <City>INDIANAPOLIS</City>
               <StateCode>IN</StateCode>
               <CountryCode>US</CountryCode>
               <Beat>Test</Beat>
               <SubBeat>Area</SubBeat>
            </PersonAddress>
            <PersonPhone>
               <PhoneTypeCode>RES</PhoneTypeCode>
               <PhoneArea>309</PhoneArea>
               <PhonePrefix>829</PhonePrefix>
               <PhoneSuffix>0123</PhoneSuffix>
               <DateOfInfo>05/03/2012 00:00:00</DateOfInfo>
            </PersonPhone>
            <PersonPhone>
               <PhoneTypeCode>CEL</PhoneTypeCode>
               <PhoneArea>309</PhoneArea>
               <PhonePrefix>888</PhonePrefix>
               <PhoneSuffix>5040</PhoneSuffix>
               <DateOfInfo>05/03/2012 00:00:00</DateOfInfo>
            </PersonPhone>
         </Person>
         <IncidentPersonRole>
            <RoleType>V</RoleType>
            <CreatorId>42CIDSUP</CreatorId>
            <CreatorDate>08/13/2015 09:23:37</CreatorDate>
            <UpdatorId>TSTC</UpdatorId>
            <UpdatorDate>08/15/2023 20:32:21</UpdatorDate>
         </IncidentPersonRole>
      </IncidentPerson>
   </IncidentSupplement>
   <IncidentSupplement>
      <SupplementSequence>1</SupplementSequence>
      <IncSupplementStatusCode>A</IncSupplementStatusCode>
      <SuppReportDate>08/13/2015 09:25:18</SuppReportDate>
      <SuppReportTime>08/13/2015 09:25:18</SuppReportTime>
      <AgencyOnly>N</AgencyOnly>
      <SecurityLevel>1201</SecurityLevel>
      <SuppAgencyCode>D42</SuppAgencyCode>
      <UnknownNoOffenders>N</UnknownNoOffenders>
      <DsIcrDate>08/13/2015 09:40:30</DsIcrDate>
      <DsIcrSubmissionStatus>SENT WAITING FOR RESPONSE</DsIcrSubmissionStatus>
      <CreatorId>42CIDSUP</CreatorId>
      <CreatorDate>08/13/2015 09:25:18</CreatorDate>
      <UpdatorId>TSTC</UpdatorId>
      <UpdatorDate>08/05/2021 17:38:23</UpdatorDate>
      <IncidentSuppNarrative>
         <NarrativeNumber>1</NarrativeNumber>
         <NarrativeTitle>Supplement#1 - Narrative</NarrativeTitle>
         <NarrativeText>&amp;nbsp;test</NarrativeText>
         <CreatorId>42CIDSUP</CreatorId>
         <CreatorDate>08/13/2015 09:34:50</CreatorDate>
         <UpdatorId>42CIDSUP</UpdatorId>
         <UpdatorDate>08/13/2015 09:34:50</UpdatorDate>
      </IncidentSuppNarrative>
      <IncidentOfficer>
         <OfficerRoleCode>P</OfficerRoleCode>
         <Officer>
            <AgencyCode>D22</AgencyCode>
            <ORINumber>147258369</ORINumber>
            <LastName>Collins</LastName>
            <FirstName>Sgt.</FirstName>
            <InternalID>5513</InternalID>
         </Officer>
      </IncidentOfficer>
      <IncidentOfficer>
         <OfficerRoleCode>R</OfficerRoleCode>
         <Officer>
            <AgencyCode>D22</AgencyCode>
            <ORINumber>147258369</ORINumber>
            <LastName>Collins</LastName>
            <FirstName>Sgt.</FirstName>
            <InternalID>5513</InternalID>
         </Officer>
      </IncidentOfficer>
   </IncidentSupplement>
   <IncidentSupplement>
      <SupplementSequence>2</SupplementSequence>
      <IncSupplementStatusCode>A</IncSupplementStatusCode>
      <SuppReportDate>08/13/2015 09:38:03</SuppReportDate>
      <SuppReportTime>08/13/2015 09:38:03</SuppReportTime>
      <AgencyOnly>N</AgencyOnly>
      <SecurityLevel>1201</SecurityLevel>
      <SuppAgencyCode>D14</SuppAgencyCode>
      <UnknownNoOffenders>N</UnknownNoOffenders>
      <DsIcrDate>08/13/2015 09:40:30</DsIcrDate>
      <DsIcrSubmissionStatus>SENT WAITING FOR RESPONSE</DsIcrSubmissionStatus>
      <CreatorId>STATE_CIDSUP7</CreatorId>
      <CreatorDate>08/13/2015 09:38:03</CreatorDate>
      <UpdatorId>TSTC</UpdatorId>
      <UpdatorDate>08/05/2021 17:38:24</UpdatorDate>
      <IncidentSuppNarrative>
         <NarrativeNumber>1</NarrativeNumber>
         <NarrativeTitle>Supplement#2 - Narrative</NarrativeTitle>
         <NarrativeText>&amp;nbsp;test</NarrativeText>
         <CreatorId>STATE_CIDSUP7</CreatorId>
         <CreatorDate>08/13/2015 09:40:17</CreatorDate>
         <UpdatorId>STATE_CIDSUP7</UpdatorId>
         <UpdatorDate>08/13/2015 09:40:17</UpdatorDate>
      </IncidentSuppNarrative>
      <IncidentOfficer>
         <OfficerRoleCode>P</OfficerRoleCode>
         <Officer>
            <AgencyCode>D14</AgencyCode>
            <ORINumber>789012345</ORINumber>
            <LastName>Intent</LastName>
            <FirstName>Always (CID Sup)</FirstName>
            <InternalID>2354</InternalID>
         </Officer>
      </IncidentOfficer>
      <IncidentOfficer>
         <OfficerRoleCode>R</OfficerRoleCode>
         <Officer>
            <AgencyCode>D14</AgencyCode>
            <ORINumber>789012345</ORINumber>
            <LastName>Intent</LastName>
            <FirstName>Always (CID Sup)</FirstName>
            <InternalID>2354</InternalID>
         </Officer>
      </IncidentOfficer>
      <IncidentPerson>
         <ApproxAge>95</ApproxAge>
         <ResidentStatusCode>R</ResidentStatusCode>
         <CreatorId>STATE_CIDSUP7</CreatorId>
         <CreatorDate>08/13/2015 09:39:38</CreatorDate>
         <UpdatorId>TSTC</UpdatorId>
         <UpdatorDate>05/24/2023 12:41:20</UpdatorDate>
         <Person>
            <PersonId>528</PersonId>
            <RaceCode>W</RaceCode>
            <SexCode>M</SexCode>
            <EthnicityCode>O</EthnicityCode>
            <PersonVerified>Y</PersonVerified>
            <PersonPrimaryName>
               <LastName>Cousteau</LastName>
               <FirstName>Jacques</FirstName>
               <MiddleName>Yves</MiddleName>
               <DOB>06/11/1920 00:00:00</DOB>
               <DateOfInfo>03/26/2014 16:10:19</DateOfInfo>
               <SLastName>C230</SLastName>
               <SFirstName>J220</SFirstName>
            </PersonPrimaryName>
            <Alias>
               <NameTypeCode>P</NameTypeCode>
               <LastName>Cousteau</LastName>
               <FirstName>Jacques</FirstName>
               <MiddleName>Yves</MiddleName>
               <DOB>06/11/1920 00:00:00</DOB>
               <SLastName>C230</SLastName>
               <SFirstName>J220</SFirstName>
               <DateOfInfo>03/26/2014 16:10:19</DateOfInfo>
            </Alias>
            <PersonAddress>
               <StreetNumber>123</StreetNumber>
               <StreetDirCode>N</StreetDirCode>
               <StreetName>Automation</StreetName>
               <StreetTypeCode>RD</StreetTypeCode>
               <SubTypeCode>TRLR</SubTypeCode>
               <CountryCode>US</CountryCode>
               <Beat>104</Beat>
               <SubBeat>West Patrol</SubBeat>
            </PersonAddress>
         </Person>
         <IncidentPersonRole>
            <RoleType>V</RoleType>
            <CreatorId>STATE_CIDSUP7</CreatorId>
            <CreatorDate>08/13/2015 09:39:38</CreatorDate>
            <UpdatorId>TSTC</UpdatorId>
            <UpdatorDate>08/15/2023 20:32:21</UpdatorDate>
         </IncidentPersonRole>
      </IncidentPerson>
   </IncidentSupplement>
</Incident>