<?xml version="1.0" encoding="UTF-8"?>
<Incident xmlns:xsi="http://www.w3.org/2001/XMLSchema-instance"
          xsi:noNamespaceSchemaLocation="file:///C:/DATA/EJS/SVN_Root/Ejustice/trunk/XMLTransformations/OnlineRMSInternalToIncident/IAOnlineRMSIncidentImport.xsd">
   <IncidentReportNum>2015ROOT0165</IncidentReportNum>
   <AgencyCode>D42</AgencyCode>
   <ORINum>SC0280000</ORINum>
   <ReportDate>08/05/2015 13:22:00</ReportDate>
   <ReportTime>08/05/2015 13:22:00</ReportTime>
   <StartDate>08/05/2015 13:22:00</StartDate>
   <StartTime>08/01/2015 13:22:00</StartTime>
   <CreatorId>42CIDSUP</CreatorId>
   <CreatorDate>08/06/2015 13:22:40</CreatorDate>
   <UpdatorId>TSTC</UpdatorId>
   <UpdatorDate>09/09/2021 18:46:36</UpdatorDate>
   <IncidentType>
      <IncidentTypeCode>DC</IncidentTypeCode>
   </IncidentType>
   <IncidentAddress>
      <AddressId>244</AddressId>
      <Beat>Test</Beat>
      <SubBeat>Area</SubBeat>
      <City>66</City>
      <CreatorId>42CIDSUP</CreatorId>
      <CreatorDate>08/06/2015 13:23:06</CreatorDate>
      <UpdatorId>TSTC</UpdatorId>
      <UpdatorDate>08/06/2015 13:23:09</UpdatorDate>
      <Address>
         <AddressId>244</AddressId>
         <StreetNumber>350</StreetNumber>
         <StreetName>B</StreetName>
         <StreetTypeCode>ST</StreetTypeCode>
         <StreetSuffixCode>NE</StreetSuffixCode>
         <City>LINTON</City>
         <StateCode>IN</StateCode>
         <Zip5>47441</Zip5>
         <Beat>Test</Beat>
         <SubBeat>Area</SubBeat>
         <AddressCommonName>
            <CommonPlaceName>Dead strip</CommonPlaceName>
         </AddressCommonName>
      </Address>
   </IncidentAddress>
   <IncidentSupplement>
      <SupplementSequence>0</SupplementSequence>
      <IncSupplementStatusCode>A</IncSupplementStatusCode>
      <SuppReportDate>08/06/2015 13:22:41</SuppReportDate>
      <SuppReportTime>08/06/2015 13:22:41</SuppReportTime>
      <AgencyOnly>N</AgencyOnly>
      <SecurityLevel>1100</SecurityLevel>
      <SuppAgencyCode>D42</SuppAgencyCode>
      <UnknownNoOffenders>N</UnknownNoOffenders>
      <DsIcrDate>08/06/2015 13:30:13</DsIcrDate>
      <DsIcrSubmissionStatus>SENT WAITING FOR RESPONSE</DsIcrSubmissionStatus>
      <CreatorId>42CIDSUP</CreatorId>
      <CreatorDate>08/06/2015 13:22:41</CreatorDate>
      <UpdatorId>TSTC</UpdatorId>
      <UpdatorDate>08/05/2021 17:38:24</UpdatorDate>
      <IncidentSuppNarrative>
         <NarrativeNumber>1</NarrativeNumber>
         <NarrativeTitle>Original Narrative</NarrativeTitle>
         <NarrativeText>&amp;nbsp;2015ROOT0165</NarrativeText>
         <CreatorId>STATE_OFFICER111</CreatorId>
         <CreatorDate>08/06/2015 13:29:39</CreatorDate>
         <UpdatorId>TSTC</UpdatorId>
         <UpdatorDate>07/12/2017 13:34:01</UpdatorDate>
      </IncidentSuppNarrative>
      <IncidentOfficer>
         <OfficerRoleCode>P</OfficerRoleCode>
         <Officer>
            <AgencyCode>D22</AgencyCode>
            <ORINumber>147258369</ORINumber>
            <LastName>Collins</LastName>
            <FirstName>Sgt.</FirstName>
            <InternalID>5513</InternalID>
         </Officer>
      </IncidentOfficer>
      <IncidentOfficer>
         <OfficerRoleCode>R</OfficerRoleCode>
         <Officer>
            <AgencyCode>D22</AgencyCode>
            <ORINumber>147258369</ORINumber>
            <LastName>Collins</LastName>
            <FirstName>Sgt.</FirstName>
            <InternalID>5513</InternalID>
         </Officer>
      </IncidentOfficer>
      <IncidentOffense>
         <IncidentId>2347</IncidentId>
         <OffenseNumber>1</OffenseNumber>
         <OffenseStatusCode>00</OffenseStatusCode>
         <OffenseCode>35-42-2-1  B08</OffenseCode>
         <PlaceCode>01</PlaceCode>
         <BiasCode>88</BiasCode>
         <CSAUCode>C</CSAUCode>
         <SupplementSeq>0</SupplementSeq>
         <UCRNumber>1</UCRNumber>
         <OffenseStatusDate>08/05/2015 13:22:00</OffenseStatusDate>
         <AttemptedCompletedCode>C</AttemptedCompletedCode>
         <ArrestChargeCode>35-42-2-1  B08</ArrestChargeCode>
         <CreatorId>42CIDSUP</CreatorId>
         <CreatorDate>08/06/2015 13:24:36</CreatorDate>
         <UpdatorId>42CIDSUP</UpdatorId>
         <UpdatorDate>08/06/2015 13:24:36</UpdatorDate>
      </IncidentOffense>
      <IncidentOffense>
         <IncidentId>2347</IncidentId>
         <OffenseNumber>2</OffenseNumber>
         <OffenseStatusCode>00</OffenseStatusCode>
         <OffenseCode>35-43-4-2  T31</OffenseCode>
         <PlaceCode>01</PlaceCode>
         <BiasCode>88</BiasCode>
         <CSAUCode>C</CSAUCode>
         <SupplementSeq>0</SupplementSeq>
         <UCRNumber>2</UCRNumber>
         <OffenseStatusDate>08/05/2015 13:22:00</OffenseStatusDate>
         <AttemptedCompletedCode>C</AttemptedCompletedCode>
         <ArrestChargeCode>35-43-4-2  T31</ArrestChargeCode>
         <CreatorId>42CIDSUP</CreatorId>
         <CreatorDate>08/06/2015 13:25:15</CreatorDate>
         <UpdatorId>42CIDSUP</UpdatorId>
         <UpdatorDate>08/06/2015 13:25:15</UpdatorDate>
      </IncidentOffense>
      <IncidentPerson>
         <ApproxAge>59</ApproxAge>
         <ResidentStatusCode>R</ResidentStatusCode>
         <CreatorId>42CIDSUP</CreatorId>
         <CreatorDate>08/06/2015 13:26:50</CreatorDate>
         <UpdatorId>TSTC</UpdatorId>
         <UpdatorDate>05/24/2023 12:41:20</UpdatorDate>
         <Person>
            <PersonId>700</PersonId>
            <RaceCode>B</RaceCode>
            <SexCode>M</SexCode>
            <PersonVerified>Y</PersonVerified>
            <PersonPrimaryName>
               <LastName>Livingwell</LastName>
               <FirstName>Charlie</FirstName>
               <DateOfInfo>03/12/2015 11:08:13</DateOfInfo>
               <SLastName>L152</SLastName>
               <SFirstName>C640</SFirstName>
            </PersonPrimaryName>
            <Alias>
               <NameTypeCode>P</NameTypeCode>
               <LastName>Livingwell</LastName>
               <FirstName>Charlie</FirstName>
               <SLastName>L152</SLastName>
               <SFirstName>C640</SFirstName>
               <DateOfInfo>03/12/2015 11:08:13</DateOfInfo>
            </Alias>
         </Person>
         <IncidentPersonRole>
            <RoleType>V</RoleType>
            <CreatorId>42CIDSUP</CreatorId>
            <CreatorDate>08/06/2015 13:27:51</CreatorDate>
            <UpdatorId>TSTC</UpdatorId>
            <UpdatorDate>08/15/2023 20:32:19</UpdatorDate>
         </IncidentPersonRole>
         <IncidentPersonRole>
            <RoleType>S</RoleType>
            <CreatorId>42CIDSUP</CreatorId>
            <CreatorDate>08/06/2015 13:26:50</CreatorDate>
            <UpdatorId>TSTC</UpdatorId>
            <UpdatorDate>08/15/2023 20:32:20</UpdatorDate>
         </IncidentPersonRole>
      </IncidentPerson>
      <IncidentPerson>
         <ApproxAge>43</ApproxAge>
         <ResidentStatusCode>R</ResidentStatusCode>
         <CreatorId>42CIDSUP</CreatorId>
         <CreatorDate>08/06/2015 13:27:23</CreatorDate>
         <UpdatorId>TSTC</UpdatorId>
         <UpdatorDate>05/24/2023 12:41:20</UpdatorDate>
         <Person>
            <PersonId>139</PersonId>
            <RaceCode>B</RaceCode>
            <SexCode>M</SexCode>
            <EthnicityCode>H</EthnicityCode>
            <PersonVerified>Y</PersonVerified>
            <PersonPrimaryName>
               <LastName>Smithson</LastName>
               <FirstName>Ralph</FirstName>
               <MiddleName>X</MiddleName>
               <DOB>01/01/1972 00:00:00</DOB>
               <SSN>1.23456789E8</SSN>
               <DateOfInfo>05/21/2012 12:48:10</DateOfInfo>
               <SLastName>S532</SLastName>
               <SFirstName>R410</SFirstName>
            </PersonPrimaryName>
            <Alias>
               <NameTypeCode>P</NameTypeCode>
               <LastName>Smithson</LastName>
               <FirstName>Ralph</FirstName>
               <MiddleName>X</MiddleName>
               <DOB>01/01/1972 00:00:00</DOB>
               <SSN>1.23456789E8</SSN>
               <SLastName>S532</SLastName>
               <SFirstName>R410</SFirstName>
               <DateOfInfo>05/21/2012 12:48:10</DateOfInfo>
            </Alias>
            <PersonPhone>
               <PhoneTypeCode>RES</PhoneTypeCode>
               <PhoneArea>555</PhoneArea>
               <PhonePrefix>666</PhonePrefix>
               <PhoneSuffix>7777</PhoneSuffix>
               <DateOfInfo>11/27/2018 00:00:00</DateOfInfo>
            </PersonPhone>
            <PersonPhone>
               <PhoneTypeCode>CEL</PhoneTypeCode>
               <PhoneArea>888</PhoneArea>
               <PhonePrefix>999</PhonePrefix>
               <PhoneSuffix>1111</PhoneSuffix>
               <DateOfInfo>11/27/2018 00:00:00</DateOfInfo>
            </PersonPhone>
         </Person>
         <IncidentPersonRole>
            <RoleType>S</RoleType>
            <CreatorId>42CIDSUP</CreatorId>
            <CreatorDate>08/06/2015 13:27:23</CreatorDate>
            <UpdatorId>TSTC</UpdatorId>
            <UpdatorDate>08/15/2023 20:32:19</UpdatorDate>
         </IncidentPersonRole>
         <IncidentPersonRole>
            <RoleType>V</RoleType>
            <CreatorId>42CIDSUP</CreatorId>
            <CreatorDate>08/06/2015 13:28:12</CreatorDate>
            <UpdatorId>TSTC</UpdatorId>
            <UpdatorDate>08/15/2023 20:32:19</UpdatorDate>
         </IncidentPersonRole>
      </IncidentPerson>
      <IncidentProperty>
         <RoleCode>7</RoleCode>
         <CreatorId>42CIDSUP</CreatorId>
         <CreatorDate>08/06/2015 13:29:16</CreatorDate>
         <UpdatorId>TSTC</UpdatorId>
         <UpdatorDate>08/10/2017 23:00:42</UpdatorDate>
         <DateOfInfo>08/06/2015 00:00:00</DateOfInfo>
         <StatusCode>5</StatusCode>
         <DocumentTypeCode>C</DocumentTypeCode>
         <PropertyTypeCode>CSH</PropertyTypeCode>
         <PropertyValue>200</PropertyValue>
         <Value>200</Value>
         <Evidence>N</Evidence>
         <EvidenceFlag>N</EvidenceFlag>
         <Property_ID>1304</Property_ID>
         <Quantity>4</Quantity>
         <Amount>200</Amount>
      </IncidentProperty>
   </IncidentSupplement>
</Incident>