<?xml version="1.0" encoding="UTF-8"?>
<Incident xmlns:xsi="http://www.w3.org/2001/XMLSchema-instance"
          xsi:noNamespaceSchemaLocation="file:///C:/DATA/EJS/SVN_Root/Ejustice/trunk/XMLTransformations/OnlineRMSInternalToIncident/IAOnlineRMSIncidentImport.xsd">
   <IncidentReportNum>2015ROOT0138</IncidentReportNum>
   <AgencyCode>D42</AgencyCode>
   <ORINum>SC0280000</ORINum>
   <ReportDate>07/10/2015 11:28:00</ReportDate>
   <ReportTime>07/10/2015 11:28:00</ReportTime>
   <StartDate>07/10/2015 11:28:00</StartDate>
   <StartTime>07/01/2015 11:28:00</StartTime>
   <Summary>test</Summary>
   <CreatorId>STATE_OFFICER11</CreatorId>
   <CreatorDate>07/10/2015 11:28:22</CreatorDate>
   <UpdatorId>TSTC</UpdatorId>
   <UpdatorDate>09/09/2021 18:46:36</UpdatorDate>
   <IncidentType>
      <IncidentTypeCode>AIR</IncidentTypeCode>
   </IncidentType>
   <IncidentAddress>
      <AddressId>513</AddressId>
      <City>8</City>
      <CreatorId>STATE_OFFICER11</CreatorId>
      <CreatorDate>07/10/2015 11:29:08</CreatorDate>
      <UpdatorId>TSTC</UpdatorId>
      <UpdatorDate>07/10/2015 11:29:11</UpdatorDate>
      <Address>
         <AddressId>513</AddressId>
         <StreetNumber>1936</StreetNumber>
         <StreetName>Buchanan</StreetName>
         <StreetTypeCode>ST</StreetTypeCode>
         <City>San Francisco</City>
         <StateCode>CA</StateCode>
         <Zip5>94115</Zip5>
         <CountryCode>US</CountryCode>
         <Longitude>-122.430241</Longitude>
         <Latitude>37.787967</Latitude>
      </Address>
   </IncidentAddress>
   <IncidentSupplement>
      <SupplementSequence>0</SupplementSequence>
      <IncSupplementStatusCode>A</IncSupplementStatusCode>
      <SuppReportDate>07/10/2015 11:28:22</SuppReportDate>
      <SuppReportTime>07/10/2015 11:28:22</SuppReportTime>
      <AgencyOnly>N</AgencyOnly>
      <SecurityLevel>1900</SecurityLevel>
      <SuppAgencyCode>D42</SuppAgencyCode>
      <UnknownNoOffenders>N</UnknownNoOffenders>
      <DsIcrDate>07/16/2015 16:13:58</DsIcrDate>
      <DsIcrSubmissionStatus>READY TO BE PROCESSED-ORIGINAL</DsIcrSubmissionStatus>
      <CreatorId>STATE_OFFICER11</CreatorId>
      <CreatorDate>07/10/2015 11:28:22</CreatorDate>
      <UpdatorId>TSTC</UpdatorId>
      <UpdatorDate>08/05/2021 17:38:23</UpdatorDate>
      <IncidentSuppNarrative>
         <NarrativeNumber>1</NarrativeNumber>
         <NarrativeTitle>Original Narrative</NarrativeTitle>
         <NarrativeText>test</NarrativeText>
         <CreatorId>STATE_RECORDS</CreatorId>
         <CreatorDate>07/10/2015 11:47:34</CreatorDate>
         <UpdatorId>TSTC</UpdatorId>
         <UpdatorDate>07/12/2017 12:56:10</UpdatorDate>
      </IncidentSuppNarrative>
      <IncidentOfficer>
         <OfficerRoleCode>P</OfficerRoleCode>
         <Officer>
            <AgencyCode>D42</AgencyCode>
            <ORINumber>SC0280000</ORINumber>
            <LastName>Ranz</LastName>
            <FirstName>Greg</FirstName>
            <InternalID>9696</InternalID>
         </Officer>
      </IncidentOfficer>
      <IncidentOfficer>
         <OfficerRoleCode>R</OfficerRoleCode>
         <Officer>
            <AgencyCode>D42</AgencyCode>
            <ORINumber>SC0280000</ORINumber>
            <LastName>Ranz</LastName>
            <FirstName>Greg</FirstName>
            <InternalID>9696</InternalID>
         </Officer>
      </IncidentOfficer>
      <IncidentOffense>
         <IncidentId>2314</IncidentId>
         <OffenseNumber>1</OffenseNumber>
         <OffenseStatusCode>00</OffenseStatusCode>
         <OffenseCode>35-42-1-1  M01        </OffenseCode>
         <PlaceCode>40</PlaceCode>
         <BiasCode>88</BiasCode>
         <CSAUCode>C</CSAUCode>
         <SupplementSeq>0</SupplementSeq>
         <UCRNumber>1</UCRNumber>
         <OffenseStatusDate>07/10/2015 11:28:00</OffenseStatusDate>
         <AttemptedCompletedCode>C</AttemptedCompletedCode>
         <ArrestChargeCode>35-42-1-1  M01        </ArrestChargeCode>
         <CreatorId>STATE_OFFICER11</CreatorId>
         <CreatorDate>07/10/2015 11:29:34</CreatorDate>
         <UpdatorId>STATE_OFFICER11</UpdatorId>
         <UpdatorDate>07/10/2015 11:29:34</UpdatorDate>
      </IncidentOffense>
   </IncidentSupplement>
</Incident>