<?xml version="1.0" encoding="UTF-8"?>
<Incident xmlns:xsi="http://www.w3.org/2001/XMLSchema-instance"
          xsi:noNamespaceSchemaLocation="file:///C:/DATA/EJS/SVN_Root/Ejustice/trunk/XMLTransformations/OnlineRMSInternalToIncident/IAOnlineRMSIncidentImport.xsd">
   <IncidentReportNum>2017-11-334-000051</IncidentReportNum>
   <AgencyCode>D42</AgencyCode>
   <ORINum>SC0280000</ORINum>
   <ReportDate>11/30/2017 12:27:00</ReportDate>
   <ReportTime>11/30/2017 12:27:00</ReportTime>
   <StartDate>11/30/2017 12:24:00</StartDate>
   <StartTime>01/01/2018 12:24:00</StartTime>
   <Summary>asdf</Summary>
   <CreatorId>TSTC</CreatorId>
   <CreatorDate>11/30/2017 12:27:28</CreatorDate>
   <UpdatorId>TSTC</UpdatorId>
   <UpdatorDate>09/09/2021 18:46:39</UpdatorDate>
   <IncidentType>
      <IncidentTypeCode>B/V</IncidentTypeCode>
   </IncidentType>
   <IncidentAddress>
      <AddressId>1490</AddressId>
      <City>43</City>
      <CreatorId>TSTC</CreatorId>
      <CreatorDate>11/30/2017 12:27:29</CreatorDate>
      <UpdatorId>TSTC</UpdatorId>
      <UpdatorDate>01/10/2018 11:09:06</UpdatorDate>
      <Address>
         <AddressId>1490</AddressId>
         <StreetNumber>600</StreetNumber>
         <StreetName>Apple</StreetName>
         <StreetTypeCode>ST</StreetTypeCode>
         <City>Greenfield</City>
         <StateCode>IN</StateCode>
         <Zip5>46140</Zip5>
         <CountryCode>US</CountryCode>
         <Longitude>-85.75562936605276</Longitude>
         <Latitude>39.79132762038773</Latitude>
      </Address>
   </IncidentAddress>
   <IncidentSupplement>
      <SupplementSequence>0</SupplementSequence>
      <IncSupplementStatusCode>A</IncSupplementStatusCode>
      <SuppReportDate>11/30/2017 12:27:27</SuppReportDate>
      <SuppReportTime>11/30/2017 12:27:27</SuppReportTime>
      <AgencyOnly>N</AgencyOnly>
      <SecurityLevel>1100</SecurityLevel>
      <SuppAgencyCode>D42</SuppAgencyCode>
      <UnknownNoOffenders>Y</UnknownNoOffenders>
      <DsIcrDate>01/10/2018 11:14:37</DsIcrDate>
      <DsIcrSubmissionStatus>NOT REPORTABLE</DsIcrSubmissionStatus>
      <CreatorId>TSTC</CreatorId>
      <CreatorDate>11/30/2017 12:27:28</CreatorDate>
      <UpdatorId>TSTC</UpdatorId>
      <UpdatorDate>08/05/2021 17:38:27</UpdatorDate>
      <IncidentSuppNarrative>
         <NarrativeNumber>1</NarrativeNumber>
         <NarrativeTitle>Combined narratives from CAD</NarrativeTitle>
         <NarrativeText>12/01/2017 14:27:42 ANG: Test narrative&lt;br /&gt;</NarrativeText>
         <CreatorId>TSTC</CreatorId>
         <CreatorDate>12/01/2017 14:32:19</CreatorDate>
         <UpdatorId>TSTC</UpdatorId>
         <UpdatorDate>12/01/2017 14:32:21</UpdatorDate>
      </IncidentSuppNarrative>
      <IncidentOfficer>
         <OfficerRoleCode>P</OfficerRoleCode>
         <Officer>
            <AgencyCode>D42</AgencyCode>
            <ORINumber>SC0280000</ORINumber>
            <LastName>Ranz</LastName>
            <FirstName>Greg</FirstName>
            <InternalID>9696</InternalID>
         </Officer>
      </IncidentOfficer>
      <IncidentOfficer>
         <OfficerRoleCode>R</OfficerRoleCode>
         <Officer>
            <AgencyCode>D42</AgencyCode>
            <ORINumber>SC0280000</ORINumber>
            <LastName>Ranz</LastName>
            <FirstName>Greg</FirstName>
            <InternalID>9696</InternalID>
         </Officer>
      </IncidentOfficer>
      <IncidentVehicle>
         <VEHICLE_ID>595</VEHICLE_ID>
         <RoleCode>OT</RoleCode>
         <CreatorId>TSTC</CreatorId>
         <CreatorDate>12/01/2017 14:30:57</CreatorDate>
         <UpdatorId>TSTC</UpdatorId>
         <UpdatorDate>12/01/2017 14:32:21</UpdatorDate>
         <DateOfInfo>12/01/2017 14:30:51</DateOfInfo>
         <DateOfInfo>12/01/2017 14:30:53</DateOfInfo>
         <StatusCode>8</StatusCode>
         <VIN>789456123</VIN>
         <VehicleYear>2018</VehicleYear>
         <VehicleMakeCode>HOND</VehicleMakeCode>
         <VehicleModelCode>CRV</VehicleModelCode>
         <VehicleStyleCode>SD</VehicleStyleCode>
         <VehicleTypeCode>AT</VehicleTypeCode>
         <VehPriColorCode>BLK</VehPriColorCode>
         <VehPriColorCode>BLK</VehPriColorCode>
         <VehicleLicStateCode>KS</VehicleLicStateCode>
         <VehicleLicStateCode>KS</VehicleLicStateCode>
         <VehicleLicNumber>RWI 678X</VehicleLicNumber>
         <VehicleLicNumber>RWI 678X</VehicleLicNumber>
      </IncidentVehicle>
      <IncidentVehicle>
         <VEHICLE_ID>618</VEHICLE_ID>
         <RoleCode>OT</RoleCode>
         <CreatorId>TSTC</CreatorId>
         <CreatorDate>12/01/2017 14:32:21</CreatorDate>
         <UpdatorId>TSTC</UpdatorId>
         <UpdatorDate>12/01/2017 14:32:21</UpdatorDate>
         <DateOfInfo>12/01/2017 14:31:24</DateOfInfo>
         <StatusCode>8</StatusCode>
         <VIN>9876548745</VIN>
         <VehicleMakeCode>AUDI</VehicleMakeCode>
         <VehicleStyleCode>SD</VehicleStyleCode>
         <VehicleTypeCode>AT</VehicleTypeCode>
         <VehPriColorCode>BLU</VehPriColorCode>
         <VehicleLicStateCode>MD</VehicleLicStateCode>
         <VehicleLicNumber>HHH990</VehicleLicNumber>
      </IncidentVehicle>
   </IncidentSupplement>
   <IncidentSupplement>
      <SupplementSequence>1</SupplementSequence>
      <IncSupplementStatusCode>A</IncSupplementStatusCode>
      <SuppReportDate>01/10/2018 11:12:44</SuppReportDate>
      <SuppReportTime>01/10/2018 11:12:44</SuppReportTime>
      <AgencyOnly>N</AgencyOnly>
      <SecurityLevel>1201</SecurityLevel>
      <SuppAgencyCode>D42</SuppAgencyCode>
      <UnknownNoOffenders>N</UnknownNoOffenders>
      <DsIcrDate>01/10/2018 11:14:37</DsIcrDate>
      <DsIcrSubmissionStatus>NOT REPORTABLE</DsIcrSubmissionStatus>
      <CreatorId>STATE_OFFICER11</CreatorId>
      <CreatorDate>01/10/2018 11:12:44</CreatorDate>
      <UpdatorId>TSTC</UpdatorId>
      <UpdatorDate>08/05/2021 17:38:25</UpdatorDate>
      <IncidentSuppNarrative>
         <NarrativeNumber>1</NarrativeNumber>
         <NarrativeTitle>Supplement#1 - Narrative</NarrativeTitle>
         <NarrativeText>asdfasd</NarrativeText>
         <CreatorId>STATE_OFFICER11</CreatorId>
         <CreatorDate>01/10/2018 11:13:29</CreatorDate>
         <UpdatorId>STATE_OFFICER11</UpdatorId>
         <UpdatorDate>01/10/2018 11:13:29</UpdatorDate>
      </IncidentSuppNarrative>
      <IncidentOfficer>
         <OfficerRoleCode>P</OfficerRoleCode>
         <Officer>
            <AgencyCode>D42</AgencyCode>
            <ORINumber>SC0280000</ORINumber>
            <LastName>Ranz</LastName>
            <FirstName>Greg</FirstName>
            <InternalID>9696</InternalID>
         </Officer>
      </IncidentOfficer>
      <IncidentOfficer>
         <OfficerRoleCode>R</OfficerRoleCode>
         <Officer>
            <AgencyCode>D42</AgencyCode>
            <ORINumber>SC0280000</ORINumber>
            <LastName>Ranz</LastName>
            <FirstName>Greg</FirstName>
            <InternalID>9696</InternalID>
         </Officer>
      </IncidentOfficer>
      <IncidentOffense>
         <IncidentId>3026</IncidentId>
         <OffenseNumber>1</OffenseNumber>
         <OffenseStatusCode>06</OffenseStatusCode>
         <OffenseCode>35-43-2-2  C01</OffenseCode>
         <PlaceCode>12</PlaceCode>
         <BiasCode>26</BiasCode>
         <CSAUCode>C</CSAUCode>
         <SupplementSeq>1</SupplementSeq>
         <UCRNumber>1</UCRNumber>
         <OffenseStatusDate>11/30/2017 12:24:00</OffenseStatusDate>
         <AttemptedCompletedCode>C</AttemptedCompletedCode>
         <ArrestChargeCode>35-43-2-2  C01</ArrestChargeCode>
         <CreatorId>STATE_OFFICER11</CreatorId>
         <CreatorDate>01/10/2018 11:13:17</CreatorDate>
         <UpdatorId>STATE_OFFICER11</UpdatorId>
         <UpdatorDate>01/10/2018 11:13:17</UpdatorDate>
      </IncidentOffense>
      <IncidentBusiness>
         <BusinessNumber>240000001</BusinessNumber>
         <BusinessName>SOCIETY</BusinessName>
         <IncBusinessRoleCode>V</IncBusinessRoleCode>
         <CreatorId>STATE_OFFICER11</CreatorId>
         <CreatorDate>01/10/2018 11:13:17</CreatorDate>
         <UpdatorId>STATE_OFFICER11</UpdatorId>
         <UpdatorDate>01/10/2018 11:13:17</UpdatorDate>
      </IncidentBusiness>
   </IncidentSupplement>
</Incident>