<?xml version="1.0" encoding="UTF-8"?>
<Incident xmlns:xsi="http://www.w3.org/2001/XMLSchema-instance"
          xsi:noNamespaceSchemaLocation="file:///C:/DATA/EJS/SVN_Root/Ejustice/trunk/XMLTransformations/OnlineRMSInternalToIncident/IAOnlineRMSIncidentImport.xsd">
   <IncidentReportNum>2017D4210082</IncidentReportNum>
   <AgencyCode>D42</AgencyCode>
   <ORINum>SC0280000</ORINum>
   <ReportDate>06/01/2017 13:00:00</ReportDate>
   <ReportTime>06/01/2017 13:00:00</ReportTime>
   <StartDate>06/01/2017 02:00:00</StartDate>
   <StartTime>06/01/2017 02:00:00</StartTime>
   <Summary>test</Summary>
   <CreatorId>STATE_OFFICER11</CreatorId>
   <CreatorDate>06/16/2017 09:12:54</CreatorDate>
   <UpdatorId>TSTC</UpdatorId>
   <UpdatorDate>09/09/2021 18:46:38</UpdatorDate>
   <IncidentType>
      <IncidentTypeCode>CAD</IncidentTypeCode>
   </IncidentType>
   <IncidentType>
      <IncidentTypeCode>B/B</IncidentTypeCode>
   </IncidentType>
   <IncidentAddress>
      <AddressId>253</AddressId>
      <Beat>Test</Beat>
      <SubBeat>Area</SubBeat>
      <City>15</City>
      <CreatorId>STATE_OFFICER11</CreatorId>
      <CreatorDate>06/16/2017 09:14:12</CreatorDate>
      <UpdatorId>TSTC</UpdatorId>
      <UpdatorDate>06/21/2017 14:10:07</UpdatorDate>
      <Address>
         <AddressId>253</AddressId>
         <StreetNumber>4233</StreetNumber>
         <StreetDirCode>E</StreetDirCode>
         <StreetName>IRISH HILLS</StreetName>
         <StreetTypeCode>DR</StreetTypeCode>
         <StreetSuffixCode>NE</StreetSuffixCode>
         <SubTypeCode>APT</SubTypeCode>
         <SubNumber>3B</SubNumber>
         <City>SOUTH BEND</City>
         <StateCode>IN</StateCode>
         <Zip5>46614</Zip5>
         <CountryCode>US</CountryCode>
         <CrossStreetNumber>44</CrossStreetNumber>
         <CrossStreetDirCode>E</CrossStreetDirCode>
         <CrossStreetTypeCode>BRG</CrossStreetTypeCode>
         <CrossStreetSuffixCode>N</CrossStreetSuffixCode>
         <Distance>10</Distance>
         <DistanceUnits>M</DistanceUnits>
         <Beat>Test</Beat>
         <SubBeat>Area</SubBeat>
         <Longitude>-86.209308</Longitude>
         <Latitude>41.63461</Latitude>
         <AddressCommonName>
            <CommonPlaceName>Home</CommonPlaceName>
         </AddressCommonName>
         <AddressCommonName>
            <CommonPlaceName>Dead strip</CommonPlaceName>
         </AddressCommonName>
      </Address>
   </IncidentAddress>
   <IncidentSupplement>
      <SupplementSequence>0</SupplementSequence>
      <IncSupplementStatusCode>A</IncSupplementStatusCode>
      <SuppReportDate>06/16/2017 09:12:54</SuppReportDate>
      <SuppReportTime>06/16/2017 09:12:54</SuppReportTime>
      <AgencyOnly>N</AgencyOnly>
      <SecurityLevel>400</SecurityLevel>
      <SuppAgencyCode>D42</SuppAgencyCode>
      <UnknownNoOffenders>N</UnknownNoOffenders>
      <DsIcrDate>07/13/2017 12:40:49</DsIcrDate>
      <DsIcrSubmissionStatus>SENT WAITING FOR RESPONSE</DsIcrSubmissionStatus>
      <CreatorId>STATE_OFFICER11</CreatorId>
      <CreatorDate>06/16/2017 09:12:54</CreatorDate>
      <UpdatorId>TSTC</UpdatorId>
      <UpdatorDate>08/05/2021 17:38:27</UpdatorDate>
      <IncidentSuppNarrative>
         <NarrativeNumber>1</NarrativeNumber>
         <NarrativeTitle>Original Narrative</NarrativeTitle>
         <NarrativeText>asdfasdf</NarrativeText>
         <CreatorId>STATE_OFFICER11</CreatorId>
         <CreatorDate>06/16/2017 09:17:46</CreatorDate>
         <UpdatorId>STATE_OFFICER11</UpdatorId>
         <UpdatorDate>06/16/2017 09:17:46</UpdatorDate>
      </IncidentSuppNarrative>
      <IncidentOfficer>
         <OfficerRoleCode>P</OfficerRoleCode>
         <Officer>
            <AgencyCode>D42</AgencyCode>
            <ORINumber>SC0280000</ORINumber>
            <LastName>Ranz</LastName>
            <FirstName>Greg</FirstName>
            <InternalID>9696</InternalID>
         </Officer>
      </IncidentOfficer>
      <IncidentOfficer>
         <OfficerRoleCode>R</OfficerRoleCode>
         <Officer>
            <AgencyCode>D42</AgencyCode>
            <ORINumber>SC0280000</ORINumber>
            <LastName>Ranz</LastName>
            <FirstName>Greg</FirstName>
            <InternalID>9696</InternalID>
         </Officer>
      </IncidentOfficer>
      <IncidentOfficer>
         <OfficerRoleCode>X</OfficerRoleCode>
         <Officer>
            <AgencyCode>D42</AgencyCode>
            <ORINumber>SC0280000</ORINumber>
            <LastName>Ranz</LastName>
            <FirstName>Greg</FirstName>
            <InternalID>9696</InternalID>
         </Officer>
      </IncidentOfficer>
      <IncidentOffense>
         <IncidentId>2710</IncidentId>
         <OffenseNumber>1</OffenseNumber>
         <OffenseStatusCode>00</OffenseStatusCode>
         <OffenseCode>35-43-2-1  B06</OffenseCode>
         <PlaceCode>47</PlaceCode>
         <BiasCode>88</BiasCode>
         <CSAUCode>C</CSAUCode>
         <SupplementSeq>0</SupplementSeq>
         <UCRNumber>1</UCRNumber>
         <OffenseStatusDate>06/01/2017 03:00:00</OffenseStatusDate>
         <ForcedEntryCode>N</ForcedEntryCode>
         <AttemptedCompletedCode>C</AttemptedCompletedCode>
         <CreatorId>STATE_OFFICER11</CreatorId>
         <CreatorDate>06/16/2017 09:14:12</CreatorDate>
         <UpdatorId>STATE_OFFICER11</UpdatorId>
         <UpdatorDate>06/16/2017 09:15:14</UpdatorDate>
      </IncidentOffense>
      <IncidentPerson>
         <ApproxAge>27</ApproxAge>
         <ClearMultiArrestCode>N</ClearMultiArrestCode>
         <CreatorId>STATE_OFFICER11</CreatorId>
         <CreatorDate>06/16/2017 09:14:12</CreatorDate>
         <UpdatorId>TSTC</UpdatorId>
         <UpdatorDate>05/24/2023 12:41:23</UpdatorDate>
         <Person>
            <PersonId>901</PersonId>
            <RaceCode>W</RaceCode>
            <SexCode>M</SexCode>
            <EthnicityCode>U</EthnicityCode>
            <PersonVerified>Y</PersonVerified>
            <PersonPrimaryName>
               <LastName>ALLEN</LastName>
               <FirstName>BOB</FirstName>
               <DateOfInfo>06/16/2017 09:07:52</DateOfInfo>
               <SLastName>A450</SLastName>
               <SFirstName>B100</SFirstName>
            </PersonPrimaryName>
            <PersonPrimaryName>
               <LastName>Allen</LastName>
               <FirstName>bobby</FirstName>
               <DateOfInfo>12/10/2018 00:00:00</DateOfInfo>
               <SLastName>A450</SLastName>
               <SFirstName>B100</SFirstName>
            </PersonPrimaryName>
            <Alias>
               <NameTypeCode>A</NameTypeCode>
               <LastName>ALLEN</LastName>
               <FirstName>BOB</FirstName>
               <SLastName>A450</SLastName>
               <SFirstName>B100</SFirstName>
               <DateOfInfo>06/16/2017 09:07:52</DateOfInfo>
            </Alias>
            <Alias>
               <NameTypeCode>P</NameTypeCode>
               <LastName>Allen</LastName>
               <FirstName>bobby</FirstName>
               <SLastName>A450</SLastName>
               <SFirstName>B100</SFirstName>
               <DateOfInfo>12/10/2018 00:00:00</DateOfInfo>
            </Alias>
            <PersonAddress>
               <StreetNumber>2924</StreetNumber>
               <StreetDirCode>E</StreetDirCode>
               <StreetName>1250</StreetName>
               <StreetSuffixCode>S</StreetSuffixCode>
               <SubTypeCode>BLDG</SubTypeCode>
               <SubNumber>99</SubNumber>
               <City>Battle Ground</City>
               <StateCode>IN</StateCode>
               <Zip5>47920</Zip5>
               <CountryCode>US</CountryCode>
               <CountyCode>NaN</CountyCode>
               <Longitude>-86.813061</Longitude>
               <Latitude>40.569043</Latitude>
            </PersonAddress>
         </Person>
         <IncidentPersonRole>
            <RoleType>S</RoleType>
            <CreatorId>TRAINING</CreatorId>
            <CreatorDate>06/16/2017 09:15:44</CreatorDate>
            <UpdatorId>TSTC</UpdatorId>
            <UpdatorDate>08/15/2023 20:32:22</UpdatorDate>
         </IncidentPersonRole>
         <IncidentPersonRole>
            <RoleType>A</RoleType>
            <CreatorId>STATE_OFFICER11</CreatorId>
            <CreatorDate>06/16/2017 09:15:44</CreatorDate>
            <UpdatorId>TSTC</UpdatorId>
            <UpdatorDate>08/15/2023 20:32:22</UpdatorDate>
         </IncidentPersonRole>
      </IncidentPerson>
      <IncidentPerson>
         <ApproxAge>00</ApproxAge>
         <ResidentStatusCode>R</ResidentStatusCode>
         <CreatorId>STATE_OFFICER11</CreatorId>
         <CreatorDate>06/16/2017 09:14:13</CreatorDate>
         <UpdatorId>TSTC</UpdatorId>
         <UpdatorDate>05/24/2023 12:41:23</UpdatorDate>
         <Person>
            <PersonId>585</PersonId>
            <RaceCode>W</RaceCode>
            <SexCode>M</SexCode>
            <PersonVerified>Y</PersonVerified>
            <PersonPrimaryName>
               <LastName>Poe</LastName>
               <FirstName>Panda</FirstName>
               <DOB>08/06/2014 00:00:00</DOB>
               <DateOfInfo>09/01/2014 17:28:07</DateOfInfo>
               <SLastName>P000</SLastName>
               <SFirstName>P530</SFirstName>
            </PersonPrimaryName>
            <PersonPrimaryName>
               <LastName>Name</LastName>
               <FirstName>Real</FirstName>
               <DateOfInfo>09/01/2014 00:00:00</DateOfInfo>
               <SLastName>N500</SLastName>
               <SFirstName>R400</SFirstName>
            </PersonPrimaryName>
            <Alias>
               <NameTypeCode>A</NameTypeCode>
               <LastName>Poe</LastName>
               <FirstName>Panda</FirstName>
               <DOB>08/06/2014 00:00:00</DOB>
               <SLastName>P000</SLastName>
               <SFirstName>P530</SFirstName>
               <DateOfInfo>09/01/2014 17:28:07</DateOfInfo>
            </Alias>
            <Alias>
               <NameTypeCode>P</NameTypeCode>
               <LastName>Name</LastName>
               <FirstName>Real</FirstName>
               <SLastName>N500</SLastName>
               <SFirstName>R400</SFirstName>
               <DateOfInfo>09/01/2014 00:00:00</DateOfInfo>
            </Alias>
         </Person>
         <IncidentPersonRole>
            <RoleType>V</RoleType>
            <CreatorId>STATE_OFFICER11</CreatorId>
            <CreatorDate>06/16/2017 09:16:42</CreatorDate>
            <UpdatorId>TSTC</UpdatorId>
            <UpdatorDate>08/15/2023 20:32:22</UpdatorDate>
         </IncidentPersonRole>
      </IncidentPerson>
      <IncidentProperty>
         <RoleCode>8</RoleCode>
         <CreatorId>STATE_OFFICER11</CreatorId>
         <CreatorDate>06/16/2017 09:17:31</CreatorDate>
         <UpdatorId>TSTC</UpdatorId>
         <UpdatorDate>08/10/2017 23:00:52</UpdatorDate>
         <DateOfInfo>06/16/2017 00:00:00</DateOfInfo>
         <StatusCode>8</StatusCode>
         <DocumentTypeCode>D</DocumentTypeCode>
         <PropertyTypeCode>106</PropertyTypeCode>
         <PropertyValue>6000</PropertyValue>
         <Value>6000</Value>
         <Evidence>N</Evidence>
         <EvidenceFlag>N</EvidenceFlag>
         <Property_ID>1602</Property_ID>
         <DrugTypeCode>B</DrugTypeCode>
         <Quantity>20</Quantity>
         <QuantityUnit>LB</QuantityUnit>
      </IncidentProperty>
   </IncidentSupplement>
   <IncidentSupplement>
      <SupplementSequence>1</SupplementSequence>
      <IncSupplementStatusCode>A</IncSupplementStatusCode>
      <SuppReportDate>06/20/2017 10:52:32</SuppReportDate>
      <SuppReportTime>06/20/2017 10:52:32</SuppReportTime>
      <AgencyOnly>N</AgencyOnly>
      <SecurityLevel>1201</SecurityLevel>
      <SuppAgencyCode>D42</SuppAgencyCode>
      <UnknownNoOffenders>N</UnknownNoOffenders>
      <DsIcrDate>07/13/2017 12:40:49</DsIcrDate>
      <DsIcrSubmissionStatus>SENT WAITING FOR RESPONSE</DsIcrSubmissionStatus>
      <CreatorId>STATE_OFFICER11</CreatorId>
      <CreatorDate>06/20/2017 10:52:32</CreatorDate>
      <UpdatorId>TSTC</UpdatorId>
      <UpdatorDate>08/05/2021 17:38:26</UpdatorDate>
      <IncidentSuppNarrative>
         <NarrativeNumber>1</NarrativeNumber>
         <NarrativeTitle>Supplement#1 - Narrative</NarrativeTitle>
         <NarrativeText>test</NarrativeText>
         <CreatorId>STATE_OFFICER11</CreatorId>
         <CreatorDate>07/03/2017 11:19:04</CreatorDate>
         <UpdatorId>STATE_OFFICER11</UpdatorId>
         <UpdatorDate>07/03/2017 11:19:04</UpdatorDate>
      </IncidentSuppNarrative>
      <IncidentOfficer>
         <OfficerRoleCode>P</OfficerRoleCode>
         <Officer>
            <AgencyCode>D42</AgencyCode>
            <ORINumber>SC0280000</ORINumber>
            <LastName>Ranz</LastName>
            <FirstName>Greg</FirstName>
            <InternalID>9696</InternalID>
         </Officer>
      </IncidentOfficer>
      <IncidentOfficer>
         <OfficerRoleCode>R</OfficerRoleCode>
         <Officer>
            <AgencyCode>D42</AgencyCode>
            <ORINumber>SC0280000</ORINumber>
            <LastName>Ranz</LastName>
            <FirstName>Greg</FirstName>
            <InternalID>9696</InternalID>
         </Officer>
      </IncidentOfficer>
      <IncidentPerson>
         <ApproxAge>47</ApproxAge>
         <ResidentStatusCode>R</ResidentStatusCode>
         <CreatorId>STATE_OFFICER11</CreatorId>
         <CreatorDate>06/20/2017 10:52:58</CreatorDate>
         <UpdatorId>TSTC</UpdatorId>
         <UpdatorDate>05/24/2023 12:41:23</UpdatorDate>
         <Person>
            <PersonId>908</PersonId>
            <RaceCode>W</RaceCode>
            <SexCode>M</SexCode>
            <PersonVerified>Y</PersonVerified>
            <PersonPrimaryName>
               <LastName>Fallon</LastName>
               <FirstName>Jim</FirstName>
               <MiddleName>X3</MiddleName>
               <DOB>06/01/1973 00:00:00</DOB>
               <SSN>3.33333333E8</SSN>
               <DateOfInfo>06/16/2017 11:47:52</DateOfInfo>
               <SLastName>F450</SLastName>
               <SFirstName>J500</SFirstName>
            </PersonPrimaryName>
            <PersonPrimaryName>
               <LastName>Talkshow</LastName>
               <FirstName>King</FirstName>
               <DateOfInfo>06/16/2017 00:00:00</DateOfInfo>
               <SLastName>T420</SLastName>
               <SFirstName>K520</SFirstName>
            </PersonPrimaryName>
            <Alias>
               <NameTypeCode>P</NameTypeCode>
               <LastName>Fallon</LastName>
               <FirstName>Jim</FirstName>
               <MiddleName>X3</MiddleName>
               <DOB>06/01/1973 00:00:00</DOB>
               <SSN>3.33333333E8</SSN>
               <SLastName>F450</SLastName>
               <SFirstName>J500</SFirstName>
               <DateOfInfo>06/16/2017 11:47:52</DateOfInfo>
            </Alias>
            <Alias>
               <NameTypeCode>A</NameTypeCode>
               <LastName>Talkshow</LastName>
               <FirstName>King</FirstName>
               <SLastName>T420</SLastName>
               <SFirstName>K520</SFirstName>
               <DateOfInfo>06/16/2017 00:00:00</DateOfInfo>
            </Alias>
         </Person>
         <IncidentPersonRole>
            <RoleType>V</RoleType>
            <CreatorId>STATE_OFFICER11</CreatorId>
            <CreatorDate>06/20/2017 10:52:58</CreatorDate>
            <UpdatorId>TSTC</UpdatorId>
            <UpdatorDate>08/15/2023 20:32:23</UpdatorDate>
         </IncidentPersonRole>
      </IncidentPerson>
      <IncidentPerson>
         <ApproxAge>37</ApproxAge>
         <CreatorId>STATE_OFFICER11</CreatorId>
         <CreatorDate>07/12/2017 10:44:20</CreatorDate>
         <UpdatorId>TSTC</UpdatorId>
         <UpdatorDate>05/24/2023 12:41:22</UpdatorDate>
         <Person>
            <PersonId>897</PersonId>
            <RaceCode>I</RaceCode>
            <SexCode>M</SexCode>
            <PersonVerified>Y</PersonVerified>
            <PersonPrimaryName>
               <LastName>Black</LastName>
               <FirstName>Bob</FirstName>
               <DOB>06/01/1970 00:00:00</DOB>
               <SSN>1.11111111E8</SSN>
               <DateOfInfo>06/13/2017 09:48:35</DateOfInfo>
               <SLastName>B420</SLastName>
               <SFirstName>B100</SFirstName>
            </PersonPrimaryName>
            <PersonPrimaryName>
               <LastName>King</LastName>
               <FirstName>BB</FirstName>
               <DOB>06/01/1970 00:00:00</DOB>
               <SSN>1.11111111E8</SSN>
               <DateOfInfo>06/13/2017 00:00:00</DateOfInfo>
               <SLastName>K520</SLastName>
               <SFirstName>B000</SFirstName>
            </PersonPrimaryName>
            <Alias>
               <NameTypeCode>P</NameTypeCode>
               <LastName>Black</LastName>
               <FirstName>Bob</FirstName>
               <DOB>06/01/1970 00:00:00</DOB>
               <SSN>1.11111111E8</SSN>
               <SLastName>B420</SLastName>
               <SFirstName>B100</SFirstName>
               <DateOfInfo>06/13/2017 09:48:35</DateOfInfo>
            </Alias>
            <Alias>
               <NameTypeCode>A</NameTypeCode>
               <LastName>King</LastName>
               <FirstName>BB</FirstName>
               <DOB>06/01/1970 00:00:00</DOB>
               <SSN>1.11111111E8</SSN>
               <SLastName>K520</SLastName>
               <SFirstName>B000</SFirstName>
               <DateOfInfo>06/13/2017 00:00:00</DateOfInfo>
            </Alias>
            <PersonAddress>
               <StreetNumber>300</StreetNumber>
               <StreetDirCode>E</StreetDirCode>
               <StreetName>200</StreetName>
               <StreetSuffixCode>E</StreetSuffixCode>
               <SubTypeCode>APT</SubTypeCode>
               <City>Lebanon</City>
               <StateCode>IN</StateCode>
               <Zip5>46052</Zip5>
               <CountryCode>US</CountryCode>
               <CountyCode>NaN</CountyCode>
               <Longitude>-86.36852515301796</Longitude>
               <Latitude>39.73382972861548</Latitude>
               <Beat>Test</Beat>
               <SubBeat>Area</SubBeat>
            </PersonAddress>
            <PersonPhone>
               <PhoneTypeCode>PAG</PhoneTypeCode>
               <PhoneArea>767</PhoneArea>
               <PhonePrefix>666</PhonePrefix>
               <PhoneSuffix>6677</PhoneSuffix>
               <DateOfInfo>06/28/2017 00:00:00</DateOfInfo>
            </PersonPhone>
         </Person>
         <IncidentPersonRole>
            <RoleType>DR</RoleType>
            <CreatorId>STATE_OFFICER11</CreatorId>
            <CreatorDate>07/12/2017 10:44:20</CreatorDate>
            <UpdatorId>TSTC</UpdatorId>
            <UpdatorDate>08/15/2023 20:32:23</UpdatorDate>
         </IncidentPersonRole>
      </IncidentPerson>
      <IncidentProperty>
         <RoleCode>8</RoleCode>
         <CreatorId>STATE_OFFICER11</CreatorId>
         <CreatorDate>06/20/2017 10:53:13</CreatorDate>
         <UpdatorId>TSTC</UpdatorId>
         <UpdatorDate>08/10/2017 23:00:51</UpdatorDate>
         <DateOfInfo>06/16/2017 00:00:00</DateOfInfo>
         <StatusCode>8</StatusCode>
         <DocumentTypeCode>D</DocumentTypeCode>
         <PropertyTypeCode>106</PropertyTypeCode>
         <PropertyValue>6000</PropertyValue>
         <Value>6000</Value>
         <Evidence>N</Evidence>
         <EvidenceFlag>N</EvidenceFlag>
         <Property_ID>1602</Property_ID>
         <DrugTypeCode>B</DrugTypeCode>
         <Quantity>20</Quantity>
         <QuantityUnit>LB</QuantityUnit>
      </IncidentProperty>
   </IncidentSupplement>
   <IncidentSupplement>
      <SupplementSequence>2</SupplementSequence>
      <IncSupplementStatusCode>A</IncSupplementStatusCode>
      <SuppReportDate>07/05/2017 11:41:21</SuppReportDate>
      <SuppReportTime>07/05/2017 11:41:21</SuppReportTime>
      <AgencyOnly>N</AgencyOnly>
      <SecurityLevel>1201</SecurityLevel>
      <SuppAgencyCode>D42</SuppAgencyCode>
      <UnknownNoOffenders>N</UnknownNoOffenders>
      <DsIcrDate>07/13/2017 12:40:49</DsIcrDate>
      <DsIcrSubmissionStatus>SENT WAITING FOR RESPONSE</DsIcrSubmissionStatus>
      <CreatorId>STATE_OFFICER11</CreatorId>
      <CreatorDate>07/05/2017 11:41:21</CreatorDate>
      <UpdatorId>TSTC</UpdatorId>
      <UpdatorDate>08/05/2021 17:38:27</UpdatorDate>
      <IncidentSuppNarrative>
         <NarrativeNumber>1</NarrativeNumber>
         <NarrativeTitle>Supplement#2 - Narrative</NarrativeTitle>
         <NarrativeText>test</NarrativeText>
         <CreatorId>STATE_OFFICER11</CreatorId>
         <CreatorDate>07/12/2017 10:43:09</CreatorDate>
         <UpdatorId>STATE_OFFICER11</UpdatorId>
         <UpdatorDate>07/12/2017 10:43:09</UpdatorDate>
      </IncidentSuppNarrative>
      <IncidentOfficer>
         <OfficerRoleCode>P</OfficerRoleCode>
         <Officer>
            <AgencyCode>D42</AgencyCode>
            <ORINumber>SC0280000</ORINumber>
            <LastName>Ranz</LastName>
            <FirstName>Greg</FirstName>
            <InternalID>9696</InternalID>
         </Officer>
      </IncidentOfficer>
      <IncidentOfficer>
         <OfficerRoleCode>R</OfficerRoleCode>
         <Officer>
            <AgencyCode>D42</AgencyCode>
            <ORINumber>SC0280000</ORINumber>
            <LastName>Ranz</LastName>
            <FirstName>Greg</FirstName>
            <InternalID>9696</InternalID>
         </Officer>
      </IncidentOfficer>
   </IncidentSupplement>
</Incident>