<?xml version="1.0" encoding="UTF-8"?>
<Incident xmlns:xsi="http://www.w3.org/2001/XMLSchema-instance"
          xsi:noNamespaceSchemaLocation="file:///C:/DATA/EJS/SVN_Root/Ejustice/trunk/XMLTransformations/OnlineRMSInternalToIncident/IAOnlineRMSIncidentImport.xsd">
   <IncidentReportNum>2019D4210212</IncidentReportNum>
   <AgencyCode>D42</AgencyCode>
   <ORINum>SC0280000</ORINum>
   <ReportDate>03/22/2019 12:03:00</ReportDate>
   <ReportTime>03/22/2019 12:03:00</ReportTime>
   <StartDate>03/22/2019 12:03:00</StartDate>
   <StartTime>03/22/2019 12:03:00</StartTime>
   <Summary>sdf</Summary>
   <CreatorId>STATE_OFFICER11</CreatorId>
   <CreatorDate>02/08/2019 15:04:06</CreatorDate>
   <UpdatorId>TSTC</UpdatorId>
   <UpdatorDate>09/09/2021 18:46:42</UpdatorDate>
   <IncidentType>
      <IncidentTypeCode>AIR</IncidentTypeCode>
   </IncidentType>
   <IncidentAddress>
      <AddressId>1641</AddressId>
      <City>14</City>
      <CreatorId>STATE_OFFICER11</CreatorId>
      <CreatorDate>03/11/2019 17:17:05</CreatorDate>
      <UpdatorId>TSTC</UpdatorId>
      <UpdatorDate>04/03/2019 16:14:12</UpdatorDate>
      <Address>
         <AddressId>1641</AddressId>
         <StreetNumber>100</StreetNumber>
         <StreetName>Oak Boulevard S</StreetName>
         <StreetTypeCode>DR</StreetTypeCode>
         <City>Greenfield</City>
         <StateCode>IN</StateCode>
         <Zip5>46140</Zip5>
         <CountryCode>US</CountryCode>
         <Longitude>-85.933504</Longitude>
         <Latitude>39.783506</Latitude>
      </Address>
   </IncidentAddress>
   <IncidentSupplement>
      <SupplementSequence>0</SupplementSequence>
      <IncSupplementStatusCode>A</IncSupplementStatusCode>
      <SuppReportDate>02/08/2019 15:04:08</SuppReportDate>
      <SuppReportTime>02/08/2019 15:04:08</SuppReportTime>
      <AgencyOnly>N</AgencyOnly>
      <SecurityLevel>1100</SecurityLevel>
      <SuppAgencyCode>D42</SuppAgencyCode>
      <UnknownNoOffenders>Y</UnknownNoOffenders>
      <DsIcrDate>08/29/2019 13:04:47</DsIcrDate>
      <DsIcrSubmissionStatus>SENT WAITING FOR RESPONSE</DsIcrSubmissionStatus>
      <CreatorId>STATE_OFFICER11</CreatorId>
      <CreatorDate>02/08/2019 15:04:08</CreatorDate>
      <UpdatorId>TSTC</UpdatorId>
      <UpdatorDate>08/05/2021 17:38:28</UpdatorDate>
      <IncidentSuppNarrative>
         <NarrativeNumber>1</NarrativeNumber>
         <NarrativeTitle>Original Narrative</NarrativeTitle>
         <NarrativeText>02/08/2019 14:04</NarrativeText>
         <CreatorId>STATE_OFFICER11</CreatorId>
         <CreatorDate>02/13/2019 15:10:07</CreatorDate>
         <UpdatorId>STATE_OFFICER11</UpdatorId>
         <UpdatorDate>02/13/2019 16:34:28</UpdatorDate>
      </IncidentSuppNarrative>
      <IncidentOfficer>
         <OfficerRoleCode>P</OfficerRoleCode>
         <Officer>
            <AgencyCode>D42</AgencyCode>
            <ORINumber>SC0280000</ORINumber>
            <LastName>Wright</LastName>
            <FirstName>Greg</FirstName>
            <InternalID>9696</InternalID>
         </Officer>
      </IncidentOfficer>
      <IncidentOfficer>
         <OfficerRoleCode>R</OfficerRoleCode>
         <Officer>
            <AgencyCode>D42</AgencyCode>
            <ORINumber>SC0280000</ORINumber>
            <LastName>Wright</LastName>
            <FirstName>Greg</FirstName>
            <InternalID>9696</InternalID>
         </Officer>
      </IncidentOfficer>
      <IncidentOffense>
         <IncidentId>3201</IncidentId>
         <OffenseNumber>1</OffenseNumber>
         <OffenseStatusCode>00</OffenseStatusCode>
         <OffenseCode>35-43-2-1  B01</OffenseCode>
         <PlaceCode>12</PlaceCode>
         <BiasCode>16</BiasCode>
         <CSAUCode>C</CSAUCode>
         <SupplementSeq>0</SupplementSeq>
         <UCRNumber>1</UCRNumber>
         <OffenseStatusDate>03/22/2019 12:03:00</OffenseStatusDate>
         <ForcedEntryCode>N</ForcedEntryCode>
         <AttemptedCompletedCode>C</AttemptedCompletedCode>
         <CreatorId>STATE_OFFICER11</CreatorId>
         <CreatorDate>03/29/2019 12:40:05</CreatorDate>
         <UpdatorId>STATE_OFFICER11</UpdatorId>
         <UpdatorDate>03/29/2019 12:40:05</UpdatorDate>
      </IncidentOffense>
      <IncidentPerson>
         <ApproxAge>43</ApproxAge>
         <ResidentStatusCode>R</ResidentStatusCode>
         <CreatorId>STATE_OFFICER11</CreatorId>
         <CreatorDate>04/03/2019 16:14:30</CreatorDate>
         <UpdatorId>TSTC</UpdatorId>
         <UpdatorDate>05/24/2023 12:41:24</UpdatorDate>
         <Person>
            <PersonId>469</PersonId>
            <RaceCode>W</RaceCode>
            <SexCode>M</SexCode>
            <PersonVerified>Y</PersonVerified>
            <PersonPrimaryName>
               <LastName>Aaberg</LastName>
               <FirstName>Ken</FirstName>
               <DOB>07/09/1975 00:00:00</DOB>
               <SSN>1.23456789E8</SSN>
               <DateOfInfo>07/09/2013 15:43:42</DateOfInfo>
               <SLastName>A162</SLastName>
               <SFirstName>K500</SFirstName>
            </PersonPrimaryName>
            <PersonPrimaryName>
               <LastName>Free</LastName>
               <FirstName>Fredd</FirstName>
               <DateOfInfo>10/22/2018 00:00:00</DateOfInfo>
               <SLastName>F600</SLastName>
               <SFirstName>F630</SFirstName>
            </PersonPrimaryName>
            <Alias>
               <NameTypeCode>P</NameTypeCode>
               <LastName>Aaberg</LastName>
               <FirstName>Ken</FirstName>
               <DOB>07/09/1975 00:00:00</DOB>
               <SSN>1.23456789E8</SSN>
               <SLastName>A162</SLastName>
               <SFirstName>K500</SFirstName>
               <DateOfInfo>07/09/2013 15:43:42</DateOfInfo>
            </Alias>
            <Alias>
               <NameTypeCode>M</NameTypeCode>
               <LastName>Free</LastName>
               <FirstName>Fredd</FirstName>
               <SLastName>F600</SLastName>
               <SFirstName>F630</SFirstName>
               <DateOfInfo>10/22/2018 00:00:00</DateOfInfo>
            </Alias>
            <PersonAddress>
               <StreetNumber>86</StreetNumber>
               <StreetDirCode>NE</StreetDirCode>
               <StreetName>ASHWOOD</StreetName>
               <StreetTypeCode>LN</StreetTypeCode>
               <StreetSuffixCode>N</StreetSuffixCode>
               <City>DILLON</City>
               <CountryCode>US</CountryCode>
               <Beat>Test</Beat>
               <SubBeat>Area</SubBeat>
            </PersonAddress>
            <PersonAddress>
               <StreetNumber>1770</StreetNumber>
               <StreetDirCode>BLK</StreetDirCode>
               <StreetName>Lincoln</StreetName>
               <City>Denver</City>
               <StateCode>CO</StateCode>
               <Zip5>80104</Zip5>
               <CountryCode>US</CountryCode>
               <CountyCode>30</CountyCode>
               <Longitude>-104.999408</Longitude>
               <Latitude>39.739577</Latitude>
            </PersonAddress>
            <PersonAddress>
               <StreetNumber>400</StreetNumber>
               <StreetName>Elm</StreetName>
               <StreetTypeCode>ST</StreetTypeCode>
               <City>Fortville</City>
               <StateCode>IN</StateCode>
               <Zip5>46040</Zip5>
               <CountryCode>US</CountryCode>
               <CountyCode>30</CountyCode>
               <Longitude>-85.84358784985562</Longitude>
               <Latitude>39.93291330899494</Latitude>
            </PersonAddress>
            <PersonAddress>
               <StreetNumber>556</StreetNumber>
               <StreetName>Howard</StreetName>
               <City>Denver</City>
               <StateCode>CO</StateCode>
               <Zip5>80111</Zip5>
               <CountryCode>US</CountryCode>
            </PersonAddress>
            <PersonAddress>
               <StreetNumber>877</StreetNumber>
               <StreetName>Harbor</StreetName>
               <City>INDIANAPOLIS</City>
               <StateCode>IN</StateCode>
               <Zip5>A6221</Zip5>
               <CountyCode>30</CountyCode>
            </PersonAddress>
            <PersonPhone>
               <PhoneTypeCode>RES</PhoneTypeCode>
               <PhoneArea>987</PhoneArea>
               <PhonePrefix>987</PhonePrefix>
               <PhoneSuffix>9876</PhoneSuffix>
               <DateOfInfo>11/18/2014 00:00:00</DateOfInfo>
            </PersonPhone>
            <PersonPhone>
               <PhoneTypeCode>CEL</PhoneTypeCode>
               <PhoneArea>123</PhoneArea>
               <PhonePrefix>123</PhonePrefix>
               <PhoneSuffix>1234</PhoneSuffix>
               <DateOfInfo>11/18/2014 00:00:00</DateOfInfo>
            </PersonPhone>
            <PersonPhone>
               <PhoneTypeCode>CEL</PhoneTypeCode>
               <PhoneArea>111</PhoneArea>
               <PhonePrefix>111</PhonePrefix>
               <PhoneSuffix>1111</PhoneSuffix>
               <PhoneExt>111</PhoneExt>
               <DateOfInfo>10/22/2018 00:00:00</DateOfInfo>
            </PersonPhone>
         </Person>
         <IncidentPersonRole>
            <RoleType>V</RoleType>
            <CreatorId>STATE_OFFICER11</CreatorId>
            <CreatorDate>04/03/2019 16:14:40</CreatorDate>
            <UpdatorId>TSTC</UpdatorId>
            <UpdatorDate>08/15/2023 20:32:25</UpdatorDate>
         </IncidentPersonRole>
      </IncidentPerson>
      <IncidentVehicle>
         <VEHICLE_ID>535</VEHICLE_ID>
         <RoleCode>AB</RoleCode>
         <CreatorId>STATE_OFFICER11</CreatorId>
         <CreatorDate>03/05/2019 15:52:22</CreatorDate>
         <UpdatorId>STATE_OFFICER11</UpdatorId>
         <UpdatorDate>03/05/2019 15:52:22</UpdatorDate>
         <DateOfInfo>11/27/2017 11:14:12</DateOfInfo>
         <DateOfInfo>11/27/2018 15:47:39</DateOfInfo>
         <DateOfInfo>02/08/2019 00:00:00</DateOfInfo>
         <DateOfInfo>07/10/2020 16:53:01</DateOfInfo>
         <DateOfInfo>11/27/2017 11:14:48</DateOfInfo>
         <DateOfInfo>07/10/2020 12:03:10</DateOfInfo>
         <DateOfInfo>03/05/2018 12:57:19</DateOfInfo>
         <StatusCode>13</StatusCode>
         <VIN>345456544545645</VIN>
         <VehicleYear>2017</VehicleYear>
         <VehicleMakeCode>ACUR</VehicleMakeCode>
         <VehicleModelCode>LEG</VehicleModelCode>
         <VehicleStyleCode>SD</VehicleStyleCode>
         <VehicleTypeCode>AT</VehicleTypeCode>
         <VehPriColorCode>DBL</VehPriColorCode>
         <VehPriColorCode>SIL</VehPriColorCode>
         <VehPriColorCode>SIL</VehPriColorCode>
         <VehPriColorCode>SIL</VehPriColorCode>
         <VehPriColorCode>DBL</VehPriColorCode>
         <VehPriColorCode>SIL</VehPriColorCode>
         <VehPriColorCode>SIL</VehPriColorCode>
         <VehSecColorCode>SIL</VehSecColorCode>
         <VehSecColorCode>SIL</VehSecColorCode>
         <VehSecColorCode>SIL</VehSecColorCode>
         <VehSecColorCode>SIL</VehSecColorCode>
         <VehSecColorCode>SIL</VehSecColorCode>
         <VehicleLicStateCode>IN</VehicleLicStateCode>
         <VehicleLicStateCode>MK</VehicleLicStateCode>
         <VehicleLicStateCode>CI</VehicleLicStateCode>
         <VehicleLicStateCode>CI</VehicleLicStateCode>
         <VehicleLicStateCode>IN</VehicleLicStateCode>
         <VehicleLicStateCode>CI</VehicleLicStateCode>
         <VehicleLicStateCode>MK</VehicleLicStateCode>
         <VehicleLicNumber>AAA678</VehicleLicNumber>
         <VehicleLicNumber>AAA678</VehicleLicNumber>
         <VehicleLicNumber>AAA678</VehicleLicNumber>
         <VehicleLicNumber>AAA678</VehicleLicNumber>
         <VehicleLicNumber>AAA678</VehicleLicNumber>
         <VehicleLicNumber>AAA678</VehicleLicNumber>
         <VehicleLicNumber>AAA678</VehicleLicNumber>
         <VehicleLicYear>2018</VehicleLicYear>
         <VehicleLicYear>2018</VehicleLicYear>
         <VehicleLicYear>2018</VehicleLicYear>
         <VehicleLicYear>2018</VehicleLicYear>
         <VehicleLicYear>2018</VehicleLicYear>
         <VehicleLicMonth>1</VehicleLicMonth>
         <VehicleLicMonth>1</VehicleLicMonth>
         <VehicleLicMonth>1</VehicleLicMonth>
         <VehicleLicMonth>1</VehicleLicMonth>
         <VehicleLicMonth>1</VehicleLicMonth>
         <VehicleLicTypeCode>AR</VehicleLicTypeCode>
         <VehicleLicTypeCode>AR</VehicleLicTypeCode>
         <VehicleLicTypeCode>AR</VehicleLicTypeCode>
         <VehicleLicTypeCode>AR</VehicleLicTypeCode>
         <VehicleLicTypeCode>AR</VehicleLicTypeCode>
         <VehConditionCode>F</VehConditionCode>
         <VehDamageCode>1</VehDamageCode>
         <VehDamageDesc>Damage comments</VehDamageDesc>
         <VehicleValue>10000</VehicleValue>
         <VehicleValue>100</VehicleValue>
         <VehicleMiscID>12345</VehicleMiscID>
         <VehicleMiscID>123456789</VehicleMiscID>
         <VehicleMiscID>12345</VehicleMiscID>
      </IncidentVehicle>
      <IncidentVehicle>
         <VEHICLE_ID>362</VEHICLE_ID>
         <RoleCode>AB</RoleCode>
         <CreatorId>STATE_OFFICER11</CreatorId>
         <CreatorDate>03/05/2019 15:53:21</CreatorDate>
         <UpdatorId>STATE_OFFICER11</UpdatorId>
         <UpdatorDate>03/05/2019 15:53:21</UpdatorDate>
         <DateOfInfo>06/16/2017 09:38:36</DateOfInfo>
         <DateOfInfo>06/16/2017 00:00:00</DateOfInfo>
         <StatusCode>1</StatusCode>
         <VIN>1111AAAA</VIN>
         <VehicleYear>2015</VehicleYear>
         <VehicleMakeCode>TOYT</VehicleMakeCode>
         <VehicleModelCode>PRI</VehicleModelCode>
         <VehicleTypeCode>AT</VehicleTypeCode>
         <VehicleLicNumber>ABC111</VehicleLicNumber>
         <VehicleLicNumber>ABC111</VehicleLicNumber>
      </IncidentVehicle>
      <IncidentProperty>
         <CreatorId>STATE_OFFICER11</CreatorId>
         <CreatorDate>02/28/2019 11:38:29</CreatorDate>
         <UpdatorId>STATE_OFFICER11</UpdatorId>
         <UpdatorDate>02/28/2019 11:39:08</UpdatorDate>
         <DateOfInfo>02/28/2019 00:00:00</DateOfInfo>
         <StatusCode>1</StatusCode>
         <DocumentTypeCode>P</DocumentTypeCode>
         <PropertyTypeCode>508</PropertyTypeCode>
         <Evidence>N</Evidence>
         <EvidenceFlag>N</EvidenceFlag>
         <Property_ID>1854</Property_ID>
         <Make>1</Make>
         <Quantity>0</Quantity>
      </IncidentProperty>
      <IncidentProperty>
         <CreatorId>STATE_OFFICER11</CreatorId>
         <CreatorDate>02/28/2019 11:38:30</CreatorDate>
         <UpdatorId>STATE_OFFICER11</UpdatorId>
         <UpdatorDate>02/28/2019 11:39:08</UpdatorDate>
         <DateOfInfo>02/28/2019 00:00:00</DateOfInfo>
         <StatusCode>1</StatusCode>
         <DocumentTypeCode>P</DocumentTypeCode>
         <PropertyTypeCode>508</PropertyTypeCode>
         <Evidence>N</Evidence>
         <EvidenceFlag>N</EvidenceFlag>
         <Property_ID>1855</Property_ID>
         <Make>2</Make>
         <Quantity>0</Quantity>
      </IncidentProperty>
      <IncidentProperty>
         <CreatorId>STATE_OFFICER11</CreatorId>
         <CreatorDate>02/28/2019 11:38:30</CreatorDate>
         <UpdatorId>STATE_OFFICER11</UpdatorId>
         <UpdatorDate>02/28/2019 11:39:08</UpdatorDate>
         <DateOfInfo>02/28/2019 00:00:00</DateOfInfo>
         <StatusCode>1</StatusCode>
         <DocumentTypeCode>P</DocumentTypeCode>
         <PropertyTypeCode>508</PropertyTypeCode>
         <Evidence>N</Evidence>
         <EvidenceFlag>N</EvidenceFlag>
         <Property_ID>1856</Property_ID>
         <Make>3</Make>
         <Quantity>0</Quantity>
      </IncidentProperty>
      <IncidentProperty>
         <RoleCode>7</RoleCode>
         <CreatorId>STATE_OFFICER11</CreatorId>
         <CreatorDate>03/29/2019 12:38:57</CreatorDate>
         <UpdatorId>STATE_OFFICER11</UpdatorId>
         <UpdatorDate>03/29/2019 12:40:29</UpdatorDate>
         <DateOfInfo>03/29/2019 00:00:00</DateOfInfo>
         <StatusCode>7</StatusCode>
         <DocumentTypeCode>P</DocumentTypeCode>
         <PropertyTypeCode>487</PropertyTypeCode>
         <PropertyValue>100</PropertyValue>
         <Value>100</Value>
         <Evidence>Y</Evidence>
         <EvidenceFlag>Y</EvidenceFlag>
         <ExternalEvidenceId>792</ExternalEvidenceId>
         <Property_ID>1898</Property_ID>
         <Quantity>1</Quantity>
      </IncidentProperty>
   </IncidentSupplement>
</Incident>