<?xml version="1.0" encoding="UTF-8"?>
<Incident xmlns:xsi="http://www.w3.org/2001/XMLSchema-instance"
          xsi:noNamespaceSchemaLocation="file:///C:/DATA/EJS/SVN_Root/Ejustice/trunk/XMLTransformations/OnlineRMSInternalToIncident/IAOnlineRMSIncidentImport.xsd">
   <IncidentReportNum>2023D4210423</IncidentReportNum>
   <AgencyCode>D42</AgencyCode>
   <ORINum>SC0280000</ORINum>
   <ReportDate>02/27/2023 11:59:00</ReportDate>
   <ReportTime>02/27/2023 11:59:00</ReportTime>
   <StartDate>02/27/2023 11:59:00</StartDate>
   <StartTime>02/27/2023 11:59:00</StartTime>
   <Summary>apply template</Summary>
   <CreatorId>STATE_OFFICER11</CreatorId>
   <CreatorDate>02/27/2023 11:59:12</CreatorDate>
   <UpdatorId>STATE_OFFICER11</UpdatorId>
   <UpdatorDate>06/16/2023 11:55:43</UpdatorDate>
   <IncidentType>
      <IncidentTypeCode>B/H</IncidentTypeCode>
   </IncidentType>
   <IncidentAddress>
      <AddressId>1690</AddressId>
      <CreatorId>STATE_OFFICER11</CreatorId>
      <CreatorDate>02/27/2023 11:59:46</CreatorDate>
      <UpdatorId>TSTC</UpdatorId>
      <UpdatorDate>02/27/2023 11:59:52</UpdatorDate>
      <Address>
         <AddressId>1690</AddressId>
         <StreetNumber>123</StreetNumber>
         <StreetName>Cherry</StreetName>
         <StreetTypeCode>LN</StreetTypeCode>
         <City>Golden</City>
         <StateCode>IN</StateCode>
         <CountryCode>US</CountryCode>
         <Longitude>-82.544051</Longitude>
         <Latitude>37.483456</Latitude>
      </Address>
   </IncidentAddress>
   <IncidentSupplement>
      <SupplementSequence>0</SupplementSequence>
      <IncSupplementStatusCode>A</IncSupplementStatusCode>
      <SuppReportDate>02/27/2023 11:59:13</SuppReportDate>
      <SuppReportTime>02/27/2023 11:59:13</SuppReportTime>
      <AgencyOnly>N</AgencyOnly>
      <SecurityLevel>1800</SecurityLevel>
      <SuppAgencyCode>D42</SuppAgencyCode>
      <UnknownNoOffenders>N</UnknownNoOffenders>
      <DsIcrDate>02/27/2023 12:27:41</DsIcrDate>
      <DsIcrSubmissionStatus>NOT REPORTABLE</DsIcrSubmissionStatus>
      <CreatorId>STATE_OFFICER11</CreatorId>
      <CreatorDate>02/27/2023 11:59:13</CreatorDate>
      <UpdatorId>STATE_OFFICER11</UpdatorId>
      <UpdatorDate>06/16/2023 11:55:43</UpdatorDate>
      <IncidentSuppNarrative>
         <NarrativeNumber>1</NarrativeNumber>
         <NarrativeTitle>Original Narrative</NarrativeTitle>
         <NarrativeText>asdfasdfasd</NarrativeText>
         <CreatorId>STATE_OFFICER11</CreatorId>
         <CreatorDate>02/27/2023 12:26:55</CreatorDate>
         <UpdatorId>STATE_OFFICER11</UpdatorId>
         <UpdatorDate>02/27/2023 12:26:55</UpdatorDate>
      </IncidentSuppNarrative>
      <IncidentOfficer>
         <OfficerRoleCode>A</OfficerRoleCode>
         <Officer>
            <AgencyCode>D42</AgencyCode>
            <ORINumber>SC0280000</ORINumber>
            <LastName>Simpson</LastName>
            <FirstName>Homer</FirstName>
            <InternalID>9696</InternalID>
         </Officer>
      </IncidentOfficer>
      <IncidentOfficer>
         <OfficerRoleCode>P</OfficerRoleCode>
         <Officer>
            <AgencyCode>D42</AgencyCode>
            <ORINumber>SC0280000</ORINumber>
            <LastName>Simpson</LastName>
            <FirstName>Homer</FirstName>
            <InternalID>9696</InternalID>
         </Officer>
      </IncidentOfficer>
      <IncidentOfficer>
         <OfficerRoleCode>R</OfficerRoleCode>
         <Officer>
            <AgencyCode>D42</AgencyCode>
            <ORINumber>SC0280000</ORINumber>
            <LastName>Pangle</LastName>
            <FirstName>Brandon</FirstName>
            <InternalID>8888a</InternalID>
         </Officer>
      </IncidentOfficer>
      <IncidentOffense>
         <IncidentId>3430</IncidentId>
         <OffenseNumber>1</OffenseNumber>
         <OffenseStatusCode>00</OffenseStatusCode>
         <OffenseCode>14-15-8-8</OffenseCode>
         <PlaceCode>25</PlaceCode>
         <BiasCode>88</BiasCode>
         <CSAUCode>C</CSAUCode>
         <SupplementSeq>0</SupplementSeq>
         <UCRNumber>1</UCRNumber>
         <OffenseStatusDate>02/27/2023 11:59:00</OffenseStatusDate>
         <AttemptedCompletedCode>C</AttemptedCompletedCode>
         <CreatorId>STATE_OFFICER11</CreatorId>
         <CreatorDate>02/27/2023 12:24:48</CreatorDate>
         <UpdatorId>STATE_OFFICER11</UpdatorId>
         <UpdatorDate>02/27/2023 12:24:48</UpdatorDate>
      </IncidentOffense>
      <IncidentPerson>
         <ApproxAge>81</ApproxAge>
         <CreatorId>STATE_OFFICER11</CreatorId>
         <CreatorDate>02/27/2023 12:25:33</CreatorDate>
         <UpdatorId>TSTC</UpdatorId>
         <UpdatorDate>05/24/2023 12:41:25</UpdatorDate>
         <Person>
            <PersonId>802</PersonId>
            <RaceCode>W</RaceCode>
            <SexCode>M</SexCode>
            <PersonVerified>Y</PersonVerified>
            <PersonPrimaryName>
               <LastName>Key</LastName>
               <FirstName>John</FirstName>
               <DateOfInfo>11/23/2015 10:21:45</DateOfInfo>
               <SLastName>K000</SLastName>
               <SFirstName>J500</SFirstName>
            </PersonPrimaryName>
            <Alias>
               <NameTypeCode>P</NameTypeCode>
               <LastName>Key</LastName>
               <FirstName>John</FirstName>
               <SLastName>K000</SLastName>
               <SFirstName>J500</SFirstName>
               <DateOfInfo>11/23/2015 10:21:45</DateOfInfo>
            </Alias>
            <PersonPhone>
               <PhoneTypeCode>RES</PhoneTypeCode>
               <PhoneArea>987</PhoneArea>
               <PhonePrefix>654</PhonePrefix>
               <PhoneSuffix>321</PhoneSuffix>
               <DateOfInfo>02/09/2016 00:00:00</DateOfInfo>
            </PersonPhone>
            <PersonPhone>
               <PhoneTypeCode>RES</PhoneTypeCode>
               <PhoneArea>555</PhoneArea>
               <PhonePrefix>777</PhonePrefix>
               <PhoneSuffix>8888</PhoneSuffix>
               <DateOfInfo>02/01/2016 00:00:00</DateOfInfo>
            </PersonPhone>
            <PersonPhone>
               <PhoneTypeCode>CEL</PhoneTypeCode>
               <PhoneArea>674</PhoneArea>
               <PhonePrefix>537</PhonePrefix>
               <PhoneSuffix>4957</PhoneSuffix>
               <DateOfInfo>01/31/2016 00:00:00</DateOfInfo>
            </PersonPhone>
         </Person>
         <IncidentPersonRole>
            <RoleType>S</RoleType>
            <CreatorId>STATE_OFFICER11</CreatorId>
            <CreatorDate>02/27/2023 12:25:33</CreatorDate>
            <UpdatorId>TSTC</UpdatorId>
            <UpdatorDate>08/15/2023 20:32:24</UpdatorDate>
         </IncidentPersonRole>
      </IncidentPerson>
      <IncidentPerson>
         <ApproxAge>68</ApproxAge>
         <ResidentStatusCode>C</ResidentStatusCode>
         <CreatorId>STATE_OFFICER11</CreatorId>
         <CreatorDate>02/27/2023 12:25:59</CreatorDate>
         <UpdatorId>TSTC</UpdatorId>
         <UpdatorDate>05/24/2023 12:41:26</UpdatorDate>
         <Person>
            <PersonId>1119</PersonId>
            <RaceCode>I</RaceCode>
            <SexCode>F</SexCode>
            <EthnicityCode>H</EthnicityCode>
            <PersonVerified>Y</PersonVerified>
            <PersonPrimaryName>
               <LastName>Bob</LastName>
               <FirstName>Jim</FirstName>
               <DateOfInfo>06/17/2021 03:56:54</DateOfInfo>
               <SLastName>B100</SLastName>
               <SFirstName>J500</SFirstName>
            </PersonPrimaryName>
            <Alias>
               <NameTypeCode>P</NameTypeCode>
               <LastName>Bob</LastName>
               <FirstName>Jim</FirstName>
               <SLastName>B100</SLastName>
               <SFirstName>J500</SFirstName>
               <DateOfInfo>06/17/2021 03:56:54</DateOfInfo>
            </Alias>
         </Person>
         <IncidentPersonRole>
            <RoleType>V</RoleType>
            <CreatorId>STATE_OFFICER11</CreatorId>
            <CreatorDate>02/27/2023 12:25:59</CreatorDate>
            <UpdatorId>TSTC</UpdatorId>
            <UpdatorDate>08/15/2023 20:32:24</UpdatorDate>
         </IncidentPersonRole>
      </IncidentPerson>
      <IncidentPerson>
         <ApproxAge>48</ApproxAge>
         <CreatorId>STATE_OFFICER11</CreatorId>
         <CreatorDate>02/27/2023 12:26:19</CreatorDate>
         <UpdatorId>TSTC</UpdatorId>
         <UpdatorDate>05/24/2023 12:41:26</UpdatorDate>
         <Person>
            <PersonId>1039</PersonId>
            <RaceCode>W</RaceCode>
            <SexCode>F</SexCode>
            <PersonVerified>Y</PersonVerified>
            <PersonPrimaryName>
               <LastName>Thomas</LastName>
               <FirstName>Shelly</FirstName>
               <DateOfInfo>07/06/2020 00:00:00</DateOfInfo>
               <SLastName>T520</SLastName>
               <SFirstName>S400</SFirstName>
            </PersonPrimaryName>
            <PersonPrimaryName>
               <LastName>YOUTH</LastName>
               <FirstName>Shelly</FirstName>
               <MiddleName>Marie</MiddleName>
               <DOB>05/03/1974 00:00:00</DOB>
               <SSN>1.23123123E8</SSN>
               <DateOfInfo>07/06/2020 14:46:02</DateOfInfo>
               <SLastName>Y300</SLastName>
               <SFirstName>S400</SFirstName>
            </PersonPrimaryName>
            <Alias>
               <NameTypeCode>M</NameTypeCode>
               <LastName>Thomas</LastName>
               <FirstName>Shelly</FirstName>
               <SLastName>T520</SLastName>
               <SFirstName>S400</SFirstName>
               <DateOfInfo>07/06/2020 00:00:00</DateOfInfo>
            </Alias>
            <Alias>
               <NameTypeCode>P</NameTypeCode>
               <LastName>YOUTH</LastName>
               <FirstName>Shelly</FirstName>
               <MiddleName>Marie</MiddleName>
               <DOB>05/03/1974 00:00:00</DOB>
               <SSN>1.23123123E8</SSN>
               <SLastName>Y300</SLastName>
               <SFirstName>S400</SFirstName>
               <DateOfInfo>07/06/2020 14:46:02</DateOfInfo>
            </Alias>
            <PersonAddress>
               <StreetNumber>6677</StreetNumber>
               <StreetDirCode>BLK</StreetDirCode>
               <StreetName>Harrison</StreetName>
               <StreetTypeCode>WALK</StreetTypeCode>
               <StreetSuffixCode>BLK</StreetSuffixCode>
               <SubTypeCode>APT</SubTypeCode>
               <SubNumber>123</SubNumber>
               <City>Los Angeles</City>
               <StateCode>CA</StateCode>
               <Zip5>12345</Zip5>
               <CountryCode>US</CountryCode>
               <CountyCode>1</CountyCode>
            </PersonAddress>
            <PersonAddress>
               <StreetNumber>6677</StreetNumber>
               <StreetDirCode>BLK</StreetDirCode>
               <StreetName>Harrison</StreetName>
               <StreetTypeCode>WALK</StreetTypeCode>
               <StreetSuffixCode>BLK</StreetSuffixCode>
               <SubTypeCode>APT</SubTypeCode>
               <SubNumber>123</SubNumber>
               <City>Los Angeles</City>
               <StateCode>CA</StateCode>
               <Zip5>12345</Zip5>
               <CountryCode>US</CountryCode>
               <CountyCode>1</CountyCode>
            </PersonAddress>
            <PersonAddress>
               <StreetNumber>6677</StreetNumber>
               <StreetDirCode>BLK</StreetDirCode>
               <StreetName>Harrison</StreetName>
               <StreetTypeCode>WALK</StreetTypeCode>
               <StreetSuffixCode>BLK</StreetSuffixCode>
               <SubTypeCode>APT</SubTypeCode>
               <SubNumber>123</SubNumber>
               <City>Los Angeles</City>
               <StateCode>CA</StateCode>
               <Zip5>12345</Zip5>
               <CountryCode>US</CountryCode>
               <CountyCode>1</CountyCode>
            </PersonAddress>
            <PersonPhone>
               <PhoneTypeCode>RES</PhoneTypeCode>
               <PhoneArea>333</PhoneArea>
               <PhonePrefix>444</PhonePrefix>
               <PhoneSuffix>5555</PhoneSuffix>
               <DateOfInfo>07/06/2020 00:00:00</DateOfInfo>
            </PersonPhone>
            <PersonPhone>
               <PhoneTypeCode>BUS</PhoneTypeCode>
               <PhoneArea>665</PhoneArea>
               <PhonePrefix>555</PhonePrefix>
               <PhoneSuffix>5555</PhoneSuffix>
               <DateOfInfo>07/06/2020 00:00:00</DateOfInfo>
            </PersonPhone>
            <PersonPhone>
               <PhoneTypeCode>CEL</PhoneTypeCode>
               <PhoneArea>333</PhoneArea>
               <PhonePrefix>333</PhonePrefix>
               <PhoneSuffix>3333</PhoneSuffix>
               <DateOfInfo>07/06/2020 00:00:00</DateOfInfo>
            </PersonPhone>
         </Person>
         <IncidentPersonRole>
            <RoleType>CP</RoleType>
            <CreatorId>STATE_OFFICER11</CreatorId>
            <CreatorDate>02/27/2023 12:26:19</CreatorDate>
            <UpdatorId>TSTC</UpdatorId>
            <UpdatorDate>08/15/2023 20:32:25</UpdatorDate>
         </IncidentPersonRole>
      </IncidentPerson>
   </IncidentSupplement>
</Incident>