<?xml version="1.0" encoding="UTF-8"?>
<Incident xmlns:xsi="http://www.w3.org/2001/XMLSchema-instance"
          xsi:noNamespaceSchemaLocation="file:///C:/DATA/EJS/SVN_Root/Ejustice/trunk/XMLTransformations/OnlineRMSInternalToIncident/IAOnlineRMSIncidentImport.xsd">
   <IncidentReportNum>2020D4210233</IncidentReportNum>
   <AgencyCode>D42</AgencyCode>
   <ORINum>SC0280000</ORINum>
   <ReportDate>03/06/2020 14:34:00</ReportDate>
   <ReportTime>03/06/2020 14:34:00</ReportTime>
   <StartDate>03/06/2020 14:34:00</StartDate>
   <StartTime>03/06/2020 14:34:00</StartTime>
   <Summary>asdfadfa</Summary>
   <CreatorId>STATE_OFFICER14</CreatorId>
   <CreatorDate>03/06/2020 14:34:20</CreatorDate>
   <UpdatorId>TSTC</UpdatorId>
   <UpdatorDate>09/09/2021 18:46:43</UpdatorDate>
   <IncidentType>
      <IncidentTypeCode>AIR</IncidentTypeCode>
   </IncidentType>
   <IncidentAddress>
      <AddressId>1691</AddressId>
      <City>8</City>
      <CreatorId>STATE_OFFICER14</CreatorId>
      <CreatorDate>03/06/2020 14:37:14</CreatorDate>
      <UpdatorId>TSTC</UpdatorId>
      <UpdatorDate>03/06/2020 14:37:38</UpdatorDate>
      <Address>
         <AddressId>1691</AddressId>
         <StreetNumber>666</StreetNumber>
         <StreetDirCode>BLK</StreetDirCode>
         <StreetName>COHNSON</StreetName>
         <StreetTypeCode>RD</StreetTypeCode>
         <City>RINGVILLE</City>
         <StateCode>CT</StateCode>
         <Zip5>21332</Zip5>
         <Zip4>5410</Zip4>
         <Distance>0</Distance>
      </Address>
   </IncidentAddress>
   <IncidentSupplement>
      <SupplementSequence>0</SupplementSequence>
      <IncSupplementStatusCode>A</IncSupplementStatusCode>
      <SuppReportDate>03/06/2020 14:34:20</SuppReportDate>
      <SuppReportTime>03/06/2020 14:34:20</SuppReportTime>
      <AgencyOnly>N</AgencyOnly>
      <SecurityLevel>1100</SecurityLevel>
      <SuppAgencyCode>D42</SuppAgencyCode>
      <UnknownNoOffenders>N</UnknownNoOffenders>
      <DsIcrDate>09/03/2020 13:02:04</DsIcrDate>
      <DsIcrSubmissionStatus>NOT REPORTABLE</DsIcrSubmissionStatus>
      <CreatorId>STATE_OFFICER14</CreatorId>
      <CreatorDate>03/06/2020 14:34:20</CreatorDate>
      <UpdatorId>TSTC</UpdatorId>
      <UpdatorDate>08/05/2021 17:38:29</UpdatorDate>
      <IncidentSuppNarrative>
         <NarrativeNumber>1</NarrativeNumber>
         <NarrativeTitle>Original Narrative</NarrativeTitle>
         <NarrativeText>dasdfasdafsd</NarrativeText>
         <CreatorId>STATE_OFFICER14</CreatorId>
         <CreatorDate>03/06/2020 14:37:47</CreatorDate>
         <UpdatorId>STATE_OFFICER14</UpdatorId>
         <UpdatorDate>03/06/2020 14:37:47</UpdatorDate>
      </IncidentSuppNarrative>
      <IncidentOfficer>
         <OfficerRoleCode>P</OfficerRoleCode>
         <Officer>
            <AgencyCode>D42</AgencyCode>
            <ORINumber>SC0280000</ORINumber>
            <LastName>Smith</LastName>
            <FirstName>Charles</FirstName>
            <InternalID>2014</InternalID>
         </Officer>
      </IncidentOfficer>
      <IncidentOfficer>
         <OfficerRoleCode>R</OfficerRoleCode>
         <Officer>
            <AgencyCode>D42</AgencyCode>
            <ORINumber>SC0280000</ORINumber>
            <LastName>Smith</LastName>
            <FirstName>Charles</FirstName>
            <InternalID>2014</InternalID>
         </Officer>
      </IncidentOfficer>
      <IncidentOffense>
         <IncidentId>3222</IncidentId>
         <OffenseNumber>1</OffenseNumber>
         <OffenseStatusCode>00</OffenseStatusCode>
         <OffenseCode>35-43-2-2  C02</OffenseCode>
         <PlaceCode>45</PlaceCode>
         <BiasCode>21</BiasCode>
         <CSAUCode>C</CSAUCode>
         <SupplementSeq>0</SupplementSeq>
         <UCRNumber>1</UCRNumber>
         <OffenseStatusDate>03/06/2020 14:34:00</OffenseStatusDate>
         <AttemptedCompletedCode>C</AttemptedCompletedCode>
         <CreatorId>STATE_OFFICER14</CreatorId>
         <CreatorDate>03/06/2020 14:36:36</CreatorDate>
         <UpdatorId>STATE_OFFICER14</UpdatorId>
         <UpdatorDate>03/06/2020 14:36:36</UpdatorDate>
      </IncidentOffense>
      <IncidentPerson>
         <ApproxAge>35</ApproxAge>
         <CreatorId>STATE_OFFICER14</CreatorId>
         <CreatorDate>03/06/2020 14:36:08</CreatorDate>
         <UpdatorId>TSTC</UpdatorId>
         <UpdatorDate>05/24/2023 12:41:23</UpdatorDate>
         <Person>
            <PersonId>998</PersonId>
            <RaceCode>W</RaceCode>
            <SexCode>M</SexCode>
            <PersonVerified>Y</PersonVerified>
            <PersonPrimaryName>
               <LastName>ALLEN</LastName>
               <FirstName>DONALD</FirstName>
               <DOB>10/24/1984 00:00:00</DOB>
               <SSN>1.11223333E8</SSN>
               <DateOfInfo>01/11/2019 11:25:46</DateOfInfo>
               <SLastName>A450</SLastName>
               <SFirstName>D543</SFirstName>
            </PersonPrimaryName>
            <Alias>
               <NameTypeCode>P</NameTypeCode>
               <LastName>ALLEN</LastName>
               <FirstName>DONALD</FirstName>
               <DOB>10/24/1984 00:00:00</DOB>
               <SSN>1.11223333E8</SSN>
               <SLastName>A450</SLastName>
               <SFirstName>D543</SFirstName>
               <DateOfInfo>01/11/2019 11:25:46</DateOfInfo>
            </Alias>
            <PersonAddress>
               <StreetNumber>4</StreetNumber>
               <StreetName>Main</StreetName>
               <City>Denver</City>
               <StateCode>DE</StateCode>
               <Zip5>11111</Zip5>
               <CountryCode>US</CountryCode>
               <CountyCode>4</CountyCode>
            </PersonAddress>
         </Person>
         <IncidentPersonRole>
            <RoleType>S</RoleType>
            <CreatorId>STATE_OFFICER14</CreatorId>
            <CreatorDate>03/06/2020 14:36:09</CreatorDate>
            <UpdatorId>TSTC</UpdatorId>
            <UpdatorDate>08/15/2023 20:32:24</UpdatorDate>
         </IncidentPersonRole>
      </IncidentPerson>
      <IncidentPerson>
         <ApproxAge>51</ApproxAge>
         <CreatorId>STATE_OFFICER14</CreatorId>
         <CreatorDate>03/10/2020 13:14:07</CreatorDate>
         <UpdatorId>TSTC</UpdatorId>
         <UpdatorDate>05/24/2023 12:41:24</UpdatorDate>
         <Person>
            <PersonId>1028</PersonId>
            <RaceCode>W</RaceCode>
            <SexCode>M</SexCode>
            <PersonVerified>Y</PersonVerified>
            <PersonPrimaryName>
               <LastName>Wilmes</LastName>
               <FirstName>Kent</FirstName>
               <MiddleName>Brian</MiddleName>
               <DOB>01/01/1969 00:00:00</DOB>
               <SSN>1.11223333E8</SSN>
               <TitleCode>I</TitleCode>
               <DateOfInfo>03/10/2020 12:00:20</DateOfInfo>
               <SLastName>W452</SLastName>
               <SFirstName>K530</SFirstName>
            </PersonPrimaryName>
            <Alias>
               <NameTypeCode>P</NameTypeCode>
               <LastName>Wilmes</LastName>
               <FirstName>Kent</FirstName>
               <MiddleName>Brian</MiddleName>
               <DOB>01/01/1969 00:00:00</DOB>
               <SSN>1.11223333E8</SSN>
               <TitleCode>I</TitleCode>
               <SLastName>W452</SLastName>
               <SFirstName>K530</SFirstName>
               <DateOfInfo>03/10/2020 12:00:20</DateOfInfo>
            </Alias>
            <PersonAddress>
               <StreetNumber>500</StreetNumber>
               <StreetName>Oakcliff</StreetName>
               <StreetTypeCode>RD</StreetTypeCode>
               <SubTypeCode>APT</SubTypeCode>
               <SubNumber>20</SubNumber>
               <City>W Terre Haute</City>
               <StateCode>IN</StateCode>
               <CountryCode>US</CountryCode>
               <CountyCode>NaN</CountyCode>
               <Longitude>-87.42233670131985</Longitude>
               <Latitude>39.47217246160029</Latitude>
            </PersonAddress>
            <PersonAddress>
               <StreetNumber>500</StreetNumber>
               <StreetName>Oakcliff</StreetName>
               <StreetTypeCode>RD</StreetTypeCode>
               <SubTypeCode>APT</SubTypeCode>
               <SubNumber>20</SubNumber>
               <City>W Terre Haute</City>
               <StateCode>IN</StateCode>
               <CountryCode>US</CountryCode>
               <CountyCode>NaN</CountyCode>
               <Longitude>-87.42233670131985</Longitude>
               <Latitude>39.47217246160029</Latitude>
            </PersonAddress>
         </Person>
         <IncidentPersonRole>
            <RoleType>S</RoleType>
            <CreatorId>STATE_OFFICER14</CreatorId>
            <CreatorDate>03/10/2020 13:14:07</CreatorDate>
            <UpdatorId>TSTC</UpdatorId>
            <UpdatorDate>08/15/2023 20:32:24</UpdatorDate>
         </IncidentPersonRole>
      </IncidentPerson>
      <IncidentPerson>
         <ApproxAge>47</ApproxAge>
         <ResidentStatusCode>R</ResidentStatusCode>
         <CreatorId>STATE_OFFICER14</CreatorId>
         <CreatorDate>06/22/2020 09:46:34</CreatorDate>
         <UpdatorId>TSTC</UpdatorId>
         <UpdatorDate>05/24/2023 12:41:24</UpdatorDate>
         <Person>
            <PersonId>197</PersonId>
            <RaceCode>W</RaceCode>
            <SexCode>M</SexCode>
            <PersonVerified>Y</PersonVerified>
            <PersonPrimaryName>
               <LastName>BECKER</LastName>
               <FirstName>CHRISTOPHER</FirstName>
               <MiddleName>M</MiddleName>
               <DOB>03/28/1972 00:00:00</DOB>
               <DateOfInfo>06/06/2012 14:18:57</DateOfInfo>
               <SLastName>B260</SLastName>
               <SFirstName>C623</SFirstName>
            </PersonPrimaryName>
            <Alias>
               <NameTypeCode>A</NameTypeCode>
               <LastName>BECKER</LastName>
               <FirstName>CHRISTOPHER</FirstName>
               <MiddleName>M</MiddleName>
               <DOB>03/28/1972 00:00:00</DOB>
               <SLastName>B260</SLastName>
               <SFirstName>C623</SFirstName>
               <DateOfInfo>06/06/2012 14:18:57</DateOfInfo>
            </Alias>
            <PersonAddress>
               <StreetNumber>9650</StreetNumber>
               <StreetDirCode>E</StreetDirCode>
               <StreetName>Washington</StreetName>
               <StreetTypeCode>ST</StreetTypeCode>
               <SubNumber>Suite 100</SubNumber>
               <City>Indianapolis</City>
               <StateCode>IN</StateCode>
               <Zip5>46229</Zip5>
               <CountryCode>US</CountryCode>
               <CountyCode>NaN</CountyCode>
               <Longitude>-85.994568</Longitude>
               <Latitude>39.776458</Latitude>
            </PersonAddress>
            <PersonAddress>
               <StreetNumber>6677</StreetNumber>
               <StreetDirCode>BLK</StreetDirCode>
               <StreetName>Harrison</StreetName>
               <StreetTypeCode>WALK</StreetTypeCode>
               <StreetSuffixCode>BLK</StreetSuffixCode>
               <SubTypeCode>APT</SubTypeCode>
               <SubNumber>123</SubNumber>
               <City>Los Angeles</City>
               <StateCode>CA</StateCode>
               <Zip5>12345</Zip5>
               <CountryCode>US</CountryCode>
               <CountyCode>1</CountyCode>
            </PersonAddress>
            <PersonAddress>
               <StreetNumber>6677</StreetNumber>
               <StreetDirCode>BLK</StreetDirCode>
               <StreetName>Harrison</StreetName>
               <StreetTypeCode>WALK</StreetTypeCode>
               <StreetSuffixCode>BLK</StreetSuffixCode>
               <SubTypeCode>APT</SubTypeCode>
               <SubNumber>123</SubNumber>
               <City>Los Angeles</City>
               <StateCode>CA</StateCode>
               <Zip5>12345</Zip5>
               <CountryCode>US</CountryCode>
               <CountyCode>1</CountyCode>
            </PersonAddress>
            <PersonAddress>
               <StreetNumber>700</StreetNumber>
               <StreetDirCode>N</StreetDirCode>
               <StreetName>Johnson Branch</StreetName>
               <StreetTypeCode>RTE</StreetTypeCode>
               <SubTypeCode>APT</SubTypeCode>
               <SubNumber>12B</SubNumber>
               <City>Greenfield</City>
               <StateCode>IN</StateCode>
               <Zip5>46140</Zip5>
               <CountryCode>US</CountryCode>
               <CountyCode>30</CountyCode>
               <Longitude>-85.93763943519708</Longitude>
               <Latitude>39.79212746134808</Latitude>
            </PersonAddress>
            <PersonPhone>
               <PhoneTypeCode>RES</PhoneTypeCode>
               <PhoneArea>333</PhoneArea>
               <PhonePrefix>333</PhonePrefix>
               <PhoneSuffix>3333</PhoneSuffix>
               <DateOfInfo>07/02/2020 00:00:00</DateOfInfo>
            </PersonPhone>
         </Person>
         <IncidentPersonRole>
            <RoleType>S</RoleType>
            <CreatorId>STATE_OFFICER14</CreatorId>
            <CreatorDate>06/22/2020 09:46:34</CreatorDate>
            <UpdatorId>TSTC</UpdatorId>
            <UpdatorDate>08/15/2023 20:32:25</UpdatorDate>
         </IncidentPersonRole>
      </IncidentPerson>
      <IncidentPerson>
         <ApproxAge>42</ApproxAge>
         <CreatorId>STATE_OFFICER14</CreatorId>
         <CreatorDate>09/03/2020 13:01:20</CreatorDate>
         <UpdatorId>TSTC</UpdatorId>
         <UpdatorDate>05/24/2023 12:41:26</UpdatorDate>
         <Person>
            <PersonId>1056</PersonId>
            <RaceCode>W</RaceCode>
            <SexCode>M</SexCode>
            <EthnicityCode>U</EthnicityCode>
            <PersonVerified>Y</PersonVerified>
            <PersonPrimaryName>
               <LastName>Smith</LastName>
               <FirstName>Tom</FirstName>
               <DOB>05/04/1977 00:00:00</DOB>
               <SSN>1.11111111E8</SSN>
               <DateOfInfo>09/02/2020 16:42:00</DateOfInfo>
               <SLastName>S530</SLastName>
               <SFirstName>T500</SFirstName>
            </PersonPrimaryName>
            <Alias>
               <NameTypeCode>P</NameTypeCode>
               <LastName>Smith</LastName>
               <FirstName>Tom</FirstName>
               <DOB>05/04/1977 00:00:00</DOB>
               <SSN>1.11111111E8</SSN>
               <SLastName>S530</SLastName>
               <SFirstName>T500</SFirstName>
               <DateOfInfo>09/02/2020 16:42:00</DateOfInfo>
            </Alias>
         </Person>
         <IncidentPersonRole>
            <RoleType>EM</RoleType>
            <CreatorId>STATE_OFFICER14</CreatorId>
            <CreatorDate>09/03/2020 13:01:21</CreatorDate>
            <UpdatorId>TSTC</UpdatorId>
            <UpdatorDate>08/15/2023 20:32:24</UpdatorDate>
         </IncidentPersonRole>
      </IncidentPerson>
      <IncidentBusiness>
         <BusinessNumber>240000001</BusinessNumber>
         <BusinessName>SOCIETY</BusinessName>
         <IncBusinessRoleCode>V</IncBusinessRoleCode>
         <CreatorId>STATE_OFFICER14</CreatorId>
         <CreatorDate>03/06/2020 14:36:37</CreatorDate>
         <UpdatorId>STATE_OFFICER14</UpdatorId>
         <UpdatorDate>03/06/2020 14:36:37</UpdatorDate>
      </IncidentBusiness>
   </IncidentSupplement>
</Incident>