<?xml version="1.0" encoding="UTF-8"?>
<Incident xmlns:xsi="http://www.w3.org/2001/XMLSchema-instance"
          xsi:noNamespaceSchemaLocation="file:///C:/DATA/EJS/SVN_Root/Ejustice/trunk/XMLTransformations/OnlineRMSInternalToIncident/IAOnlineRMSIncidentImport.xsd">
   <IncidentReportNum>2020D4210309</IncidentReportNum>
   <AgencyCode>D42</AgencyCode>
   <ORINum>SC0280000</ORINum>
   <ReportDate>09/28/2020 13:59:00</ReportDate>
   <ReportTime>09/28/2020 13:59:00</ReportTime>
   <StartDate>09/28/2020 13:59:00</StartDate>
   <StartTime>09/28/2020 13:59:00</StartTime>
   <Summary>yrdy</Summary>
   <CreatorId>STATE_OFFICER11</CreatorId>
   <CreatorDate>09/28/2020 13:59:15</CreatorDate>
   <UpdatorId>STATE_OFFICER11</UpdatorId>
   <UpdatorDate>09/12/2023 09:51:45</UpdatorDate>
   <IncidentType>
      <IncidentTypeCode>OTH</IncidentTypeCode>
   </IncidentType>
   <IncidentAddress>
      <AddressId>492</AddressId>
      <City>19</City>
      <CreatorId>STATE_OFFICER11</CreatorId>
      <CreatorDate>11/02/2021 14:52:37</CreatorDate>
      <UpdatorId>TSTC</UpdatorId>
      <UpdatorDate>09/12/2023 09:50:28</UpdatorDate>
      <Address>
         <AddressId>492</AddressId>
         <StreetNumber>143</StreetNumber>
         <StreetName>MAPLE</StreetName>
         <StreetTypeCode>AVE</StreetTypeCode>
         <StreetSuffixCode>E</StreetSuffixCode>
         <City>VIENNA</City>
         <StateCode>VA</StateCode>
         <Zip5>22180</Zip5>
         <Zip4>5724</Zip4>
      </Address>
   </IncidentAddress>
   <IncidentSupplement>
      <SupplementSequence>0</SupplementSequence>
      <IncSupplementStatusCode>A</IncSupplementStatusCode>
      <SuppReportDate>09/28/2020 13:59:15</SuppReportDate>
      <SuppReportTime>09/28/2020 13:59:15</SuppReportTime>
      <AgencyOnly>N</AgencyOnly>
      <SecurityLevel>1100</SecurityLevel>
      <SuppAgencyCode>D42</SuppAgencyCode>
      <UnknownNoOffenders>N</UnknownNoOffenders>
      <DsIcrDate>09/12/2023 09:51:49</DsIcrDate>
      <DsIcrSubmissionStatus>NOT REPORTABLE</DsIcrSubmissionStatus>
      <CreatorId>STATE_OFFICER11</CreatorId>
      <CreatorDate>09/28/2020 13:59:15</CreatorDate>
      <UpdatorId>TSTC</UpdatorId>
      <UpdatorDate>09/12/2023 09:51:49</UpdatorDate>
      <IncidentSuppNarrative>
         <NarrativeNumber>1</NarrativeNumber>
         <NarrativeTitle>Original Narrative</NarrativeTitle>
         <NarrativeText>DLW - TESTING IA-72955&lt;br /&gt; NARRATIVE</NarrativeText>
         <CreatorId>STATE_OFFICER11</CreatorId>
         <CreatorDate>11/02/2021 14:56:12</CreatorDate>
         <UpdatorId>STATE_OFFICER11</UpdatorId>
         <UpdatorDate>11/02/2021 16:48:47</UpdatorDate>
      </IncidentSuppNarrative>
      <IncidentOfficer>
         <OfficerRoleCode>P</OfficerRoleCode>
         <Officer>
            <AgencyCode>D42</AgencyCode>
            <ORINumber>SC0280000</ORINumber>
            <LastName>Simpson</LastName>
            <FirstName>Homer</FirstName>
            <InternalID>9696</InternalID>
         </Officer>
      </IncidentOfficer>
      <IncidentOfficer>
         <OfficerRoleCode>R</OfficerRoleCode>
         <Officer>
            <AgencyCode>D42</AgencyCode>
            <ORINumber>SC0280000</ORINumber>
            <LastName>Simpson</LastName>
            <FirstName>Homer</FirstName>
            <InternalID>9696</InternalID>
         </Officer>
      </IncidentOfficer>
      <IncidentOffense>
         <IncidentId>3302</IncidentId>
         <OffenseNumber>1</OffenseNumber>
         <OffenseStatusCode>00</OffenseStatusCode>
         <OffenseCode>9-24-15-11</OffenseCode>
         <PlaceCode>03</PlaceCode>
         <BiasCode>88</BiasCode>
         <CSAUCode>C</CSAUCode>
         <SupplementSeq>0</SupplementSeq>
         <UCRNumber>1</UCRNumber>
         <OffenseStatusDate>09/28/2020 13:59:00</OffenseStatusDate>
         <AttemptedCompletedCode>C</AttemptedCompletedCode>
         <CreatorId>STATE_OFFICER11</CreatorId>
         <CreatorDate>11/02/2021 14:54:19</CreatorDate>
         <UpdatorId>STATE_OFFICER11</UpdatorId>
         <UpdatorDate>11/02/2021 14:54:19</UpdatorDate>
      </IncidentOffense>
      <IncidentPerson>
         <ApproxAge>00</ApproxAge>
         <CreatorId>STATE_OFFICER11</CreatorId>
         <CreatorDate>11/02/2021 14:55:20</CreatorDate>
         <UpdatorId>TSTC</UpdatorId>
         <UpdatorDate>09/12/2023 09:50:28</UpdatorDate>
         <Person>
            <PersonId>951</PersonId>
            <RaceCode>I</RaceCode>
            <SexCode>F</SexCode>
            <EthnicityCode>A</EthnicityCode>
            <PersonVerified>Y</PersonVerified>
            <PersonPrimaryName>
               <LastName>Waterman</LastName>
               <FirstName>Dobie</FirstName>
               <DateOfInfo>06/07/2018 16:12:42</DateOfInfo>
               <SLastName>W365</SLastName>
               <SFirstName>D100</SFirstName>
            </PersonPrimaryName>
            <Alias>
               <NameTypeCode>P</NameTypeCode>
               <LastName>Waterman</LastName>
               <FirstName>Dobie</FirstName>
               <SLastName>W365</SLastName>
               <SFirstName>D100</SFirstName>
               <DateOfInfo>06/07/2018 16:12:42</DateOfInfo>
            </Alias>
            <PersonAddress>
               <StreetNumber>700</StreetNumber>
               <StreetName>Oak Boulevard N</StreetName>
               <StreetTypeCode>DR</StreetTypeCode>
               <SubTypeCode>APT</SubTypeCode>
               <SubNumber>60</SubNumber>
               <City>Greenfield</City>
               <StateCode>IN</StateCode>
               <Zip5>46140</Zip5>
               <CountryCode>US</CountryCode>
               <Longitude>-85.93580908594183</Longitude>
               <Latitude>39.78642057323397</Latitude>
            </PersonAddress>
         </Person>
         <IncidentPersonRole>
            <RoleType>S</RoleType>
            <CreatorId>STATE_OFFICER11</CreatorId>
            <CreatorDate>11/02/2021 15:57:15</CreatorDate>
            <UpdatorId>TSTC</UpdatorId>
            <UpdatorDate>08/15/2023 20:32:24</UpdatorDate>
         </IncidentPersonRole>
      </IncidentPerson>
      <IncidentPerson>
         <ApproxAge>55</ApproxAge>
         <ResidentStatusCode>R</ResidentStatusCode>
         <CreatorId>STATE_OFFICER11</CreatorId>
         <CreatorDate>11/02/2021 15:26:26</CreatorDate>
         <UpdatorId>TSTC</UpdatorId>
         <UpdatorDate>09/12/2023 09:50:28</UpdatorDate>
         <Person>
            <PersonId>473</PersonId>
            <RaceCode>W</RaceCode>
            <SexCode>M</SexCode>
            <PersonVerified>Y</PersonVerified>
            <PersonPrimaryName>
               <LastName>Waterman</LastName>
               <FirstName>Marty</FirstName>
               <DOB>03/01/1965 00:00:00</DOB>
               <DateOfInfo>08/05/2013 13:23:58</DateOfInfo>
               <SLastName>W365</SLastName>
               <SFirstName>M630</SFirstName>
            </PersonPrimaryName>
            <Alias>
               <NameTypeCode>P</NameTypeCode>
               <LastName>Waterman</LastName>
               <FirstName>Marty</FirstName>
               <DOB>03/01/1965 00:00:00</DOB>
               <SLastName>W365</SLastName>
               <SFirstName>M630</SFirstName>
               <DateOfInfo>08/05/2013 13:23:58</DateOfInfo>
            </Alias>
         </Person>
         <IncidentPersonRole>
            <RoleType>V</RoleType>
            <CreatorId>STATE_OFFICER11</CreatorId>
            <CreatorDate>11/02/2021 15:26:27</CreatorDate>
            <UpdatorId>TSTC</UpdatorId>
            <UpdatorDate>08/15/2023 20:32:25</UpdatorDate>
         </IncidentPersonRole>
      </IncidentPerson>
      <IncidentPerson>
         <ApproxAge>43</ApproxAge>
         <CreatorId>STATE_OFFICER11</CreatorId>
         <CreatorDate>11/02/2021 16:32:48</CreatorDate>
         <UpdatorId>TSTC</UpdatorId>
         <UpdatorDate>09/12/2023 09:50:28</UpdatorDate>
         <Person>
            <PersonId>1086</PersonId>
            <RaceCode>W</RaceCode>
            <SexCode>M</SexCode>
            <PersonVerified>Y</PersonVerified>
            <PersonPrimaryName>
               <LastName>Abner</LastName>
               <FirstName>Sherman</FirstName>
               <DOB>06/05/1977 00:00:00</DOB>
               <DateOfInfo>11/09/2020 10:40:37</DateOfInfo>
               <SLastName>A156</SLastName>
               <SFirstName>S655</SFirstName>
            </PersonPrimaryName>
            <Alias>
               <NameTypeCode>P</NameTypeCode>
               <LastName>Abner</LastName>
               <FirstName>Sherman</FirstName>
               <DOB>06/05/1977 00:00:00</DOB>
               <SLastName>A156</SLastName>
               <SFirstName>S655</SFirstName>
               <DateOfInfo>11/09/2020 10:40:37</DateOfInfo>
            </Alias>
         </Person>
         <IncidentPersonRole>
            <RoleType>S</RoleType>
            <CreatorId>STATE_OFFICER11</CreatorId>
            <CreatorDate>11/02/2021 16:32:49</CreatorDate>
            <UpdatorId>TSTC</UpdatorId>
            <UpdatorDate>08/15/2023 20:32:24</UpdatorDate>
         </IncidentPersonRole>
      </IncidentPerson>
      <IncidentPerson>
         <ApproxAge>00</ApproxAge>
         <CreatorId>STATE_OFFICER11</CreatorId>
         <CreatorDate>11/02/2021 16:44:17</CreatorDate>
         <UpdatorId>TSTC</UpdatorId>
         <UpdatorDate>09/12/2023 09:50:28</UpdatorDate>
         <Person>
            <PersonId>1167</PersonId>
            <RaceCode>A</RaceCode>
            <SexCode>M</SexCode>
            <EthnicityCode>U</EthnicityCode>
            <PersonVerified>Y</PersonVerified>
            <PersonPrimaryName>
               <LastName>Formosa</LastName>
               <FirstName>Matt</FirstName>
               <DateOfInfo>11/02/2021 16:44:17</DateOfInfo>
               <SLastName>F652</SLastName>
               <SFirstName>M300</SFirstName>
            </PersonPrimaryName>
            <Alias>
               <NameTypeCode>P</NameTypeCode>
               <LastName>Formosa</LastName>
               <FirstName>Matt</FirstName>
               <SLastName>F652</SLastName>
               <SFirstName>M300</SFirstName>
               <DateOfInfo>11/02/2021 16:44:17</DateOfInfo>
            </Alias>
         </Person>
         <IncidentPersonRole>
            <RoleType>S</RoleType>
            <CreatorId>STATE_OFFICER11</CreatorId>
            <CreatorDate>11/02/2021 16:44:17</CreatorDate>
            <UpdatorId>TSTC</UpdatorId>
            <UpdatorDate>08/15/2023 20:32:24</UpdatorDate>
         </IncidentPersonRole>
      </IncidentPerson>
   </IncidentSupplement>
</Incident>