<?xml version="1.0" encoding="UTF-8"?>
<Incident xmlns:xsi="http://www.w3.org/2001/XMLSchema-instance"
          xsi:noNamespaceSchemaLocation="file:///C:/DATA/EJS/SVN_Root/Ejustice/trunk/XMLTransformations/OnlineRMSInternalToIncident/IAOnlineRMSIncidentImport.xsd">
   <IncidentReportNum>2022D4210414</IncidentReportNum>
   <AgencyCode>D42</AgencyCode>
   <ORINum>SC0280000</ORINum>
   <ReportDate>09/18/2022 10:27:00</ReportDate>
   <ReportTime>09/18/2022 10:27:00</ReportTime>
   <StartDate>09/18/2022 10:27:00</StartDate>
   <StartTime>09/18/2022 10:27:00</StartTime>
   <Summary>CRIMINAL COMPLAINT TESTING</Summary>
   <CreatorId>STATE_OFFICER11</CreatorId>
   <CreatorDate>09/19/2022 10:26:50</CreatorDate>
   <UpdatorId>STATE_OFFICER11</UpdatorId>
   <UpdatorDate>09/19/2022 10:35:17</UpdatorDate>
   <IncidentType>
      <IncidentTypeCode>LQV</IncidentTypeCode>
   </IncidentType>
   <IncidentAddress>
      <AddressId>686</AddressId>
      <City>1</City>
      <CreatorId>STATE_OFFICER11</CreatorId>
      <CreatorDate>09/19/2022 10:27:40</CreatorDate>
      <UpdatorId>TSTC</UpdatorId>
      <UpdatorDate>09/19/2022 10:27:48</UpdatorDate>
      <Address>
         <AddressId>686</AddressId>
         <StreetNumber>104</StreetNumber>
         <StreetDirCode>N</StreetDirCode>
         <StreetName>Sample Street Name</StreetName>
         <StreetTypeCode>ST</StreetTypeCode>
         <City>Belleville</City>
         <StateCode>ON</StateCode>
         <Zip5>K8N 5W6</Zip5>
         <CountryCode>CD</CountryCode>
      </Address>
   </IncidentAddress>
   <IncidentSupplement>
      <SupplementSequence>0</SupplementSequence>
      <IncSupplementStatusCode>A</IncSupplementStatusCode>
      <SuppReportDate>09/19/2022 10:26:50</SuppReportDate>
      <SuppReportTime>09/19/2022 10:26:50</SuppReportTime>
      <AgencyOnly>N</AgencyOnly>
      <SecurityLevel>1100</SecurityLevel>
      <SuppAgencyCode>D42</SuppAgencyCode>
      <UnknownNoOffenders>N</UnknownNoOffenders>
      <DsIcrDate>09/19/2022 10:35:19</DsIcrDate>
      <DsIcrSubmissionStatus>NOT REPORTABLE</DsIcrSubmissionStatus>
      <CreatorId>STATE_OFFICER11</CreatorId>
      <CreatorDate>09/19/2022 10:26:50</CreatorDate>
      <UpdatorId>TSTC</UpdatorId>
      <UpdatorDate>09/19/2022 10:35:19</UpdatorDate>
      <IncidentSuppNarrative>
         <NarrativeNumber>1</NarrativeNumber>
         <NarrativeTitle>Original Narrative</NarrativeTitle>
         <NarrativeText>test</NarrativeText>
         <CreatorId>STATE_OFFICER11</CreatorId>
         <CreatorDate>09/19/2022 10:29:49</CreatorDate>
         <UpdatorId>STATE_OFFICER11</UpdatorId>
         <UpdatorDate>09/19/2022 10:29:49</UpdatorDate>
      </IncidentSuppNarrative>
      <IncidentOfficer>
         <OfficerRoleCode>P</OfficerRoleCode>
         <Officer>
            <AgencyCode>D42</AgencyCode>
            <ORINumber>SC0280000</ORINumber>
            <LastName>Simpson</LastName>
            <FirstName>Homer</FirstName>
            <InternalID>9696</InternalID>
         </Officer>
      </IncidentOfficer>
      <IncidentOfficer>
         <OfficerRoleCode>R</OfficerRoleCode>
         <Officer>
            <AgencyCode>D42</AgencyCode>
            <ORINumber>SC0280000</ORINumber>
            <LastName>Simpson</LastName>
            <FirstName>Homer</FirstName>
            <InternalID>9696</InternalID>
         </Officer>
      </IncidentOfficer>
      <IncidentOffense>
         <IncidentId>3419</IncidentId>
         <OffenseNumber>1</OffenseNumber>
         <OffenseStatusCode>00</OffenseStatusCode>
         <OffenseCode>7.1-5-11-1</OffenseCode>
         <PlaceCode>25</PlaceCode>
         <BiasCode>88</BiasCode>
         <CSAUCode>C</CSAUCode>
         <SupplementSeq>0</SupplementSeq>
         <UCRNumber>1</UCRNumber>
         <OffenseStatusDate>09/18/2022 10:27:00</OffenseStatusDate>
         <AttemptedCompletedCode>C</AttemptedCompletedCode>
         <CreatorId>STATE_OFFICER11</CreatorId>
         <CreatorDate>09/19/2022 10:28:15</CreatorDate>
         <UpdatorId>STATE_OFFICER11</UpdatorId>
         <UpdatorDate>09/19/2022 10:28:15</UpdatorDate>
      </IncidentOffense>
      <IncidentPerson>
         <ApproxAge>57</ApproxAge>
         <ResidentStatusCode>R</ResidentStatusCode>
         <CreatorId>STATE_OFFICER11</CreatorId>
         <CreatorDate>09/19/2022 10:29:15</CreatorDate>
         <UpdatorId>TSTC</UpdatorId>
         <UpdatorDate>05/24/2023 12:41:25</UpdatorDate>
         <Person>
            <PersonId>1156</PersonId>
            <RaceCode>W</RaceCode>
            <SexCode>M</SexCode>
            <EthnicityCode>U</EthnicityCode>
            <PersonVerified>Y</PersonVerified>
            <PersonPrimaryName>
               <LastName>Harrison</LastName>
               <FirstName>Tom</FirstName>
               <DOB>04/05/1965 00:00:00</DOB>
               <DateOfInfo>09/21/2021 11:08:03</DateOfInfo>
               <SLastName>H625</SLastName>
               <SFirstName>T500</SFirstName>
            </PersonPrimaryName>
            <Alias>
               <NameTypeCode>P</NameTypeCode>
               <LastName>Harrison</LastName>
               <FirstName>Tom</FirstName>
               <DOB>04/05/1965 00:00:00</DOB>
               <SLastName>H625</SLastName>
               <SFirstName>T500</SFirstName>
               <DateOfInfo>09/21/2021 11:08:03</DateOfInfo>
            </Alias>
         </Person>
         <IncidentPersonRole>
            <RoleType>S</RoleType>
            <CreatorId>STATE_OFFICER11</CreatorId>
            <CreatorDate>09/19/2022 10:29:15</CreatorDate>
            <UpdatorId>TSTC</UpdatorId>
            <UpdatorDate>08/15/2023 20:32:25</UpdatorDate>
         </IncidentPersonRole>
      </IncidentPerson>
      <IncidentPerson>
         <ApproxAge>48</ApproxAge>
         <ResidentStatusCode>R</ResidentStatusCode>
         <CreatorId>STATE_OFFICER11</CreatorId>
         <CreatorDate>09/19/2022 10:29:33</CreatorDate>
         <UpdatorId>TSTC</UpdatorId>
         <UpdatorDate>05/24/2023 12:41:25</UpdatorDate>
         <Person>
            <PersonId>1039</PersonId>
            <RaceCode>W</RaceCode>
            <SexCode>F</SexCode>
            <PersonVerified>Y</PersonVerified>
            <PersonPrimaryName>
               <LastName>Thomas</LastName>
               <FirstName>Shelly</FirstName>
               <DateOfInfo>07/06/2020 00:00:00</DateOfInfo>
               <SLastName>T520</SLastName>
               <SFirstName>S400</SFirstName>
            </PersonPrimaryName>
            <PersonPrimaryName>
               <LastName>YOUTH</LastName>
               <FirstName>Shelly</FirstName>
               <MiddleName>Marie</MiddleName>
               <DOB>05/03/1974 00:00:00</DOB>
               <SSN>1.23123123E8</SSN>
               <DateOfInfo>07/06/2020 14:46:02</DateOfInfo>
               <SLastName>Y300</SLastName>
               <SFirstName>S400</SFirstName>
            </PersonPrimaryName>
            <Alias>
               <NameTypeCode>M</NameTypeCode>
               <LastName>Thomas</LastName>
               <FirstName>Shelly</FirstName>
               <SLastName>T520</SLastName>
               <SFirstName>S400</SFirstName>
               <DateOfInfo>07/06/2020 00:00:00</DateOfInfo>
            </Alias>
            <Alias>
               <NameTypeCode>P</NameTypeCode>
               <LastName>YOUTH</LastName>
               <FirstName>Shelly</FirstName>
               <MiddleName>Marie</MiddleName>
               <DOB>05/03/1974 00:00:00</DOB>
               <SSN>1.23123123E8</SSN>
               <SLastName>Y300</SLastName>
               <SFirstName>S400</SFirstName>
               <DateOfInfo>07/06/2020 14:46:02</DateOfInfo>
            </Alias>
            <PersonAddress>
               <StreetNumber>6677</StreetNumber>
               <StreetDirCode>BLK</StreetDirCode>
               <StreetName>Harrison</StreetName>
               <StreetTypeCode>WALK</StreetTypeCode>
               <StreetSuffixCode>BLK</StreetSuffixCode>
               <SubTypeCode>APT</SubTypeCode>
               <SubNumber>123</SubNumber>
               <City>Los Angeles</City>
               <StateCode>CA</StateCode>
               <Zip5>12345</Zip5>
               <CountryCode>US</CountryCode>
               <CountyCode>1</CountyCode>
            </PersonAddress>
            <PersonAddress>
               <StreetNumber>6677</StreetNumber>
               <StreetDirCode>BLK</StreetDirCode>
               <StreetName>Harrison</StreetName>
               <StreetTypeCode>WALK</StreetTypeCode>
               <StreetSuffixCode>BLK</StreetSuffixCode>
               <SubTypeCode>APT</SubTypeCode>
               <SubNumber>123</SubNumber>
               <City>Los Angeles</City>
               <StateCode>CA</StateCode>
               <Zip5>12345</Zip5>
               <CountryCode>US</CountryCode>
               <CountyCode>1</CountyCode>
            </PersonAddress>
            <PersonAddress>
               <StreetNumber>6677</StreetNumber>
               <StreetDirCode>BLK</StreetDirCode>
               <StreetName>Harrison</StreetName>
               <StreetTypeCode>WALK</StreetTypeCode>
               <StreetSuffixCode>BLK</StreetSuffixCode>
               <SubTypeCode>APT</SubTypeCode>
               <SubNumber>123</SubNumber>
               <City>Los Angeles</City>
               <StateCode>CA</StateCode>
               <Zip5>12345</Zip5>
               <CountryCode>US</CountryCode>
               <CountyCode>1</CountyCode>
            </PersonAddress>
            <PersonPhone>
               <PhoneTypeCode>RES</PhoneTypeCode>
               <PhoneArea>333</PhoneArea>
               <PhonePrefix>444</PhonePrefix>
               <PhoneSuffix>5555</PhoneSuffix>
               <DateOfInfo>07/06/2020 00:00:00</DateOfInfo>
            </PersonPhone>
            <PersonPhone>
               <PhoneTypeCode>BUS</PhoneTypeCode>
               <PhoneArea>665</PhoneArea>
               <PhonePrefix>555</PhonePrefix>
               <PhoneSuffix>5555</PhoneSuffix>
               <DateOfInfo>07/06/2020 00:00:00</DateOfInfo>
            </PersonPhone>
            <PersonPhone>
               <PhoneTypeCode>CEL</PhoneTypeCode>
               <PhoneArea>333</PhoneArea>
               <PhonePrefix>333</PhonePrefix>
               <PhoneSuffix>3333</PhoneSuffix>
               <DateOfInfo>07/06/2020 00:00:00</DateOfInfo>
            </PersonPhone>
         </Person>
         <IncidentPersonRole>
            <RoleType>S</RoleType>
            <CreatorId>STATE_OFFICER11</CreatorId>
            <CreatorDate>09/19/2022 10:29:33</CreatorDate>
            <UpdatorId>TSTC</UpdatorId>
            <UpdatorDate>08/15/2023 20:32:25</UpdatorDate>
         </IncidentPersonRole>
      </IncidentPerson>
      <IncidentBusiness>
         <BusinessNumber>240000001</BusinessNumber>
         <BusinessName>SOCIETY</BusinessName>
         <IncBusinessRoleCode>V</IncBusinessRoleCode>
         <CreatorId>STATE_OFFICER11</CreatorId>
         <CreatorDate>09/19/2022 10:28:15</CreatorDate>
         <UpdatorId>STATE_OFFICER11</UpdatorId>
         <UpdatorDate>09/19/2022 10:28:15</UpdatorDate>
      </IncidentBusiness>
   </IncidentSupplement>
</Incident>