<?xml version="1.0" encoding="UTF-8"?>
<Incident xmlns:xsi="http://www.w3.org/2001/XMLSchema-instance"
          xsi:noNamespaceSchemaLocation="file:///C:/DATA/EJS/SVN_Root/Ejustice/trunk/XMLTransformations/OnlineRMSInternalToIncident/IAOnlineRMSIncidentImport.xsd">
   <IncidentReportNum>2020D4210240</IncidentReportNum>
   <AgencyCode>D42</AgencyCode>
   <ORINum>SC0280000</ORINum>
   <ReportDate>03/26/2020 09:19:00</ReportDate>
   <ReportTime>03/26/2020 09:19:00</ReportTime>
   <StartDate>03/26/2020 09:19:00</StartDate>
   <StartTime>03/26/2020 09:19:00</StartTime>
   <Summary>no evidence</Summary>
   <CreatorId>STATE_OFFICER11</CreatorId>
   <CreatorDate>03/26/2020 09:19:30</CreatorDate>
   <UpdatorId>TSTC</UpdatorId>
   <UpdatorDate>09/09/2021 18:46:43</UpdatorDate>
   <IncidentType>
      <IncidentTypeCode>B/H</IncidentTypeCode>
   </IncidentType>
   <IncidentAddress>
      <AddressId>1701</AddressId>
      <City>15</City>
      <CreatorId>STATE_OFFICER11</CreatorId>
      <CreatorDate>03/26/2020 09:22:03</CreatorDate>
      <UpdatorId>TSTC</UpdatorId>
      <UpdatorDate>03/26/2020 09:22:24</UpdatorDate>
      <Address>
         <AddressId>1701</AddressId>
         <StreetNumber>689</StreetNumber>
         <StreetName>Putnum</StreetName>
         <StreetTypeCode>ST</StreetTypeCode>
         <City>INDIANAPOLIS</City>
         <StateCode>IN</StateCode>
         <Zip5>12345</Zip5>
         <CountryCode>US</CountryCode>
      </Address>
   </IncidentAddress>
   <IncidentSupplement>
      <SupplementSequence>0</SupplementSequence>
      <IncSupplementStatusCode>A</IncSupplementStatusCode>
      <SuppReportDate>03/26/2020 09:19:31</SuppReportDate>
      <SuppReportTime>03/26/2020 09:19:31</SuppReportTime>
      <AgencyOnly>N</AgencyOnly>
      <SecurityLevel>1100</SecurityLevel>
      <SuppAgencyCode>D42</SuppAgencyCode>
      <UnknownNoOffenders>N</UnknownNoOffenders>
      <DsIcrDate>03/26/2020 09:23:19</DsIcrDate>
      <DsIcrSubmissionStatus>NOT REPORTABLE</DsIcrSubmissionStatus>
      <CreatorId>STATE_OFFICER11</CreatorId>
      <CreatorDate>03/26/2020 09:19:31</CreatorDate>
      <UpdatorId>TSTC</UpdatorId>
      <UpdatorDate>08/05/2021 17:38:29</UpdatorDate>
      <IncidentSuppNarrative>
         <NarrativeNumber>1</NarrativeNumber>
         <NarrativeTitle>Original Narrative</NarrativeTitle>
         <NarrativeText>asdfsdf</NarrativeText>
         <CreatorId>STATE_OFFICER11</CreatorId>
         <CreatorDate>03/26/2020 09:20:24</CreatorDate>
         <UpdatorId>STATE_OFFICER11</UpdatorId>
         <UpdatorDate>03/26/2020 09:20:24</UpdatorDate>
      </IncidentSuppNarrative>
      <IncidentOfficer>
         <OfficerRoleCode>P</OfficerRoleCode>
         <Officer>
            <AgencyCode>D42</AgencyCode>
            <ORINumber>SC0280000</ORINumber>
            <LastName>Wright</LastName>
            <FirstName>Greg</FirstName>
            <InternalID>9696</InternalID>
         </Officer>
      </IncidentOfficer>
      <IncidentOfficer>
         <OfficerRoleCode>R</OfficerRoleCode>
         <Officer>
            <AgencyCode>D42</AgencyCode>
            <ORINumber>SC0280000</ORINumber>
            <LastName>Wright</LastName>
            <FirstName>Greg</FirstName>
            <InternalID>9696</InternalID>
         </Officer>
      </IncidentOfficer>
      <IncidentProperty>
         <CreatorId>STATE_OFFICER11</CreatorId>
         <CreatorDate>03/26/2020 09:20:16</CreatorDate>
         <UpdatorId>STATE_OFFICER11</UpdatorId>
         <UpdatorDate>06/29/2021 16:29:09</UpdatorDate>
         <DateOfInfo>03/26/2020 00:00:00</DateOfInfo>
         <StatusCode>7</StatusCode>
         <DocumentTypeCode>P</DocumentTypeCode>
         <Description>asdf</Description>
         <PropertyTypeCode>470</PropertyTypeCode>
         <PropertyValue>0</PropertyValue>
         <Value>0</Value>
         <Evidence>Y</Evidence>
         <EvidenceFlag>Y</EvidenceFlag>
         <ExternalEvidenceId>846</ExternalEvidenceId>
         <Property_ID>1943</Property_ID>
         <Quantity>1</Quantity>
      </IncidentProperty>
   </IncidentSupplement>
</Incident>