<?xml version="1.0" encoding="UTF-8"?>
<Incident xmlns:xsi="http://www.w3.org/2001/XMLSchema-instance"
          xsi:noNamespaceSchemaLocation="file:///C:/DATA/EJS/SVN_Root/Ejustice/trunk/XMLTransformations/OnlineRMSInternalToIncident/IAOnlineRMSIncidentImport.xsd">
   <IncidentReportNum>2022D4210397</IncidentReportNum>
   <AgencyCode>D42</AgencyCode>
   <ORINum>SC0280000</ORINum>
   <ReportDate>06/23/2022 11:48:00</ReportDate>
   <ReportTime>06/23/2022 11:48:00</ReportTime>
   <StartDate>10/14/2021 11:03:00</StartDate>
   <StartTime>10/14/2021 11:03:00</StartTime>
   <Summary>test</Summary>
   <CreatorId>STATE_OFFICER11</CreatorId>
   <CreatorDate>06/23/2022 11:48:54</CreatorDate>
   <UpdatorId>STATE_OFFICER11</UpdatorId>
   <UpdatorDate>09/08/2022 13:05:08</UpdatorDate>
   <IncidentType>
      <IncidentTypeCode>AIR</IncidentTypeCode>
   </IncidentType>
   <IncidentType>
      <IncidentTypeCode>B/H</IncidentTypeCode>
   </IncidentType>
   <IncidentType>
      <IncidentTypeCode>B/V</IncidentTypeCode>
   </IncidentType>
   <IncidentType>
      <IncidentTypeCode>CDT</IncidentTypeCode>
   </IncidentType>
   <IncidentAddress>
      <AddressId>1337</AddressId>
      <City>7</City>
      <CreatorId>STATE_OFFICER11</CreatorId>
      <CreatorDate>07/14/2022 13:34:05</CreatorDate>
      <UpdatorId>TSTC</UpdatorId>
      <UpdatorDate>09/08/2022 12:49:18</UpdatorDate>
      <Address>
         <AddressId>1337</AddressId>
         <StreetNumber>400</StreetNumber>
         <StreetDirCode>E</StreetDirCode>
         <StreetName>High</StreetName>
         <StreetTypeCode>ST</StreetTypeCode>
         <City>Fortville</City>
         <StateCode>IN</StateCode>
         <Zip5>46040</Zip5>
         <CountryCode>US</CountryCode>
         <Longitude>-85.84414318288013</Longitude>
         <Latitude>39.93208598796304</Latitude>
      </Address>
   </IncidentAddress>
   <IncidentSupplement>
      <SupplementSequence>0</SupplementSequence>
      <IncSupplementStatusCode>A</IncSupplementStatusCode>
      <SuppReportDate>06/23/2022 11:48:55</SuppReportDate>
      <SuppReportTime>06/23/2022 11:48:55</SuppReportTime>
      <AgencyOnly>N</AgencyOnly>
      <SecurityLevel>1100</SecurityLevel>
      <SuppAgencyCode>D42</SuppAgencyCode>
      <UnknownNoOffenders>N</UnknownNoOffenders>
      <DsIcrDate>09/08/2022 13:05:09</DsIcrDate>
      <DsIcrSubmissionStatus>READY TO BE PROCESSED-ORIGINAL</DsIcrSubmissionStatus>
      <CreatorId>STATE_OFFICER11</CreatorId>
      <CreatorDate>06/23/2022 11:48:55</CreatorDate>
      <UpdatorId>TSTC</UpdatorId>
      <UpdatorDate>09/08/2022 13:05:09</UpdatorDate>
      <IncidentSuppNarrative>
         <NarrativeNumber>1</NarrativeNumber>
         <NarrativeTitle>Original Narrative</NarrativeTitle>
         <NarrativeText>test</NarrativeText>
         <CreatorId>STATE_OFFICER11</CreatorId>
         <CreatorDate>09/08/2022 12:54:46</CreatorDate>
         <UpdatorId>STATE_OFFICER11</UpdatorId>
         <UpdatorDate>09/08/2022 12:54:46</UpdatorDate>
      </IncidentSuppNarrative>
      <IncidentOfficer>
         <OfficerRoleCode>P</OfficerRoleCode>
         <Officer>
            <AgencyCode>D42</AgencyCode>
            <ORINumber>SC0280000</ORINumber>
            <LastName>Simpson</LastName>
            <FirstName>Homer</FirstName>
            <InternalID>9696</InternalID>
         </Officer>
      </IncidentOfficer>
      <IncidentOfficer>
         <OfficerRoleCode>R</OfficerRoleCode>
         <Officer>
            <AgencyCode>D42</AgencyCode>
            <ORINumber>SC0280000</ORINumber>
            <LastName>Simpson</LastName>
            <FirstName>Homer</FirstName>
            <InternalID>9696</InternalID>
         </Officer>
      </IncidentOfficer>
      <IncidentOfficer>
         <OfficerRoleCode>X</OfficerRoleCode>
         <Officer>
            <AgencyCode>D42</AgencyCode>
            <ORINumber>SC0280000</ORINumber>
            <LastName>Simpson</LastName>
            <FirstName>Homer</FirstName>
            <InternalID>9696</InternalID>
         </Officer>
      </IncidentOfficer>
      <IncidentOffense>
         <IncidentId>3401</IncidentId>
         <OffenseNumber>1</OffenseNumber>
         <OffenseStatusCode>00</OffenseStatusCode>
         <OffenseCode>TESTSTATECODE</OffenseCode>
         <PlaceCode>37</PlaceCode>
         <BiasCode>88</BiasCode>
         <CSAUCode>C</CSAUCode>
         <SupplementSeq>0</SupplementSeq>
         <UCRNumber>1</UCRNumber>
         <OffenseStatusDate>10/14/2021 11:03:00</OffenseStatusDate>
         <AttemptedCompletedCode>C</AttemptedCompletedCode>
         <CreatorId>STATE_OFFICER11</CreatorId>
         <CreatorDate>09/08/2022 12:50:57</CreatorDate>
         <UpdatorId>STATE_OFFICER11</UpdatorId>
         <UpdatorDate>09/08/2022 12:50:57</UpdatorDate>
      </IncidentOffense>
      <IncidentOffense>
         <IncidentId>3401</IncidentId>
         <OffenseNumber>2</OffenseNumber>
         <OffenseStatusCode>00</OffenseStatusCode>
         <OffenseCode>35-42-2-1  B04</OffenseCode>
         <PlaceCode>37</PlaceCode>
         <BiasCode>88</BiasCode>
         <CSAUCode>C</CSAUCode>
         <SupplementSeq>0</SupplementSeq>
         <UCRNumber>2</UCRNumber>
         <OffenseStatusDate>10/14/2021 11:03:00</OffenseStatusDate>
         <AttemptedCompletedCode>C</AttemptedCompletedCode>
         <CreatorId>STATE_OFFICER11</CreatorId>
         <CreatorDate>09/08/2022 12:50:58</CreatorDate>
         <UpdatorId>STATE_OFFICER11</UpdatorId>
         <UpdatorDate>09/08/2022 12:50:58</UpdatorDate>
      </IncidentOffense>
      <IncidentOffense>
         <IncidentId>3401</IncidentId>
         <OffenseNumber>3</OffenseNumber>
         <OffenseStatusCode>00</OffenseStatusCode>
         <OffenseCode>35-42-2-2  C08</OffenseCode>
         <PlaceCode>37</PlaceCode>
         <BiasCode>88</BiasCode>
         <CSAUCode>C</CSAUCode>
         <SupplementSeq>0</SupplementSeq>
         <UCRNumber>3</UCRNumber>
         <OffenseStatusDate>10/14/2021 11:03:00</OffenseStatusDate>
         <AttemptedCompletedCode>C</AttemptedCompletedCode>
         <CreatorId>STATE_OFFICER11</CreatorId>
         <CreatorDate>09/08/2022 12:50:58</CreatorDate>
         <UpdatorId>STATE_OFFICER11</UpdatorId>
         <UpdatorDate>09/08/2022 12:50:58</UpdatorDate>
      </IncidentOffense>
      <IncidentPerson>
         <ApproxAge>54</ApproxAge>
         <ResidentStatusCode>R</ResidentStatusCode>
         <CreatorId>STATE_OFFICER11</CreatorId>
         <CreatorDate>06/23/2022 11:49:02</CreatorDate>
         <UpdatorId>TSTC</UpdatorId>
         <UpdatorDate>05/24/2023 12:41:25</UpdatorDate>
         <Person>
            <PersonId>761</PersonId>
            <RaceCode>W</RaceCode>
            <SexCode>M</SexCode>
            <PersonVerified>Y</PersonVerified>
            <PersonPrimaryName>
               <LastName>Civil</LastName>
               <FirstName>Collapse a</FirstName>
               <DOB>03/01/1967 00:00:00</DOB>
               <DateOfInfo>09/30/2015 17:52:24</DateOfInfo>
               <SLastName>C140</SLastName>
               <SFirstName>C412</SFirstName>
            </PersonPrimaryName>
            <Alias>
               <NameTypeCode>P</NameTypeCode>
               <LastName>Civil</LastName>
               <FirstName>Collapse a</FirstName>
               <DOB>03/01/1967 00:00:00</DOB>
               <SLastName>C140</SLastName>
               <SFirstName>C412</SFirstName>
               <DateOfInfo>09/30/2015 17:52:24</DateOfInfo>
            </Alias>
            <PersonAddress>
               <StreetNumber>660</StreetNumber>
               <StreetName>ABERFOIL</StreetName>
               <StreetTypeCode>RD</StreetTypeCode>
               <City>UNION SPRINGS</City>
               <StateCode>AL</StateCode>
               <Zip5>36089</Zip5>
               <Longitude>148.305505</Longitude>
               <Latitude>38.80212</Latitude>
            </PersonAddress>
         </Person>
         <IncidentPersonRole>
            <RoleType>V</RoleType>
            <CreatorId>STATE_OFFICER11</CreatorId>
            <CreatorDate>09/08/2022 12:52:02</CreatorDate>
            <UpdatorId>TSTC</UpdatorId>
            <UpdatorDate>08/15/2023 20:32:24</UpdatorDate>
         </IncidentPersonRole>
      </IncidentPerson>
      <IncidentPerson>
         <ApproxAge>22</ApproxAge>
         <ClearMultiArrestCode>N</ClearMultiArrestCode>
         <CreatorId>STATE_OFFICER11</CreatorId>
         <CreatorDate>07/14/2022 13:34:04</CreatorDate>
         <UpdatorId>TSTC</UpdatorId>
         <UpdatorDate>05/24/2023 12:41:25</UpdatorDate>
         <Person>
            <PersonId>1193</PersonId>
            <RaceCode>W</RaceCode>
            <SexCode>M</SexCode>
            <EthnicityCode>U</EthnicityCode>
            <PersonVerified>Y</PersonVerified>
            <PersonPrimaryName>
               <LastName>Manlow</LastName>
               <FirstName>Tom</FirstName>
               <DOB>06/05/1999 00:00:00</DOB>
               <DateOfInfo>07/14/2022 13:13:29</DateOfInfo>
               <SLastName>M540</SLastName>
               <SFirstName>T500</SFirstName>
            </PersonPrimaryName>
            <Alias>
               <NameTypeCode>P</NameTypeCode>
               <LastName>Manlow</LastName>
               <FirstName>Tom</FirstName>
               <DOB>06/05/1999 00:00:00</DOB>
               <SLastName>M540</SLastName>
               <SFirstName>T500</SFirstName>
               <DateOfInfo>07/14/2022 13:13:29</DateOfInfo>
            </Alias>
         </Person>
         <IncidentPersonRole>
            <RoleType>A</RoleType>
            <CreatorId>STATE_OFFICER11</CreatorId>
            <CreatorDate>09/08/2022 12:59:32</CreatorDate>
            <UpdatorId>TSTC</UpdatorId>
            <UpdatorDate>08/15/2023 20:32:24</UpdatorDate>
         </IncidentPersonRole>
         <IncidentPersonRole>
            <RoleType>S</RoleType>
            <CreatorId>STATE_OFFICER11</CreatorId>
            <CreatorDate>07/14/2022 13:34:04</CreatorDate>
            <UpdatorId>TSTC</UpdatorId>
            <UpdatorDate>08/15/2023 20:32:25</UpdatorDate>
         </IncidentPersonRole>
      </IncidentPerson>
      <IncidentPerson>
         <ApproxAge>00</ApproxAge>
         <CreatorId>STATE_OFFICER11</CreatorId>
         <CreatorDate>07/14/2022 13:34:04</CreatorDate>
         <UpdatorId>TSTC</UpdatorId>
         <UpdatorDate>05/24/2023 12:41:25</UpdatorDate>
         <Person>
            <PersonId>1194</PersonId>
            <RaceCode>W</RaceCode>
            <SexCode>F</SexCode>
            <EthnicityCode>U</EthnicityCode>
            <PersonVerified>Y</PersonVerified>
            <PersonPrimaryName>
               <LastName>Jasper</LastName>
               <FirstName>Nancy</FirstName>
               <DateOfInfo>07/14/2022 13:14:14</DateOfInfo>
               <SLastName>J216</SLastName>
               <SFirstName>N520</SFirstName>
            </PersonPrimaryName>
            <Alias>
               <NameTypeCode>P</NameTypeCode>
               <LastName>Jasper</LastName>
               <FirstName>Nancy</FirstName>
               <SLastName>J216</SLastName>
               <SFirstName>N520</SFirstName>
               <DateOfInfo>07/14/2022 13:14:14</DateOfInfo>
            </Alias>
         </Person>
         <IncidentPersonRole>
            <RoleType>S</RoleType>
            <CreatorId>STATE_OFFICER11</CreatorId>
            <CreatorDate>07/14/2022 13:34:05</CreatorDate>
            <UpdatorId>TSTC</UpdatorId>
            <UpdatorDate>08/15/2023 20:32:25</UpdatorDate>
         </IncidentPersonRole>
      </IncidentPerson>
      <IncidentPerson>
         <ApproxAge>35</ApproxAge>
         <ResidentStatusCode>R</ResidentStatusCode>
         <CreatorId>STATE_OFFICER11</CreatorId>
         <CreatorDate>07/14/2022 13:34:05</CreatorDate>
         <UpdatorId>TSTC</UpdatorId>
         <UpdatorDate>05/24/2023 12:41:25</UpdatorDate>
         <Person>
            <PersonId>211</PersonId>
            <RaceCode>H</RaceCode>
            <SexCode>F</SexCode>
            <EthnicityCode>N</EthnicityCode>
            <PersonVerified>Y</PersonVerified>
            <PersonPrimaryName>
               <LastName>ALEXANDER</LastName>
               <FirstName>KAREN</FirstName>
               <MiddleName>A</MiddleName>
               <DateOfInfo>06/06/2012 14:19:04</DateOfInfo>
               <SLastName>A425</SLastName>
               <SFirstName>K650</SFirstName>
            </PersonPrimaryName>
            <PersonPrimaryName>
               <LastName>Hoffman</LastName>
               <FirstName>Laurent</FirstName>
               <MiddleName>Jane</MiddleName>
               <DOB>12/01/1985 00:00:00</DOB>
               <DateOfInfo>12/13/2012 00:00:00</DateOfInfo>
               <SLastName>H155</SLastName>
               <SFirstName>L653</SFirstName>
            </PersonPrimaryName>
            <PersonPrimaryName>
               <LastName>Alexandria</LastName>
               <FirstName>Shirley</FirstName>
               <MiddleName>Lina</MiddleName>
               <DOB>12/12/1985 00:00:00</DOB>
               <SSN>7.84641359E8</SSN>
               <TitleCode>SR</TitleCode>
               <DateOfInfo>12/13/2012 00:00:00</DateOfInfo>
               <SLastName>A425</SLastName>
               <SFirstName>S640</SFirstName>
            </PersonPrimaryName>
            <PersonPrimaryName>
               <LastName>Hoffman</LastName>
               <FirstName>Laurent</FirstName>
               <MiddleName>Jane</MiddleName>
               <DOB>12/01/1985 00:00:00</DOB>
               <SSN>3.33445566E8</SSN>
               <TitleCode>III</TitleCode>
               <DateOfInfo>12/13/2012 00:00:00</DateOfInfo>
               <SLastName>H155</SLastName>
               <SFirstName>L653</SFirstName>
            </PersonPrimaryName>
            <PersonPrimaryName>
               <LastName>Hoffman</LastName>
               <FirstName>Laurent</FirstName>
               <MiddleName>Jane</MiddleName>
               <DOB>12/01/1985 00:00:00</DOB>
               <DateOfInfo>12/13/2012 00:00:00</DateOfInfo>
               <SLastName>H155</SLastName>
               <SFirstName>L653</SFirstName>
            </PersonPrimaryName>
            <Alias>
               <NameTypeCode>A</NameTypeCode>
               <LastName>ALEXANDER</LastName>
               <FirstName>KAREN</FirstName>
               <MiddleName>A</MiddleName>
               <SLastName>A425</SLastName>
               <SFirstName>K650</SFirstName>
               <DateOfInfo>06/06/2012 14:19:04</DateOfInfo>
            </Alias>
            <Alias>
               <NameTypeCode>A</NameTypeCode>
               <LastName>Hoffman</LastName>
               <FirstName>Laurent</FirstName>
               <MiddleName>Jane</MiddleName>
               <DOB>12/01/1985 00:00:00</DOB>
               <SLastName>H155</SLastName>
               <SFirstName>L653</SFirstName>
               <DateOfInfo>12/13/2012 00:00:00</DateOfInfo>
            </Alias>
            <Alias>
               <NameTypeCode>A</NameTypeCode>
               <LastName>Alexandria</LastName>
               <FirstName>Shirley</FirstName>
               <MiddleName>Lina</MiddleName>
               <DOB>12/12/1985 00:00:00</DOB>
               <SSN>7.84641359E8</SSN>
               <TitleCode>SR</TitleCode>
               <SLastName>A425</SLastName>
               <SFirstName>S640</SFirstName>
               <DateOfInfo>12/13/2012 00:00:00</DateOfInfo>
            </Alias>
            <Alias>
               <NameTypeCode>P</NameTypeCode>
               <LastName>Hoffman</LastName>
               <FirstName>Laurent</FirstName>
               <MiddleName>Jane</MiddleName>
               <DOB>12/01/1985 00:00:00</DOB>
               <SSN>3.33445566E8</SSN>
               <TitleCode>III</TitleCode>
               <SLastName>H155</SLastName>
               <SFirstName>L653</SFirstName>
               <DateOfInfo>12/13/2012 00:00:00</DateOfInfo>
            </Alias>
            <Alias>
               <NameTypeCode>A</NameTypeCode>
               <LastName>Hoffman</LastName>
               <FirstName>Laurent</FirstName>
               <MiddleName>Jane</MiddleName>
               <DOB>12/01/1985 00:00:00</DOB>
               <SLastName>H155</SLastName>
               <SFirstName>L653</SFirstName>
               <DateOfInfo>12/13/2012 00:00:00</DateOfInfo>
            </Alias>
            <PersonPhone>
               <PhoneTypeCode>RES</PhoneTypeCode>
               <PhoneArea>765</PhoneArea>
               <PhonePrefix>555</PhonePrefix>
               <PhoneSuffix>5555</PhoneSuffix>
               <DateOfInfo>04/08/2014 00:00:00</DateOfInfo>
            </PersonPhone>
         </Person>
         <IncidentPersonRole>
            <RoleType>V</RoleType>
            <CreatorId>STATE_OFFICER11</CreatorId>
            <CreatorDate>09/08/2022 12:52:40</CreatorDate>
            <UpdatorId>TSTC</UpdatorId>
            <UpdatorDate>08/15/2023 20:32:24</UpdatorDate>
         </IncidentPersonRole>
      </IncidentPerson>
      <IncidentBusiness>
         <BusinessNumber>240000067</BusinessNumber>
         <BusinessName>All Blacks Rugby</BusinessName>
         <IncBusinessRoleCode>V</IncBusinessRoleCode>
         <CreatorId>STATE_OFFICER11</CreatorId>
         <CreatorDate>09/08/2022 12:54:04</CreatorDate>
         <UpdatorId>STATE_OFFICER11</UpdatorId>
         <UpdatorDate>09/08/2022 12:54:04</UpdatorDate>
         <BusinessAddress>
            <AddressId>531</AddressId>
            <StreetNumber>1000</StreetNumber>
            <StreetName>Pearl</StreetName>
            <StreetTypeCode>ST</StreetTypeCode>
            <City>Miles City</City>
            <StateCode>MT</StateCode>
            <Zip5>59301</Zip5>
            <CountryCode>US</CountryCode>
            <Longitude>-105.843402</Longitude>
            <Latitude>46.405329</Latitude>
            <Beat>Test</Beat>
            <SubBeat>Area</SubBeat>
            <AddressCommonName>
               <CommonPlaceName>Dead strip</CommonPlaceName>
            </AddressCommonName>
            <BusinessPhone>
               <PhoneTypeCode>BUS</PhoneTypeCode>
               <PhoneArea>406</PhoneArea>
               <PhonePrefix>789</PhonePrefix>
               <PhoneSuffix>8954</PhoneSuffix>
               <DateOfInfo>11/20/2015 00:00:00</DateOfInfo>
            </BusinessPhone>
         </BusinessAddress>
         <BusinessAddress>
            <AddressId>1172</AddressId>
            <StreetNumber>2924</StreetNumber>
            <StreetDirCode>E</StreetDirCode>
            <StreetName>1250</StreetName>
            <StreetSuffixCode>S</StreetSuffixCode>
            <SubTypeCode>BLDG</SubTypeCode>
            <SubNumber>99</SubNumber>
            <City>Battle Ground</City>
            <StateCode>IN</StateCode>
            <Zip5>47920</Zip5>
            <CountryCode>US</CountryCode>
            <CountyCode>NaN</CountyCode>
            <Longitude>-86.813061</Longitude>
            <Latitude>40.569043</Latitude>
            <AddressCommonName>
               <CommonPlaceName>Dead strip</CommonPlaceName>
            </AddressCommonName>
            <AddressCommonName>
               <CommonPlaceName>ANG TEST</CommonPlaceName>
            </AddressCommonName>
            <AddressCommonName>
               <CommonPlaceName>District 42 test</CommonPlaceName>
            </AddressCommonName>
         </BusinessAddress>
      </IncidentBusiness>
      <IncidentVehicle>
         <VEHICLE_ID>535</VEHICLE_ID>
         <RoleCode>VI</RoleCode>
         <CreatorId>STATE_OFFICER11</CreatorId>
         <CreatorDate>09/08/2022 12:54:37</CreatorDate>
         <UpdatorId>STATE_OFFICER11</UpdatorId>
         <UpdatorDate>09/08/2022 12:54:37</UpdatorDate>
         <DateOfInfo>11/27/2017 11:14:12</DateOfInfo>
         <DateOfInfo>11/27/2018 15:47:39</DateOfInfo>
         <DateOfInfo>02/08/2019 00:00:00</DateOfInfo>
         <DateOfInfo>07/10/2020 16:53:01</DateOfInfo>
         <DateOfInfo>11/27/2017 11:14:48</DateOfInfo>
         <DateOfInfo>07/10/2020 12:03:10</DateOfInfo>
         <DateOfInfo>03/05/2018 12:57:19</DateOfInfo>
         <StatusCode>2</StatusCode>
         <VIN>345456544545645</VIN>
         <VehicleYear>2017</VehicleYear>
         <VehicleMakeCode>ACUR</VehicleMakeCode>
         <VehicleModelCode>LEG</VehicleModelCode>
         <VehicleStyleCode>SD</VehicleStyleCode>
         <VehicleTypeCode>AT</VehicleTypeCode>
         <VehPriColorCode>DBL</VehPriColorCode>
         <VehPriColorCode>SIL</VehPriColorCode>
         <VehPriColorCode>SIL</VehPriColorCode>
         <VehPriColorCode>SIL</VehPriColorCode>
         <VehPriColorCode>DBL</VehPriColorCode>
         <VehPriColorCode>SIL</VehPriColorCode>
         <VehPriColorCode>SIL</VehPriColorCode>
         <VehSecColorCode>SIL</VehSecColorCode>
         <VehSecColorCode>SIL</VehSecColorCode>
         <VehSecColorCode>SIL</VehSecColorCode>
         <VehSecColorCode>SIL</VehSecColorCode>
         <VehSecColorCode>SIL</VehSecColorCode>
         <VehicleLicStateCode>IN</VehicleLicStateCode>
         <VehicleLicStateCode>MK</VehicleLicStateCode>
         <VehicleLicStateCode>CI</VehicleLicStateCode>
         <VehicleLicStateCode>CI</VehicleLicStateCode>
         <VehicleLicStateCode>IN</VehicleLicStateCode>
         <VehicleLicStateCode>CI</VehicleLicStateCode>
         <VehicleLicStateCode>MK</VehicleLicStateCode>
         <VehicleLicNumber>AAA678</VehicleLicNumber>
         <VehicleLicNumber>AAA678</VehicleLicNumber>
         <VehicleLicNumber>AAA678</VehicleLicNumber>
         <VehicleLicNumber>AAA678</VehicleLicNumber>
         <VehicleLicNumber>AAA678</VehicleLicNumber>
         <VehicleLicNumber>AAA678</VehicleLicNumber>
         <VehicleLicNumber>AAA678</VehicleLicNumber>
         <VehicleLicYear>2018</VehicleLicYear>
         <VehicleLicYear>2018</VehicleLicYear>
         <VehicleLicYear>2018</VehicleLicYear>
         <VehicleLicYear>2018</VehicleLicYear>
         <VehicleLicYear>2018</VehicleLicYear>
         <VehicleLicMonth>1</VehicleLicMonth>
         <VehicleLicMonth>1</VehicleLicMonth>
         <VehicleLicMonth>1</VehicleLicMonth>
         <VehicleLicMonth>1</VehicleLicMonth>
         <VehicleLicMonth>1</VehicleLicMonth>
         <VehicleLicTypeCode>AR</VehicleLicTypeCode>
         <VehicleLicTypeCode>AR</VehicleLicTypeCode>
         <VehicleLicTypeCode>AR</VehicleLicTypeCode>
         <VehicleLicTypeCode>AR</VehicleLicTypeCode>
         <VehicleLicTypeCode>AR</VehicleLicTypeCode>
         <VehConditionCode>F</VehConditionCode>
         <VehDamageCode>1</VehDamageCode>
         <VehDamageDesc>Damage comments</VehDamageDesc>
         <VehicleValue>10000</VehicleValue>
         <VehicleValue>100</VehicleValue>
         <VehicleMiscID>12345</VehicleMiscID>
         <VehicleMiscID>123456789</VehicleMiscID>
         <VehicleMiscID>12345</VehicleMiscID>
      </IncidentVehicle>
   </IncidentSupplement>
   <IncidentSupplement>
      <SupplementSequence>1</SupplementSequence>
      <IncSupplementStatusCode>A</IncSupplementStatusCode>
      <SuppReportDate>09/08/2022 12:58:05</SuppReportDate>
      <SuppReportTime>09/08/2022 12:58:05</SuppReportTime>
      <AgencyOnly>N</AgencyOnly>
      <SecurityLevel>1100</SecurityLevel>
      <SuppAgencyCode>D42</SuppAgencyCode>
      <UnknownNoOffenders>N</UnknownNoOffenders>
      <DsIcrDate>09/08/2022 13:05:09</DsIcrDate>
      <DsIcrSubmissionStatus>READY TO BE PROCESSED-ORIGINAL</DsIcrSubmissionStatus>
      <CreatorId>STATE_OFFICER11</CreatorId>
      <CreatorDate>09/08/2022 12:58:05</CreatorDate>
      <UpdatorId>TSTC</UpdatorId>
      <UpdatorDate>09/08/2022 13:05:09</UpdatorDate>
      <IncidentSuppNarrative>
         <NarrativeNumber>1</NarrativeNumber>
         <NarrativeTitle>Supplement #1 Narrative</NarrativeTitle>
         <NarrativeText>test</NarrativeText>
         <CreatorId>STATE_OFFICER11</CreatorId>
         <CreatorDate>09/08/2022 12:59:51</CreatorDate>
         <UpdatorId>STATE_OFFICER11</UpdatorId>
         <UpdatorDate>09/08/2022 12:59:51</UpdatorDate>
      </IncidentSuppNarrative>
      <IncidentOfficer>
         <OfficerRoleCode>P</OfficerRoleCode>
         <Officer>
            <AgencyCode>D42</AgencyCode>
            <ORINumber>SC0280000</ORINumber>
            <LastName>Simpson</LastName>
            <FirstName>Homer</FirstName>
            <InternalID>9696</InternalID>
         </Officer>
      </IncidentOfficer>
      <IncidentOfficer>
         <OfficerRoleCode>R</OfficerRoleCode>
         <Officer>
            <AgencyCode>D42</AgencyCode>
            <ORINumber>SC0280000</ORINumber>
            <LastName>Simpson</LastName>
            <FirstName>Homer</FirstName>
            <InternalID>9696</InternalID>
         </Officer>
      </IncidentOfficer>
      <IncidentOffense>
         <IncidentId>3401</IncidentId>
         <OffenseNumber>1</OffenseNumber>
         <OffenseStatusCode>00</OffenseStatusCode>
         <OffenseCode>TESTSTATECODE</OffenseCode>
         <PlaceCode>37</PlaceCode>
         <BiasCode>31</BiasCode>
         <CSAUCode>C</CSAUCode>
         <SupplementSeq>1</SupplementSeq>
         <UCRNumber>1</UCRNumber>
         <OffenseStatusDate>09/08/2022 12:58:00</OffenseStatusDate>
         <AttemptedCompletedCode>C</AttemptedCompletedCode>
         <CreatorId>STATE_OFFICER11</CreatorId>
         <CreatorDate>09/08/2022 12:58:18</CreatorDate>
         <UpdatorId>STATE_OFFICER11</UpdatorId>
         <UpdatorDate>09/08/2022 12:58:45</UpdatorDate>
      </IncidentOffense>
   </IncidentSupplement>
   <IncidentSupplement>
      <SupplementSequence>2</SupplementSequence>
      <IncSupplementStatusCode>A</IncSupplementStatusCode>
      <SuppReportDate>09/08/2022 13:01:45</SuppReportDate>
      <SuppReportTime>09/08/2022 13:01:45</SuppReportTime>
      <AgencyOnly>N</AgencyOnly>
      <SecurityLevel>1100</SecurityLevel>
      <SuppAgencyCode>D42</SuppAgencyCode>
      <UnknownNoOffenders>N</UnknownNoOffenders>
      <DsIcrDate>09/08/2022 13:05:09</DsIcrDate>
      <DsIcrSubmissionStatus>READY TO BE PROCESSED-ORIGINAL</DsIcrSubmissionStatus>
      <CreatorId>STATE_OFFICER11</CreatorId>
      <CreatorDate>09/08/2022 13:01:45</CreatorDate>
      <UpdatorId>TSTC</UpdatorId>
      <UpdatorDate>09/08/2022 13:05:09</UpdatorDate>
      <IncidentSuppNarrative>
         <NarrativeNumber>1</NarrativeNumber>
         <NarrativeTitle>Supplement #2 Narrative</NarrativeTitle>
         <NarrativeText>test</NarrativeText>
         <CreatorId>STATE_OFFICER11</CreatorId>
         <CreatorDate>09/08/2022 13:04:25</CreatorDate>
         <UpdatorId>STATE_OFFICER11</UpdatorId>
         <UpdatorDate>09/08/2022 13:04:36</UpdatorDate>
      </IncidentSuppNarrative>
      <IncidentOfficer>
         <OfficerRoleCode>P</OfficerRoleCode>
         <Officer>
            <AgencyCode>D42</AgencyCode>
            <ORINumber>SC0280000</ORINumber>
            <LastName>Simpson</LastName>
            <FirstName>Homer</FirstName>
            <InternalID>9696</InternalID>
         </Officer>
      </IncidentOfficer>
      <IncidentOfficer>
         <OfficerRoleCode>R</OfficerRoleCode>
         <Officer>
            <AgencyCode>D42</AgencyCode>
            <ORINumber>SC0280000</ORINumber>
            <LastName>Simpson</LastName>
            <FirstName>Homer</FirstName>
            <InternalID>9696</InternalID>
         </Officer>
      </IncidentOfficer>
      <IncidentOffense>
         <IncidentId>3401</IncidentId>
         <OffenseNumber>2</OffenseNumber>
         <OffenseStatusCode>00</OffenseStatusCode>
         <OffenseCode>35-42-2-1  B04</OffenseCode>
         <PlaceCode>37</PlaceCode>
         <BiasCode>31</BiasCode>
         <CSAUCode>C</CSAUCode>
         <SupplementSeq>2</SupplementSeq>
         <UCRNumber>2</UCRNumber>
         <OffenseStatusDate>09/08/2022 13:02:00</OffenseStatusDate>
         <AttemptedCompletedCode>C</AttemptedCompletedCode>
         <CreatorId>STATE_OFFICER11</CreatorId>
         <CreatorDate>09/08/2022 13:02:03</CreatorDate>
         <UpdatorId>STATE_OFFICER11</UpdatorId>
         <UpdatorDate>09/08/2022 13:02:44</UpdatorDate>
      </IncidentOffense>
   </IncidentSupplement>
</Incident>