<?xml version="1.0" encoding="UTF-8"?>
<Incident xmlns:xsi="http://www.w3.org/2001/XMLSchema-instance"
          xsi:noNamespaceSchemaLocation="file:///C:/DATA/EJS/SVN_Root/Ejustice/trunk/XMLTransformations/OnlineRMSInternalToIncident/IAOnlineRMSIncidentImport.xsd">
   <IncidentReportNum>2013ISP0000167</IncidentReportNum>
   <AgencyCode>D42</AgencyCode>
   <ORINum>SC0280000</ORINum>
   <ReportDate>11/13/2013 11:10:00</ReportDate>
   <ReportTime>11/13/2013 11:10:00</ReportTime>
   <StartDate>11/13/2013 11:10:00</StartDate>
   <StartTime>11/01/2013 11:10:00</StartTime>
   <Summary>testing offenses</Summary>
   <CreatorId>STATE_OFFICER11</CreatorId>
   <CreatorDate>11/13/2013 11:10:19</CreatorDate>
   <UpdatorId>TSTC</UpdatorId>
   <UpdatorDate>09/09/2021 18:46:25</UpdatorDate>
   <IncidentType>
      <IncidentTypeCode>CMF</IncidentTypeCode>
   </IncidentType>
   <IncidentAddress>
      <AddressId>220</AddressId>
      <Beat>Test</Beat>
      <SubBeat>Area</SubBeat>
      <City>14</City>
      <CreatorId>STATE_OFFICER11</CreatorId>
      <CreatorDate>11/13/2013 11:11:02</CreatorDate>
      <UpdatorId>STATE_OFFICER11</UpdatorId>
      <UpdatorDate>11/13/2013 11:23:58</UpdatorDate>
      <Address>
         <AddressId>220</AddressId>
         <StreetNumber>334</StreetNumber>
         <StreetName>JEFFERSON</StreetName>
         <StreetTypeCode>ST</StreetTypeCode>
         <City>BRIDGEPORT</City>
         <StateCode>IL</StateCode>
         <Zip5>62417</Zip5>
         <Beat>Test</Beat>
         <SubBeat>Area</SubBeat>
         <AddressCommonName>
            <CommonPlaceName>District 42 test</CommonPlaceName>
         </AddressCommonName>
      </Address>
   </IncidentAddress>
   <IncidentSupplement>
      <SupplementSequence>0</SupplementSequence>
      <IncSupplementStatusCode>A</IncSupplementStatusCode>
      <SuppReportDate>11/13/2013 11:10:20</SuppReportDate>
      <SuppReportTime>11/13/2013 11:10:20</SuppReportTime>
      <AgencyOnly>N</AgencyOnly>
      <SecurityLevel>1201</SecurityLevel>
      <SuppAgencyCode>D42</SuppAgencyCode>
      <UnknownNoOffenders>N</UnknownNoOffenders>
      <DsIcrDate>11/13/2013 11:25:22</DsIcrDate>
      <DsIcrSubmissionStatus>NOT REPORTABLE</DsIcrSubmissionStatus>
      <CreatorId>STATE_OFFICER11</CreatorId>
      <CreatorDate>11/13/2013 11:10:20</CreatorDate>
      <UpdatorId>TSTC</UpdatorId>
      <UpdatorDate>08/05/2021 17:38:18</UpdatorDate>
      <IncidentSuppNarrative>
         <NarrativeNumber>1</NarrativeNumber>
         <NarrativeTitle>Original Narrative</NarrativeTitle>
         <NarrativeText>testing offenses</NarrativeText>
         <CreatorId>STATE_OFFICER11</CreatorId>
         <CreatorDate>11/13/2013 11:11:56</CreatorDate>
         <UpdatorId>STATE_OFFICER11</UpdatorId>
         <UpdatorDate>11/13/2013 11:11:56</UpdatorDate>
      </IncidentSuppNarrative>
      <IncidentOfficer>
         <OfficerRoleCode>P</OfficerRoleCode>
         <Officer>
            <AgencyCode>D42</AgencyCode>
            <ORINumber>SC0280000</ORINumber>
            <LastName>Ranz</LastName>
            <FirstName>Greg</FirstName>
            <InternalID>9696</InternalID>
         </Officer>
      </IncidentOfficer>
      <IncidentOfficer>
         <OfficerRoleCode>R</OfficerRoleCode>
         <Officer>
            <AgencyCode>D42</AgencyCode>
            <ORINumber>SC0280000</ORINumber>
            <LastName>Gerber</LastName>
            <FirstName>Henry (Sup)</FirstName>
            <InternalID>445</InternalID>
         </Officer>
      </IncidentOfficer>
      <IncidentOffense>
         <IncidentId>1326</IncidentId>
         <OffenseNumber>1</OffenseNumber>
         <OffenseStatusCode>30</OffenseStatusCode>
         <OffenseCode>13-30-10-5</OffenseCode>
         <PlaceCode>25</PlaceCode>
         <BiasCode>88</BiasCode>
         <CSAUCode>A</CSAUCode>
         <SupplementSeq>0</SupplementSeq>
         <UCRNumber>1</UCRNumber>
         <OffenseStatusDate>11/13/2013 11:15:00</OffenseStatusDate>
         <Remarks>test</Remarks>
         <AttemptedCompletedCode>A</AttemptedCompletedCode>
         <ArrestChargeCode>13-30-10-5</ArrestChargeCode>
         <CreatorId>STATE_OFFICER11</CreatorId>
         <CreatorDate>11/13/2013 11:13:21</CreatorDate>
         <UpdatorId>TSTC</UpdatorId>
         <UpdatorDate>07/23/2015 18:06:44</UpdatorDate>
      </IncidentOffense>
      <IncidentOffense>
         <IncidentId>1326</IncidentId>
         <OffenseNumber>2</OffenseNumber>
         <OffenseStatusCode>00</OffenseStatusCode>
         <OffenseCode>14-16-1-23</OffenseCode>
         <PlaceCode>40</PlaceCode>
         <BiasCode>88</BiasCode>
         <CSAUCode>A</CSAUCode>
         <SupplementSeq>0</SupplementSeq>
         <UCRNumber>2</UCRNumber>
         <OffenseStatusDate>11/13/2013 11:14:00</OffenseStatusDate>
         <Remarks>test 2</Remarks>
         <AttemptedCompletedCode>A</AttemptedCompletedCode>
         <ArrestChargeCode>14-16-1-23</ArrestChargeCode>
         <CreatorId>STATE_OFFICER11</CreatorId>
         <CreatorDate>11/13/2013 11:15:17</CreatorDate>
         <UpdatorId>STATE_OFFICER11</UpdatorId>
         <UpdatorDate>11/13/2013 11:15:22</UpdatorDate>
      </IncidentOffense>
   </IncidentSupplement>
</Incident>