<?xml version="1.0" encoding="UTF-8"?>
<Incident xmlns:xsi="http://www.w3.org/2001/XMLSchema-instance"
          xsi:noNamespaceSchemaLocation="file:///C:/DATA/EJS/SVN_Root/Ejustice/trunk/XMLTransformations/OnlineRMSInternalToIncident/IAOnlineRMSIncidentImport.xsd">
   <IncidentReportNum>2014ISP0000196</IncidentReportNum>
   <AgencyCode>D42</AgencyCode>
   <ORINum>SC0280000</ORINum>
   <ReportDate>01/31/2014 17:41:00</ReportDate>
   <ReportTime>01/31/2014 17:41:00</ReportTime>
   <StartDate>01/31/2014 17:41:00</StartDate>
   <StartTime>01/01/2014 17:41:00</StartTime>
   <CreatorId>STATE_OFFICER11</CreatorId>
   <CreatorDate>01/31/2014 17:41:36</CreatorDate>
   <UpdatorId>TSTC</UpdatorId>
   <UpdatorDate>09/09/2021 18:46:24</UpdatorDate>
   <IncidentType>
      <IncidentTypeCode>CAD</IncidentTypeCode>
   </IncidentType>
   <IncidentAddress>
      <AddressId>174</AddressId>
      <Beat>Test</Beat>
      <SubBeat>Area</SubBeat>
      <City>17</City>
      <CreatorId>STATE_OFFICER11</CreatorId>
      <CreatorDate>01/31/2014 17:41:53</CreatorDate>
      <UpdatorId>TSTC</UpdatorId>
      <UpdatorDate>01/31/2014 17:41:59</UpdatorDate>
      <Address>
         <AddressId>174</AddressId>
         <StreetNumber>123</StreetNumber>
         <StreetDirCode>N</StreetDirCode>
         <StreetName>Automation</StreetName>
         <StreetTypeCode>RD</StreetTypeCode>
         <SubTypeCode>TRLR</SubTypeCode>
         <City>Durham</City>
         <StateCode>NC</StateCode>
         <Zip5>27701</Zip5>
         <CountryCode>US</CountryCode>
         <Beat>Test</Beat>
         <SubBeat>Area</SubBeat>
         <Longitude>-78.892044</Longitude>
         <Latitude>35.99812</Latitude>
         <AddressCommonName>
            <CommonPlaceName>Automation Test Location</CommonPlaceName>
         </AddressCommonName>
         <AddressCommonName>
            <CommonPlaceName>Dead strip</CommonPlaceName>
         </AddressCommonName>
      </Address>
   </IncidentAddress>
   <IncidentSupplement>
      <SupplementSequence>0</SupplementSequence>
      <IncSupplementStatusCode>A</IncSupplementStatusCode>
      <SuppReportDate>01/31/2014 17:41:36</SuppReportDate>
      <SuppReportTime>01/31/2014 17:41:36</SuppReportTime>
      <AgencyOnly>N</AgencyOnly>
      <SecurityLevel>1201</SecurityLevel>
      <SuppAgencyCode>D42</SuppAgencyCode>
      <UnknownNoOffenders>N</UnknownNoOffenders>
      <DsIcrDate>01/31/2014 17:46:14</DsIcrDate>
      <DsIcrSubmissionStatus>NOT REPORTABLE</DsIcrSubmissionStatus>
      <CreatorId>STATE_OFFICER11</CreatorId>
      <CreatorDate>01/31/2014 17:41:36</CreatorDate>
      <UpdatorId>TSTC</UpdatorId>
      <UpdatorDate>08/05/2021 17:38:17</UpdatorDate>
      <IncidentSuppNarrative>
         <NarrativeNumber>1</NarrativeNumber>
         <NarrativeTitle>Original Narrative</NarrativeTitle>
         <NarrativeText>test</NarrativeText>
         <CreatorId>STATE_OFFICER11</CreatorId>
         <CreatorDate>01/31/2014 17:43:25</CreatorDate>
         <UpdatorId>STATE_OFFICER11</UpdatorId>
         <UpdatorDate>01/31/2014 17:43:25</UpdatorDate>
      </IncidentSuppNarrative>
      <IncidentOfficer>
         <OfficerRoleCode>P</OfficerRoleCode>
         <Officer>
            <AgencyCode>D42</AgencyCode>
            <ORINumber>SC0280000</ORINumber>
            <LastName>Ranz</LastName>
            <FirstName>Greg</FirstName>
            <InternalID>9696</InternalID>
         </Officer>
      </IncidentOfficer>
      <IncidentOfficer>
         <OfficerRoleCode>R</OfficerRoleCode>
         <Officer>
            <AgencyCode>D42</AgencyCode>
            <ORINumber>SC0280000</ORINumber>
            <LastName>Ranz</LastName>
            <FirstName>Greg</FirstName>
            <InternalID>9696</InternalID>
         </Officer>
      </IncidentOfficer>
      <IncidentPerson>
         <ApproxAge>53</ApproxAge>
         <ResidentStatusCode>R</ResidentStatusCode>
         <CreatorId>STATE_OFFICER11</CreatorId>
         <CreatorDate>01/31/2014 17:43:12</CreatorDate>
         <UpdatorId>TSTC</UpdatorId>
         <UpdatorDate>05/24/2023 12:41:17</UpdatorDate>
         <Person>
            <PersonId>381</PersonId>
            <RaceCode>W</RaceCode>
            <SexCode>M</SexCode>
            <PersonVerified>Y</PersonVerified>
            <PersonPrimaryName>
               <LastName>ARNEY</LastName>
               <FirstName>DON</FirstName>
               <DOB>06/09/1960 00:00:00</DOB>
               <DateOfInfo>09/05/2012 14:14:18</DateOfInfo>
               <SLastName>A650</SLastName>
               <SFirstName>D500</SFirstName>
            </PersonPrimaryName>
            <PersonPrimaryName>
               <LastName>Arney</LastName>
               <FirstName>Donnovan</FirstName>
               <MiddleName>James</MiddleName>
               <DOB>06/09/1960 00:00:00</DOB>
               <TitleCode>SR</TitleCode>
               <DateOfInfo>01/31/2014 00:00:00</DateOfInfo>
               <SLastName>A650</SLastName>
               <SFirstName>D515</SFirstName>
            </PersonPrimaryName>
            <PersonPrimaryName>
               <LastName>Chrome Dome</LastName>
               <FirstName>Dome</FirstName>
               <DateOfInfo>07/14/2014 00:00:00</DateOfInfo>
               <SLastName>C653</SLastName>
               <SFirstName>D500</SFirstName>
            </PersonPrimaryName>
            <Alias>
               <NameTypeCode>A</NameTypeCode>
               <LastName>ARNEY</LastName>
               <FirstName>DON</FirstName>
               <DOB>06/09/1960 00:00:00</DOB>
               <SLastName>A650</SLastName>
               <SFirstName>D500</SFirstName>
               <DateOfInfo>09/05/2012 14:14:18</DateOfInfo>
            </Alias>
            <Alias>
               <NameTypeCode>P</NameTypeCode>
               <LastName>Arney</LastName>
               <FirstName>Donnovan</FirstName>
               <MiddleName>James</MiddleName>
               <DOB>06/09/1960 00:00:00</DOB>
               <TitleCode>SR</TitleCode>
               <SLastName>A650</SLastName>
               <SFirstName>D515</SFirstName>
               <DateOfInfo>01/31/2014 00:00:00</DateOfInfo>
            </Alias>
            <Alias>
               <NameTypeCode>N</NameTypeCode>
               <LastName>Chrome Dome</LastName>
               <FirstName>Dome</FirstName>
               <SLastName>C653</SLastName>
               <SFirstName>D500</SFirstName>
               <DateOfInfo>07/14/2014 00:00:00</DateOfInfo>
            </Alias>
            <PersonAddress>
               <StreetNumber>9291</StreetNumber>
               <StreetName>UNION SCHOOL</StreetName>
               <StreetTypeCode>RD</StreetTypeCode>
               <City>POLAND</City>
               <StateCode>IN</StateCode>
               <Zip5>47868</Zip5>
            </PersonAddress>
         </Person>
         <IncidentPersonRole>
            <RoleType>V</RoleType>
            <CreatorId>STATE_OFFICER11</CreatorId>
            <CreatorDate>01/31/2014 17:43:12</CreatorDate>
            <UpdatorId>TSTC</UpdatorId>
            <UpdatorDate>08/15/2023 20:32:20</UpdatorDate>
         </IncidentPersonRole>
      </IncidentPerson>
   </IncidentSupplement>
</Incident>