<?xml version="1.0" encoding="UTF-8"?>
<Incident xmlns:xsi="http://www.w3.org/2001/XMLSchema-instance"
          xsi:noNamespaceSchemaLocation="file:///C:/DATA/EJS/SVN_Root/Ejustice/trunk/XMLTransformations/OnlineRMSInternalToIncident/IAOnlineRMSIncidentImport.xsd">
   <IncidentReportNum>2013ISP0000051</IncidentReportNum>
   <AgencyCode>D42</AgencyCode>
   <ORINum>SC0280000</ORINum>
   <ReportDate>03/28/2013 09:32:00</ReportDate>
   <ReportTime>03/28/2013 09:32:00</ReportTime>
   <StartDate>03/28/2013 09:15:00</StartDate>
   <StartTime>03/01/2013 09:15:00</StartTime>
   <EndDate>03/28/2013 09:31:00</EndDate>
   <EndTime>03/01/2013 09:31:00</EndTime>
   <CreatorId>STATE_OFFICER11</CreatorId>
   <CreatorDate>03/28/2013 09:28:39</CreatorDate>
   <UpdatorId>TSTC</UpdatorId>
   <UpdatorDate>09/09/2021 18:46:23</UpdatorDate>
   <IncidentType>
      <IncidentTypeCode>AGR</IncidentTypeCode>
   </IncidentType>
   <IncidentAddress>
      <AddressId>192</AddressId>
      <Beat>Test</Beat>
      <SubBeat>Area</SubBeat>
      <City>9</City>
      <CreatorId>MMOUSE@GMAIL.COM</CreatorId>
      <CreatorDate>03/28/2013 09:34:01</CreatorDate>
      <UpdatorId>TSTC</UpdatorId>
      <UpdatorDate>07/13/2017 10:34:24</UpdatorDate>
      <Address>
         <AddressId>192</AddressId>
         <StreetNumber>888</StreetNumber>
         <StreetDirCode>E</StreetDirCode>
         <StreetName>PERRY</StreetName>
         <StreetTypeCode>ST</StreetTypeCode>
         <City>VERSAILLES</City>
         <StateCode>IN</StateCode>
         <CountryCode>US</CountryCode>
         <SubBeat>P69</SubBeat>
         <Longitude>-85.2455</Longitude>
         <Latitude>39.0693238</Latitude>
         <AddressCommonName>
            <CommonPlaceName>Dead strip</CommonPlaceName>
         </AddressCommonName>
      </Address>
   </IncidentAddress>
   <IncidentSupplement>
      <SupplementSequence>0</SupplementSequence>
      <IncSupplementStatusCode>A</IncSupplementStatusCode>
      <SuppReportDate>03/28/2013 09:28:39</SuppReportDate>
      <SuppReportTime>03/28/2013 09:28:39</SuppReportTime>
      <AgencyOnly>N</AgencyOnly>
      <SecurityLevel>1201</SecurityLevel>
      <SuppAgencyCode>D42</SuppAgencyCode>
      <UnknownNoOffenders>N</UnknownNoOffenders>
      <DsIcrDate>07/02/2013 18:18:55</DsIcrDate>
      <DsIcrSubmissionStatus>PROCESS COMPLETE</DsIcrSubmissionStatus>
      <CreatorId>STATE_OFFICER11</CreatorId>
      <CreatorDate>03/28/2013 09:28:39</CreatorDate>
      <UpdatorId>TSTC</UpdatorId>
      <UpdatorDate>08/05/2021 17:38:16</UpdatorDate>
      <IncidentSuppNarrative>
         <NarrativeNumber>1</NarrativeNumber>
         <NarrativeTitle>Original Narrative</NarrativeTitle>
         <NarrativeText>zxcv</NarrativeText>
         <CreatorId>STATE_OFFICER11</CreatorId>
         <CreatorDate>03/28/2013 09:31:42</CreatorDate>
         <UpdatorId>STATE_OFFICER11</UpdatorId>
         <UpdatorDate>03/28/2013 09:31:42</UpdatorDate>
      </IncidentSuppNarrative>
      <IncidentOfficer>
         <OfficerRoleCode>P</OfficerRoleCode>
         <Officer>
            <AgencyCode>D42</AgencyCode>
            <ORINumber>SC0280000</ORINumber>
            <LastName>Ranz</LastName>
            <FirstName>Greg</FirstName>
            <InternalID>9696</InternalID>
         </Officer>
      </IncidentOfficer>
      <IncidentOfficer>
         <OfficerRoleCode>R</OfficerRoleCode>
         <Officer>
            <AgencyCode>D42</AgencyCode>
            <ORINumber>SC0280000</ORINumber>
            <LastName>Ranz</LastName>
            <FirstName>Greg</FirstName>
            <InternalID>9696</InternalID>
         </Officer>
      </IncidentOfficer>
      <IncidentOffense>
         <IncidentId>1093</IncidentId>
         <OffenseNumber>1</OffenseNumber>
         <OffenseStatusCode>02</OffenseStatusCode>
         <OffenseCode>35-42-5-1  R08</OffenseCode>
         <PlaceCode>90</PlaceCode>
         <BiasCode>88</BiasCode>
         <CSAUCode>C</CSAUCode>
         <SupplementSeq>0</SupplementSeq>
         <UCRNumber>1</UCRNumber>
         <OffenseStatusDate>03/28/2013 09:15:00</OffenseStatusDate>
         <AttemptedCompletedCode>C</AttemptedCompletedCode>
         <ArrestChargeCode>35-42-5-1  R08</ArrestChargeCode>
         <CreatorId>STATE_OFFICER11</CreatorId>
         <CreatorDate>03/28/2013 09:29:23</CreatorDate>
         <UpdatorId>TSTC</UpdatorId>
         <UpdatorDate>07/02/2013 18:21:29</UpdatorDate>
      </IncidentOffense>
      <IncidentPerson>
         <ApproxAge>29</ApproxAge>
         <ResidentStatusCode>U</ResidentStatusCode>
         <CreatorId>STATE_OFFICER11</CreatorId>
         <CreatorDate>03/28/2013 09:29:57</CreatorDate>
         <UpdatorId>TSTC</UpdatorId>
         <UpdatorDate>05/24/2023 12:41:13</UpdatorDate>
         <Person>
            <PersonId>7</PersonId>
            <RaceCode>W</RaceCode>
            <SexCode>M</SexCode>
            <PersonVerified>Y</PersonVerified>
            <PersonPrimaryName>
               <LastName>Howe</LastName>
               <FirstName>Luke</FirstName>
               <DOB>05/10/1983 00:00:00</DOB>
               <SSN>9.87654321E8</SSN>
               <TitleCode>I</TitleCode>
               <DateOfInfo>02/10/2012 09:59:57</DateOfInfo>
               <SLastName>H000</SLastName>
               <SFirstName>L200</SFirstName>
            </PersonPrimaryName>
            <PersonPrimaryName>
               <LastName>Chrome Dome</LastName>
               <DateOfInfo>03/06/2012 00:00:00</DateOfInfo>
               <SLastName>C653</SLastName>
            </PersonPrimaryName>
            <PersonPrimaryName>
               <LastName>Howe</LastName>
               <FirstName>Luke</FirstName>
               <MiddleName>D</MiddleName>
               <DOB>05/10/1983 00:00:00</DOB>
               <SSN>9.87654321E8</SSN>
               <TitleCode>I</TitleCode>
               <DateOfInfo>10/02/2013 00:00:00</DateOfInfo>
               <SLastName>H000</SLastName>
               <SFirstName>L200</SFirstName>
            </PersonPrimaryName>
            <Alias>
               <NameTypeCode>P</NameTypeCode>
               <LastName>Howe</LastName>
               <FirstName>Luke</FirstName>
               <DOB>05/10/1983 00:00:00</DOB>
               <SSN>9.87654321E8</SSN>
               <TitleCode>I</TitleCode>
               <SLastName>H000</SLastName>
               <SFirstName>L200</SFirstName>
               <DateOfInfo>02/10/2012 09:59:57</DateOfInfo>
            </Alias>
            <Alias>
               <NameTypeCode>N</NameTypeCode>
               <LastName>Chrome Dome</LastName>
               <SLastName>C653</SLastName>
               <DateOfInfo>03/06/2012 00:00:00</DateOfInfo>
            </Alias>
            <Alias>
               <NameTypeCode>A</NameTypeCode>
               <LastName>Howe</LastName>
               <FirstName>Luke</FirstName>
               <MiddleName>D</MiddleName>
               <DOB>05/10/1983 00:00:00</DOB>
               <SSN>9.87654321E8</SSN>
               <TitleCode>I</TitleCode>
               <SLastName>H000</SLastName>
               <SFirstName>L200</SFirstName>
               <DateOfInfo>10/02/2013 00:00:00</DateOfInfo>
            </Alias>
            <PersonAddress>
               <StreetNumber>585 </StreetNumber>
               <StreetDirCode>S</StreetDirCode>
               <StreetName>Tecumseh</StreetName>
               <StreetTypeCode>RD</StreetTypeCode>
               <SubTypeCode>APT</SubTypeCode>
               <City>Indianapollis</City>
               <StateCode>IN</StateCode>
               <CountryCode>US</CountryCode>
               <Longitude>-86.125992</Longitude>
               <Latitude>39.775332</Latitude>
            </PersonAddress>
            <PersonPhone>
               <PhoneTypeCode>RES</PhoneTypeCode>
               <PhoneArea>800</PhoneArea>
               <PhonePrefix>452</PhonePrefix>
               <PhoneSuffix>1121</PhoneSuffix>
               <DateOfInfo>03/06/2012 00:00:00</DateOfInfo>
            </PersonPhone>
         </Person>
         <IncidentPersonRole>
            <RoleType>S</RoleType>
            <CreatorId>STATE_OFFICER11</CreatorId>
            <CreatorDate>03/28/2013 09:29:57</CreatorDate>
            <UpdatorId>TSTC</UpdatorId>
            <UpdatorDate>08/15/2023 20:32:17</UpdatorDate>
         </IncidentPersonRole>
      </IncidentPerson>
      <IncidentBusiness>
         <BusinessNumber>11</BusinessNumber>
         <BusinessName>Royal Bank</BusinessName>
         <IncBusinessRoleCode>V</IncBusinessRoleCode>
         <CreatorId>STATE_OFFICER11</CreatorId>
         <CreatorDate>03/28/2013 09:30:50</CreatorDate>
         <UpdatorId>STATE_OFFICER11</UpdatorId>
         <UpdatorDate>03/28/2013 09:30:50</UpdatorDate>
         <BusinessAddress>
            <AddressId>28</AddressId>
            <StreetNumber>1044</StreetNumber>
            <StreetDirCode>N</StreetDirCode>
            <StreetName>Main</StreetName>
            <StreetTypeCode>ST</StreetTypeCode>
            <City>INDIANAPOLIS</City>
            <StateCode>IN</StateCode>
            <Zip5>46220</Zip5>
            <CountryCode>US</CountryCode>
            <CountyCode>49</CountyCode>
            <Longitude>-86.14228</Longitude>
            <Latitude>39.872086</Latitude>
         </BusinessAddress>
      </IncidentBusiness>
      <IncidentProperty>
         <RoleCode>7</RoleCode>
         <CreatorId>STATE_OFFICER11</CreatorId>
         <CreatorDate>03/28/2013 09:31:31</CreatorDate>
         <UpdatorId>TSTC</UpdatorId>
         <UpdatorDate>08/10/2017 23:00:32</UpdatorDate>
         <DateOfInfo>03/28/2013 00:00:00</DateOfInfo>
         <StatusCode>7</StatusCode>
         <DocumentTypeCode>C</DocumentTypeCode>
         <PropertyTypeCode>CSH</PropertyTypeCode>
         <PropertyValue>5.0E6</PropertyValue>
         <Value>5.0E6</Value>
         <Evidence>N</Evidence>
         <EvidenceFlag>N</EvidenceFlag>
         <Property_ID>787</Property_ID>
         <Quantity>50000</Quantity>
         <Amount>5.0E6</Amount>
      </IncidentProperty>
   </IncidentSupplement>
</Incident>