<?xml version="1.0" encoding="UTF-8"?>
<Incident xmlns:xsi="http://www.w3.org/2001/XMLSchema-instance"
          xsi:noNamespaceSchemaLocation="file:///C:/DATA/EJS/SVN_Root/Ejustice/trunk/XMLTransformations/OnlineRMSInternalToIncident/IAOnlineRMSIncidentImport.xsd">
   <IncidentReportNum>2014ISP0000413</IncidentReportNum>
   <AgencyCode>D42</AgencyCode>
   <ORINum>SC0280000</ORINum>
   <ReportDate>06/12/2014 16:27:00</ReportDate>
   <ReportTime>06/12/2014 16:27:00</ReportTime>
   <StartDate>06/12/2014 16:27:00</StartDate>
   <StartTime>06/01/2014 16:27:00</StartTime>
   <CreatorId>STATE_OFFICER13</CreatorId>
   <CreatorDate>06/12/2014 16:27:03</CreatorDate>
   <UpdatorId>TSTC</UpdatorId>
   <UpdatorDate>09/09/2021 18:46:29</UpdatorDate>
   <IncidentType>
      <IncidentTypeCode>B/V</IncidentTypeCode>
   </IncidentType>
   <IncidentAddress>
      <AddressId>259</AddressId>
      <City>5</City>
      <CreatorId>STATE_OFFICER13</CreatorId>
      <CreatorDate>06/12/2014 16:27:17</CreatorDate>
      <UpdatorId>STATE_OFFICER13</UpdatorId>
      <UpdatorDate>06/12/2014 16:27:37</UpdatorDate>
      <Address>
         <AddressId>259</AddressId>
         <StreetNumber>1133</StreetNumber>
         <StreetName>CONGRESS</StreetName>
         <StreetTypeCode>AVE</StreetTypeCode>
         <City>SOUTH BEND</City>
         <StateCode>IN</StateCode>
         <Zip5>46615</Zip5>
      </Address>
   </IncidentAddress>
   <IncidentSupplement>
      <SupplementSequence>0</SupplementSequence>
      <IncSupplementStatusCode>A</IncSupplementStatusCode>
      <SuppReportDate>06/12/2014 16:27:03</SuppReportDate>
      <SuppReportTime>06/12/2014 16:27:03</SuppReportTime>
      <AgencyOnly>N</AgencyOnly>
      <SecurityLevel>1100</SecurityLevel>
      <SuppAgencyCode>D42</SuppAgencyCode>
      <UnknownNoOffenders>N</UnknownNoOffenders>
      <DsIcrDate>06/12/2014 16:29:14</DsIcrDate>
      <DsIcrSubmissionStatus>READY TO BE PROCESSED-ORIGINAL</DsIcrSubmissionStatus>
      <CreatorId>STATE_OFFICER13</CreatorId>
      <CreatorDate>06/12/2014 16:27:03</CreatorDate>
      <UpdatorId>TSTC</UpdatorId>
      <UpdatorDate>08/05/2021 17:38:20</UpdatorDate>
      <IncidentSuppNarrative>
         <NarrativeNumber>1</NarrativeNumber>
         <NarrativeTitle>Original Narrative</NarrativeTitle>
         <NarrativeText>test</NarrativeText>
         <CreatorId>STATE_OFFICER13</CreatorId>
         <CreatorDate>06/12/2014 16:29:01</CreatorDate>
         <UpdatorId>STATE_OFFICER13</UpdatorId>
         <UpdatorDate>06/12/2014 16:29:01</UpdatorDate>
      </IncidentSuppNarrative>
      <IncidentOfficer>
         <OfficerRoleCode>P</OfficerRoleCode>
         <Officer>
            <AgencyCode>D42</AgencyCode>
            <ORINumber>SC0280000</ORINumber>
            <LastName>L'ivangood</LastName>
            <FirstName>D'erek</FirstName>
            <InternalID>0013</InternalID>
         </Officer>
      </IncidentOfficer>
      <IncidentOfficer>
         <OfficerRoleCode>R</OfficerRoleCode>
         <Officer>
            <AgencyCode>D42</AgencyCode>
            <ORINumber>SC0280000</ORINumber>
            <LastName>L'ivangood</LastName>
            <FirstName>D'erek</FirstName>
            <InternalID>0013</InternalID>
         </Officer>
      </IncidentOfficer>
      <IncidentOffense>
         <IncidentId>1740</IncidentId>
         <OffenseNumber>1</OffenseNumber>
         <OffenseStatusCode>00</OffenseStatusCode>
         <OffenseCode>35-42-1-1  M01        </OffenseCode>
         <PlaceCode>40</PlaceCode>
         <BiasCode>88</BiasCode>
         <CSAUCode>C</CSAUCode>
         <SupplementSeq>0</SupplementSeq>
         <UCRNumber>1</UCRNumber>
         <OffenseStatusDate>06/12/2014 16:27:00</OffenseStatusDate>
         <AttemptedCompletedCode>C</AttemptedCompletedCode>
         <ArrestChargeCode>35-42-1-1  M01        </ArrestChargeCode>
         <CreatorId>STATE_OFFICER13</CreatorId>
         <CreatorDate>06/12/2014 16:28:04</CreatorDate>
         <UpdatorId>STATE_OFFICER13</UpdatorId>
         <UpdatorDate>06/12/2014 16:28:04</UpdatorDate>
      </IncidentOffense>
      <IncidentPerson>
         <ApproxAge>54</ApproxAge>
         <CreatorId>STATE_OFFICER13</CreatorId>
         <CreatorDate>06/12/2014 16:28:33</CreatorDate>
         <UpdatorId>TSTC</UpdatorId>
         <UpdatorDate>05/24/2023 12:41:19</UpdatorDate>
         <Person>
            <PersonId>87</PersonId>
            <RaceCode>W</RaceCode>
            <SexCode>M</SexCode>
            <PersonVerified>Y</PersonVerified>
            <PersonPrimaryName>
               <LastName>Baker</LastName>
               <FirstName>Jon-o</FirstName>
               <DOB>01/01/1960 00:00:00</DOB>
               <SSN>8.88888887E8</SSN>
               <DateOfInfo>04/05/2012 15:30:33</DateOfInfo>
               <SLastName>B260</SLastName>
               <SFirstName>J500</SFirstName>
            </PersonPrimaryName>
            <Alias>
               <NameTypeCode>P</NameTypeCode>
               <LastName>Baker</LastName>
               <FirstName>Jon-o</FirstName>
               <DOB>01/01/1960 00:00:00</DOB>
               <SSN>8.88888887E8</SSN>
               <SLastName>B260</SLastName>
               <SFirstName>J500</SFirstName>
               <DateOfInfo>04/05/2012 15:30:33</DateOfInfo>
            </Alias>
            <PersonAddress>
               <StreetNumber>699</StreetNumber>
               <StreetDirCode>BLK</StreetDirCode>
               <StreetName>ANDERSON</StreetName>
               <StreetTypeCode>AVE</StreetTypeCode>
               <SubTypeCode>BOX</SubTypeCode>
               <City>HOLLAND</City>
               <StateCode>MI</StateCode>
               <Zip5>49423</Zip5>
               <Beat>Test</Beat>
               <SubBeat>Area</SubBeat>
            </PersonAddress>
         </Person>
         <IncidentPersonRole>
            <RoleType>S</RoleType>
            <CreatorId>STATE_OFFICER13</CreatorId>
            <CreatorDate>06/12/2014 16:28:33</CreatorDate>
            <UpdatorId>TSTC</UpdatorId>
            <UpdatorDate>08/15/2023 20:32:19</UpdatorDate>
         </IncidentPersonRole>
      </IncidentPerson>
      <IncidentPerson>
         <ApproxAge>27</ApproxAge>
         <ResidentStatusCode>R</ResidentStatusCode>
         <CreatorId>STATE_OSUPER45</CreatorId>
         <CreatorDate>06/12/2014 16:28:52</CreatorDate>
         <UpdatorId>TSTC</UpdatorId>
         <UpdatorDate>05/24/2023 12:41:18</UpdatorDate>
         <Person>
            <PersonId>471</PersonId>
            <RaceCode>I</RaceCode>
            <SexCode>M</SexCode>
            <PersonVerified>Y</PersonVerified>
            <PersonPrimaryName>
               <LastName>Bobby</LastName>
               <FirstName>Bob</FirstName>
               <DateOfInfo>07/12/2013 16:04:50</DateOfInfo>
               <SLastName>B100</SLastName>
               <SFirstName>B100</SFirstName>
            </PersonPrimaryName>
            <PersonPrimaryName>
               <LastName>Bobbby</LastName>
               <FirstName>Bob</FirstName>
               <MiddleName>B</MiddleName>
               <DateOfInfo>07/17/2013 00:00:00</DateOfInfo>
               <SLastName>B100</SLastName>
               <SFirstName>B100</SFirstName>
            </PersonPrimaryName>
            <PersonPrimaryName>
               <LastName>Bobby</LastName>
               <FirstName>B</FirstName>
               <DOB>06/01/1987 00:00:00</DOB>
               <DateOfInfo>07/17/2013 00:00:00</DateOfInfo>
               <SLastName>B100</SLastName>
               <SFirstName>B000</SFirstName>
            </PersonPrimaryName>
            <Alias>
               <NameTypeCode>A</NameTypeCode>
               <LastName>Bobby</LastName>
               <FirstName>Bob</FirstName>
               <SLastName>B100</SLastName>
               <SFirstName>B100</SFirstName>
               <DateOfInfo>07/12/2013 16:04:50</DateOfInfo>
            </Alias>
            <Alias>
               <NameTypeCode>A</NameTypeCode>
               <LastName>Bobbby</LastName>
               <FirstName>Bob</FirstName>
               <MiddleName>B</MiddleName>
               <SLastName>B100</SLastName>
               <SFirstName>B100</SFirstName>
               <DateOfInfo>07/17/2013 00:00:00</DateOfInfo>
            </Alias>
            <Alias>
               <NameTypeCode>P</NameTypeCode>
               <LastName>Bobby</LastName>
               <FirstName>B</FirstName>
               <DOB>06/01/1987 00:00:00</DOB>
               <SLastName>B100</SLastName>
               <SFirstName>B000</SFirstName>
               <DateOfInfo>07/17/2013 00:00:00</DateOfInfo>
            </Alias>
         </Person>
         <IncidentPersonRole>
            <RoleType>V</RoleType>
            <CreatorId>STATE_OFFICER13</CreatorId>
            <CreatorDate>06/12/2014 16:28:52</CreatorDate>
            <UpdatorId>TSTC</UpdatorId>
            <UpdatorDate>08/15/2023 20:32:20</UpdatorDate>
         </IncidentPersonRole>
      </IncidentPerson>
   </IncidentSupplement>
</Incident>