<?xml version="1.0" encoding="UTF-8"?>
<Incident xmlns:xsi="http://www.w3.org/2001/XMLSchema-instance"
          xsi:noNamespaceSchemaLocation="file:///C:/DATA/EJS/SVN_Root/Ejustice/trunk/XMLTransformations/OnlineRMSInternalToIncident/IAOnlineRMSIncidentImport.xsd">
   <IncidentReportNum>2014ISP0000531</IncidentReportNum>
   <AgencyCode>D42</AgencyCode>
   <ORINum>SC0280000</ORINum>
   <ReportDate>09/29/2014 10:37:00</ReportDate>
   <ReportTime>09/29/2014 10:37:00</ReportTime>
   <StartDate>09/29/2014 10:37:00</StartDate>
   <StartTime>09/01/2014 10:37:00</StartTime>
   <Summary>Test</Summary>
   <CreatorId>STATE_OFFICER16</CreatorId>
   <CreatorDate>09/29/2014 10:37:03</CreatorDate>
   <UpdatorId>TSTC</UpdatorId>
   <UpdatorDate>09/09/2021 18:46:32</UpdatorDate>
   <IncidentType>
      <IncidentTypeCode>B/B</IncidentTypeCode>
   </IncidentType>
   <IncidentAddress>
      <AddressId>288</AddressId>
      <City>3</City>
      <CreatorId>STATE_OFFICER16</CreatorId>
      <CreatorDate>09/29/2014 10:37:29</CreatorDate>
      <UpdatorId>TSTC</UpdatorId>
      <UpdatorDate>09/29/2014 10:37:33</UpdatorDate>
      <Address>
         <AddressId>288</AddressId>
         <StreetNumber>301</StreetNumber>
         <StreetName>Cobblestone</StreetName>
         <StreetTypeCode>WAY</StreetTypeCode>
         <City>Bedrock</City>
         <StateCode>IN</StateCode>
         <Zip5>43253</Zip5>
         <Zip4>2356</Zip4>
         <CountryCode>US</CountryCode>
         <Beat>Test</Beat>
         <SubBeat>Area</SubBeat>
         <AddressCommonName>
            <CommonPlaceName>Dead strip</CommonPlaceName>
         </AddressCommonName>
      </Address>
   </IncidentAddress>
</Incident>