<?xml version="1.0" encoding="UTF-8"?>
<Incident xmlns:xsi="http://www.w3.org/2001/XMLSchema-instance"
          xsi:noNamespaceSchemaLocation="file:///C:/DATA/EJS/SVN_Root/Ejustice/trunk/XMLTransformations/OnlineRMSInternalToIncident/IAOnlineRMSIncidentImport.xsd">
   <IncidentReportNum>2015ROOT0012</IncidentReportNum>
   <AgencyCode>D42</AgencyCode>
   <ORINum>SC0280000</ORINum>
   <ReportDate>01/19/2015 10:34:00</ReportDate>
   <ReportTime>01/19/2015 10:34:00</ReportTime>
   <StartDate>01/19/2015 10:34:00</StartDate>
   <StartTime>01/01/2015 10:34:00</StartTime>
   <CreatorId>STATE_OFFICER11</CreatorId>
   <CreatorDate>01/19/2015 10:34:51</CreatorDate>
   <UpdatorId>STATE_OFFICER11</UpdatorId>
   <UpdatorDate>04/29/2022 17:39:20</UpdatorDate>
   <IncidentType>
      <IncidentTypeCode>CCD</IncidentTypeCode>
   </IncidentType>
   <IncidentAddress>
      <AddressId>45</AddressId>
      <City>2</City>
      <CreatorId>STATE_OFFICER11</CreatorId>
      <CreatorDate>01/19/2015 10:35:02</CreatorDate>
      <UpdatorId>TSTC</UpdatorId>
      <UpdatorDate>01/19/2015 10:35:05</UpdatorDate>
      <Address>
         <AddressId>45</AddressId>
         <StreetNumber>400</StreetNumber>
         <StreetDirCode>E</StreetDirCode>
         <StreetName>Nopal</StreetName>
         <StreetTypeCode>ST</StreetTypeCode>
         <City>UVALDE</City>
         <StateCode>TX</StateCode>
         <Zip5>78801</Zip5>
         <CountryCode>US</CountryCode>
         <Longitude>-99.780211</Longitude>
         <Latitude>29.214405</Latitude>
      </Address>
   </IncidentAddress>
   <IncidentSupplement>
      <SupplementSequence>0</SupplementSequence>
      <IncSupplementStatusCode>A</IncSupplementStatusCode>
      <SuppReportDate>01/19/2015 10:34:51</SuppReportDate>
      <SuppReportTime>01/19/2015 10:34:51</SuppReportTime>
      <AgencyOnly>N</AgencyOnly>
      <SecurityLevel>1201</SecurityLevel>
      <SuppAgencyCode>D42</SuppAgencyCode>
      <UnknownNoOffenders>N</UnknownNoOffenders>
      <DsIcrDate>01/19/2015 10:35:59</DsIcrDate>
      <DsIcrSubmissionStatus>NOT REPORTABLE</DsIcrSubmissionStatus>
      <CreatorId>STATE_OFFICER11</CreatorId>
      <CreatorDate>01/19/2015 10:34:51</CreatorDate>
      <UpdatorId>TSTC</UpdatorId>
      <UpdatorDate>08/05/2021 17:38:23</UpdatorDate>
      <IncidentSuppNarrative>
         <NarrativeNumber>1</NarrativeNumber>
         <NarrativeTitle>Original Narrative</NarrativeTitle>
         <NarrativeText>&amp;nbsp;adfadfa</NarrativeText>
         <CreatorId>STATE_OFFICER11</CreatorId>
         <CreatorDate>01/19/2015 10:35:46</CreatorDate>
         <UpdatorId>STATE_OFFICER11</UpdatorId>
         <UpdatorDate>01/19/2015 10:35:46</UpdatorDate>
      </IncidentSuppNarrative>
      <IncidentOfficer>
         <OfficerRoleCode>P</OfficerRoleCode>
         <Officer>
            <AgencyCode>D42</AgencyCode>
            <ORINumber>SC0280000</ORINumber>
            <LastName>Ranz</LastName>
            <FirstName>Greg</FirstName>
            <InternalID>9696</InternalID>
         </Officer>
      </IncidentOfficer>
      <IncidentOfficer>
         <OfficerRoleCode>R</OfficerRoleCode>
         <Officer>
            <AgencyCode>D42</AgencyCode>
            <ORINumber>SC0280000</ORINumber>
            <LastName>Ranz</LastName>
            <FirstName>Greg</FirstName>
            <InternalID>9696</InternalID>
         </Officer>
      </IncidentOfficer>
      <IncidentPerson>
         <ApproxAge>52</ApproxAge>
         <CreatorId>STATE_OFFICER11</CreatorId>
         <CreatorDate>01/19/2015 10:35:38</CreatorDate>
         <UpdatorId>TSTC</UpdatorId>
         <UpdatorDate>05/24/2023 12:41:19</UpdatorDate>
         <Person>
            <PersonId>676</PersonId>
            <RaceCode>W</RaceCode>
            <SexCode>F</SexCode>
            <PersonVerified>Y</PersonVerified>
            <PersonPrimaryName>
               <LastName>Printed</LastName>
               <FirstName>Two</FirstName>
               <DateOfInfo>01/19/2015 10:26:48</DateOfInfo>
               <SLastName>P653</SLastName>
               <SFirstName>T000</SFirstName>
            </PersonPrimaryName>
            <Alias>
               <NameTypeCode>A</NameTypeCode>
               <LastName>Printed</LastName>
               <FirstName>Two</FirstName>
               <SLastName>P653</SLastName>
               <SFirstName>T000</SFirstName>
               <DateOfInfo>01/19/2015 10:26:48</DateOfInfo>
            </Alias>
            <PersonAddress>
               <StreetNumber>439</StreetNumber>
               <StreetDirCode>NE</StreetDirCode>
               <StreetName>ASHWOOD</StreetName>
               <StreetTypeCode>LN</StreetTypeCode>
               <StreetSuffixCode>N</StreetSuffixCode>
               <City>DILLON</City>
               <StateCode>SC</StateCode>
               <CountryCode>US</CountryCode>
               <CountyCode>NaN</CountyCode>
               <Longitude>-79.516913</Longitude>
               <Latitude>34.3197153</Latitude>
               <Beat>Test</Beat>
               <SubBeat>Area</SubBeat>
            </PersonAddress>
         </Person>
         <IncidentPersonRole>
            <RoleType>S</RoleType>
            <CreatorId>STATE_OFFICER11</CreatorId>
            <CreatorDate>01/19/2015 10:35:38</CreatorDate>
            <UpdatorId>TSTC</UpdatorId>
            <UpdatorDate>08/15/2023 20:32:19</UpdatorDate>
         </IncidentPersonRole>
      </IncidentPerson>
   </IncidentSupplement>
</Incident>