<?xml version="1.0" encoding="UTF-8"?>
<Incident xmlns:xsi="http://www.w3.org/2001/XMLSchema-instance"
          xsi:noNamespaceSchemaLocation="file:///C:/DATA/EJS/SVN_Root/Ejustice/trunk/XMLTransformations/OnlineRMSInternalToIncident/IAOnlineRMSIncidentImport.xsd">
   <IncidentReportNum>2014ISP0000572</IncidentReportNum>
   <AgencyCode>D42</AgencyCode>
   <ORINum>SC0280000</ORINum>
   <ReportDate>11/05/2014 11:03:00</ReportDate>
   <ReportTime>11/05/2014 11:03:00</ReportTime>
   <StartDate>11/05/2014 11:03:00</StartDate>
   <StartTime>11/01/2014 11:03:00</StartTime>
   <Summary>test 2</Summary>
   <CreatorId>STATE_OFFICER11</CreatorId>
   <CreatorDate>11/05/2014 11:03:31</CreatorDate>
   <UpdatorId>TSTC</UpdatorId>
   <UpdatorDate>09/09/2021 18:46:33</UpdatorDate>
   <IncidentType>
      <IncidentTypeCode>AIR</IncidentTypeCode>
   </IncidentType>
   <IncidentAddress>
      <AddressId>6</AddressId>
      <City>17</City>
      <CreatorId>STATE_OFFICER11</CreatorId>
      <CreatorDate>11/05/2014 11:03:49</CreatorDate>
      <UpdatorId>TSTC</UpdatorId>
      <UpdatorDate>11/05/2014 11:03:54</UpdatorDate>
      <Address>
         <AddressId>6</AddressId>
         <StreetNumber>3420</StreetNumber>
         <StreetDirCode>S</StreetDirCode>
         <StreetName>Keystone</StreetName>
         <StreetTypeCode>AVE</StreetTypeCode>
         <City>INDIANAPOLIS</City>
         <StateCode>IN</StateCode>
         <CountryCode>US</CountryCode>
         <Beat>Test</Beat>
         <SubBeat>Area</SubBeat>
         <Longitude>-86.120657</Longitude>
         <Latitude>39.71537</Latitude>
         <AddressCommonName>
            <CommonPlaceName>Dead strip</CommonPlaceName>
         </AddressCommonName>
      </Address>
   </IncidentAddress>
   <IncidentSupplement>
      <SupplementSequence>0</SupplementSequence>
      <IncSupplementStatusCode>A</IncSupplementStatusCode>
      <SuppReportDate>11/05/2014 11:03:31</SuppReportDate>
      <SuppReportTime>11/05/2014 11:03:31</SuppReportTime>
      <AgencyOnly>N</AgencyOnly>
      <SecurityLevel>1100</SecurityLevel>
      <SuppAgencyCode>D42</SuppAgencyCode>
      <UnknownNoOffenders>N</UnknownNoOffenders>
      <DsIcrDate>11/05/2014 11:06:08</DsIcrDate>
      <DsIcrSubmissionStatus>NOT REPORTABLE</DsIcrSubmissionStatus>
      <CreatorId>STATE_OFFICER11</CreatorId>
      <CreatorDate>11/05/2014 11:03:31</CreatorDate>
      <UpdatorId>TSTC</UpdatorId>
      <UpdatorDate>08/05/2021 17:38:22</UpdatorDate>
      <IncidentSuppNarrative>
         <NarrativeNumber>1</NarrativeNumber>
         <NarrativeTitle>Original Narrative</NarrativeTitle>
         <NarrativeText>&amp;nbsp;test 2</NarrativeText>
         <CreatorId>STATE_OFFICER11</CreatorId>
         <CreatorDate>11/05/2014 11:05:34</CreatorDate>
         <UpdatorId>STATE_OFFICER11</UpdatorId>
         <UpdatorDate>11/05/2014 11:05:34</UpdatorDate>
      </IncidentSuppNarrative>
      <IncidentOfficer>
         <OfficerRoleCode>P</OfficerRoleCode>
         <Officer>
            <AgencyCode>D42</AgencyCode>
            <ORINumber>SC0280000</ORINumber>
            <LastName>Ranz</LastName>
            <FirstName>Greg</FirstName>
            <InternalID>9696</InternalID>
         </Officer>
      </IncidentOfficer>
      <IncidentOfficer>
         <OfficerRoleCode>R</OfficerRoleCode>
         <Officer>
            <AgencyCode>D42</AgencyCode>
            <ORINumber>SC0280000</ORINumber>
            <LastName>Ranz</LastName>
            <FirstName>Greg</FirstName>
            <InternalID>9696</InternalID>
         </Officer>
      </IncidentOfficer>
      <IncidentOffense>
         <IncidentId>1997</IncidentId>
         <OffenseNumber>1</OffenseNumber>
         <OffenseStatusCode>07</OffenseStatusCode>
         <OffenseCode>7.1-5-1-3</OffenseCode>
         <PlaceCode>57</PlaceCode>
         <BiasCode>88</BiasCode>
         <CSAUCode>C</CSAUCode>
         <SupplementSeq>0</SupplementSeq>
         <UCRNumber>1</UCRNumber>
         <OffenseStatusDate>11/05/2014 11:04:00</OffenseStatusDate>
         <AttemptedCompletedCode>C</AttemptedCompletedCode>
         <ArrestChargeCode>7.1-5-1-3</ArrestChargeCode>
         <CreatorId>STATE_OFFICER11</CreatorId>
         <CreatorDate>11/05/2014 11:04:49</CreatorDate>
         <UpdatorId>STATE_OFFICER11</UpdatorId>
         <UpdatorDate>11/05/2014 11:04:50</UpdatorDate>
      </IncidentOffense>
      <IncidentPerson>
         <ApproxAge>54</ApproxAge>
         <ResidentStatusCode>R</ResidentStatusCode>
         <CreatorId>STATE_OFFICER11</CreatorId>
         <CreatorDate>11/05/2014 11:05:14</CreatorDate>
         <UpdatorId>TSTC</UpdatorId>
         <UpdatorDate>05/24/2023 12:41:19</UpdatorDate>
         <Person>
            <PersonId>100</PersonId>
            <RaceCode>P</RaceCode>
            <SexCode>M</SexCode>
            <EthnicityCode>O</EthnicityCode>
            <PersonVerified>Y</PersonVerified>
            <PersonPrimaryName>
               <LastName>Atkins</LastName>
               <FirstName>Steve</FirstName>
               <DOB>01/01/1960 00:00:00</DOB>
               <DateOfInfo>04/11/2012 10:44:20</DateOfInfo>
               <SLastName>A325</SLastName>
               <SFirstName>S310</SFirstName>
            </PersonPrimaryName>
            <PersonPrimaryName>
               <LastName>Atkinson SUPER LONG LAST NAME ALSO</LastName>
               <FirstName>Stephen SUPER LONG FIRST NAME ALSO</FirstName>
               <DOB>06/01/1960 00:00:00</DOB>
               <SSN>8.88888888E8</SSN>
               <DateOfInfo>03/01/2013 00:00:00</DateOfInfo>
               <SLastName>A325</SLastName>
               <SFirstName>S315</SFirstName>
            </PersonPrimaryName>
            <PersonPrimaryName>
               <DateOfInfo>09/06/2012 00:00:00</DateOfInfo>
            </PersonPrimaryName>
            <PersonPrimaryName>
               <LastName>Of the World</LastName>
               <FirstName>King</FirstName>
               <DateOfInfo>11/14/2018 00:00:00</DateOfInfo>
               <SLastName>O136</SLastName>
               <SFirstName>K520</SFirstName>
            </PersonPrimaryName>
            <Alias>
               <NameTypeCode>A</NameTypeCode>
               <LastName>Atkins</LastName>
               <FirstName>Steve</FirstName>
               <DOB>01/01/1960 00:00:00</DOB>
               <SLastName>A325</SLastName>
               <SFirstName>S310</SFirstName>
               <DateOfInfo>04/11/2012 10:44:20</DateOfInfo>
            </Alias>
            <Alias>
               <NameTypeCode>P</NameTypeCode>
               <LastName>Atkinson SUPER LONG LAST NAME ALSO</LastName>
               <FirstName>Stephen SUPER LONG FIRST NAME ALSO</FirstName>
               <DOB>06/01/1960 00:00:00</DOB>
               <SSN>8.88888888E8</SSN>
               <SLastName>A325</SLastName>
               <SFirstName>S315</SFirstName>
               <DateOfInfo>03/01/2013 00:00:00</DateOfInfo>
            </Alias>
            <Alias>
               <NameTypeCode>N</NameTypeCode>
               <DateOfInfo>09/06/2012 00:00:00</DateOfInfo>
            </Alias>
            <Alias>
               <NameTypeCode>A</NameTypeCode>
               <LastName>Of the World</LastName>
               <FirstName>King</FirstName>
               <SLastName>O136</SLastName>
               <SFirstName>K520</SFirstName>
               <DateOfInfo>11/14/2018 00:00:00</DateOfInfo>
            </Alias>
            <PersonAddress>
               <StreetNumber>100</StreetNumber>
               <StreetName>Ash</StreetName>
               <StreetTypeCode>ST</StreetTypeCode>
               <City>INDIANAPOLIS</City>
               <StateCode>IN</StateCode>
               <Zip5>01234</Zip5>
               <Zip4>7777</Zip4>
               <CountryCode>US</CountryCode>
               <Longitude>-86.26354</Longitude>
               <Latitude>39.95494</Latitude>
               <Beat>Test</Beat>
               <SubBeat>Area</SubBeat>
            </PersonAddress>
            <PersonPhone>
               <PhoneTypeCode>RES</PhoneTypeCode>
               <PhoneArea>222</PhoneArea>
               <PhonePrefix>222</PhonePrefix>
               <PhoneSuffix>2222</PhoneSuffix>
               <DateOfInfo>02/21/2018 00:00:00</DateOfInfo>
            </PersonPhone>
            <PersonPhone>
               <PhoneTypeCode>CEL</PhoneTypeCode>
               <PhoneArea>333</PhoneArea>
               <PhonePrefix>444</PhonePrefix>
               <PhoneSuffix>5555</PhoneSuffix>
               <DateOfInfo>11/14/2018 00:00:00</DateOfInfo>
            </PersonPhone>
         </Person>
         <IncidentPersonRole>
            <RoleType>S</RoleType>
            <CreatorId>STATE_OFFICER11</CreatorId>
            <CreatorDate>11/05/2014 11:05:14</CreatorDate>
            <UpdatorId>TSTC</UpdatorId>
            <UpdatorDate>08/15/2023 20:32:21</UpdatorDate>
         </IncidentPersonRole>
      </IncidentPerson>
      <IncidentBusiness>
         <BusinessNumber>240000001</BusinessNumber>
         <BusinessName>SOCIETY</BusinessName>
         <IncBusinessRoleCode>V</IncBusinessRoleCode>
         <CreatorId>STATE_OFFICER11</CreatorId>
         <CreatorDate>11/05/2014 11:04:50</CreatorDate>
         <UpdatorId>STATE_OFFICER11</UpdatorId>
         <UpdatorDate>11/05/2014 11:04:50</UpdatorDate>
      </IncidentBusiness>
   </IncidentSupplement>
</Incident>