<?xml version="1.0" encoding="UTF-8"?>
<Incident xmlns:xsi="http://www.w3.org/2001/XMLSchema-instance"
          xsi:noNamespaceSchemaLocation="file:///C:/DATA/EJS/SVN_Root/Ejustice/trunk/XMLTransformations/OnlineRMSInternalToIncident/IAOnlineRMSIncidentImport.xsd">
   <IncidentReportNum>2014ISP0000579</IncidentReportNum>
   <AgencyCode>D42</AgencyCode>
   <ORINum>SC0280000</ORINum>
   <ReportDate>11/05/2014 12:09:00</ReportDate>
   <ReportTime>11/05/2014 12:09:00</ReportTime>
   <StartDate>11/05/2014 12:09:00</StartDate>
   <StartTime>11/01/2014 12:09:00</StartTime>
   <Summary>sdfgsfg</Summary>
   <CreatorId>STATE_OFFICER11</CreatorId>
   <CreatorDate>11/05/2014 12:09:53</CreatorDate>
   <UpdatorId>TSTC</UpdatorId>
   <UpdatorDate>09/09/2021 18:46:33</UpdatorDate>
   <IncidentType>
      <IncidentTypeCode>CAD</IncidentTypeCode>
   </IncidentType>
   <IncidentAddress>
      <AddressId>242</AddressId>
      <City>5</City>
      <CreatorId>STATE_OFFICER11</CreatorId>
      <CreatorDate>11/05/2014 12:10:05</CreatorDate>
      <UpdatorId>TSTC</UpdatorId>
      <UpdatorDate>11/05/2014 12:10:11</UpdatorDate>
      <Address>
         <AddressId>242</AddressId>
         <StreetNumber>615</StreetNumber>
         <StreetName>VAN RAALTE</StreetName>
         <StreetTypeCode>AVE</StreetTypeCode>
         <City>HOLLAND</City>
         <StateCode>MI</StateCode>
         <Zip5>49423</Zip5>
      </Address>
   </IncidentAddress>
   <IncidentSupplement>
      <SupplementSequence>0</SupplementSequence>
      <IncSupplementStatusCode>A</IncSupplementStatusCode>
      <SuppReportDate>11/05/2014 12:09:53</SuppReportDate>
      <SuppReportTime>11/05/2014 12:09:53</SuppReportTime>
      <AgencyOnly>N</AgencyOnly>
      <SecurityLevel>1100</SecurityLevel>
      <SuppAgencyCode>D42</SuppAgencyCode>
      <UnknownNoOffenders>N</UnknownNoOffenders>
      <DsIcrDate>11/13/2014 16:32:13</DsIcrDate>
      <DsIcrSubmissionStatus>READY TO BE PROCESSED-ORIGINAL</DsIcrSubmissionStatus>
      <CreatorId>STATE_OFFICER11</CreatorId>
      <CreatorDate>11/05/2014 12:09:53</CreatorDate>
      <UpdatorId>TSTC</UpdatorId>
      <UpdatorDate>08/05/2021 17:38:22</UpdatorDate>
      <IncidentSuppNarrative>
         <NarrativeNumber>1</NarrativeNumber>
         <NarrativeTitle>Original Narrative</NarrativeTitle>
         <NarrativeText>&amp;nbsp;fggasgaa</NarrativeText>
         <CreatorId>STATE_CIDSUP8</CreatorId>
         <CreatorDate>11/05/2014 12:10:58</CreatorDate>
         <UpdatorId>TSTC</UpdatorId>
         <UpdatorDate>07/12/2017 12:54:34</UpdatorDate>
      </IncidentSuppNarrative>
      <IncidentOfficer>
         <OfficerRoleCode>P</OfficerRoleCode>
         <Officer>
            <AgencyCode>D42</AgencyCode>
            <ORINumber>SC0280000</ORINumber>
            <LastName>Ranz</LastName>
            <FirstName>Greg</FirstName>
            <InternalID>9696</InternalID>
         </Officer>
      </IncidentOfficer>
      <IncidentOfficer>
         <OfficerRoleCode>R</OfficerRoleCode>
         <Officer>
            <AgencyCode>D42</AgencyCode>
            <ORINumber>SC0280000</ORINumber>
            <LastName>Ranz</LastName>
            <FirstName>Greg</FirstName>
            <InternalID>9696</InternalID>
         </Officer>
      </IncidentOfficer>
      <IncidentOffense>
         <IncidentId>2004</IncidentId>
         <OffenseNumber>1</OffenseNumber>
         <OffenseStatusCode>00</OffenseStatusCode>
         <OffenseCode>13-30-10-6</OffenseCode>
         <PlaceCode>03</PlaceCode>
         <BiasCode>88</BiasCode>
         <CSAUCode>C</CSAUCode>
         <SupplementSeq>0</SupplementSeq>
         <UCRNumber>1</UCRNumber>
         <OffenseStatusDate>11/05/2014 12:10:00</OffenseStatusDate>
         <AttemptedCompletedCode>C</AttemptedCompletedCode>
         <ArrestChargeCode>13-30-10-6</ArrestChargeCode>
         <CreatorId>STATE_OFFICER11</CreatorId>
         <CreatorDate>11/05/2014 12:10:45</CreatorDate>
         <UpdatorId>STATE_OFFICER11</UpdatorId>
         <UpdatorDate>11/05/2014 12:10:46</UpdatorDate>
      </IncidentOffense>
   </IncidentSupplement>
</Incident>