<?xml version="1.0" encoding="UTF-8"?>
<Incident xmlns:xsi="http://www.w3.org/2001/XMLSchema-instance"
          xsi:noNamespaceSchemaLocation="file:///C:/DATA/EJS/SVN_Root/Ejustice/trunk/XMLTransformations/OnlineRMSInternalToIncident/IAOnlineRMSIncidentImport.xsd">
   <IncidentReportNum>2014ISP0000435</IncidentReportNum>
   <AgencyCode>D42</AgencyCode>
   <ORINum>SC0280000</ORINum>
   <ReportDate>06/27/2014 16:36:00</ReportDate>
   <ReportTime>06/27/2014 16:36:00</ReportTime>
   <StartDate>06/27/2014 16:36:00</StartDate>
   <StartTime>06/01/2014 16:36:00</StartTime>
   <Summary>te</Summary>
   <CreatorId>STATE_OFFICER11</CreatorId>
   <CreatorDate>06/27/2014 16:36:40</CreatorDate>
   <UpdatorId>TSTC</UpdatorId>
   <UpdatorDate>09/09/2021 18:46:31</UpdatorDate>
   <IncidentType>
      <IncidentTypeCode>B/V</IncidentTypeCode>
   </IncidentType>
   <IncidentAddress>
      <AddressId>269</AddressId>
      <Beat>104</Beat>
      <SubBeat>West Patrol</SubBeat>
      <City>4</City>
      <CreatorId>STATE_OFFICER11</CreatorId>
      <CreatorDate>06/27/2014 16:36:57</CreatorDate>
      <UpdatorId>TSTC</UpdatorId>
      <UpdatorDate>06/27/2014 16:36:59</UpdatorDate>
      <Address>
         <AddressId>269</AddressId>
         <StreetNumber>11215</StreetNumber>
         <StreetName>DEER VALLEY</StreetName>
         <StreetTypeCode>DR</StreetTypeCode>
         <City>INDIANAPOLIS</City>
         <StateCode>IN</StateCode>
         <Zip5>46229</Zip5>
         <Beat>104</Beat>
         <SubBeat>West Patrol</SubBeat>
      </Address>
   </IncidentAddress>
   <IncidentSupplement>
      <SupplementSequence>0</SupplementSequence>
      <IncSupplementStatusCode>A</IncSupplementStatusCode>
      <SuppReportDate>06/27/2014 16:36:40</SuppReportDate>
      <SuppReportTime>06/27/2014 16:36:40</SuppReportTime>
      <AgencyOnly>N</AgencyOnly>
      <SecurityLevel>1201</SecurityLevel>
      <SuppAgencyCode>D42</SuppAgencyCode>
      <UnknownNoOffenders>N</UnknownNoOffenders>
      <DsIcrDate>06/27/2014 16:41:51</DsIcrDate>
      <DsIcrSubmissionStatus>READY TO BE PROCESSED-ORIGINAL</DsIcrSubmissionStatus>
      <CreatorId>STATE_OFFICER11</CreatorId>
      <CreatorDate>06/27/2014 16:36:40</CreatorDate>
      <UpdatorId>TSTC</UpdatorId>
      <UpdatorDate>08/05/2021 17:38:20</UpdatorDate>
      <IncidentSuppNarrative>
         <NarrativeNumber>1</NarrativeNumber>
         <NarrativeTitle>Original Narrative</NarrativeTitle>
         <NarrativeText>ttest</NarrativeText>
         <CreatorId>STATE_OFFICER11</CreatorId>
         <CreatorDate>06/27/2014 16:41:12</CreatorDate>
         <UpdatorId>STATE_OFFICER11</UpdatorId>
         <UpdatorDate>06/27/2014 16:41:12</UpdatorDate>
      </IncidentSuppNarrative>
      <IncidentOfficer>
         <OfficerRoleCode>P</OfficerRoleCode>
         <Officer>
            <AgencyCode>D42</AgencyCode>
            <ORINumber>SC0280000</ORINumber>
            <LastName>Ranz</LastName>
            <FirstName>Greg</FirstName>
            <InternalID>9696</InternalID>
         </Officer>
      </IncidentOfficer>
      <IncidentOfficer>
         <OfficerRoleCode>R</OfficerRoleCode>
         <Officer>
            <AgencyCode>D42</AgencyCode>
            <ORINumber>SC0280000</ORINumber>
            <LastName>Ranz</LastName>
            <FirstName>Greg</FirstName>
            <InternalID>9696</InternalID>
         </Officer>
      </IncidentOfficer>
      <IncidentOffense>
         <IncidentId>1768</IncidentId>
         <OffenseNumber>1</OffenseNumber>
         <OffenseStatusCode>16</OffenseStatusCode>
         <OffenseCode>35-43-4-2  T06</OffenseCode>
         <PlaceCode>40</PlaceCode>
         <BiasCode>88</BiasCode>
         <CSAUCode>C</CSAUCode>
         <SupplementSeq>0</SupplementSeq>
         <UCRNumber>1</UCRNumber>
         <OffenseStatusDate>06/27/2014 16:39:00</OffenseStatusDate>
         <AttemptedCompletedCode>C</AttemptedCompletedCode>
         <ArrestChargeCode>35-43-4-2  T06</ArrestChargeCode>
         <CreatorId>STATE_OFFICER11</CreatorId>
         <CreatorDate>06/27/2014 16:39:31</CreatorDate>
         <UpdatorId>STATE_OFFICER11</UpdatorId>
         <UpdatorDate>06/27/2014 16:39:33</UpdatorDate>
      </IncidentOffense>
      <IncidentPerson>
         <ApproxAge>53</ApproxAge>
         <CreatorId>STATE_OFFICER11</CreatorId>
         <CreatorDate>06/27/2014 16:38:25</CreatorDate>
         <UpdatorId>TSTC</UpdatorId>
         <UpdatorDate>05/24/2023 12:41:18</UpdatorDate>
         <Person>
            <PersonId>383</PersonId>
            <RaceCode>P</RaceCode>
            <SexCode>M</SexCode>
            <EthnicityCode>H</EthnicityCode>
            <PersonVerified>Y</PersonVerified>
            <PersonPrimaryName>
               <LastName>Agui</LastName>
               <FirstName>CARRERAS</FirstName>
               <DOB>08/19/1967 00:00:00</DOB>
               <DateOfInfo>09/05/2012 00:00:00</DateOfInfo>
               <SLastName>A200</SLastName>
               <SFirstName>C662</SFirstName>
            </PersonPrimaryName>
            <PersonPrimaryName>
               <LastName>Ign</LastName>
               <FirstName>Test</FirstName>
               <DOB>01/01/1986 00:00:00</DOB>
               <DateOfInfo>01/14/2013 00:00:00</DateOfInfo>
               <SLastName>I250</SLastName>
               <SFirstName>T230</SFirstName>
            </PersonPrimaryName>
            <PersonPrimaryName>
               <LastName>Aguero</LastName>
               <FirstName>Carlos</FirstName>
               <DOB>03/03/1979 00:00:00</DOB>
               <DateOfInfo>03/20/2013 00:00:00</DateOfInfo>
               <SLastName>A260</SLastName>
               <SFirstName>C642</SFirstName>
            </PersonPrimaryName>
            <PersonPrimaryName>
               <LastName>Aguero</LastName>
               <FirstName>Carlosena</FirstName>
               <MiddleName>Java</MiddleName>
               <DOB>06/22/1961 00:00:00</DOB>
               <SSN>1.23456789E8</SSN>
               <DateOfInfo>07/11/2013 00:00:00</DateOfInfo>
               <SLastName>A260</SLastName>
               <SFirstName>C642</SFirstName>
            </PersonPrimaryName>
            <PersonPrimaryName>
               <LastName>Dsfq</LastName>
               <FirstName>Joe</FirstName>
               <DOB>05/10/2020 00:00:00</DOB>
               <SSN>9.88888888E8</SSN>
               <TitleCode>JR</TitleCode>
               <DateOfInfo>04/12/2016 00:00:00</DateOfInfo>
               <SLastName>D212</SLastName>
               <SFirstName>J000</SFirstName>
            </PersonPrimaryName>
            <Alias>
               <NameTypeCode>N</NameTypeCode>
               <LastName>Agui</LastName>
               <FirstName>CARRERAS</FirstName>
               <DOB>08/19/1967 00:00:00</DOB>
               <SLastName>A200</SLastName>
               <SFirstName>C662</SFirstName>
               <DateOfInfo>09/05/2012 00:00:00</DateOfInfo>
            </Alias>
            <Alias>
               <NameTypeCode>A</NameTypeCode>
               <LastName>Ign</LastName>
               <FirstName>Test</FirstName>
               <DOB>01/01/1986 00:00:00</DOB>
               <SLastName>I250</SLastName>
               <SFirstName>T230</SFirstName>
               <DateOfInfo>01/14/2013 00:00:00</DateOfInfo>
            </Alias>
            <Alias>
               <NameTypeCode>A</NameTypeCode>
               <LastName>Aguero</LastName>
               <FirstName>Carlos</FirstName>
               <DOB>03/03/1979 00:00:00</DOB>
               <SLastName>A260</SLastName>
               <SFirstName>C642</SFirstName>
               <DateOfInfo>03/20/2013 00:00:00</DateOfInfo>
            </Alias>
            <Alias>
               <NameTypeCode>A</NameTypeCode>
               <LastName>Aguero</LastName>
               <FirstName>Carlosena</FirstName>
               <MiddleName>Java</MiddleName>
               <DOB>06/22/1961 00:00:00</DOB>
               <SSN>1.23456789E8</SSN>
               <SLastName>A260</SLastName>
               <SFirstName>C642</SFirstName>
               <DateOfInfo>07/11/2013 00:00:00</DateOfInfo>
            </Alias>
            <Alias>
               <NameTypeCode>P</NameTypeCode>
               <LastName>Dsfq</LastName>
               <FirstName>Joe</FirstName>
               <DOB>05/10/2020 00:00:00</DOB>
               <SSN>9.88888888E8</SSN>
               <TitleCode>JR</TitleCode>
               <SLastName>D212</SLastName>
               <SFirstName>J000</SFirstName>
               <DateOfInfo>04/12/2016 00:00:00</DateOfInfo>
            </Alias>
            <PersonPhone>
               <PhoneTypeCode>RES</PhoneTypeCode>
               <PhoneArea>444</PhoneArea>
               <PhonePrefix>555</PhonePrefix>
               <PhoneSuffix>6666</PhoneSuffix>
               <DateOfInfo>11/18/2014 00:00:00</DateOfInfo>
            </PersonPhone>
            <PersonPhone>
               <PhoneTypeCode>CEL</PhoneTypeCode>
               <PhoneArea>777</PhoneArea>
               <PhonePrefix>777</PhonePrefix>
               <PhoneSuffix>7777</PhoneSuffix>
               <DateOfInfo>06/06/2017 00:00:00</DateOfInfo>
            </PersonPhone>
         </Person>
         <IncidentPersonRole>
            <RoleType>S</RoleType>
            <CreatorId>STATE_OFFICER11</CreatorId>
            <CreatorDate>06/27/2014 16:39:43</CreatorDate>
            <UpdatorId>TSTC</UpdatorId>
            <UpdatorDate>08/15/2023 20:32:20</UpdatorDate>
         </IncidentPersonRole>
      </IncidentPerson>
      <IncidentPerson>
         <ApproxAge>54</ApproxAge>
         <ResidentStatusCode>R</ResidentStatusCode>
         <CreatorId>STATE_OFFICER11</CreatorId>
         <CreatorDate>06/27/2014 16:38:37</CreatorDate>
         <UpdatorId>TSTC</UpdatorId>
         <UpdatorDate>05/24/2023 12:41:18</UpdatorDate>
         <Person>
            <PersonId>100</PersonId>
            <RaceCode>P</RaceCode>
            <SexCode>M</SexCode>
            <EthnicityCode>O</EthnicityCode>
            <PersonVerified>Y</PersonVerified>
            <PersonPrimaryName>
               <LastName>Atkins</LastName>
               <FirstName>Steve</FirstName>
               <DOB>01/01/1960 00:00:00</DOB>
               <DateOfInfo>04/11/2012 10:44:20</DateOfInfo>
               <SLastName>A325</SLastName>
               <SFirstName>S310</SFirstName>
            </PersonPrimaryName>
            <PersonPrimaryName>
               <LastName>Atkinson SUPER LONG LAST NAME ALSO</LastName>
               <FirstName>Stephen SUPER LONG FIRST NAME ALSO</FirstName>
               <DOB>06/01/1960 00:00:00</DOB>
               <SSN>8.88888888E8</SSN>
               <DateOfInfo>03/01/2013 00:00:00</DateOfInfo>
               <SLastName>A325</SLastName>
               <SFirstName>S315</SFirstName>
            </PersonPrimaryName>
            <PersonPrimaryName>
               <DateOfInfo>09/06/2012 00:00:00</DateOfInfo>
            </PersonPrimaryName>
            <PersonPrimaryName>
               <LastName>Of the World</LastName>
               <FirstName>King</FirstName>
               <DateOfInfo>11/14/2018 00:00:00</DateOfInfo>
               <SLastName>O136</SLastName>
               <SFirstName>K520</SFirstName>
            </PersonPrimaryName>
            <Alias>
               <NameTypeCode>A</NameTypeCode>
               <LastName>Atkins</LastName>
               <FirstName>Steve</FirstName>
               <DOB>01/01/1960 00:00:00</DOB>
               <SLastName>A325</SLastName>
               <SFirstName>S310</SFirstName>
               <DateOfInfo>04/11/2012 10:44:20</DateOfInfo>
            </Alias>
            <Alias>
               <NameTypeCode>P</NameTypeCode>
               <LastName>Atkinson SUPER LONG LAST NAME ALSO</LastName>
               <FirstName>Stephen SUPER LONG FIRST NAME ALSO</FirstName>
               <DOB>06/01/1960 00:00:00</DOB>
               <SSN>8.88888888E8</SSN>
               <SLastName>A325</SLastName>
               <SFirstName>S315</SFirstName>
               <DateOfInfo>03/01/2013 00:00:00</DateOfInfo>
            </Alias>
            <Alias>
               <NameTypeCode>N</NameTypeCode>
               <DateOfInfo>09/06/2012 00:00:00</DateOfInfo>
            </Alias>
            <Alias>
               <NameTypeCode>A</NameTypeCode>
               <LastName>Of the World</LastName>
               <FirstName>King</FirstName>
               <SLastName>O136</SLastName>
               <SFirstName>K520</SFirstName>
               <DateOfInfo>11/14/2018 00:00:00</DateOfInfo>
            </Alias>
            <PersonAddress>
               <StreetNumber>100</StreetNumber>
               <StreetName>Ash</StreetName>
               <StreetTypeCode>ST</StreetTypeCode>
               <City>INDIANAPOLIS</City>
               <StateCode>IN</StateCode>
               <Zip5>01234</Zip5>
               <Zip4>7777</Zip4>
               <CountryCode>US</CountryCode>
               <Longitude>-86.26354</Longitude>
               <Latitude>39.95494</Latitude>
               <Beat>Test</Beat>
               <SubBeat>Area</SubBeat>
            </PersonAddress>
            <PersonPhone>
               <PhoneTypeCode>RES</PhoneTypeCode>
               <PhoneArea>222</PhoneArea>
               <PhonePrefix>222</PhonePrefix>
               <PhoneSuffix>2222</PhoneSuffix>
               <DateOfInfo>02/21/2018 00:00:00</DateOfInfo>
            </PersonPhone>
            <PersonPhone>
               <PhoneTypeCode>CEL</PhoneTypeCode>
               <PhoneArea>333</PhoneArea>
               <PhonePrefix>444</PhonePrefix>
               <PhoneSuffix>5555</PhoneSuffix>
               <DateOfInfo>11/14/2018 00:00:00</DateOfInfo>
            </PersonPhone>
         </Person>
         <IncidentPersonRole>
            <RoleType>V</RoleType>
            <CreatorId>STATE_OFFICER11</CreatorId>
            <CreatorDate>06/27/2014 16:39:50</CreatorDate>
            <UpdatorId>TSTC</UpdatorId>
            <UpdatorDate>08/15/2023 20:32:18</UpdatorDate>
         </IncidentPersonRole>
      </IncidentPerson>
      <IncidentProperty>
         <RoleCode>7</RoleCode>
         <CreatorId>JPICKETT@GLOBALSOFTWARECORP.COM</CreatorId>
         <CreatorDate>06/27/2014 16:41:03</CreatorDate>
         <UpdatorId>TSTC</UpdatorId>
         <UpdatorDate>08/10/2017 23:00:04</UpdatorDate>
         <DateOfInfo>06/27/2014 00:00:00</DateOfInfo>
         <StatusCode>7</StatusCode>
         <DocumentTypeCode>P</DocumentTypeCode>
         <PropertyTypeCode>609</PropertyTypeCode>
         <PropertyValue>100</PropertyValue>
         <Value>100</Value>
         <Evidence>Y</Evidence>
         <EvidenceFlag>Y</EvidenceFlag>
         <ExternalEvidenceId>579</ExternalEvidenceId>
         <Property_ID>1052</Property_ID>
         <Quantity>1</Quantity>
      </IncidentProperty>
   </IncidentSupplement>
</Incident>