<?xml version="1.0" encoding="UTF-8"?>
<Incident xmlns:xsi="http://www.w3.org/2001/XMLSchema-instance"
          xsi:noNamespaceSchemaLocation="file:///C:/DATA/EJS/SVN_Root/Ejustice/trunk/XMLTransformations/OnlineRMSInternalToIncident/IAOnlineRMSIncidentImport.xsd">
   <IncidentReportNum>2015ROOT0196</IncidentReportNum>
   <AgencyCode>D42</AgencyCode>
   <ORINum>SC0280000</ORINum>
   <ReportDate>09/30/2015 16:08:00</ReportDate>
   <ReportTime>09/30/2015 16:08:00</ReportTime>
   <StartDate>09/30/2015 16:08:00</StartDate>
   <StartTime>09/01/2015 16:08:00</StartTime>
   <Summary>jhlh</Summary>
   <CreatorId>STATE_OSUPER1</CreatorId>
   <CreatorDate>09/30/2015 16:08:03</CreatorDate>
   <UpdatorId>TSTC</UpdatorId>
   <UpdatorDate>09/09/2021 18:46:36</UpdatorDate>
   <IncidentType>
      <IncidentTypeCode>CCD</IncidentTypeCode>
   </IncidentType>
   <IncidentAddress>
      <AddressId>257</AddressId>
      <City>18</City>
      <CreatorId>STATE_OFFICER11</CreatorId>
      <CreatorDate>09/30/2015 16:08:15</CreatorDate>
      <UpdatorId>TSTC</UpdatorId>
      <UpdatorDate>09/30/2015 16:08:21</UpdatorDate>
      <Address>
         <AddressId>257</AddressId>
         <StreetNumber>2010</StreetNumber>
         <StreetDirCode>N</StreetDirCode>
         <StreetName>BISSELL</StreetName>
         <StreetTypeCode>ST</StreetTypeCode>
         <StreetSuffixCode>E</StreetSuffixCode>
         <SubTypeCode>APT</SubTypeCode>
         <SubNumber>3</SubNumber>
         <City>CHICAGO</City>
         <StateCode>IL</StateCode>
         <Zip5>60614</Zip5>
         <CountryCode>AO</CountryCode>
         <CrossStreetNumber>2</CrossStreetNumber>
         <CrossStreetDirCode>N</CrossStreetDirCode>
         <CrossStreetTypeCode>BGS</CrossStreetTypeCode>
         <CrossStreetSuffixCode>E</CrossStreetSuffixCode>
         <Distance>22</Distance>
         <DistanceUnits>M</DistanceUnits>
         <Longitude>123</Longitude>
         <Latitude>22</Latitude>
         <AddressCommonName>
            <CommonPlaceName>Health Center</CommonPlaceName>
         </AddressCommonName>
      </Address>
   </IncidentAddress>
   <IncidentSupplement>
      <SupplementSequence>0</SupplementSequence>
      <IncSupplementStatusCode>A</IncSupplementStatusCode>
      <SuppReportDate>09/30/2015 16:08:03</SuppReportDate>
      <SuppReportTime>09/30/2015 16:08:03</SuppReportTime>
      <AgencyOnly>N</AgencyOnly>
      <SecurityLevel>1201</SecurityLevel>
      <SuppAgencyCode>D42</SuppAgencyCode>
      <UnknownNoOffenders>N</UnknownNoOffenders>
      <DsIcrDate>09/30/2015 16:09:37</DsIcrDate>
      <DsIcrSubmissionStatus>NOT REPORTABLE</DsIcrSubmissionStatus>
      <CreatorId>STATE_OFFICER11</CreatorId>
      <CreatorDate>09/30/2015 16:08:03</CreatorDate>
      <UpdatorId>TSTC</UpdatorId>
      <UpdatorDate>08/05/2021 17:38:25</UpdatorDate>
      <IncidentSuppNarrative>
         <NarrativeNumber>1</NarrativeNumber>
         <NarrativeTitle>Original Narrative</NarrativeTitle>
         <NarrativeText>&amp;nbsp;asdfasdfa</NarrativeText>
         <CreatorId>STATE_OFFICER11</CreatorId>
         <CreatorDate>09/30/2015 16:09:10</CreatorDate>
         <UpdatorId>STATE_OFFICER11</UpdatorId>
         <UpdatorDate>09/30/2015 16:09:10</UpdatorDate>
      </IncidentSuppNarrative>
      <IncidentOfficer>
         <OfficerRoleCode>P</OfficerRoleCode>
         <Officer>
            <AgencyCode>D42</AgencyCode>
            <ORINumber>SC0280000</ORINumber>
            <LastName>Ranz</LastName>
            <FirstName>Greg</FirstName>
            <InternalID>9696</InternalID>
         </Officer>
      </IncidentOfficer>
      <IncidentOfficer>
         <OfficerRoleCode>R</OfficerRoleCode>
         <Officer>
            <AgencyCode>D42</AgencyCode>
            <ORINumber>SC0280000</ORINumber>
            <LastName>Ranz</LastName>
            <FirstName>Greg</FirstName>
            <InternalID>9696</InternalID>
         </Officer>
      </IncidentOfficer>
      <IncidentOffense>
         <IncidentId>2381</IncidentId>
         <OffenseNumber>1</OffenseNumber>
         <OffenseStatusCode>00</OffenseStatusCode>
         <OffenseCode>16-42-19-16</OffenseCode>
         <PlaceCode>03</PlaceCode>
         <BiasCode>24</BiasCode>
         <CSAUCode>A</CSAUCode>
         <SupplementSeq>0</SupplementSeq>
         <UCRNumber>1</UCRNumber>
         <OffenseStatusDate>09/30/2015 16:08:00</OffenseStatusDate>
         <AttemptedCompletedCode>A</AttemptedCompletedCode>
         <CreatorId>STATE_OFFICER11</CreatorId>
         <CreatorDate>09/30/2015 16:08:45</CreatorDate>
         <UpdatorId>STATE_OFFICER11</UpdatorId>
         <UpdatorDate>09/30/2015 16:08:45</UpdatorDate>
      </IncidentOffense>
      <IncidentPerson>
         <ApproxAge>44</ApproxAge>
         <ResidentStatusCode>R</ResidentStatusCode>
         <CreatorId>STATE_OFFICER11</CreatorId>
         <CreatorDate>09/30/2015 16:09:04</CreatorDate>
         <UpdatorId>TSTC</UpdatorId>
         <UpdatorDate>05/24/2023 12:41:24</UpdatorDate>
         <Person>
            <PersonId>760</PersonId>
            <RaceCode>W</RaceCode>
            <SexCode>M</SexCode>
            <PersonVerified>Y</PersonVerified>
            <PersonPrimaryName>
               <LastName>Bug</LastName>
               <FirstName>Person b</FirstName>
               <DOB>01/02/1971 00:00:00</DOB>
               <DateOfInfo>09/30/2015 15:53:03</DateOfInfo>
               <SLastName>B200</SLastName>
               <SFirstName>P625</SFirstName>
            </PersonPrimaryName>
            <Alias>
               <NameTypeCode>A</NameTypeCode>
               <LastName>Bug</LastName>
               <FirstName>Person b</FirstName>
               <DOB>01/02/1971 00:00:00</DOB>
               <SLastName>B200</SLastName>
               <SFirstName>P625</SFirstName>
               <DateOfInfo>09/30/2015 15:53:03</DateOfInfo>
            </Alias>
            <PersonAddress>
               <StreetNumber>88A</StreetNumber>
               <StreetName>Quincy</StreetName>
               <StreetTypeCode>ST</StreetTypeCode>
               <City>Brooklyn</City>
               <StateCode>NY</StateCode>
               <Zip5>11238</Zip5>
               <CountryCode>US</CountryCode>
               <Longitude>-73.957668</Longitude>
               <Latitude>40.685905</Latitude>
            </PersonAddress>
         </Person>
         <IncidentPersonRole>
            <RoleType>S</RoleType>
            <CreatorId>STATE_OFFICER11</CreatorId>
            <CreatorDate>09/30/2015 16:09:04</CreatorDate>
            <UpdatorId>TSTC</UpdatorId>
            <UpdatorDate>08/15/2023 20:32:22</UpdatorDate>
         </IncidentPersonRole>
      </IncidentPerson>
   </IncidentSupplement>
</Incident>