<?xml version="1.0" encoding="UTF-8"?>
<Incident xmlns:xsi="http://www.w3.org/2001/XMLSchema-instance"
          xsi:noNamespaceSchemaLocation="file:///C:/DATA/EJS/SVN_Root/Ejustice/trunk/XMLTransformations/OnlineRMSInternalToIncident/IAOnlineRMSIncidentImport.xsd">
   <IncidentReportNum>2015ROOT0169</IncidentReportNum>
   <AgencyCode>D42</AgencyCode>
   <ORINum>SC0280000</ORINum>
   <ReportDate>08/06/2015 17:34:00</ReportDate>
   <ReportTime>08/06/2015 17:34:00</ReportTime>
   <StartDate>08/06/2015 17:34:00</StartDate>
   <StartTime>04/01/2017 17:34:00</StartTime>
   <Summary>test</Summary>
   <CreatorId>42CIDSUP</CreatorId>
   <CreatorDate>08/06/2015 17:34:28</CreatorDate>
   <UpdatorId>TSTC</UpdatorId>
   <UpdatorDate>09/09/2021 18:46:36</UpdatorDate>
   <IncidentType>
      <IncidentTypeCode>CAB</IncidentTypeCode>
   </IncidentType>
   <IncidentAddress>
      <AddressId>220</AddressId>
      <Beat>Test</Beat>
      <SubBeat>Area</SubBeat>
      <CreatorId>OFFICER_DMM</CreatorId>
      <CreatorDate>08/06/2015 17:34:37</CreatorDate>
      <UpdatorId>TSTC</UpdatorId>
      <UpdatorDate>04/18/2017 23:55:34</UpdatorDate>
      <Address>
         <AddressId>220</AddressId>
         <StreetNumber>334</StreetNumber>
         <StreetName>JEFFERSON</StreetName>
         <StreetTypeCode>ST</StreetTypeCode>
         <City>BRIDGEPORT</City>
         <StateCode>IL</StateCode>
         <Zip5>62417</Zip5>
         <Beat>Test</Beat>
         <SubBeat>Area</SubBeat>
         <AddressCommonName>
            <CommonPlaceName>District 42 test</CommonPlaceName>
         </AddressCommonName>
      </Address>
   </IncidentAddress>
   <IncidentSupplement>
      <SupplementSequence>0</SupplementSequence>
      <IncSupplementStatusCode>A</IncSupplementStatusCode>
      <SuppReportDate>08/06/2015 17:34:28</SuppReportDate>
      <SuppReportTime>08/06/2015 17:34:28</SuppReportTime>
      <AgencyOnly>N</AgencyOnly>
      <SecurityLevel>400</SecurityLevel>
      <SuppAgencyCode>D42</SuppAgencyCode>
      <UnknownNoOffenders>N</UnknownNoOffenders>
      <DsIcrDate>04/18/2017 23:56:05</DsIcrDate>
      <DsIcrSubmissionStatus>NOT REPORTABLE</DsIcrSubmissionStatus>
      <CreatorId>OFFICER_DMM</CreatorId>
      <CreatorDate>08/06/2015 17:34:28</CreatorDate>
      <UpdatorId>TSTC</UpdatorId>
      <UpdatorDate>08/05/2021 17:38:23</UpdatorDate>
      <IncidentSuppNarrative>
         <NarrativeNumber>1</NarrativeNumber>
         <NarrativeTitle>Original Narrative</NarrativeTitle>
         <NarrativeText>&amp;nbsp;asdfasdfasdf</NarrativeText>
         <CreatorId>OFFICER_DMM</CreatorId>
         <CreatorDate>04/18/2017 23:55:44</CreatorDate>
         <UpdatorId>OFFICER_DMM</UpdatorId>
         <UpdatorDate>04/18/2017 23:55:44</UpdatorDate>
      </IncidentSuppNarrative>
      <IncidentOfficer>
         <OfficerRoleCode>P</OfficerRoleCode>
         <Officer>
            <AgencyCode>D42</AgencyCode>
            <ORINumber>SC0280000</ORINumber>
            <LastName>McMillan</LastName>
            <FirstName>Dana</FirstName>
            <InternalID>DMM12345</InternalID>
         </Officer>
      </IncidentOfficer>
      <IncidentOfficer>
         <OfficerRoleCode>R</OfficerRoleCode>
         <Officer>
            <AgencyCode>D42</AgencyCode>
            <ORINumber>SC0280000</ORINumber>
            <LastName>McMillan</LastName>
            <FirstName>Dana</FirstName>
            <InternalID>DMM12345</InternalID>
         </Officer>
      </IncidentOfficer>
   </IncidentSupplement>
</Incident>