<?xml version="1.0" encoding="UTF-8"?>
<Incident xmlns:xsi="http://www.w3.org/2001/XMLSchema-instance"
          xsi:noNamespaceSchemaLocation="file:///C:/DATA/EJS/SVN_Root/Ejustice/trunk/XMLTransformations/OnlineRMSInternalToIncident/IAOnlineRMSIncidentImport.xsd">
   <IncidentReportNum>2014ISP0000551</IncidentReportNum>
   <AgencyCode>D42</AgencyCode>
   <ORINum>SC0280000</ORINum>
   <ReportDate>10/17/2014 12:58:00</ReportDate>
   <ReportTime>10/17/2014 12:58:00</ReportTime>
   <StartDate>10/17/2014 12:58:00</StartDate>
   <StartTime>10/01/2014 12:58:00</StartTime>
   <Summary>test</Summary>
   <CreatorId>STATE_OFFICER11</CreatorId>
   <CreatorDate>10/17/2014 12:58:38</CreatorDate>
   <UpdatorId>TSTC</UpdatorId>
   <UpdatorDate>09/09/2021 18:46:35</UpdatorDate>
   <IncidentType>
      <IncidentTypeCode>AIR</IncidentTypeCode>
   </IncidentType>
   <IncidentAddress>
      <AddressId>22</AddressId>
      <Beat>104</Beat>
      <SubBeat>West Patrol</SubBeat>
      <City>3</City>
      <CreatorId>STATE_OFFICER11</CreatorId>
      <CreatorDate>10/17/2014 12:58:52</CreatorDate>
      <UpdatorId>TSTC</UpdatorId>
      <UpdatorDate>10/17/2014 12:58:55</UpdatorDate>
      <Address>
         <AddressId>22</AddressId>
         <StreetNumber>1355</StreetNumber>
         <StreetDirCode>W</StreetDirCode>
         <StreetName>COUNTY LINE</StreetName>
         <StreetTypeCode>RD</StreetTypeCode>
         <StreetSuffixCode>N</StreetSuffixCode>
         <SubTypeCode>APT</SubTypeCode>
         <SubNumber>A100</SubNumber>
         <City>DILLON</City>
         <StateCode>CO</StateCode>
         <Zip5>80302</Zip5>
         <Beat>104</Beat>
         <SubBeat>West Patrol</SubBeat>
         <AddressCommonName>
            <CommonPlaceName>Outside Store</CommonPlaceName>
         </AddressCommonName>
      </Address>
   </IncidentAddress>
   <IncidentSupplement>
      <SupplementSequence>0</SupplementSequence>
      <IncSupplementStatusCode>A</IncSupplementStatusCode>
      <SuppReportDate>10/17/2014 12:58:38</SuppReportDate>
      <SuppReportTime>10/17/2014 12:58:38</SuppReportTime>
      <AgencyOnly>N</AgencyOnly>
      <SecurityLevel>1201</SecurityLevel>
      <SuppAgencyCode>D42</SuppAgencyCode>
      <UnknownNoOffenders>N</UnknownNoOffenders>
      <DsIcrDate>10/17/2014 13:40:26</DsIcrDate>
      <DsIcrSubmissionStatus>PROCESS COMPLETE</DsIcrSubmissionStatus>
      <CreatorId>STATE_OFFICER11</CreatorId>
      <CreatorDate>10/17/2014 12:58:38</CreatorDate>
      <UpdatorId>TSTC</UpdatorId>
      <UpdatorDate>08/05/2021 17:38:22</UpdatorDate>
      <IncidentSuppNarrative>
         <NarrativeNumber>1</NarrativeNumber>
         <NarrativeTitle>Original Narrative</NarrativeTitle>
         <NarrativeText>test</NarrativeText>
         <CreatorId>STATE_OFFICER11</CreatorId>
         <CreatorDate>10/17/2014 13:40:05</CreatorDate>
         <UpdatorId>STATE_OFFICER11</UpdatorId>
         <UpdatorDate>10/17/2014 13:40:05</UpdatorDate>
      </IncidentSuppNarrative>
      <IncidentOfficer>
         <OfficerRoleCode>P</OfficerRoleCode>
         <Officer>
            <AgencyCode>D42</AgencyCode>
            <ORINumber>SC0280000</ORINumber>
            <LastName>Ranz</LastName>
            <FirstName>Greg</FirstName>
            <InternalID>9696</InternalID>
         </Officer>
      </IncidentOfficer>
      <IncidentOfficer>
         <OfficerRoleCode>R</OfficerRoleCode>
         <Officer>
            <AgencyCode>D42</AgencyCode>
            <ORINumber>SC0280000</ORINumber>
            <LastName>Ranz</LastName>
            <FirstName>Greg</FirstName>
            <InternalID>9696</InternalID>
         </Officer>
      </IncidentOfficer>
      <IncidentOffense>
         <IncidentId>1968</IncidentId>
         <OffenseNumber>1</OffenseNumber>
         <OffenseStatusCode>00</OffenseStatusCode>
         <OffenseCode>35-43-1-1A</OffenseCode>
         <PlaceCode>40</PlaceCode>
         <BiasCode>88</BiasCode>
         <CSAUCode>C</CSAUCode>
         <SupplementSeq>0</SupplementSeq>
         <UCRNumber>1</UCRNumber>
         <OffenseStatusDate>10/17/2014 13:02:00</OffenseStatusDate>
         <AttemptedCompletedCode>C</AttemptedCompletedCode>
         <CreatorId>SA_OFFICER</CreatorId>
         <CreatorDate>10/17/2014 13:03:07</CreatorDate>
         <UpdatorId>TSTC</UpdatorId>
         <UpdatorDate>07/13/2017 10:34:12</UpdatorDate>
      </IncidentOffense>
      <IncidentPerson>
         <ApproxAge>30</ApproxAge>
         <CreatorId>STATE_OFFICER11</CreatorId>
         <CreatorDate>10/17/2014 13:04:19</CreatorDate>
         <UpdatorId>TSTC</UpdatorId>
         <UpdatorDate>05/24/2023 12:41:20</UpdatorDate>
         <Person>
            <PersonId>333</PersonId>
            <RaceCode>B</RaceCode>
            <SexCode>M</SexCode>
            <PersonVerified>Y</PersonVerified>
            <PersonPrimaryName>
               <LastName>COLEMANR</LastName>
               <FirstName>FREDDIER</FirstName>
               <MiddleName>LEE JRRR</MiddleName>
               <DOB>05/27/1984 00:00:00</DOB>
               <SSN>5.08928301E8</SSN>
               <DateOfInfo>07/31/2012 17:47:10</DateOfInfo>
               <SLastName>C455</SLastName>
               <SFirstName>F636</SFirstName>
            </PersonPrimaryName>
            <Alias>
               <NameTypeCode>P</NameTypeCode>
               <LastName>COLEMANR</LastName>
               <FirstName>FREDDIER</FirstName>
               <MiddleName>LEE JRRR</MiddleName>
               <DOB>05/27/1984 00:00:00</DOB>
               <SSN>5.08928301E8</SSN>
               <SLastName>C455</SLastName>
               <SFirstName>F636</SFirstName>
               <DateOfInfo>07/31/2012 17:47:10</DateOfInfo>
            </Alias>
            <PersonAddress>
               <StreetNumber>83</StreetNumber>
               <StreetDirCode>NE</StreetDirCode>
               <StreetName>ASHWOOD</StreetName>
               <StreetTypeCode>LN</StreetTypeCode>
               <StreetSuffixCode>N</StreetSuffixCode>
               <City>DILLON</City>
               <CountryCode>US</CountryCode>
            </PersonAddress>
         </Person>
         <IncidentPersonRole>
            <RoleType>S</RoleType>
            <CreatorId>STATE_OFFICER11</CreatorId>
            <CreatorDate>10/17/2014 13:04:19</CreatorDate>
            <UpdatorId>TSTC</UpdatorId>
            <UpdatorDate>08/15/2023 20:32:19</UpdatorDate>
         </IncidentPersonRole>
      </IncidentPerson>
      <IncidentPerson>
         <ApproxAge>28</ApproxAge>
         <ResidentStatusCode>R</ResidentStatusCode>
         <CreatorId>STATE_OFFICER11</CreatorId>
         <CreatorDate>10/17/2014 13:04:50</CreatorDate>
         <UpdatorId>TSTC</UpdatorId>
         <UpdatorDate>05/24/2023 12:41:20</UpdatorDate>
         <Person>
            <PersonId>573</PersonId>
            <RaceCode>W</RaceCode>
            <SexCode>M</SexCode>
            <PersonVerified>Y</PersonVerified>
            <PersonPrimaryName>
               <LastName>Dome</LastName>
               <FirstName>Chrome</FirstName>
               <DateOfInfo>07/14/2014 16:49:09</DateOfInfo>
               <SLastName>D500</SLastName>
               <SFirstName>C650</SFirstName>
            </PersonPrimaryName>
            <Alias>
               <NameTypeCode>P</NameTypeCode>
               <LastName>Dome</LastName>
               <FirstName>Chrome</FirstName>
               <SLastName>D500</SLastName>
               <SFirstName>C650</SFirstName>
               <DateOfInfo>07/14/2014 16:49:09</DateOfInfo>
            </Alias>
         </Person>
         <IncidentPersonRole>
            <RoleType>V</RoleType>
            <CreatorId>STATE_OFFICER11</CreatorId>
            <CreatorDate>10/17/2014 13:04:50</CreatorDate>
            <UpdatorId>TSTC</UpdatorId>
            <UpdatorDate>08/15/2023 20:32:19</UpdatorDate>
         </IncidentPersonRole>
      </IncidentPerson>
      <IncidentVehicle>
         <VEHICLE_ID>63</VEHICLE_ID>
         <RoleCode>VI</RoleCode>
         <CreatorId>STATE_OFFICER11</CreatorId>
         <CreatorDate>10/17/2014 13:39:45</CreatorDate>
         <UpdatorId>STATE_OFFICER11</UpdatorId>
         <UpdatorDate>10/17/2014 13:39:45</UpdatorDate>
         <DateOfInfo>03/19/2013 09:53:06</DateOfInfo>
         <DateOfInfo>03/22/2013 13:40:28</DateOfInfo>
         <StatusCode>2</StatusCode>
         <VIN>ER54TY65WE98</VIN>
         <VehicleYear>2012</VehicleYear>
         <VehicleMakeCode>MERC</VehicleMakeCode>
         <VehicleValue>1.0E6</VehicleValue>
      </IncidentVehicle>
      <IncidentProperty>
         <RoleCode>2</RoleCode>
         <CreatorId>STATE_OFFICER11</CreatorId>
         <CreatorDate>10/17/2014 13:05:36</CreatorDate>
         <UpdatorId>TSTC</UpdatorId>
         <UpdatorDate>08/10/2017 23:00:44</UpdatorDate>
         <DateOfInfo>10/17/2014 00:00:00</DateOfInfo>
         <StatusCode>2</StatusCode>
         <DocumentTypeCode>P</DocumentTypeCode>
         <PropertyTypeCode>821</PropertyTypeCode>
         <PropertyValue>1</PropertyValue>
         <Value>1</Value>
         <Evidence>N</Evidence>
         <EvidenceFlag>N</EvidenceFlag>
         <Property_ID>1129</Property_ID>
         <Quantity>1</Quantity>
      </IncidentProperty>
   </IncidentSupplement>
</Incident>