<?xml version="1.0" encoding="UTF-8"?>
<Incident xmlns:xsi="http://www.w3.org/2001/XMLSchema-instance"
          xsi:noNamespaceSchemaLocation="file:///C:/DATA/EJS/SVN_Root/Ejustice/trunk/XMLTransformations/OnlineRMSInternalToIncident/IAOnlineRMSIncidentImport.xsd">
   <IncidentReportNum>2015ROOT0210</IncidentReportNum>
   <AgencyCode>D42</AgencyCode>
   <ORINum>SC0280000</ORINum>
   <ReportDate>10/28/2015 14:54:00</ReportDate>
   <ReportTime>10/28/2015 14:54:00</ReportTime>
   <StartDate>10/28/2015 14:54:00</StartDate>
   <StartTime>10/01/2015 14:54:00</StartTime>
   <Summary>adfadf</Summary>
   <CreatorId>STATE_OFFICER11</CreatorId>
   <CreatorDate>10/28/2015 14:54:44</CreatorDate>
   <UpdatorId>TSTC</UpdatorId>
   <UpdatorDate>09/09/2021 18:46:36</UpdatorDate>
   <IncidentType>
      <IncidentTypeCode>CAD</IncidentTypeCode>
   </IncidentType>
   <IncidentAddress>
      <AddressId>132</AddressId>
      <Beat>Test</Beat>
      <SubBeat>Area</SubBeat>
      <City>15</City>
      <CreatorId>STATE_OFFICER11</CreatorId>
      <CreatorDate>10/28/2015 14:55:10</CreatorDate>
      <UpdatorId>TSTC</UpdatorId>
      <UpdatorDate>10/28/2015 14:56:36</UpdatorDate>
      <Address>
         <AddressId>132</AddressId>
         <StreetNumber>208</StreetNumber>
         <StreetName>Education</StreetName>
         <StreetTypeCode>AVE</StreetTypeCode>
         <City>Durham</City>
         <CountryCode>US</CountryCode>
         <Beat>Test</Beat>
         <SubBeat>Area</SubBeat>
         <AddressCommonName>
            <CommonPlaceName>Dead strip</CommonPlaceName>
         </AddressCommonName>
      </Address>
   </IncidentAddress>
   <IncidentSupplement>
      <SupplementSequence>0</SupplementSequence>
      <IncSupplementStatusCode>A</IncSupplementStatusCode>
      <SuppReportDate>10/28/2015 14:54:45</SuppReportDate>
      <SuppReportTime>10/28/2015 14:54:45</SuppReportTime>
      <AgencyOnly>N</AgencyOnly>
      <SecurityLevel>1201</SecurityLevel>
      <SuppAgencyCode>D42</SuppAgencyCode>
      <UnknownNoOffenders>N</UnknownNoOffenders>
      <DsIcrDate>10/28/2015 15:50:24</DsIcrDate>
      <DsIcrSubmissionStatus>SENT WAITING FOR RESPONSE</DsIcrSubmissionStatus>
      <CreatorId>CINDY.DIEBOLD@INTERACT911.COM</CreatorId>
      <CreatorDate>10/28/2015 14:54:45</CreatorDate>
      <UpdatorId>TSTC</UpdatorId>
      <UpdatorDate>08/05/2021 17:38:24</UpdatorDate>
      <IncidentSuppNarrative>
         <NarrativeNumber>1</NarrativeNumber>
         <NarrativeTitle>Original Narrative</NarrativeTitle>
         <NarrativeText>&amp;nbsp;asdfasdfadf</NarrativeText>
         <CreatorId>STATE_OFFICER11</CreatorId>
         <CreatorDate>10/28/2015 14:55:33</CreatorDate>
         <UpdatorId>STATE_OFFICER11</UpdatorId>
         <UpdatorDate>10/28/2015 14:55:33</UpdatorDate>
      </IncidentSuppNarrative>
      <IncidentOfficer>
         <OfficerRoleCode>P</OfficerRoleCode>
         <Officer>
            <AgencyCode>D42</AgencyCode>
            <ORINumber>SC0280000</ORINumber>
            <LastName>Ranz</LastName>
            <FirstName>Greg</FirstName>
            <InternalID>9696</InternalID>
         </Officer>
      </IncidentOfficer>
      <IncidentOfficer>
         <OfficerRoleCode>R</OfficerRoleCode>
         <Officer>
            <AgencyCode>D42</AgencyCode>
            <ORINumber>SC0280000</ORINumber>
            <LastName>Ranz</LastName>
            <FirstName>Greg</FirstName>
            <InternalID>9696</InternalID>
         </Officer>
      </IncidentOfficer>
      <IncidentOffense>
         <IncidentId>2398</IncidentId>
         <OffenseNumber>1</OffenseNumber>
         <OffenseStatusCode>00</OffenseStatusCode>
         <OffenseCode>35-43-2-1  B03</OffenseCode>
         <PlaceCode>45</PlaceCode>
         <BiasCode>43</BiasCode>
         <CSAUCode>A</CSAUCode>
         <SupplementSeq>0</SupplementSeq>
         <UCRNumber>1</UCRNumber>
         <OffenseStatusDate>10/28/2015 14:54:00</OffenseStatusDate>
         <ForcedEntryCode>N</ForcedEntryCode>
         <AttemptedCompletedCode>A</AttemptedCompletedCode>
         <CreatorId>STATE_EVID2</CreatorId>
         <CreatorDate>10/28/2015 14:56:06</CreatorDate>
         <UpdatorId>TSTC</UpdatorId>
         <UpdatorDate>07/13/2017 10:34:32</UpdatorDate>
      </IncidentOffense>
      <IncidentPerson>
         <ApproxAge>35</ApproxAge>
         <CreatorId>STATE_OFFICER11</CreatorId>
         <CreatorDate>10/28/2015 14:56:57</CreatorDate>
         <UpdatorId>TSTC</UpdatorId>
         <UpdatorDate>05/24/2023 12:41:23</UpdatorDate>
         <Person>
            <PersonId>137</PersonId>
            <RaceCode>W</RaceCode>
            <SexCode>M</SexCode>
            <PersonVerified>Y</PersonVerified>
            <PersonPrimaryName>
               <LastName>Joseph</LastName>
               <FirstName>SMITH</FirstName>
               <DOB>11/07/1979 00:00:00</DOB>
               <DateOfInfo>05/15/2012 11:20:42</DateOfInfo>
               <SLastName>J210</SLastName>
               <SFirstName>S530</SFirstName>
            </PersonPrimaryName>
            <Alias>
               <NameTypeCode>P</NameTypeCode>
               <LastName>Joseph</LastName>
               <FirstName>SMITH</FirstName>
               <DOB>11/07/1979 00:00:00</DOB>
               <SLastName>J210</SLastName>
               <SFirstName>S530</SFirstName>
               <DateOfInfo>05/15/2012 11:20:42</DateOfInfo>
            </Alias>
            <PersonAddress>
               <StreetNumber>400</StreetNumber>
               <StreetDirCode>S</StreetDirCode>
               <StreetName>Cottage</StreetName>
               <StreetTypeCode>AVE</StreetTypeCode>
               <StreetSuffixCode>NE</StreetSuffixCode>
               <SubTypeCode>BLDG</SubTypeCode>
               <SubNumber>36</SubNumber>
               <City>Miles City</City>
               <StateCode>MT</StateCode>
               <Zip5>59301</Zip5>
               <Zip4>1231</Zip4>
               <CountryCode>US</CountryCode>
               <Longitude>-105.839552</Longitude>
               <Latitude>46.404496</Latitude>
            </PersonAddress>
         </Person>
         <IncidentPersonRole>
            <RoleType>S</RoleType>
            <CreatorId>STATE_OFFICER11</CreatorId>
            <CreatorDate>10/28/2015 14:56:57</CreatorDate>
            <UpdatorId>TSTC</UpdatorId>
            <UpdatorDate>08/15/2023 20:32:23</UpdatorDate>
         </IncidentPersonRole>
      </IncidentPerson>
      <IncidentPerson>
         <ApproxAge>18</ApproxAge>
         <ResidentStatusCode>R</ResidentStatusCode>
         <CreatorId>STATE_OFFICER11</CreatorId>
         <CreatorDate>10/28/2015 14:57:29</CreatorDate>
         <UpdatorId>TSTC</UpdatorId>
         <UpdatorDate>05/24/2023 12:41:23</UpdatorDate>
         <Person>
            <PersonId>563</PersonId>
            <RaceCode>W</RaceCode>
            <SexCode>M</SexCode>
            <PersonVerified>Y</PersonVerified>
            <PersonPrimaryName>
               <LastName>Hedges</LastName>
               <FirstName>Joe</FirstName>
               <DOB>08/05/1997 00:00:00</DOB>
               <DateOfInfo>06/23/2014 13:26:01</DateOfInfo>
               <SLastName>H322</SLastName>
               <SFirstName>J000</SFirstName>
            </PersonPrimaryName>
            <Alias>
               <NameTypeCode>P</NameTypeCode>
               <LastName>Hedges</LastName>
               <FirstName>Joe</FirstName>
               <DOB>08/05/1997 00:00:00</DOB>
               <SLastName>H322</SLastName>
               <SFirstName>J000</SFirstName>
               <DateOfInfo>06/23/2014 13:26:01</DateOfInfo>
            </Alias>
         </Person>
         <IncidentPersonRole>
            <RoleType>V</RoleType>
            <CreatorId>STATE_OFFICER11</CreatorId>
            <CreatorDate>10/28/2015 14:57:29</CreatorDate>
            <UpdatorId>TSTC</UpdatorId>
            <UpdatorDate>08/15/2023 20:32:23</UpdatorDate>
         </IncidentPersonRole>
      </IncidentPerson>
      <IncidentProperty>
         <RoleCode>1</RoleCode>
         <CreatorId>STATE_OFFICER11</CreatorId>
         <CreatorDate>10/28/2015 14:58:03</CreatorDate>
         <UpdatorId>TSTC</UpdatorId>
         <UpdatorDate>08/10/2017 23:00:49</UpdatorDate>
         <DateOfInfo>10/28/2015 00:00:00</DateOfInfo>
         <StatusCode>1</StatusCode>
         <DocumentTypeCode>P</DocumentTypeCode>
         <PropertyTypeCode>792</PropertyTypeCode>
         <PropertyValue>600</PropertyValue>
         <Value>600</Value>
         <Evidence>N</Evidence>
         <EvidenceFlag>N</EvidenceFlag>
         <Property_ID>1410</Property_ID>
         <Quantity>1</Quantity>
      </IncidentProperty>
   </IncidentSupplement>
</Incident>