<?xml version="1.0" encoding="UTF-8"?>
<Incident xmlns:xsi="http://www.w3.org/2001/XMLSchema-instance"
          xsi:noNamespaceSchemaLocation="file:///C:/DATA/EJS/SVN_Root/Ejustice/trunk/XMLTransformations/OnlineRMSInternalToIncident/IAOnlineRMSIncidentImport.xsd">
   <IncidentReportNum>2017-11-313-000024</IncidentReportNum>
   <AgencyCode>D42</AgencyCode>
   <ORINum>SC0280000</ORINum>
   <ReportDate>11/09/2017 13:24:00</ReportDate>
   <ReportTime>11/09/2017 13:24:00</ReportTime>
   <StartDate>11/09/2017 13:21:00</StartDate>
   <StartTime>11/01/2017 13:21:00</StartTime>
   <CreatorId>TSTC</CreatorId>
   <CreatorDate>11/09/2017 13:25:30</CreatorDate>
   <UpdatorId>TSTC</UpdatorId>
   <UpdatorDate>09/09/2021 18:46:37</UpdatorDate>
   <IncidentType>
      <IncidentTypeCode>CAD</IncidentTypeCode>
   </IncidentType>
   <IncidentAddress>
      <AddressId>1344</AddressId>
      <City>43</City>
      <CreatorId>TSTC</CreatorId>
      <CreatorDate>11/09/2017 13:25:32</CreatorDate>
      <UpdatorId>TSTC</UpdatorId>
      <UpdatorDate>11/09/2017 13:29:12</UpdatorDate>
      <Address>
         <AddressId>1344</AddressId>
         <StreetNumber>500</StreetNumber>
         <StreetDirCode>S</StreetDirCode>
         <StreetName>Pennsylvania</StreetName>
         <StreetTypeCode>ST</StreetTypeCode>
         <City>Greenfield</City>
         <StateCode>IN</StateCode>
         <CountryCode>US</CountryCode>
         <Longitude>-85.77111397118968</Longitude>
         <Latitude>39.780409424586374</Latitude>
      </Address>
   </IncidentAddress>
   <IncidentSupplement>
      <SupplementSequence>0</SupplementSequence>
      <IncSupplementStatusCode>A</IncSupplementStatusCode>
      <SuppReportDate>11/09/2017 13:24:47</SuppReportDate>
      <SuppReportTime>11/09/2017 13:24:47</SuppReportTime>
      <AgencyOnly>N</AgencyOnly>
      <SecurityLevel>1100</SecurityLevel>
      <SuppAgencyCode>D42</SuppAgencyCode>
      <UnknownNoOffenders>N</UnknownNoOffenders>
      <DsIcrDate>11/09/2017 15:54:37</DsIcrDate>
      <DsIcrSubmissionStatus>SENT WAITING FOR RESPONSE</DsIcrSubmissionStatus>
      <CreatorId>TSTC</CreatorId>
      <CreatorDate>11/09/2017 13:25:30</CreatorDate>
      <UpdatorId>TSTC</UpdatorId>
      <UpdatorDate>08/05/2021 17:38:27</UpdatorDate>
      <IncidentSuppNarrative>
         <NarrativeNumber>1</NarrativeNumber>
         <NarrativeTitle>Original Narrative</NarrativeTitle>
         <NarrativeText>&amp;nbsp;test</NarrativeText>
         <CreatorId>STATE_OFFICER11</CreatorId>
         <CreatorDate>11/09/2017 13:35:00</CreatorDate>
         <UpdatorId>STATE_OFFICER11</UpdatorId>
         <UpdatorDate>11/09/2017 13:35:00</UpdatorDate>
      </IncidentSuppNarrative>
      <IncidentOfficer>
         <OfficerRoleCode>P</OfficerRoleCode>
         <Officer>
            <AgencyCode>D42</AgencyCode>
            <ORINumber>SC0280000</ORINumber>
            <LastName>Ranz</LastName>
            <FirstName>Greg</FirstName>
            <InternalID>9696</InternalID>
         </Officer>
      </IncidentOfficer>
      <IncidentOfficer>
         <OfficerRoleCode>R</OfficerRoleCode>
         <Officer>
            <AgencyCode>D42</AgencyCode>
            <ORINumber>SC0280000</ORINumber>
            <LastName>Ranz</LastName>
            <FirstName>Greg</FirstName>
            <InternalID>9696</InternalID>
         </Officer>
      </IncidentOfficer>
      <IncidentOffense>
         <IncidentId>3005</IncidentId>
         <OffenseNumber>1</OffenseNumber>
         <OffenseStatusCode>05</OffenseStatusCode>
         <OffenseCode>35-42-2-1  B08</OffenseCode>
         <PlaceCode>08</PlaceCode>
         <BiasCode>41</BiasCode>
         <CSAUCode>C</CSAUCode>
         <SupplementSeq>0</SupplementSeq>
         <UCRNumber>1</UCRNumber>
         <OffenseStatusDate>11/09/2017 13:21:00</OffenseStatusDate>
         <AttemptedCompletedCode>C</AttemptedCompletedCode>
         <CreatorId>STATE_OFFICER11</CreatorId>
         <CreatorDate>11/09/2017 13:29:41</CreatorDate>
         <UpdatorId>STATE_OFFICER11</UpdatorId>
         <UpdatorDate>11/09/2017 13:29:41</UpdatorDate>
      </IncidentOffense>
      <IncidentPerson>
         <ApproxAge>47</ApproxAge>
         <CreatorId>STATE_OFFICER11</CreatorId>
         <CreatorDate>11/09/2017 13:32:03</CreatorDate>
         <UpdatorId>TSTC</UpdatorId>
         <UpdatorDate>05/24/2023 12:41:24</UpdatorDate>
         <Person>
            <PersonId>932</PersonId>
            <RaceCode>U</RaceCode>
            <SexCode>M</SexCode>
            <EthnicityCode>U</EthnicityCode>
            <PersonVerified>Y</PersonVerified>
            <PersonPrimaryName>
               <LastName>Hulk</LastName>
               <FirstName>Incredible</FirstName>
               <MiddleName>Marvel</MiddleName>
               <DOB>11/01/1970 00:00:00</DOB>
               <SSN>8.88888888E8</SSN>
               <DateOfInfo>11/09/2017 13:31:32</DateOfInfo>
               <SLastName>H420</SLastName>
               <SFirstName>I526</SFirstName>
            </PersonPrimaryName>
            <Alias>
               <NameTypeCode>P</NameTypeCode>
               <LastName>Hulk</LastName>
               <FirstName>Incredible</FirstName>
               <MiddleName>Marvel</MiddleName>
               <DOB>11/01/1970 00:00:00</DOB>
               <SSN>8.88888888E8</SSN>
               <SLastName>H420</SLastName>
               <SFirstName>I526</SFirstName>
               <DateOfInfo>11/09/2017 13:31:32</DateOfInfo>
            </Alias>
            <PersonAddress>
               <StreetNumber>200</StreetNumber>
               <StreetDirCode>W</StreetDirCode>
               <StreetName>Ash</StreetName>
               <StreetTypeCode>ST</StreetTypeCode>
               <City>Lebanon</City>
               <StateCode>IN</StateCode>
               <Zip5>46052</Zip5>
               <CountryCode>US</CountryCode>
               <CountyCode>33</CountyCode>
               <Beat>104</Beat>
               <SubBeat>West Patrol</SubBeat>
            </PersonAddress>
            <PersonPhone>
               <PhoneTypeCode>RES</PhoneTypeCode>
               <PhoneArea>222</PhoneArea>
               <PhonePrefix>222</PhonePrefix>
               <PhoneSuffix>2222</PhoneSuffix>
               <DateOfInfo>11/09/2017 00:00:00</DateOfInfo>
            </PersonPhone>
            <PersonPhone>
               <PhoneTypeCode>CEL</PhoneTypeCode>
               <PhoneArea>333</PhoneArea>
               <PhonePrefix>333</PhonePrefix>
               <PhoneSuffix>3333</PhoneSuffix>
               <DateOfInfo>11/09/2017 00:00:00</DateOfInfo>
            </PersonPhone>
         </Person>
         <IncidentPersonRole>
            <RoleType>S</RoleType>
            <CreatorId>STATE_OFFICER11</CreatorId>
            <CreatorDate>11/09/2017 13:32:04</CreatorDate>
            <UpdatorId>TSTC</UpdatorId>
            <UpdatorDate>08/15/2023 20:32:22</UpdatorDate>
         </IncidentPersonRole>
      </IncidentPerson>
      <IncidentPerson>
         <ApproxAge>49</ApproxAge>
         <ResidentStatusCode>R</ResidentStatusCode>
         <CreatorId>STATE_OFFICER11</CreatorId>
         <CreatorDate>11/09/2017 13:33:07</CreatorDate>
         <UpdatorId>TSTC</UpdatorId>
         <UpdatorDate>05/24/2023 12:41:22</UpdatorDate>
         <Person>
            <PersonId>868</PersonId>
            <RaceCode>B</RaceCode>
            <SexCode>M</SexCode>
            <PersonVerified>Y</PersonVerified>
            <PersonPrimaryName>
               <LastName>Jones</LastName>
               <FirstName>Greg</FirstName>
               <MiddleName>Bobby</MiddleName>
               <DOB>11/01/1968 00:00:00</DOB>
               <DateOfInfo>05/15/2017 12:14:32</DateOfInfo>
               <SLastName>J520</SLastName>
               <SFirstName>G620</SFirstName>
            </PersonPrimaryName>
            <Alias>
               <NameTypeCode>P</NameTypeCode>
               <LastName>Jones</LastName>
               <FirstName>Greg</FirstName>
               <MiddleName>Bobby</MiddleName>
               <DOB>11/01/1968 00:00:00</DOB>
               <SLastName>J520</SLastName>
               <SFirstName>G620</SFirstName>
               <DateOfInfo>05/15/2017 12:14:32</DateOfInfo>
            </Alias>
         </Person>
         <IncidentPersonRole>
            <RoleType>V</RoleType>
            <CreatorId>STATE_OFFICER11</CreatorId>
            <CreatorDate>11/09/2017 13:33:07</CreatorDate>
            <UpdatorId>TSTC</UpdatorId>
            <UpdatorDate>08/15/2023 20:32:23</UpdatorDate>
         </IncidentPersonRole>
      </IncidentPerson>
   </IncidentSupplement>
   <IncidentSupplement>
      <SupplementSequence>1</SupplementSequence>
      <IncSupplementStatusCode>A</IncSupplementStatusCode>
      <SuppReportDate>11/09/2017 13:37:59</SuppReportDate>
      <SuppReportTime>11/09/2017 13:37:59</SuppReportTime>
      <AgencyOnly>N</AgencyOnly>
      <SecurityLevel>1201</SecurityLevel>
      <SuppAgencyCode>D42</SuppAgencyCode>
      <UnknownNoOffenders>N</UnknownNoOffenders>
      <DsIcrDate>11/09/2017 15:54:37</DsIcrDate>
      <DsIcrSubmissionStatus>SENT WAITING FOR RESPONSE</DsIcrSubmissionStatus>
      <CreatorId>STATE_OFFICER11</CreatorId>
      <CreatorDate>11/09/2017 13:37:59</CreatorDate>
      <UpdatorId>TSTC</UpdatorId>
      <UpdatorDate>08/05/2021 17:38:28</UpdatorDate>
      <IncidentSuppNarrative>
         <NarrativeNumber>1</NarrativeNumber>
         <NarrativeTitle>Supplement#1 - Narrative</NarrativeTitle>
         <NarrativeText>&amp;nbsp;test</NarrativeText>
         <CreatorId>STATE_OFFICER11</CreatorId>
         <CreatorDate>11/09/2017 13:40:02</CreatorDate>
         <UpdatorId>STATE_OFFICER11</UpdatorId>
         <UpdatorDate>11/09/2017 13:40:02</UpdatorDate>
      </IncidentSuppNarrative>
      <IncidentOfficer>
         <OfficerRoleCode>P</OfficerRoleCode>
         <Officer>
            <AgencyCode>D42</AgencyCode>
            <ORINumber>SC0280000</ORINumber>
            <LastName>Ranz</LastName>
            <FirstName>Greg</FirstName>
            <InternalID>9696</InternalID>
         </Officer>
      </IncidentOfficer>
      <IncidentOfficer>
         <OfficerRoleCode>R</OfficerRoleCode>
         <Officer>
            <AgencyCode>D42</AgencyCode>
            <ORINumber>SC0280000</ORINumber>
            <LastName>Ranz</LastName>
            <FirstName>Greg</FirstName>
            <InternalID>9696</InternalID>
         </Officer>
      </IncidentOfficer>
      <IncidentOffense>
         <IncidentId>3005</IncidentId>
         <OffenseNumber>2</OffenseNumber>
         <OffenseStatusCode>05</OffenseStatusCode>
         <OffenseCode>35-43-2-1  B06</OffenseCode>
         <PlaceCode>08</PlaceCode>
         <BiasCode>41</BiasCode>
         <CSAUCode>C</CSAUCode>
         <SupplementSeq>1</SupplementSeq>
         <UCRNumber>2</UCRNumber>
         <OffenseStatusDate>11/09/2017 13:21:00</OffenseStatusDate>
         <ForcedEntryCode>F</ForcedEntryCode>
         <AttemptedCompletedCode>C</AttemptedCompletedCode>
         <CreatorId>STATE_OFFICER11</CreatorId>
         <CreatorDate>11/09/2017 13:39:25</CreatorDate>
         <UpdatorId>STATE_OFFICER11</UpdatorId>
         <UpdatorDate>11/09/2017 13:39:25</UpdatorDate>
      </IncidentOffense>
      <IncidentPerson>
         <ApproxAge>06</ApproxAge>
         <ClearMultiArrestCode>N</ClearMultiArrestCode>
         <CreatorId>STATE_OFFICER11</CreatorId>
         <CreatorDate>11/09/2017 15:48:10</CreatorDate>
         <UpdatorId>TSTC</UpdatorId>
         <UpdatorDate>05/24/2023 12:41:21</UpdatorDate>
         <Person>
            <PersonId>173</PersonId>
            <RaceCode>W</RaceCode>
            <SexCode>M</SexCode>
            <PersonVerified>Y</PersonVerified>
            <PersonPrimaryName>
               <LastName>ALEXANDERRRRR</LastName>
               <FirstName>KAREN</FirstName>
               <MiddleName>A</MiddleName>
               <DOB>08/01/2011 00:00:00</DOB>
               <SSN>1.23456789E8</SSN>
               <DateOfInfo>06/06/2012 13:56:20</DateOfInfo>
               <SLastName>A425</SLastName>
               <SFirstName>K650</SFirstName>
            </PersonPrimaryName>
            <Alias>
               <NameTypeCode>P</NameTypeCode>
               <LastName>ALEXANDERRRRR</LastName>
               <FirstName>KAREN</FirstName>
               <MiddleName>A</MiddleName>
               <DOB>08/01/2011 00:00:00</DOB>
               <SSN>1.23456789E8</SSN>
               <SLastName>A425</SLastName>
               <SFirstName>K650</SFirstName>
               <DateOfInfo>06/06/2012 13:56:20</DateOfInfo>
            </Alias>
            <PersonAddress>
               <StreetNumber>123</StreetNumber>
               <StreetName>Main</StreetName>
               <StreetTypeCode>ST</StreetTypeCode>
               <City>Bloomington</City>
               <StateCode>NY</StateCode>
               <Zip5>12411</Zip5>
               <CountryCode>US</CountryCode>
            </PersonAddress>
            <PersonPhone>
               <PhoneTypeCode>CEL</PhoneTypeCode>
               <PhoneArea>217</PhoneArea>
               <PhonePrefix>654</PhonePrefix>
               <PhoneSuffix>1248</PhoneSuffix>
               <DateOfInfo>07/08/2013 00:00:00</DateOfInfo>
            </PersonPhone>
         </Person>
         <IncidentPersonRole>
            <RoleType>A</RoleType>
            <CreatorId>STATE_OFFICER11</CreatorId>
            <CreatorDate>11/09/2017 15:48:10</CreatorDate>
            <UpdatorId>TSTC</UpdatorId>
            <UpdatorDate>08/15/2023 20:32:23</UpdatorDate>
         </IncidentPersonRole>
         <IncidentPersonRole>
            <RoleType>S</RoleType>
            <CreatorId>STATE_OFFICER11</CreatorId>
            <CreatorDate>11/09/2017 15:48:10</CreatorDate>
            <UpdatorId>TSTC</UpdatorId>
            <UpdatorDate>08/15/2023 20:32:23</UpdatorDate>
         </IncidentPersonRole>
      </IncidentPerson>
      <IncidentPerson>
         <ApproxAge>28</ApproxAge>
         <ResidentStatusCode>R</ResidentStatusCode>
         <CreatorId>STATE_OFFICER11</CreatorId>
         <CreatorDate>11/09/2017 15:48:58</CreatorDate>
         <UpdatorId>TSTC</UpdatorId>
         <UpdatorDate>05/24/2023 12:41:21</UpdatorDate>
         <Person>
            <PersonId>833</PersonId>
            <RaceCode>W</RaceCode>
            <SexCode>M</SexCode>
            <PersonVerified>Y</PersonVerified>
            <PersonPrimaryName>
               <LastName>ALLEN</LastName>
               <FirstName>DONALD</FirstName>
               <DOB>10/24/1989 00:00:00</DOB>
               <DateOfInfo>06/17/2016 23:14:56</DateOfInfo>
               <SLastName>A450</SLastName>
               <SFirstName>D543</SFirstName>
            </PersonPrimaryName>
            <Alias>
               <NameTypeCode>P</NameTypeCode>
               <LastName>ALLEN</LastName>
               <FirstName>DONALD</FirstName>
               <DOB>10/24/1989 00:00:00</DOB>
               <SLastName>A450</SLastName>
               <SFirstName>D543</SFirstName>
               <DateOfInfo>06/17/2016 23:14:56</DateOfInfo>
            </Alias>
            <PersonAddress>
               <StreetNumber>126</StreetNumber>
               <StreetDirCode>N</StreetDirCode>
               <StreetName>750</StreetName>
               <StreetSuffixCode>W</StreetSuffixCode>
               <StateCode>IN</StateCode>
               <CountryCode>US</CountryCode>
               <Longitude>-85.39604</Longitude>
               <Latitude>39.07748</Latitude>
               <Beat>D2</Beat>
               <SubBeat>Sub D2</SubBeat>
            </PersonAddress>
            <PersonAddress>
               <StreetNumber>300</StreetNumber>
               <StreetDirCode>E</StreetDirCode>
               <StreetName>200</StreetName>
               <StreetSuffixCode>E</StreetSuffixCode>
               <SubTypeCode>APT</SubTypeCode>
               <City>Lebanon</City>
               <StateCode>IN</StateCode>
               <Zip5>46052</Zip5>
               <CountryCode>US</CountryCode>
               <CountyCode>NaN</CountyCode>
               <Longitude>-86.36852515301796</Longitude>
               <Latitude>39.73382972861548</Latitude>
               <Beat>Test</Beat>
               <SubBeat>Area</SubBeat>
            </PersonAddress>
            <PersonPhone>
               <PhoneTypeCode>BUS</PhoneTypeCode>
               <PhoneArea>111</PhoneArea>
               <PhonePrefix>111</PhonePrefix>
               <PhoneSuffix>1111</PhoneSuffix>
               <DateOfInfo>09/07/2017 00:00:00</DateOfInfo>
            </PersonPhone>
            <PersonPhone>
               <PhoneTypeCode>CEL</PhoneTypeCode>
               <PhoneArea>222</PhoneArea>
               <PhonePrefix>222</PhonePrefix>
               <PhoneSuffix>2222</PhoneSuffix>
               <DateOfInfo>09/07/2017 00:00:00</DateOfInfo>
            </PersonPhone>
            <PersonPhone>
               <PhoneTypeCode>RES</PhoneTypeCode>
               <PhoneArea>333</PhoneArea>
               <PhonePrefix>333</PhonePrefix>
               <PhoneSuffix>3333</PhoneSuffix>
               <DateOfInfo>09/07/2017 00:00:00</DateOfInfo>
            </PersonPhone>
            <PersonPhone>
               <PhoneTypeCode>BUS</PhoneTypeCode>
               <PhoneArea>444</PhoneArea>
               <PhonePrefix>444</PhonePrefix>
               <PhoneSuffix>4444</PhoneSuffix>
               <DateOfInfo>09/01/2017 00:00:00</DateOfInfo>
            </PersonPhone>
            <PersonPhone>
               <PhoneTypeCode>CEL</PhoneTypeCode>
               <PhoneArea>555</PhoneArea>
               <PhonePrefix>555</PhonePrefix>
               <PhoneSuffix>5555</PhoneSuffix>
               <DateOfInfo>09/01/2017 00:00:00</DateOfInfo>
            </PersonPhone>
            <PersonPhone>
               <PhoneTypeCode>RES</PhoneTypeCode>
               <PhoneArea>666</PhoneArea>
               <PhonePrefix>666</PhonePrefix>
               <PhoneSuffix>6666</PhoneSuffix>
               <DateOfInfo>09/01/2017 00:00:00</DateOfInfo>
            </PersonPhone>
         </Person>
         <IncidentPersonRole>
            <RoleType>V</RoleType>
            <CreatorId>STATE_OFFICER11</CreatorId>
            <CreatorDate>11/09/2017 15:48:58</CreatorDate>
            <UpdatorId>TSTC</UpdatorId>
            <UpdatorDate>08/15/2023 20:32:23</UpdatorDate>
         </IncidentPersonRole>
      </IncidentPerson>
      <IncidentPerson>
         <ApproxAge>48</ApproxAge>
         <ResidentStatusCode>R</ResidentStatusCode>
         <CreatorId>STATE_OFFICER11</CreatorId>
         <CreatorDate>11/09/2017 15:54:24</CreatorDate>
         <UpdatorId>TSTC</UpdatorId>
         <UpdatorDate>05/24/2023 12:41:21</UpdatorDate>
         <Person>
            <PersonId>901</PersonId>
            <RaceCode>W</RaceCode>
            <SexCode>M</SexCode>
            <EthnicityCode>U</EthnicityCode>
            <PersonVerified>Y</PersonVerified>
            <PersonPrimaryName>
               <LastName>ALLEN</LastName>
               <FirstName>BOB</FirstName>
               <DateOfInfo>06/16/2017 09:07:52</DateOfInfo>
               <SLastName>A450</SLastName>
               <SFirstName>B100</SFirstName>
            </PersonPrimaryName>
            <PersonPrimaryName>
               <LastName>Allen</LastName>
               <FirstName>bobby</FirstName>
               <DateOfInfo>12/10/2018 00:00:00</DateOfInfo>
               <SLastName>A450</SLastName>
               <SFirstName>B100</SFirstName>
            </PersonPrimaryName>
            <Alias>
               <NameTypeCode>A</NameTypeCode>
               <LastName>ALLEN</LastName>
               <FirstName>BOB</FirstName>
               <SLastName>A450</SLastName>
               <SFirstName>B100</SFirstName>
               <DateOfInfo>06/16/2017 09:07:52</DateOfInfo>
            </Alias>
            <Alias>
               <NameTypeCode>P</NameTypeCode>
               <LastName>Allen</LastName>
               <FirstName>bobby</FirstName>
               <SLastName>A450</SLastName>
               <SFirstName>B100</SFirstName>
               <DateOfInfo>12/10/2018 00:00:00</DateOfInfo>
            </Alias>
            <PersonAddress>
               <StreetNumber>2924</StreetNumber>
               <StreetDirCode>E</StreetDirCode>
               <StreetName>1250</StreetName>
               <StreetSuffixCode>S</StreetSuffixCode>
               <SubTypeCode>BLDG</SubTypeCode>
               <SubNumber>99</SubNumber>
               <City>Battle Ground</City>
               <StateCode>IN</StateCode>
               <Zip5>47920</Zip5>
               <CountryCode>US</CountryCode>
               <CountyCode>NaN</CountyCode>
               <Longitude>-86.813061</Longitude>
               <Latitude>40.569043</Latitude>
            </PersonAddress>
         </Person>
         <IncidentPersonRole>
            <RoleType>V</RoleType>
            <CreatorId>STATE_OFFICER11</CreatorId>
            <CreatorDate>11/09/2017 15:54:24</CreatorDate>
            <UpdatorId>TSTC</UpdatorId>
            <UpdatorDate>08/15/2023 20:32:23</UpdatorDate>
         </IncidentPersonRole>
      </IncidentPerson>
      <IncidentBusiness>
         <BusinessNumber>240000067</BusinessNumber>
         <BusinessName>All Blacks Rugby</BusinessName>
         <IncBusinessRoleCode>C</IncBusinessRoleCode>
         <CreatorId>STATE_OFFICER11</CreatorId>
         <CreatorDate>11/09/2017 13:42:28</CreatorDate>
         <UpdatorId>STATE_OFFICER11</UpdatorId>
         <UpdatorDate>11/09/2017 13:42:28</UpdatorDate>
         <BusinessAddress>
            <AddressId>531</AddressId>
            <StreetNumber>1000</StreetNumber>
            <StreetName>Pearl</StreetName>
            <StreetTypeCode>ST</StreetTypeCode>
            <City>Miles City</City>
            <StateCode>MT</StateCode>
            <Zip5>59301</Zip5>
            <CountryCode>US</CountryCode>
            <Longitude>-105.843402</Longitude>
            <Latitude>46.405329</Latitude>
            <Beat>Test</Beat>
            <SubBeat>Area</SubBeat>
            <AddressCommonName>
               <CommonPlaceName>Dead strip</CommonPlaceName>
            </AddressCommonName>
            <BusinessPhone>
               <PhoneTypeCode>BUS</PhoneTypeCode>
               <PhoneArea>406</PhoneArea>
               <PhonePrefix>789</PhonePrefix>
               <PhoneSuffix>8954</PhoneSuffix>
               <DateOfInfo>11/20/2015 00:00:00</DateOfInfo>
            </BusinessPhone>
         </BusinessAddress>
         <BusinessAddress>
            <AddressId>1172</AddressId>
            <StreetNumber>2924</StreetNumber>
            <StreetDirCode>E</StreetDirCode>
            <StreetName>1250</StreetName>
            <StreetSuffixCode>S</StreetSuffixCode>
            <SubTypeCode>BLDG</SubTypeCode>
            <SubNumber>99</SubNumber>
            <City>Battle Ground</City>
            <StateCode>IN</StateCode>
            <Zip5>47920</Zip5>
            <CountryCode>US</CountryCode>
            <CountyCode>NaN</CountyCode>
            <Longitude>-86.813061</Longitude>
            <Latitude>40.569043</Latitude>
            <AddressCommonName>
               <CommonPlaceName>Dead strip</CommonPlaceName>
            </AddressCommonName>
            <AddressCommonName>
               <CommonPlaceName>ANG TEST</CommonPlaceName>
            </AddressCommonName>
            <AddressCommonName>
               <CommonPlaceName>District 42 test</CommonPlaceName>
            </AddressCommonName>
         </BusinessAddress>
      </IncidentBusiness>
      <IncidentVehicle>
         <VEHICLE_ID>40</VEHICLE_ID>
         <RoleCode>VI</RoleCode>
         <CreatorId>STATE_OFFICER11</CreatorId>
         <CreatorDate>11/09/2017 14:22:39</CreatorDate>
         <UpdatorId>STATE_OFFICER11</UpdatorId>
         <UpdatorDate>11/09/2017 14:22:39</UpdatorDate>
         <DateOfInfo>08/09/2017 10:58:23</DateOfInfo>
         <StatusCode>7</StatusCode>
         <VIN>SAFG651AS32165ETR651</VIN>
         <VehicleYear>1999</VehicleYear>
         <VehicleMakeCode>CHEV</VehicleMakeCode>
         <VehicleModelCode>MOC</VehicleModelCode>
         <VehicleValue>20000</VehicleValue>
      </IncidentVehicle>
      <IncidentProperty>
         <RoleCode>7</RoleCode>
         <CreatorId>STATE_OFFICER11</CreatorId>
         <CreatorDate>11/09/2017 13:38:28</CreatorDate>
         <UpdatorId>STATE_OFFICER11</UpdatorId>
         <UpdatorDate>11/09/2017 14:12:42</UpdatorDate>
         <DateOfInfo>11/09/2017 00:00:00</DateOfInfo>
         <StatusCode>7</StatusCode>
         <DocumentTypeCode>P</DocumentTypeCode>
         <PropertyTypeCode>793</PropertyTypeCode>
         <PropertyValue>200</PropertyValue>
         <Value>200</Value>
         <Evidence>N</Evidence>
         <EvidenceFlag>N</EvidenceFlag>
         <Property_ID>1756</Property_ID>
         <Quantity>1</Quantity>
      </IncidentProperty>
   </IncidentSupplement>
</Incident>