<?xml version="1.0" encoding="UTF-8"?>
<Incident xmlns:xsi="http://www.w3.org/2001/XMLSchema-instance"
          xsi:noNamespaceSchemaLocation="file:///C:/DATA/EJS/SVN_Root/Ejustice/trunk/XMLTransformations/OnlineRMSInternalToIncident/IAOnlineRMSIncidentImport.xsd">
   <IncidentReportNum>2017D4210075</IncidentReportNum>
   <AgencyCode>D42</AgencyCode>
   <ORINum>SC0280000</ORINum>
   <ReportDate>05/11/2017 12:35:00</ReportDate>
   <ReportTime>05/11/2017 12:35:00</ReportTime>
   <StartDate>05/11/2017 12:35:00</StartDate>
   <StartTime>05/01/2017 12:35:00</StartTime>
   <Summary>review test</Summary>
   <CreatorId>OFFICER_DMM</CreatorId>
   <CreatorDate>05/11/2017 12:35:39</CreatorDate>
   <UpdatorId>TSTC</UpdatorId>
   <UpdatorDate>09/09/2021 18:46:37</UpdatorDate>
   <IncidentType>
      <IncidentTypeCode>CAD</IncidentTypeCode>
   </IncidentType>
   <IncidentAddress>
      <AddressId>509</AddressId>
      <Beat>Test</Beat>
      <SubBeat>Area</SubBeat>
      <City>20</City>
      <CreatorId>STATE_OSUPER6</CreatorId>
      <CreatorDate>05/11/2017 12:36:10</CreatorDate>
      <UpdatorId>TSTC</UpdatorId>
      <UpdatorDate>07/12/2017 13:33:47</UpdatorDate>
      <Address>
         <AddressId>509</AddressId>
         <StreetNumber>700</StreetNumber>
         <StreetName>Front st.</StreetName>
         <City>Littleton</City>
         <StateCode>CO</StateCode>
         <Zip5>80130</Zip5>
         <CountryCode>US</CountryCode>
         <Beat>Test</Beat>
         <SubBeat>Area</SubBeat>
         <AddressCommonName>
            <CommonPlaceName>Dead strip</CommonPlaceName>
         </AddressCommonName>
      </Address>
   </IncidentAddress>
   <IncidentSupplement>
      <SupplementSequence>0</SupplementSequence>
      <IncSupplementStatusCode>A</IncSupplementStatusCode>
      <SuppReportDate>05/11/2017 12:35:40</SuppReportDate>
      <SuppReportTime>05/11/2017 12:35:40</SuppReportTime>
      <AgencyOnly>N</AgencyOnly>
      <SecurityLevel>400</SecurityLevel>
      <SuppAgencyCode>D42</SuppAgencyCode>
      <UnknownNoOffenders>N</UnknownNoOffenders>
      <DsIcrDate>07/24/2017 10:20:43</DsIcrDate>
      <DsIcrSubmissionStatus>NOT REPORTABLE</DsIcrSubmissionStatus>
      <CreatorId>OFFICER_DMM</CreatorId>
      <CreatorDate>05/11/2017 12:35:40</CreatorDate>
      <UpdatorId>TSTC</UpdatorId>
      <UpdatorDate>08/05/2021 17:38:27</UpdatorDate>
      <IncidentSuppNarrative>
         <NarrativeNumber>1</NarrativeNumber>
         <NarrativeTitle>Original Narrative</NarrativeTitle>
         <NarrativeText>&amp;nbsp;jasdflkj;lkjsaf;lkj asdlkmj lkjwp</NarrativeText>
         <CreatorId>OFFICER_DMM</CreatorId>
         <CreatorDate>05/11/2017 12:37:55</CreatorDate>
         <UpdatorId>OFFICER_DMM</UpdatorId>
         <UpdatorDate>05/11/2017 12:37:55</UpdatorDate>
      </IncidentSuppNarrative>
      <IncidentOfficer>
         <OfficerRoleCode>P</OfficerRoleCode>
         <Officer>
            <AgencyCode>D42</AgencyCode>
            <ORINumber>SC0280000</ORINumber>
            <LastName>Ranz</LastName>
            <FirstName>Greg</FirstName>
            <InternalID>9696</InternalID>
         </Officer>
      </IncidentOfficer>
      <IncidentOfficer>
         <OfficerRoleCode>R</OfficerRoleCode>
         <Officer>
            <AgencyCode>D42</AgencyCode>
            <ORINumber>SC0280000</ORINumber>
            <LastName>McMillan</LastName>
            <FirstName>Dana</FirstName>
            <InternalID>DMM12345</InternalID>
         </Officer>
      </IncidentOfficer>
      <IncidentOffense>
         <IncidentId>2661</IncidentId>
         <OffenseNumber>1</OffenseNumber>
         <OffenseStatusCode>00</OffenseStatusCode>
         <OffenseCode>35-43-2-2  C01</OffenseCode>
         <PlaceCode>45</PlaceCode>
         <BiasCode>28</BiasCode>
         <CSAUCode>A</CSAUCode>
         <SupplementSeq>0</SupplementSeq>
         <UCRNumber>1</UCRNumber>
         <OffenseStatusDate>05/11/2017 12:35:00</OffenseStatusDate>
         <AttemptedCompletedCode>A</AttemptedCompletedCode>
         <ArrestChargeCode>35-43-2-2  C01</ArrestChargeCode>
         <CreatorId>OFFICER_DMM</CreatorId>
         <CreatorDate>05/11/2017 12:36:54</CreatorDate>
         <UpdatorId>OFFICER_DMM</UpdatorId>
         <UpdatorDate>05/11/2017 12:36:54</UpdatorDate>
      </IncidentOffense>
      <IncidentPerson>
         <ApproxAge>00</ApproxAge>
         <CreatorId>OFFICER_DMM</CreatorId>
         <CreatorDate>05/11/2017 12:37:23</CreatorDate>
         <UpdatorId>TSTC</UpdatorId>
         <UpdatorDate>05/24/2023 12:41:23</UpdatorDate>
         <Person>
            <PersonId>820</PersonId>
            <RaceCode>A</RaceCode>
            <SexCode>M</SexCode>
            <PersonVerified>Y</PersonVerified>
            <PersonPrimaryName>
               <LastName>Name</LastName>
               <FirstName>Noone</FirstName>
               <DateOfInfo>04/20/2016 10:55:51</DateOfInfo>
               <SLastName>N500</SLastName>
               <SFirstName>N500</SFirstName>
            </PersonPrimaryName>
            <Alias>
               <NameTypeCode>P</NameTypeCode>
               <LastName>Name</LastName>
               <FirstName>Noone</FirstName>
               <SLastName>N500</SLastName>
               <SFirstName>N500</SFirstName>
               <DateOfInfo>04/20/2016 10:55:51</DateOfInfo>
            </Alias>
         </Person>
         <IncidentPersonRole>
            <RoleType>S</RoleType>
            <CreatorId>OFFICER_DMM</CreatorId>
            <CreatorDate>05/11/2017 12:37:24</CreatorDate>
            <UpdatorId>TSTC</UpdatorId>
            <UpdatorDate>08/15/2023 20:32:23</UpdatorDate>
         </IncidentPersonRole>
      </IncidentPerson>
      <IncidentBusiness>
         <BusinessNumber>240000001</BusinessNumber>
         <BusinessName>SOCIETY</BusinessName>
         <IncBusinessRoleCode>V</IncBusinessRoleCode>
         <CreatorId>OFFICER_DMM</CreatorId>
         <CreatorDate>05/11/2017 12:36:55</CreatorDate>
         <UpdatorId>OFFICER_DMM</UpdatorId>
         <UpdatorDate>05/11/2017 12:36:55</UpdatorDate>
      </IncidentBusiness>
   </IncidentSupplement>
</Incident>