<?xml version="1.0" encoding="UTF-8"?>
<Incident xmlns:xsi="http://www.w3.org/2001/XMLSchema-instance"
          xsi:noNamespaceSchemaLocation="file:///C:/DATA/EJS/SVN_Root/Ejustice/trunk/XMLTransformations/OnlineRMSInternalToIncident/IAOnlineRMSIncidentImport.xsd">
   <IncidentReportNum>2017D4210090</IncidentReportNum>
   <AgencyCode>D42</AgencyCode>
   <ORINum>SC0280000</ORINum>
   <ReportDate>06/28/2017 12:52:00</ReportDate>
   <ReportTime>06/28/2017 12:52:00</ReportTime>
   <StartDate>06/28/2017 12:52:00</StartDate>
   <StartTime>06/01/2017 12:52:00</StartTime>
   <Summary>asdf</Summary>
   <CreatorId>STATE_OFFICER11</CreatorId>
   <CreatorDate>06/28/2017 12:52:52</CreatorDate>
   <UpdatorId>TSTC</UpdatorId>
   <UpdatorDate>09/09/2021 18:46:38</UpdatorDate>
   <IncidentType>
      <IncidentTypeCode>CAB</IncidentTypeCode>
   </IncidentType>
   <IncidentAddress>
      <AddressId>230</AddressId>
      <Beat>Test</Beat>
      <SubBeat>Area</SubBeat>
      <City>6</City>
      <CreatorId>STATE_OFFICER11</CreatorId>
      <CreatorDate>06/28/2017 12:53:07</CreatorDate>
      <UpdatorId>TSTC</UpdatorId>
      <UpdatorDate>06/28/2017 12:55:07</UpdatorDate>
      <Address>
         <AddressId>230</AddressId>
         <StreetNumber>4637</StreetNumber>
         <StreetName>HILTON</StreetName>
         <StreetTypeCode>AVE</StreetTypeCode>
         <SubTypeCode>APT</SubTypeCode>
         <SubNumber>K</SubNumber>
         <City>COLUMBUS</City>
         <StateCode>OH</StateCode>
         <Zip5>43228</Zip5>
         <Beat>Test</Beat>
         <SubBeat>Area</SubBeat>
         <AddressCommonName>
            <CommonPlaceName>Dead strip</CommonPlaceName>
         </AddressCommonName>
      </Address>
   </IncidentAddress>
   <IncidentSupplement>
      <SupplementSequence>0</SupplementSequence>
      <IncSupplementStatusCode>A</IncSupplementStatusCode>
      <SuppReportDate>06/28/2017 12:52:52</SuppReportDate>
      <SuppReportTime>06/28/2017 12:52:52</SuppReportTime>
      <AgencyOnly>N</AgencyOnly>
      <SecurityLevel>1201</SecurityLevel>
      <SuppAgencyCode>D42</SuppAgencyCode>
      <UnknownNoOffenders>N</UnknownNoOffenders>
      <DsIcrDate>07/13/2017 12:40:52</DsIcrDate>
      <DsIcrSubmissionStatus>SENT WAITING FOR RESPONSE</DsIcrSubmissionStatus>
      <CreatorId>STATE_OFFICER11</CreatorId>
      <CreatorDate>06/28/2017 12:52:52</CreatorDate>
      <UpdatorId>TSTC</UpdatorId>
      <UpdatorDate>08/05/2021 17:38:27</UpdatorDate>
      <IncidentSuppNarrative>
         <NarrativeNumber>1</NarrativeNumber>
         <NarrativeTitle>Original Narrative</NarrativeTitle>
         <NarrativeText>asdfasdf</NarrativeText>
         <CreatorId>STATE_OFFICER11</CreatorId>
         <CreatorDate>06/28/2017 12:53:19</CreatorDate>
         <UpdatorId>STATE_OFFICER11</UpdatorId>
         <UpdatorDate>06/28/2017 12:53:19</UpdatorDate>
      </IncidentSuppNarrative>
      <IncidentOfficer>
         <OfficerRoleCode>P</OfficerRoleCode>
         <Officer>
            <AgencyCode>D42</AgencyCode>
            <ORINumber>SC0280000</ORINumber>
            <LastName>Ranz</LastName>
            <FirstName>Greg</FirstName>
            <InternalID>9696</InternalID>
         </Officer>
      </IncidentOfficer>
      <IncidentOfficer>
         <OfficerRoleCode>R</OfficerRoleCode>
         <Officer>
            <AgencyCode>D42</AgencyCode>
            <ORINumber>SC0280000</ORINumber>
            <LastName>Ranz</LastName>
            <FirstName>Greg</FirstName>
            <InternalID>9696</InternalID>
         </Officer>
      </IncidentOfficer>
      <IncidentOffense>
         <IncidentId>2729</IncidentId>
         <OffenseNumber>1</OffenseNumber>
         <OffenseStatusCode>00</OffenseStatusCode>
         <OffenseCode>35-42-2-1  B03</OffenseCode>
         <PlaceCode>40</PlaceCode>
         <BiasCode>28</BiasCode>
         <CSAUCode>C</CSAUCode>
         <SupplementSeq>0</SupplementSeq>
         <UCRNumber>1</UCRNumber>
         <OffenseStatusDate>06/28/2017 12:52:00</OffenseStatusDate>
         <AttemptedCompletedCode>C</AttemptedCompletedCode>
         <ArrestChargeCode>35-42-2-1  B03</ArrestChargeCode>
         <CreatorId>STATE_OFFICER11</CreatorId>
         <CreatorDate>06/28/2017 12:53:59</CreatorDate>
         <UpdatorId>STATE_OFFICER11</UpdatorId>
         <UpdatorDate>06/28/2017 12:53:59</UpdatorDate>
      </IncidentOffense>
      <IncidentPerson>
         <ApproxAge>30</ApproxAge>
         <CreatorId>STATE_OFFICER11</CreatorId>
         <CreatorDate>06/28/2017 12:54:16</CreatorDate>
         <UpdatorId>TSTC</UpdatorId>
         <UpdatorDate>05/24/2023 12:41:23</UpdatorDate>
         <Person>
            <PersonId>351</PersonId>
            <RaceCode>W</RaceCode>
            <SexCode>M</SexCode>
            <EthnicityCode>U</EthnicityCode>
            <PersonVerified>Y</PersonVerified>
            <PersonPrimaryName>
               <LastName>Grill</LastName>
               <FirstName>Edward</FirstName>
               <MiddleName>R</MiddleName>
               <DOB>09/15/1986 00:00:00</DOB>
               <SSN>6.35465163E8</SSN>
               <DateOfInfo>09/03/2012 07:39:57</DateOfInfo>
               <SLastName>G640</SLastName>
               <SFirstName>E363</SFirstName>
            </PersonPrimaryName>
            <PersonPrimaryName>
               <LastName>TT Guy</LastName>
               <DateOfInfo>09/12/2012 00:00:00</DateOfInfo>
               <SLastName>T200</SLastName>
            </PersonPrimaryName>
            <PersonPrimaryName>
               <LastName>Grill</LastName>
               <FirstName>Jesse</FirstName>
               <MiddleName>James</MiddleName>
               <DOB>01/01/1987 00:00:00</DOB>
               <DateOfInfo>09/12/2012 00:00:00</DateOfInfo>
               <SLastName>G640</SLastName>
               <SFirstName>J200</SFirstName>
            </PersonPrimaryName>
            <PersonPrimaryName>
               <LastName>Tatoo Face</LastName>
               <FirstName>Ed</FirstName>
               <MiddleName>Bob</MiddleName>
               <DateOfInfo>09/06/2012 00:00:00</DateOfInfo>
               <SLastName>T312</SLastName>
               <SFirstName>E300</SFirstName>
            </PersonPrimaryName>
            <PersonPrimaryName>
               <DateOfInfo>09/07/2012 00:00:00</DateOfInfo>
            </PersonPrimaryName>
            <PersonPrimaryName>
               <LastName>GRILL</LastName>
               <FirstName>MR</FirstName>
               <DateOfInfo>11/05/2014 00:00:00</DateOfInfo>
               <SLastName>G640</SLastName>
               <SFirstName>M600</SFirstName>
            </PersonPrimaryName>
            <Alias>
               <NameTypeCode>P</NameTypeCode>
               <LastName>Grill</LastName>
               <FirstName>Edward</FirstName>
               <MiddleName>R</MiddleName>
               <DOB>09/15/1986 00:00:00</DOB>
               <SSN>6.35465163E8</SSN>
               <SLastName>G640</SLastName>
               <SFirstName>E363</SFirstName>
               <DateOfInfo>09/03/2012 07:39:57</DateOfInfo>
            </Alias>
            <Alias>
               <NameTypeCode>N</NameTypeCode>
               <LastName>TT Guy</LastName>
               <SLastName>T200</SLastName>
               <DateOfInfo>09/12/2012 00:00:00</DateOfInfo>
            </Alias>
            <Alias>
               <NameTypeCode>A</NameTypeCode>
               <LastName>Grill</LastName>
               <FirstName>Jesse</FirstName>
               <MiddleName>James</MiddleName>
               <DOB>01/01/1987 00:00:00</DOB>
               <SLastName>G640</SLastName>
               <SFirstName>J200</SFirstName>
               <DateOfInfo>09/12/2012 00:00:00</DateOfInfo>
            </Alias>
            <Alias>
               <NameTypeCode>N</NameTypeCode>
               <LastName>Tatoo Face</LastName>
               <FirstName>Ed</FirstName>
               <MiddleName>Bob</MiddleName>
               <SLastName>T312</SLastName>
               <SFirstName>E300</SFirstName>
               <DateOfInfo>09/06/2012 00:00:00</DateOfInfo>
            </Alias>
            <Alias>
               <NameTypeCode>N</NameTypeCode>
               <DateOfInfo>09/07/2012 00:00:00</DateOfInfo>
            </Alias>
            <Alias>
               <NameTypeCode>T</NameTypeCode>
               <LastName>GRILL</LastName>
               <FirstName>MR</FirstName>
               <SLastName>G640</SLastName>
               <SFirstName>M600</SFirstName>
               <DateOfInfo>11/05/2014 00:00:00</DateOfInfo>
            </Alias>
            <PersonAddress>
               <StreetNumber>1236</StreetNumber>
               <StreetDirCode>W</StreetDirCode>
               <StreetName>Walnut</StreetName>
               <StreetTypeCode>ST</StreetTypeCode>
               <City>Chicago</City>
               <StateCode>IL</StateCode>
               <Zip5>60601</Zip5>
               <Zip4>1236</Zip4>
               <CountryCode>US</CountryCode>
               <Longitude>-87.667077</Longitude>
               <Latitude>41.886149</Latitude>
            </PersonAddress>
            <PersonAddress>
               <StreetNumber>350</StreetNumber>
               <StreetName>B</StreetName>
               <StreetTypeCode>ST</StreetTypeCode>
               <StreetSuffixCode>NE</StreetSuffixCode>
               <City>LINTON</City>
               <StateCode>IN</StateCode>
               <Zip5>47441</Zip5>
               <Beat>Test</Beat>
               <SubBeat>Area</SubBeat>
            </PersonAddress>
            <PersonAddress>
               <StreetNumber>1236</StreetNumber>
               <StreetDirCode>W</StreetDirCode>
               <StreetName>Walnut</StreetName>
               <StreetTypeCode>ST</StreetTypeCode>
               <City>Chicago</City>
               <StateCode>IL</StateCode>
               <Zip5>60601</Zip5>
               <Zip4>1236</Zip4>
               <CountryCode>US</CountryCode>
               <Longitude>-87.667077</Longitude>
               <Latitude>41.886149</Latitude>
            </PersonAddress>
            <PersonAddress>
               <StreetNumber>123</StreetNumber>
               <StreetDirCode>W</StreetDirCode>
               <StreetName>Olive</StreetName>
               <StreetTypeCode>ST</StreetTypeCode>
               <SubTypeCode>APT</SubTypeCode>
               <SubNumber>125</SubNumber>
               <City>Bloomington</City>
               <StateCode>IL</StateCode>
               <Zip5>61701</Zip5>
               <CountryCode>US</CountryCode>
               <Longitude>-88.993514</Longitude>
               <Latitude>40.477088</Latitude>
            </PersonAddress>
            <PersonPhone>
               <PhoneTypeCode>RES</PhoneTypeCode>
               <PhoneArea>815</PhoneArea>
               <PhonePrefix>255</PhonePrefix>
               <PhoneSuffix>6262</PhoneSuffix>
               <DateOfInfo>09/03/2012 00:00:00</DateOfInfo>
            </PersonPhone>
            <PersonPhone>
               <PhoneTypeCode>CEL</PhoneTypeCode>
               <PhoneArea>309</PhoneArea>
               <PhonePrefix>848</PhonePrefix>
               <PhoneSuffix>4861</PhoneSuffix>
               <DateOfInfo>09/03/2012 00:00:00</DateOfInfo>
            </PersonPhone>
            <PersonPhone>
               <PhoneTypeCode>PAG</PhoneTypeCode>
               <PhoneArea>548</PhoneArea>
               <PhonePrefix>548</PhonePrefix>
               <PhoneSuffix>5484</PhoneSuffix>
               <DateOfInfo>11/05/2014 00:00:00</DateOfInfo>
            </PersonPhone>
            <PersonPhone>
               <PhoneTypeCode>VOC</PhoneTypeCode>
               <PhoneArea>852</PhoneArea>
               <PhonePrefix>547</PhonePrefix>
               <PhoneSuffix>7777</PhoneSuffix>
               <DateOfInfo>11/05/2014 00:00:00</DateOfInfo>
            </PersonPhone>
         </Person>
         <IncidentPersonRole>
            <RoleType>S</RoleType>
            <CreatorId>STATE_OFFICER11</CreatorId>
            <CreatorDate>06/28/2017 12:54:16</CreatorDate>
            <UpdatorId>TSTC</UpdatorId>
            <UpdatorDate>08/15/2023 20:32:23</UpdatorDate>
         </IncidentPersonRole>
      </IncidentPerson>
      <IncidentPerson>
         <ApproxAge>24</ApproxAge>
         <ResidentStatusCode>C</ResidentStatusCode>
         <CreatorId>STATE_OFFICER11</CreatorId>
         <CreatorDate>06/28/2017 12:54:47</CreatorDate>
         <UpdatorId>TSTC</UpdatorId>
         <UpdatorDate>05/24/2023 12:41:23</UpdatorDate>
         <Person>
            <PersonId>164</PersonId>
            <RaceCode>U</RaceCode>
            <SexCode>U</SexCode>
            <PersonVerified>Y</PersonVerified>
            <PersonPrimaryName>
               <LastName>BECKER</LastName>
               <FirstName>CHRISTOPHER</FirstName>
               <MiddleName>M</MiddleName>
               <DateOfInfo>06/06/2012 13:56:15</DateOfInfo>
               <SLastName>B260</SLastName>
               <SFirstName>C623</SFirstName>
            </PersonPrimaryName>
            <Alias>
               <NameTypeCode>P</NameTypeCode>
               <LastName>BECKER</LastName>
               <FirstName>CHRISTOPHER</FirstName>
               <MiddleName>M</MiddleName>
               <SLastName>B260</SLastName>
               <SFirstName>C623</SFirstName>
               <DateOfInfo>06/06/2012 13:56:15</DateOfInfo>
            </Alias>
            <PersonAddress>
               <StreetNumber>7095</StreetNumber>
               <StreetDirCode>W</StreetDirCode>
               <StreetName>Arkansas</StreetName>
               <StreetTypeCode>AVE</StreetTypeCode>
               <City>Lakewood</City>
               <StateCode>AK</StateCode>
               <Zip5>80232</Zip5>
               <CountryCode>US</CountryCode>
               <CountyCode>NaN</CountyCode>
            </PersonAddress>
         </Person>
         <IncidentPersonRole>
            <RoleType>V</RoleType>
            <CreatorId>STATE_OFFICER11</CreatorId>
            <CreatorDate>06/28/2017 12:54:47</CreatorDate>
            <UpdatorId>TSTC</UpdatorId>
            <UpdatorDate>08/15/2023 20:32:23</UpdatorDate>
         </IncidentPersonRole>
      </IncidentPerson>
   </IncidentSupplement>
</Incident>