<?xml version="1.0" encoding="UTF-8"?>
<Incident xmlns:xsi="http://www.w3.org/2001/XMLSchema-instance"
          xsi:noNamespaceSchemaLocation="file:///C:/DATA/EJS/SVN_Root/Ejustice/trunk/XMLTransformations/OnlineRMSInternalToIncident/IAOnlineRMSIncidentImport.xsd">
   <IncidentReportNum>2018D4210165</IncidentReportNum>
   <AgencyCode>D42</AgencyCode>
   <ORINum>SC0280000</ORINum>
   <ReportDate>05/09/2018 12:34:00</ReportDate>
   <ReportTime>05/09/2018 12:34:00</ReportTime>
   <StartDate>05/09/2018 12:34:00</StartDate>
   <StartTime>05/01/2018 12:34:00</StartTime>
   <Summary>DLW 5/9/2018Creating incident to learn ONLINE RMS and investigate NIBR 2019 GAPS</Summary>
   <CreatorId>DEBBIE</CreatorId>
   <CreatorDate>05/09/2018 12:34:03</CreatorDate>
   <UpdatorId>TSTC</UpdatorId>
   <UpdatorDate>09/09/2021 18:46:41</UpdatorDate>
   <IncidentType>
      <IncidentTypeCode>FRG</IncidentTypeCode>
   </IncidentType>
   <IncidentAddress>
      <AddressId>556</AddressId>
      <City>104</City>
      <CreatorId>DEBBIE</CreatorId>
      <CreatorDate>05/09/2018 12:37:36</CreatorDate>
      <UpdatorId>DEBBIE</UpdatorId>
      <UpdatorDate>05/09/2018 13:16:24</UpdatorDate>
      <Address>
         <AddressId>556</AddressId>
         <StreetNumber>300</StreetNumber>
         <StreetDirCode>N</StreetDirCode>
         <StreetName>MAIN</StreetName>
         <StreetTypeCode>ST</StreetTypeCode>
         <City>CLEVELAND</City>
         <StateCode>IN</StateCode>
         <CountryCode>US</CountryCode>
         <Longitude>-85.85147514147158</Longitude>
         <Latitude>39.93644528611152</Latitude>
         <AddressCommonName>
            <CommonPlaceName>CLEVELAND MOTEL</CommonPlaceName>
         </AddressCommonName>
      </Address>
   </IncidentAddress>
   <IncidentSupplement>
      <SupplementSequence>0</SupplementSequence>
      <IncSupplementStatusCode>A</IncSupplementStatusCode>
      <SuppReportDate>05/09/2018 12:34:03</SuppReportDate>
      <SuppReportTime>05/09/2018 12:34:03</SuppReportTime>
      <AgencyOnly>N</AgencyOnly>
      <SecurityLevel>400</SecurityLevel>
      <SuppAgencyCode>D42</SuppAgencyCode>
      <UnknownNoOffenders>Y</UnknownNoOffenders>
      <DsIcrDate>05/09/2018 14:43:04</DsIcrDate>
      <DsIcrSubmissionStatus>SENT WAITING FOR RESPONSE</DsIcrSubmissionStatus>
      <CreatorId>DEBBIE</CreatorId>
      <CreatorDate>05/09/2018 12:34:03</CreatorDate>
      <UpdatorId>TSTC</UpdatorId>
      <UpdatorDate>08/05/2021 17:38:25</UpdatorDate>
      <IncidentSuppNarrative>
         <NarrativeNumber>1</NarrativeNumber>
         <NarrativeTitle>Original Narrative</NarrativeTitle>
         <NarrativeText>DLW&lt;br /&gt; 5/9/2018&lt;br /&gt; Testing NIBR code 26F&lt;br /&gt; Identity Theft&lt;br /&gt; &lt;br /&gt; Fraud Offenses&lt;br /&gt; &lt;br /&gt; False Pretenses/Swindle/Confidence Game - 26A&lt;br /&gt; &amp;nbsp; Property&lt;br /&gt; &amp;nbsp; 2601-2603; 2607; 2699&lt;br /&gt; &amp;nbsp;&amp;nbsp;&lt;br /&gt; Credit Card/Automated Teller Machine Fraud - 26B&lt;br /&gt; &amp;nbsp; Property&lt;br /&gt; &amp;nbsp; &amp;nbsp;2605&lt;br /&gt; &amp;nbsp;&amp;nbsp;&lt;br /&gt; Impersonation - 26C&lt;br /&gt; &amp;nbsp; Property&lt;br /&gt; &amp;nbsp; 2604&lt;br /&gt; &amp;nbsp; &amp;nbsp;&amp;nbsp;&lt;br /&gt; Welfare Fraud - 26D&lt;br /&gt; &amp;nbsp; Property&lt;br /&gt; &amp;nbsp; None&lt;br /&gt; &amp;nbsp; &amp;nbsp;&amp;nbsp;&lt;br /&gt; Wire Fraud - 26E&lt;br /&gt; &amp;nbsp; Property&lt;br /&gt; &amp;nbsp; 2608&lt;br /&gt; &amp;nbsp; &amp;nbsp;&amp;nbsp;&lt;br /&gt; Identity Theft - 26F&lt;br /&gt; &amp;nbsp; Property&lt;br /&gt; &amp;nbsp; 2610&lt;br /&gt; &amp;nbsp; &amp;nbsp;&amp;nbsp;&lt;br /&gt; Hacking/Computer Invasion - 26G&lt;br /&gt; &amp;nbsp; Property&lt;br /&gt; &amp;nbsp; 2609</NarrativeText>
         <CreatorId>DEBBIE</CreatorId>
         <CreatorDate>05/09/2018 12:47:03</CreatorDate>
         <UpdatorId>DEBBIE</UpdatorId>
         <UpdatorDate>05/09/2018 12:53:30</UpdatorDate>
      </IncidentSuppNarrative>
      <IncidentOfficer>
         <OfficerRoleCode>R</OfficerRoleCode>
         <Officer>
            <AgencyCode>D42</AgencyCode>
            <ORINumber>SC0280000</ORINumber>
            <LastName>Wright</LastName>
            <FirstName>Frank</FirstName>
            <InternalID>454545</InternalID>
         </Officer>
      </IncidentOfficer>
      <IncidentOffense>
         <IncidentId>3148</IncidentId>
         <OffenseNumber>1</OffenseNumber>
         <OffenseStatusCode>00</OffenseStatusCode>
         <OffenseCode>35-43-4-2  T47</OffenseCode>
         <PlaceCode>40</PlaceCode>
         <BiasCode>99</BiasCode>
         <CSAUCode>C</CSAUCode>
         <SupplementSeq>0</SupplementSeq>
         <UCRNumber>1</UCRNumber>
         <OffenseStatusDate>05/09/2018 12:34:00</OffenseStatusDate>
         <AttemptedCompletedCode>C</AttemptedCompletedCode>
         <CreatorId>DEBBIE</CreatorId>
         <CreatorDate>05/09/2018 12:43:55</CreatorDate>
         <UpdatorId>DEBBIE</UpdatorId>
         <UpdatorDate>05/09/2018 12:43:55</UpdatorDate>
      </IncidentOffense>
      <IncidentPerson>
         <ApproxAge>28</ApproxAge>
         <ResidentStatusCode>R</ResidentStatusCode>
         <CreatorId>DEBBIE</CreatorId>
         <CreatorDate>05/09/2018 12:45:35</CreatorDate>
         <UpdatorId>TSTC</UpdatorId>
         <UpdatorDate>05/24/2023 12:41:21</UpdatorDate>
         <Person>
            <PersonId>890</PersonId>
            <RaceCode>W</RaceCode>
            <SexCode>M</SexCode>
            <EthnicityCode>U</EthnicityCode>
            <PersonVerified>Y</PersonVerified>
            <PersonPrimaryName>
               <LastName>VICTIM</LastName>
               <FirstName>NEW</FirstName>
               <DOB>05/01/1990 00:00:00</DOB>
               <DateOfInfo>06/09/2017 11:09:06</DateOfInfo>
               <SLastName>V235</SLastName>
               <SFirstName>N000</SFirstName>
            </PersonPrimaryName>
            <Alias>
               <NameTypeCode>P</NameTypeCode>
               <LastName>VICTIM</LastName>
               <FirstName>NEW</FirstName>
               <DOB>05/01/1990 00:00:00</DOB>
               <SLastName>V235</SLastName>
               <SFirstName>N000</SFirstName>
               <DateOfInfo>06/09/2017 11:09:06</DateOfInfo>
            </Alias>
         </Person>
         <IncidentPersonRole>
            <RoleType>V</RoleType>
            <CreatorId>DEBBIE</CreatorId>
            <CreatorDate>05/09/2018 12:45:36</CreatorDate>
            <UpdatorId>TSTC</UpdatorId>
            <UpdatorDate>08/15/2023 20:32:23</UpdatorDate>
         </IncidentPersonRole>
      </IncidentPerson>
      <IncidentProperty>
         <RoleCode>7</RoleCode>
         <CreatorId>DEBBIE</CreatorId>
         <CreatorDate>05/09/2018 14:39:56</CreatorDate>
         <UpdatorId>DEBBIE</UpdatorId>
         <UpdatorDate>05/09/2018 14:39:56</UpdatorDate>
         <DateOfInfo>05/09/2018 00:00:00</DateOfInfo>
         <StatusCode>7</StatusCode>
         <DocumentTypeCode>P</DocumentTypeCode>
         <PropertyTypeCode>66</PropertyTypeCode>
         <PropertyValue>1</PropertyValue>
         <Value>1</Value>
         <Evidence>N</Evidence>
         <EvidenceFlag>N</EvidenceFlag>
         <Property_ID>1795</Property_ID>
         <Quantity>1</Quantity>
      </IncidentProperty>
   </IncidentSupplement>
</Incident>