<?xml version="1.0" encoding="UTF-8"?>
<Incident xmlns:xsi="http://www.w3.org/2001/XMLSchema-instance"
          xsi:noNamespaceSchemaLocation="file:///C:/DATA/EJS/SVN_Root/Ejustice/trunk/XMLTransformations/OnlineRMSInternalToIncident/IAOnlineRMSIncidentImport.xsd">
   <IncidentReportNum>17-MPD-0049</IncidentReportNum>
   <AgencyCode>D42</AgencyCode>
   <ORINum>SC0280000</ORINum>
   <ReportDate>05/31/2017 11:20:00</ReportDate>
   <ReportTime>05/31/2017 11:20:00</ReportTime>
   <StartDate>05/31/2017 11:19:00</StartDate>
   <StartTime>05/31/2017 11:19:00</StartTime>
   <Summary>fdasdf</Summary>
   <CreatorId>TSTC</CreatorId>
   <CreatorDate>05/31/2017 11:20:22</CreatorDate>
   <UpdatorId>TSTC</UpdatorId>
   <UpdatorDate>09/09/2021 18:46:42</UpdatorDate>
   <IncidentType>
      <IncidentTypeCode>ARIES</IncidentTypeCode>
   </IncidentType>
   <IncidentAddress>
      <AddressId>730</AddressId>
      <City>19</City>
      <CreatorId>TSTC</CreatorId>
      <CreatorDate>05/31/2017 11:20:22</CreatorDate>
      <UpdatorId>TSTC</UpdatorId>
      <UpdatorDate>04/01/2021 00:46:44</UpdatorDate>
      <Address>
         <AddressId>730</AddressId>
         <StreetNumber>100</StreetNumber>
         <StreetName>Main</StreetName>
         <StreetTypeCode>ST</StreetTypeCode>
         <City>Redstone</City>
         <StateCode>IN</StateCode>
         <CountryCode>US</CountryCode>
         <Longitude>-79.86680247855767</Longitude>
         <Latitude>39.985489100905994</Latitude>
      </Address>
   </IncidentAddress>
   <IncidentSupplement>
      <SupplementSequence>0</SupplementSequence>
      <IncSupplementStatusCode>A</IncSupplementStatusCode>
      <SuppReportDate>05/31/2017 11:20:20</SuppReportDate>
      <SuppReportTime>05/31/2017 11:20:20</SuppReportTime>
      <AgencyOnly>N</AgencyOnly>
      <SecurityLevel>990</SecurityLevel>
      <SuppAgencyCode>D42</SuppAgencyCode>
      <UnknownNoOffenders>N</UnknownNoOffenders>
      <DsIcrDate>04/01/2021 00:52:15</DsIcrDate>
      <DsIcrSubmissionStatus>READY TO BE PROCESSED-ORIGINAL</DsIcrSubmissionStatus>
      <CreatorId>TSTC</CreatorId>
      <CreatorDate>05/31/2017 11:20:22</CreatorDate>
      <UpdatorId>TSTC</UpdatorId>
      <UpdatorDate>08/05/2021 17:38:26</UpdatorDate>
      <IncidentSuppNarrative>
         <NarrativeNumber>1</NarrativeNumber>
         <NarrativeTitle>Original Narrative</NarrativeTitle>
         <NarrativeText>sdfdsf</NarrativeText>
         <CreatorId>STATE_OFFICER14</CreatorId>
         <CreatorDate>04/01/2021 00:49:11</CreatorDate>
         <UpdatorId>STATE_OFFICER14</UpdatorId>
         <UpdatorDate>04/01/2021 00:49:11</UpdatorDate>
      </IncidentSuppNarrative>
      <IncidentOfficer>
         <OfficerRoleCode>A</OfficerRoleCode>
         <Officer>
            <AgencyCode>D42</AgencyCode>
            <ORINumber>SC0280000</ORINumber>
            <LastName>Testing</LastName>
            <FirstName>D42</FirstName>
            <InternalID>888999</InternalID>
         </Officer>
      </IncidentOfficer>
      <IncidentOfficer>
         <OfficerRoleCode>P</OfficerRoleCode>
         <Officer>
            <AgencyCode>D42</AgencyCode>
            <ORINumber>SC0280000</ORINumber>
            <LastName>Smith</LastName>
            <FirstName>Charles</FirstName>
            <InternalID>2014</InternalID>
         </Officer>
      </IncidentOfficer>
      <IncidentOfficer>
         <OfficerRoleCode>R</OfficerRoleCode>
         <Officer>
            <AgencyCode>D42</AgencyCode>
            <ORINumber>SC0280000</ORINumber>
            <LastName>Smith</LastName>
            <FirstName>Charles</FirstName>
            <InternalID>2014</InternalID>
         </Officer>
      </IncidentOfficer>
      <IncidentOffense>
         <IncidentId>2694</IncidentId>
         <OffenseNumber>1</OffenseNumber>
         <OffenseStatusCode>00</OffenseStatusCode>
         <OffenseCode>35-43-1-1</OffenseCode>
         <PlaceCode>25</PlaceCode>
         <BiasCode>33</BiasCode>
         <CSAUCode>C</CSAUCode>
         <SupplementSeq>0</SupplementSeq>
         <UCRNumber>1</UCRNumber>
         <OffenseStatusDate>05/31/2017 11:19:00</OffenseStatusDate>
         <AttemptedCompletedCode>C</AttemptedCompletedCode>
         <CreatorId>STATE_OFFICER14</CreatorId>
         <CreatorDate>04/01/2021 00:46:00</CreatorDate>
         <UpdatorId>STATE_OFFICER14</UpdatorId>
         <UpdatorDate>04/01/2021 00:46:00</UpdatorDate>
      </IncidentOffense>
      <IncidentPerson>
         <ApproxAge>42</ApproxAge>
         <CreatorId>STATE_OFFICER14</CreatorId>
         <CreatorDate>04/01/2021 00:47:19</CreatorDate>
         <UpdatorId>TSTC</UpdatorId>
         <UpdatorDate>05/24/2023 12:41:25</UpdatorDate>
         <Person>
            <PersonId>438</PersonId>
            <RaceCode>U</RaceCode>
            <SexCode>M</SexCode>
            <PersonVerified>Y</PersonVerified>
            <PersonPrimaryName>
               <LastName>DupeSS</LastName>
               <FirstName>Testing</FirstName>
               <SSN>9.87654321E8</SSN>
               <DateOfInfo>04/23/2013 19:40:50</DateOfInfo>
               <SLastName>D120</SLastName>
               <SFirstName>T235</SFirstName>
            </PersonPrimaryName>
            <Alias>
               <NameTypeCode>P</NameTypeCode>
               <LastName>DupeSS</LastName>
               <FirstName>Testing</FirstName>
               <SSN>9.87654321E8</SSN>
               <SLastName>D120</SLastName>
               <SFirstName>T235</SFirstName>
               <DateOfInfo>04/23/2013 19:40:50</DateOfInfo>
            </Alias>
         </Person>
         <IncidentPersonRole>
            <RoleType>S</RoleType>
            <CreatorId>STATE_OFFICER14</CreatorId>
            <CreatorDate>04/01/2021 00:47:19</CreatorDate>
            <UpdatorId>TSTC</UpdatorId>
            <UpdatorDate>08/15/2023 20:32:24</UpdatorDate>
         </IncidentPersonRole>
      </IncidentPerson>
      <IncidentPerson>
         <ApproxAge>28</ApproxAge>
         <ResidentStatusCode>R</ResidentStatusCode>
         <CreatorId>STATE_OFFICER14</CreatorId>
         <CreatorDate>04/01/2021 00:48:09</CreatorDate>
         <UpdatorId>TSTC</UpdatorId>
         <UpdatorDate>05/24/2023 12:41:25</UpdatorDate>
         <Person>
            <PersonId>1087</PersonId>
            <RaceCode>W</RaceCode>
            <SexCode>F</SexCode>
            <PersonVerified>Y</PersonVerified>
            <PersonPrimaryName>
               <LastName>Anderson</LastName>
               <FirstName>Shelly</FirstName>
               <DOB>08/05/1988 00:00:00</DOB>
               <DateOfInfo>11/10/2020 09:49:02</DateOfInfo>
               <SLastName>A536</SLastName>
               <SFirstName>S400</SFirstName>
            </PersonPrimaryName>
            <Alias>
               <NameTypeCode>P</NameTypeCode>
               <LastName>Anderson</LastName>
               <FirstName>Shelly</FirstName>
               <DOB>08/05/1988 00:00:00</DOB>
               <SLastName>A536</SLastName>
               <SFirstName>S400</SFirstName>
               <DateOfInfo>11/10/2020 09:49:02</DateOfInfo>
            </Alias>
            <PersonPhone>
               <PhoneTypeCode>RES</PhoneTypeCode>
               <PhoneArea>111</PhoneArea>
               <PhonePrefix>122</PhonePrefix>
               <PhoneSuffix>3333</PhoneSuffix>
               <DateOfInfo>11/10/2020 00:00:00</DateOfInfo>
            </PersonPhone>
         </Person>
         <IncidentPersonRole>
            <RoleType>V</RoleType>
            <CreatorId>STATE_OFFICER14</CreatorId>
            <CreatorDate>04/01/2021 00:48:09</CreatorDate>
            <UpdatorId>TSTC</UpdatorId>
            <UpdatorDate>08/15/2023 20:32:24</UpdatorDate>
         </IncidentPersonRole>
      </IncidentPerson>
      <IncidentProperty>
         <RoleCode>2</RoleCode>
         <CreatorId>STATE_OFFICER14</CreatorId>
         <CreatorDate>04/01/2021 00:48:57</CreatorDate>
         <UpdatorId>STATE_OFFICER14</UpdatorId>
         <UpdatorDate>04/01/2021 00:48:57</UpdatorDate>
         <DateOfInfo>03/31/2021 00:00:00</DateOfInfo>
         <StatusCode>2</StatusCode>
         <DocumentTypeCode>P</DocumentTypeCode>
         <PropertyTypeCode>490</PropertyTypeCode>
         <PropertyValue>10</PropertyValue>
         <Value>10</Value>
         <Evidence>N</Evidence>
         <EvidenceFlag>N</EvidenceFlag>
         <Property_ID>2039</Property_ID>
         <Quantity>1</Quantity>
      </IncidentProperty>
   </IncidentSupplement>
   <IncidentSupplement>
      <SupplementSequence>1</SupplementSequence>
      <IncSupplementStatusCode>A</IncSupplementStatusCode>
      <SuppReportDate>04/01/2021 00:49:49</SuppReportDate>
      <SuppReportTime>04/01/2021 00:49:49</SuppReportTime>
      <AgencyOnly>N</AgencyOnly>
      <SecurityLevel>1100</SecurityLevel>
      <SuppAgencyCode>D42</SuppAgencyCode>
      <UnknownNoOffenders>N</UnknownNoOffenders>
      <DsIcrDate>04/01/2021 00:52:15</DsIcrDate>
      <DsIcrSubmissionStatus>READY TO BE PROCESSED-ORIGINAL</DsIcrSubmissionStatus>
      <CreatorId>STATE_OFFICER14</CreatorId>
      <CreatorDate>04/01/2021 00:49:49</CreatorDate>
      <UpdatorId>TSTC</UpdatorId>
      <UpdatorDate>08/05/2021 17:38:28</UpdatorDate>
      <IncidentSuppNarrative>
         <NarrativeNumber>1</NarrativeNumber>
         <NarrativeTitle>Supplement #1 Narrative</NarrativeTitle>
         <NarrativeText>dfdfd</NarrativeText>
         <CreatorId>STATE_OFFICER14</CreatorId>
         <CreatorDate>04/01/2021 00:50:38</CreatorDate>
         <UpdatorId>STATE_OFFICER14</UpdatorId>
         <UpdatorDate>04/01/2021 00:50:38</UpdatorDate>
      </IncidentSuppNarrative>
      <IncidentOfficer>
         <OfficerRoleCode>P</OfficerRoleCode>
         <Officer>
            <AgencyCode>D42</AgencyCode>
            <ORINumber>SC0280000</ORINumber>
            <LastName>Smith</LastName>
            <FirstName>Charles</FirstName>
            <InternalID>2014</InternalID>
         </Officer>
      </IncidentOfficer>
      <IncidentOfficer>
         <OfficerRoleCode>R</OfficerRoleCode>
         <Officer>
            <AgencyCode>D42</AgencyCode>
            <ORINumber>SC0280000</ORINumber>
            <LastName>Smith</LastName>
            <FirstName>Charles</FirstName>
            <InternalID>2014</InternalID>
         </Officer>
      </IncidentOfficer>
      <IncidentOffense>
         <IncidentId>2694</IncidentId>
         <OffenseNumber>1</OffenseNumber>
         <OffenseStatusCode>05</OffenseStatusCode>
         <OffenseCode>35-43-1-1</OffenseCode>
         <PlaceCode>25</PlaceCode>
         <BiasCode>33</BiasCode>
         <CSAUCode>C</CSAUCode>
         <SupplementSeq>1</SupplementSeq>
         <UCRNumber>1</UCRNumber>
         <OffenseStatusDate>04/01/2021 00:49:00</OffenseStatusDate>
         <AttemptedCompletedCode>C</AttemptedCompletedCode>
         <CreatorId>STATE_OFFICER14</CreatorId>
         <CreatorDate>04/01/2021 00:49:58</CreatorDate>
         <UpdatorId>STATE_OFFICER14</UpdatorId>
         <UpdatorDate>04/01/2021 00:50:12</UpdatorDate>
      </IncidentOffense>
   </IncidentSupplement>
</Incident>