<?xml version="1.0" encoding="UTF-8"?>
<Incident xmlns:xsi="http://www.w3.org/2001/XMLSchema-instance"
          xsi:noNamespaceSchemaLocation="file:///C:/DATA/EJS/SVN_Root/Ejustice/trunk/XMLTransformations/OnlineRMSInternalToIncident/IAOnlineRMSIncidentImport.xsd">
   <IncidentReportNum>2018D4210206</IncidentReportNum>
   <AgencyCode>D42</AgencyCode>
   <ORINum>SC0280000</ORINum>
   <ReportDate>12/12/2018 14:42:00</ReportDate>
   <ReportTime>12/12/2018 14:42:00</ReportTime>
   <StartDate>12/12/2018 14:42:00</StartDate>
   <StartTime>12/12/2018 14:42:00</StartTime>
   <Summary>dfdfd</Summary>
   <CreatorId>STATE_OFFICER11</CreatorId>
   <CreatorDate>12/12/2018 14:42:56</CreatorDate>
   <UpdatorId>TSTC</UpdatorId>
   <UpdatorDate>09/09/2021 18:46:42</UpdatorDate>
   <IncidentType>
      <IncidentTypeCode>CAD</IncidentTypeCode>
   </IncidentType>
   <IncidentAddress>
      <AddressId>1605</AddressId>
      <City>20</City>
      <CreatorId>STATE_OFFICER11</CreatorId>
      <CreatorDate>12/12/2018 14:43:15</CreatorDate>
      <UpdatorId>TSTC</UpdatorId>
      <UpdatorDate>12/12/2018 14:43:23</UpdatorDate>
      <Address>
         <AddressId>1605</AddressId>
         <StreetNumber>600</StreetNumber>
         <StreetDirCode>E</StreetDirCode>
         <StreetName>Haythorne</StreetName>
         <StreetTypeCode>AVE</StreetTypeCode>
         <City>Terre Haute</City>
         <StateCode>IN</StateCode>
         <CountryCode>US</CountryCode>
         <Longitude>-87.3968143811568</Longitude>
         <Latitude>39.5204728778143</Latitude>
      </Address>
   </IncidentAddress>
   <IncidentSupplement>
      <SupplementSequence>0</SupplementSequence>
      <IncSupplementStatusCode>A</IncSupplementStatusCode>
      <SuppReportDate>12/12/2018 14:42:56</SuppReportDate>
      <SuppReportTime>12/12/2018 14:42:56</SuppReportTime>
      <AgencyOnly>N</AgencyOnly>
      <SecurityLevel>1100</SecurityLevel>
      <SuppAgencyCode>D42</SuppAgencyCode>
      <UnknownNoOffenders>N</UnknownNoOffenders>
      <DsIcrDate>12/12/2018 14:43:44</DsIcrDate>
      <DsIcrSubmissionStatus>NOT REPORTABLE</DsIcrSubmissionStatus>
      <CreatorId>STATE_OFFICER11</CreatorId>
      <CreatorDate>12/12/2018 14:42:56</CreatorDate>
      <UpdatorId>TSTC</UpdatorId>
      <UpdatorDate>08/05/2021 17:38:28</UpdatorDate>
      <IncidentSuppNarrative>
         <NarrativeNumber>1</NarrativeNumber>
         <NarrativeTitle>Original Narrative</NarrativeTitle>
         <NarrativeText>sdfdfd</NarrativeText>
         <CreatorId>STATE_OFFICER11</CreatorId>
         <CreatorDate>12/12/2018 14:43:29</CreatorDate>
         <UpdatorId>STATE_OFFICER11</UpdatorId>
         <UpdatorDate>12/12/2018 14:43:29</UpdatorDate>
      </IncidentSuppNarrative>
      <IncidentOfficer>
         <OfficerRoleCode>P</OfficerRoleCode>
         <Officer>
            <AgencyCode>D42</AgencyCode>
            <ORINumber>SC0280000</ORINumber>
            <LastName>Wright</LastName>
            <FirstName>Greg</FirstName>
            <InternalID>9696</InternalID>
         </Officer>
      </IncidentOfficer>
      <IncidentOfficer>
         <OfficerRoleCode>R</OfficerRoleCode>
         <Officer>
            <AgencyCode>D42</AgencyCode>
            <ORINumber>SC0280000</ORINumber>
            <LastName>Wright</LastName>
            <FirstName>Greg</FirstName>
            <InternalID>9696</InternalID>
         </Officer>
      </IncidentOfficer>
   </IncidentSupplement>
   <IncidentSupplement>
      <SupplementSequence>1</SupplementSequence>
      <IncSupplementStatusCode>A</IncSupplementStatusCode>
      <SuppReportDate>12/12/2018 14:48:39</SuppReportDate>
      <SuppReportTime>12/12/2018 14:48:39</SuppReportTime>
      <AgencyOnly>N</AgencyOnly>
      <SecurityLevel>1100</SecurityLevel>
      <SuppAgencyCode>D42</SuppAgencyCode>
      <UnknownNoOffenders>N</UnknownNoOffenders>
      <DsIcrDate>12/12/2018 14:49:00</DsIcrDate>
      <DsIcrSubmissionStatus>NOT REPORTABLE</DsIcrSubmissionStatus>
      <CreatorId>STATE_OFFICER11</CreatorId>
      <CreatorDate>12/12/2018 14:48:39</CreatorDate>
      <UpdatorId>TSTC</UpdatorId>
      <UpdatorDate>08/05/2021 17:38:28</UpdatorDate>
      <IncidentSuppNarrative>
         <NarrativeNumber>1</NarrativeNumber>
         <NarrativeTitle>Supplement #1 Narrative</NarrativeTitle>
         <NarrativeText>sdfsdfd</NarrativeText>
         <CreatorId>STATE_OFFICER11</CreatorId>
         <CreatorDate>12/12/2018 14:48:48</CreatorDate>
         <UpdatorId>STATE_OFFICER11</UpdatorId>
         <UpdatorDate>12/12/2018 14:48:48</UpdatorDate>
      </IncidentSuppNarrative>
      <IncidentOfficer>
         <OfficerRoleCode>P</OfficerRoleCode>
         <Officer>
            <AgencyCode>D42</AgencyCode>
            <ORINumber>SC0280000</ORINumber>
            <LastName>Wright</LastName>
            <FirstName>Greg</FirstName>
            <InternalID>9696</InternalID>
         </Officer>
      </IncidentOfficer>
      <IncidentOfficer>
         <OfficerRoleCode>R</OfficerRoleCode>
         <Officer>
            <AgencyCode>D42</AgencyCode>
            <ORINumber>SC0280000</ORINumber>
            <LastName>Wright</LastName>
            <FirstName>Greg</FirstName>
            <InternalID>9696</InternalID>
         </Officer>
      </IncidentOfficer>
   </IncidentSupplement>
</Incident>