<?xml version="1.0" encoding="UTF-8"?>
<Incident xmlns:xsi="http://www.w3.org/2001/XMLSchema-instance"
          xsi:noNamespaceSchemaLocation="file:///C:/DATA/EJS/SVN_Root/Ejustice/trunk/XMLTransformations/OnlineRMSInternalToIncident/IAOnlineRMSIncidentImport.xsd">
   <IncidentReportNum>2017D4210111</IncidentReportNum>
   <AgencyCode>D42</AgencyCode>
   <ORINum>SC0280000</ORINum>
   <ReportDate>07/12/2017 12:32:00</ReportDate>
   <ReportTime>07/12/2017 12:32:00</ReportTime>
   <StartDate>07/12/2017 12:32:00</StartDate>
   <StartTime>07/01/2017 12:32:00</StartTime>
   <Summary>iBr test</Summary>
   <CreatorId>STATE_OFFICER11</CreatorId>
   <CreatorDate>07/13/2017 12:32:41</CreatorDate>
   <UpdatorId>TSTC</UpdatorId>
   <UpdatorDate>09/09/2021 18:46:40</UpdatorDate>
   <IncidentType>
      <IncidentTypeCode>DIS</IncidentTypeCode>
   </IncidentType>
   <IncidentAddress>
      <AddressId>541</AddressId>
      <City>10</City>
      <CreatorId>STATE_OFFICER11</CreatorId>
      <CreatorDate>07/13/2017 12:33:39</CreatorDate>
      <UpdatorId>TSTC</UpdatorId>
      <UpdatorDate>07/13/2017 12:33:45</UpdatorDate>
      <Address>
         <AddressId>541</AddressId>
         <StreetNumber>3705</StreetNumber>
         <StreetName>FRANKLIN</StreetName>
         <StreetTypeCode>ST</StreetTypeCode>
         <City>ANDERSON</City>
         <StateCode>IN</StateCode>
         <CountryCode>US</CountryCode>
         <AddressCommonName>
            <CommonPlaceName>Dead strip</CommonPlaceName>
         </AddressCommonName>
      </Address>
   </IncidentAddress>
   <IncidentSupplement>
      <SupplementSequence>0</SupplementSequence>
      <IncSupplementStatusCode>A</IncSupplementStatusCode>
      <SuppReportDate>07/13/2017 12:32:41</SuppReportDate>
      <SuppReportTime>07/13/2017 12:32:41</SuppReportTime>
      <AgencyOnly>N</AgencyOnly>
      <SecurityLevel>1201</SecurityLevel>
      <SuppAgencyCode>D42</SuppAgencyCode>
      <UnknownNoOffenders>N</UnknownNoOffenders>
      <DsIcrDate>07/13/2017 12:41:06</DsIcrDate>
      <DsIcrSubmissionStatus>SENT WAITING FOR RESPONSE</DsIcrSubmissionStatus>
      <CreatorId>STATE_OFFICER11</CreatorId>
      <CreatorDate>07/13/2017 12:32:41</CreatorDate>
      <UpdatorId>TSTC</UpdatorId>
      <UpdatorDate>08/05/2021 17:38:26</UpdatorDate>
      <IncidentSuppNarrative>
         <NarrativeNumber>1</NarrativeNumber>
         <NarrativeTitle>Original Narrative</NarrativeTitle>
         <NarrativeText>asdfasdf</NarrativeText>
         <CreatorId>STATE_OFFICER11</CreatorId>
         <CreatorDate>07/13/2017 12:35:39</CreatorDate>
         <UpdatorId>STATE_OFFICER11</UpdatorId>
         <UpdatorDate>07/13/2017 12:35:39</UpdatorDate>
      </IncidentSuppNarrative>
      <IncidentOfficer>
         <OfficerRoleCode>P</OfficerRoleCode>
         <Officer>
            <AgencyCode>D42</AgencyCode>
            <ORINumber>SC0280000</ORINumber>
            <LastName>Ranz</LastName>
            <FirstName>Greg</FirstName>
            <InternalID>9696</InternalID>
         </Officer>
      </IncidentOfficer>
      <IncidentOfficer>
         <OfficerRoleCode>R</OfficerRoleCode>
         <Officer>
            <AgencyCode>D42</AgencyCode>
            <ORINumber>SC0280000</ORINumber>
            <LastName>Ranz</LastName>
            <FirstName>Greg</FirstName>
            <InternalID>9696</InternalID>
         </Officer>
      </IncidentOfficer>
      <IncidentOffense>
         <IncidentId>2759</IncidentId>
         <OffenseNumber>1</OffenseNumber>
         <OffenseStatusCode>00</OffenseStatusCode>
         <OffenseCode>35-42-2-1  B05</OffenseCode>
         <PlaceCode>01</PlaceCode>
         <BiasCode>28</BiasCode>
         <CSAUCode>C</CSAUCode>
         <SupplementSeq>0</SupplementSeq>
         <UCRNumber>1</UCRNumber>
         <OffenseStatusDate>07/12/2017 12:32:00</OffenseStatusDate>
         <AttemptedCompletedCode>C</AttemptedCompletedCode>
         <ArrestChargeCode>35-42-2-1  B05</ArrestChargeCode>
         <CreatorId>STATE_OFFICER11</CreatorId>
         <CreatorDate>07/13/2017 12:34:11</CreatorDate>
         <UpdatorId>STATE_OFFICER11</UpdatorId>
         <UpdatorDate>07/13/2017 12:34:11</UpdatorDate>
      </IncidentOffense>
      <IncidentPerson>
         <ApproxAge>29</ApproxAge>
         <CreatorId>STATE_OFFICER11</CreatorId>
         <CreatorDate>07/13/2017 12:34:29</CreatorDate>
         <UpdatorId>TSTC</UpdatorId>
         <UpdatorDate>05/24/2023 12:41:23</UpdatorDate>
         <Person>
            <PersonId>324</PersonId>
            <RaceCode>A</RaceCode>
            <SexCode>M</SexCode>
            <PersonVerified>Y</PersonVerified>
            <PersonPrimaryName>
               <LastName>Thumb</LastName>
               <FirstName>Tom</FirstName>
               <MiddleName>Tee</MiddleName>
               <DOB>07/04/1988 00:00:00</DOB>
               <DateOfInfo>07/06/2012 14:46:43</DateOfInfo>
               <SLastName>T510</SLastName>
               <SFirstName>T500</SFirstName>
            </PersonPrimaryName>
            <Alias>
               <NameTypeCode>P</NameTypeCode>
               <LastName>Thumb</LastName>
               <FirstName>Tom</FirstName>
               <MiddleName>Tee</MiddleName>
               <DOB>07/04/1988 00:00:00</DOB>
               <SLastName>T510</SLastName>
               <SFirstName>T500</SFirstName>
               <DateOfInfo>07/06/2012 14:46:43</DateOfInfo>
            </Alias>
         </Person>
         <IncidentPersonRole>
            <RoleType>S</RoleType>
            <CreatorId>STATE_OFFICER11</CreatorId>
            <CreatorDate>07/13/2017 12:34:29</CreatorDate>
            <UpdatorId>TSTC</UpdatorId>
            <UpdatorDate>08/15/2023 20:32:23</UpdatorDate>
         </IncidentPersonRole>
      </IncidentPerson>
      <IncidentPerson>
         <ApproxAge>00</ApproxAge>
         <ResidentStatusCode>R</ResidentStatusCode>
         <CreatorId>STATE_OFFICER11</CreatorId>
         <CreatorDate>07/13/2017 12:35:05</CreatorDate>
         <UpdatorId>TSTC</UpdatorId>
         <UpdatorDate>05/24/2023 12:41:24</UpdatorDate>
         <Person>
            <PersonId>849</PersonId>
            <RaceCode>I</RaceCode>
            <SexCode>F</SexCode>
            <PersonVerified>Y</PersonVerified>
            <PersonPrimaryName>
               <LastName>Granger</LastName>
               <FirstName>Hermonie</FirstName>
               <DateOfInfo>11/14/2016 15:31:12</DateOfInfo>
               <SLastName>G652</SLastName>
               <SFirstName>H655</SFirstName>
            </PersonPrimaryName>
            <Alias>
               <NameTypeCode>P</NameTypeCode>
               <LastName>Granger</LastName>
               <FirstName>Hermonie</FirstName>
               <SLastName>G652</SLastName>
               <SFirstName>H655</SFirstName>
               <DateOfInfo>11/14/2016 15:31:12</DateOfInfo>
            </Alias>
            <PersonAddress>
               <StreetNumber>858</StreetNumber>
               <StreetName>Donnelly</StreetName>
               <StreetTypeCode>PL</StreetTypeCode>
               <City>Erie</City>
               <StateCode>CO</StateCode>
               <Zip5>80516</Zip5>
               <CountryCode>US</CountryCode>
               <CountyCode>NaN</CountyCode>
               <Longitude>-105.03843</Longitude>
               <Latitude>40.037769</Latitude>
            </PersonAddress>
         </Person>
         <IncidentPersonRole>
            <RoleType>V</RoleType>
            <CreatorId>STATE_OFFICER11</CreatorId>
            <CreatorDate>07/13/2017 12:35:05</CreatorDate>
            <UpdatorId>TSTC</UpdatorId>
            <UpdatorDate>08/15/2023 20:32:22</UpdatorDate>
         </IncidentPersonRole>
      </IncidentPerson>
   </IncidentSupplement>
</Incident>