<?xml version="1.0" encoding="UTF-8"?>
<Incident xmlns:xsi="http://www.w3.org/2001/XMLSchema-instance"
          xsi:noNamespaceSchemaLocation="file:///C:/DATA/EJS/SVN_Root/Ejustice/trunk/XMLTransformations/OnlineRMSInternalToIncident/IAOnlineRMSIncidentImport.xsd">
   <IncidentReportNum>2017D4210089</IncidentReportNum>
   <AgencyCode>D42</AgencyCode>
   <ORINum>SC0280000</ORINum>
   <ReportDate>06/27/2017 10:17:00</ReportDate>
   <ReportTime>06/27/2017 10:17:00</ReportTime>
   <StartDate>06/27/2017 10:17:00</StartDate>
   <StartTime>06/01/2017 10:17:00</StartTime>
   <Summary>asdf- update fo expunge</Summary>
   <CreatorId>STATE_OFFICER11</CreatorId>
   <CreatorDate>06/27/2017 10:17:15</CreatorDate>
   <UpdatorId>TSTC</UpdatorId>
   <UpdatorDate>09/09/2021 18:46:38</UpdatorDate>
   <IncidentType>
      <IncidentTypeCode>CAD</IncidentTypeCode>
   </IncidentType>
   <IncidentAddress>
      <AddressId>430</AddressId>
      <Beat>D2</Beat>
      <SubBeat>Sub D2</SubBeat>
      <City>19</City>
      <CreatorId>STATE_OFFICER11</CreatorId>
      <CreatorDate>06/27/2017 10:17:37</CreatorDate>
      <UpdatorId>TSTC</UpdatorId>
      <UpdatorDate>06/27/2017 10:17:46</UpdatorDate>
      <Address>
         <AddressId>430</AddressId>
         <StreetNumber>24</StreetNumber>
         <StreetName>Blue Ridge</StreetName>
         <StreetTypeCode>RD</StreetTypeCode>
         <City>Indianapolis</City>
         <StateCode>IN</StateCode>
         <Zip5>46208</Zip5>
         <Zip4>8888</Zip4>
         <CountryCode>US</CountryCode>
         <Beat>D2</Beat>
         <SubBeat>Sub D2</SubBeat>
         <Longitude>-86.159319</Longitude>
         <Latitude>39.837572</Latitude>
         <AddressCommonName>
            <CommonPlaceName>Health Center</CommonPlaceName>
         </AddressCommonName>
      </Address>
   </IncidentAddress>
   <IncidentSupplement>
      <SupplementSequence>0</SupplementSequence>
      <IncSupplementStatusCode>A</IncSupplementStatusCode>
      <SuppReportDate>06/27/2017 10:17:15</SuppReportDate>
      <SuppReportTime>06/27/2017 10:17:15</SuppReportTime>
      <AgencyOnly>N</AgencyOnly>
      <SecurityLevel>400</SecurityLevel>
      <SuppAgencyCode>D42</SuppAgencyCode>
      <UnknownNoOffenders>N</UnknownNoOffenders>
      <DsIcrDate>06/27/2017 10:20:15</DsIcrDate>
      <DsIcrSubmissionStatus>NOT REPORTABLE</DsIcrSubmissionStatus>
      <CreatorId>STATE_OFFICER11</CreatorId>
      <CreatorDate>06/27/2017 10:17:15</CreatorDate>
      <UpdatorId>TSTC</UpdatorId>
      <UpdatorDate>08/05/2021 17:38:27</UpdatorDate>
      <IncidentSuppNarrative>
         <NarrativeNumber>1</NarrativeNumber>
         <NarrativeTitle>Original Narrative</NarrativeTitle>
         <NarrativeText>kjhkhkj - update for expunge</NarrativeText>
         <CreatorId>STATE_OFFICER11</CreatorId>
         <CreatorDate>06/27/2017 10:24:53</CreatorDate>
         <UpdatorId>STATE_OFFICER11</UpdatorId>
         <UpdatorDate>06/27/2017 10:24:53</UpdatorDate>
      </IncidentSuppNarrative>
      <IncidentOfficer>
         <OfficerRoleCode>P</OfficerRoleCode>
         <Officer>
            <AgencyCode>D42</AgencyCode>
            <ORINumber>SC0280000</ORINumber>
            <LastName>Ranz</LastName>
            <FirstName>Greg</FirstName>
            <InternalID>9696</InternalID>
         </Officer>
      </IncidentOfficer>
      <IncidentOfficer>
         <OfficerRoleCode>R</OfficerRoleCode>
         <Officer>
            <AgencyCode>D42</AgencyCode>
            <ORINumber>SC0280000</ORINumber>
            <LastName>Ranz</LastName>
            <FirstName>Greg</FirstName>
            <InternalID>9696</InternalID>
         </Officer>
      </IncidentOfficer>
      <IncidentOffense>
         <IncidentId>2727</IncidentId>
         <OffenseNumber>1</OffenseNumber>
         <OffenseStatusCode>00</OffenseStatusCode>
         <OffenseCode>16-42-19-15</OffenseCode>
         <PlaceCode>10</PlaceCode>
         <BiasCode>28</BiasCode>
         <CSAUCode>C</CSAUCode>
         <SupplementSeq>0</SupplementSeq>
         <UCRNumber>1</UCRNumber>
         <OffenseStatusDate>06/27/2017 10:17:00</OffenseStatusDate>
         <AttemptedCompletedCode>C</AttemptedCompletedCode>
         <ArrestChargeCode>16-42-19-15</ArrestChargeCode>
         <CreatorId>STATE_OFFICER11</CreatorId>
         <CreatorDate>06/27/2017 10:18:12</CreatorDate>
         <UpdatorId>STATE_OFFICER11</UpdatorId>
         <UpdatorDate>06/27/2017 10:18:12</UpdatorDate>
      </IncidentOffense>
      <IncidentPerson>
         <ApproxAge>32</ApproxAge>
         <ResidentStatusCode>R</ResidentStatusCode>
         <CreatorId>STATE_OFFICER11</CreatorId>
         <CreatorDate>06/27/2017 10:19:16</CreatorDate>
         <UpdatorId>TSTC</UpdatorId>
         <UpdatorDate>05/24/2023 12:41:23</UpdatorDate>
         <Person>
            <PersonId>849</PersonId>
            <RaceCode>I</RaceCode>
            <SexCode>F</SexCode>
            <PersonVerified>Y</PersonVerified>
            <PersonPrimaryName>
               <LastName>Granger</LastName>
               <FirstName>Hermonie</FirstName>
               <DateOfInfo>11/14/2016 15:31:12</DateOfInfo>
               <SLastName>G652</SLastName>
               <SFirstName>H655</SFirstName>
            </PersonPrimaryName>
            <Alias>
               <NameTypeCode>P</NameTypeCode>
               <LastName>Granger</LastName>
               <FirstName>Hermonie</FirstName>
               <SLastName>G652</SLastName>
               <SFirstName>H655</SFirstName>
               <DateOfInfo>11/14/2016 15:31:12</DateOfInfo>
            </Alias>
            <PersonAddress>
               <StreetNumber>858</StreetNumber>
               <StreetName>Donnelly</StreetName>
               <StreetTypeCode>PL</StreetTypeCode>
               <City>Erie</City>
               <StateCode>CO</StateCode>
               <Zip5>80516</Zip5>
               <CountryCode>US</CountryCode>
               <CountyCode>NaN</CountyCode>
               <Longitude>-105.03843</Longitude>
               <Latitude>40.037769</Latitude>
            </PersonAddress>
         </Person>
         <IncidentPersonRole>
            <RoleType>V</RoleType>
            <CreatorId>STATE_OFFICER11</CreatorId>
            <CreatorDate>06/27/2017 10:19:16</CreatorDate>
            <UpdatorId>TSTC</UpdatorId>
            <UpdatorDate>08/15/2023 20:32:22</UpdatorDate>
         </IncidentPersonRole>
      </IncidentPerson>
   </IncidentSupplement>
</Incident>