<?xml version="1.0" encoding="UTF-8"?>
<Incident xmlns:xsi="http://www.w3.org/2001/XMLSchema-instance"
          xsi:noNamespaceSchemaLocation="file:///C:/DATA/EJS/SVN_Root/Ejustice/trunk/XMLTransformations/OnlineRMSInternalToIncident/IAOnlineRMSIncidentImport.xsd">
   <IncidentReportNum>2018D4210184</IncidentReportNum>
   <AgencyCode>D42</AgencyCode>
   <ORINum>SC0280000</ORINum>
   <ReportDate>10/01/2018 14:09:00</ReportDate>
   <ReportTime>10/01/2018 14:09:00</ReportTime>
   <StartDate>10/01/2018 01:00:00</StartDate>
   <StartTime>10/01/2018 01:00:00</StartTime>
   <Summary>asdfasdf</Summary>
   <CreatorId>STATE_OFFICER11</CreatorId>
   <CreatorDate>10/01/2018 14:09:39</CreatorDate>
   <UpdatorId>TSTC</UpdatorId>
   <UpdatorDate>09/09/2021 18:46:42</UpdatorDate>
   <IncidentType>
      <IncidentTypeCode>B/V</IncidentTypeCode>
   </IncidentType>
   <IncidentAddress>
      <AddressId>1654</AddressId>
      <City>3</City>
      <CreatorId>STATE_OFFICER11</CreatorId>
      <CreatorDate>11/16/2018 12:44:22</CreatorDate>
      <UpdatorId>TSTC</UpdatorId>
      <UpdatorDate>11/16/2018 12:44:49</UpdatorDate>
      <Address>
         <AddressId>1654</AddressId>
         <StreetNumber>4060</StreetNumber>
         <StreetDirCode>N</StreetDirCode>
         <StreetName>150</StreetName>
         <StreetSuffixCode>W</StreetSuffixCode>
         <SubTypeCode>APT</SubTypeCode>
         <SubNumber>E2</SubNumber>
         <City>COLUMBUS</City>
         <StateCode>IN</StateCode>
         <Zip5>47201</Zip5>
         <CountryCode>US</CountryCode>
         <Distance>0</Distance>
         <Longitude>-85.941931</Longitude>
         <Latitude>39.240633</Latitude>
      </Address>
   </IncidentAddress>
   <IncidentSupplement>
      <SupplementSequence>0</SupplementSequence>
      <IncSupplementStatusCode>A</IncSupplementStatusCode>
      <SuppReportDate>10/01/2018 14:09:39</SuppReportDate>
      <SuppReportTime>10/01/2018 14:09:39</SuppReportTime>
      <AgencyOnly>N</AgencyOnly>
      <SecurityLevel>1201</SecurityLevel>
      <SuppAgencyCode>D42</SuppAgencyCode>
      <UnknownNoOffenders>N</UnknownNoOffenders>
      <DsIcrDate>11/16/2018 12:49:24</DsIcrDate>
      <DsIcrSubmissionStatus>SENT WAITING FOR RESPONSE</DsIcrSubmissionStatus>
      <CreatorId>STATE_OFFICER11</CreatorId>
      <CreatorDate>10/01/2018 14:09:39</CreatorDate>
      <UpdatorId>TSTC</UpdatorId>
      <UpdatorDate>08/05/2021 17:38:27</UpdatorDate>
      <IncidentSuppNarrative>
         <NarrativeNumber>1</NarrativeNumber>
         <NarrativeTitle>Original Narrative</NarrativeTitle>
         <NarrativeText>normal&lt;br /&gt; &lt;strong&gt;bold&lt;/strong&gt;&lt;br /&gt; &lt;em&gt;italic&lt;/em&gt;&lt;br /&gt; &lt;u&gt;underline&lt;/u&gt;&lt;br /&gt; &lt;strike&gt;strikethrough&lt;/strike&gt;&lt;br /&gt; &lt;br /&gt; &lt;em&gt;&lt;strong&gt;bold italic&lt;/strong&gt;&lt;/em&gt;&lt;br /&gt; &lt;u&gt;&lt;strong&gt;bold underline&lt;/strong&gt;&lt;/u&gt;&lt;br /&gt; &lt;strike&gt;&lt;strong&gt;bold strikethrough&lt;/strong&gt;&lt;/strike&gt;&lt;br /&gt; &lt;br /&gt; &lt;u&gt;&lt;em&gt;italic underline&lt;/em&gt;&lt;/u&gt;&lt;br /&gt; &lt;strike&gt;&lt;em&gt;italic strikethrough&lt;/em&gt;&lt;br /&gt; &lt;br /&gt; &lt;u&gt;underline strikethrough&lt;/u&gt;&lt;/strike&gt;&lt;br /&gt; &lt;br /&gt; &lt;span style="color:#00ff00"&gt;color&lt;br /&gt; &lt;br /&gt; asdfasf&lt;/span&gt;</NarrativeText>
         <CreatorId>STATE_OFFICER11</CreatorId>
         <CreatorDate>10/11/2018 10:27:57</CreatorDate>
         <UpdatorId>STATE_OFFICER11</UpdatorId>
         <UpdatorDate>10/11/2018 10:27:57</UpdatorDate>
      </IncidentSuppNarrative>
      <IncidentOfficer>
         <OfficerRoleCode>P</OfficerRoleCode>
         <Officer>
            <AgencyCode>D42</AgencyCode>
            <ORINumber>SC0280000</ORINumber>
            <LastName>Wright</LastName>
            <FirstName>Greg</FirstName>
            <InternalID>9696</InternalID>
         </Officer>
      </IncidentOfficer>
      <IncidentOfficer>
         <OfficerRoleCode>R</OfficerRoleCode>
         <Officer>
            <AgencyCode>D42</AgencyCode>
            <ORINumber>SC0280000</ORINumber>
            <LastName>Wright</LastName>
            <FirstName>Greg</FirstName>
            <InternalID>9696</InternalID>
         </Officer>
      </IncidentOfficer>
      <IncidentOffense>
         <IncidentId>3171</IncidentId>
         <OffenseNumber>1</OffenseNumber>
         <OffenseStatusCode>00</OffenseStatusCode>
         <OffenseCode>35-42-4-1  R01</OffenseCode>
         <PlaceCode>25</PlaceCode>
         <BiasCode>88</BiasCode>
         <CSAUCode>C</CSAUCode>
         <SupplementSeq>0</SupplementSeq>
         <UCRNumber>1</UCRNumber>
         <OffenseStatusDate>10/01/2018 01:00:00</OffenseStatusDate>
         <AttemptedCompletedCode>C</AttemptedCompletedCode>
         <CreatorId>STATE_OFFICER11</CreatorId>
         <CreatorDate>10/11/2018 10:10:41</CreatorDate>
         <UpdatorId>STATE_OFFICER11</UpdatorId>
         <UpdatorDate>10/11/2018 10:10:41</UpdatorDate>
      </IncidentOffense>
      <IncidentOffense>
         <IncidentId>3171</IncidentId>
         <OffenseNumber>2</OffenseNumber>
         <OffenseStatusCode>08</OffenseStatusCode>
         <OffenseCode>35-43-4-2  T02</OffenseCode>
         <PlaceCode>25</PlaceCode>
         <BiasCode>88</BiasCode>
         <CSAUCode>C</CSAUCode>
         <SupplementSeq>0</SupplementSeq>
         <UCRNumber>2</UCRNumber>
         <OffenseStatusDate>10/01/2018 01:00:00</OffenseStatusDate>
         <AttemptedCompletedCode>C</AttemptedCompletedCode>
         <CreatorId>STATE_OFFICER11</CreatorId>
         <CreatorDate>10/22/2018 14:59:02</CreatorDate>
         <UpdatorId>STATE_OFFICER11</UpdatorId>
         <UpdatorDate>10/22/2018 14:59:02</UpdatorDate>
      </IncidentOffense>
      <IncidentPerson>
         <ApproxAge>05</ApproxAge>
         <ResidentStatusCode>C</ResidentStatusCode>
         <CreatorId>STATE_OFFICER11</CreatorId>
         <CreatorDate>10/11/2018 10:29:17</CreatorDate>
         <UpdatorId>TSTC</UpdatorId>
         <UpdatorDate>05/24/2023 12:41:22</UpdatorDate>
         <Person>
            <PersonId>463</PersonId>
            <RaceCode>U</RaceCode>
            <SexCode>M</SexCode>
            <PersonVerified>Y</PersonVerified>
            <PersonPrimaryName>
               <LastName>AutomationGuy</LastName>
               <FirstName>Johnny</FirstName>
               <MiddleName>Smith</MiddleName>
               <DOB>01/01/2013 00:00:00</DOB>
               <DateOfInfo>06/18/2013 12:24:48</DateOfInfo>
               <SLastName>A353</SLastName>
               <SFirstName>J500</SFirstName>
            </PersonPrimaryName>
            <Alias>
               <NameTypeCode>P</NameTypeCode>
               <LastName>AutomationGuy</LastName>
               <FirstName>Johnny</FirstName>
               <MiddleName>Smith</MiddleName>
               <DOB>01/01/2013 00:00:00</DOB>
               <SLastName>A353</SLastName>
               <SFirstName>J500</SFirstName>
               <DateOfInfo>06/18/2013 12:24:48</DateOfInfo>
            </Alias>
            <PersonPhone>
               <PhoneTypeCode>CEL</PhoneTypeCode>
               <PhoneArea>555</PhoneArea>
               <PhonePrefix>444</PhonePrefix>
               <PhoneSuffix>7890</PhoneSuffix>
               <DateOfInfo>06/18/2013 00:00:00</DateOfInfo>
            </PersonPhone>
         </Person>
         <IncidentPersonRole>
            <RoleType>S</RoleType>
            <CreatorId>STATE_OFFICER11</CreatorId>
            <CreatorDate>10/11/2018 10:29:17</CreatorDate>
            <UpdatorId>TSTC</UpdatorId>
            <UpdatorDate>08/15/2023 20:32:24</UpdatorDate>
         </IncidentPersonRole>
         <IncidentPersonRole>
            <RoleType>C</RoleType>
            <CreatorId>STATE_OFFICER11</CreatorId>
            <CreatorDate>04/05/2019 11:25:44</CreatorDate>
            <UpdatorId>TSTC</UpdatorId>
            <UpdatorDate>08/15/2023 20:32:24</UpdatorDate>
         </IncidentPersonRole>
      </IncidentPerson>
      <IncidentPerson>
         <ApproxAge>41</ApproxAge>
         <ResidentStatusCode>R</ResidentStatusCode>
         <CreatorId>STATE_OFFICER11</CreatorId>
         <CreatorDate>10/11/2018 10:32:31</CreatorDate>
         <UpdatorId>TSTC</UpdatorId>
         <UpdatorDate>05/24/2023 12:41:21</UpdatorDate>
         <Person>
            <PersonId>958</PersonId>
            <RaceCode>B</RaceCode>
            <SexCode>M</SexCode>
            <PersonVerified>Y</PersonVerified>
            <PersonPrimaryName>
               <LastName>THOMAS</LastName>
               <FirstName>ANDREZ</FirstName>
               <MiddleName>JOSE</MiddleName>
               <DOB>04/21/1977 00:00:00</DOB>
               <SSN>5.93127942E8</SSN>
               <DateOfInfo>08/03/2018 17:00:54</DateOfInfo>
               <SLastName>T520</SLastName>
               <SFirstName>A536</SFirstName>
            </PersonPrimaryName>
            <Alias>
               <NameTypeCode>P</NameTypeCode>
               <LastName>THOMAS</LastName>
               <FirstName>ANDREZ</FirstName>
               <MiddleName>JOSE</MiddleName>
               <DOB>04/21/1977 00:00:00</DOB>
               <SSN>5.93127942E8</SSN>
               <SLastName>T520</SLastName>
               <SFirstName>A536</SFirstName>
               <DateOfInfo>08/03/2018 17:00:54</DateOfInfo>
            </Alias>
            <PersonAddress>
               <StreetNumber>27845</StreetNumber>
               <StreetDirCode>SW</StreetDirCode>
               <StreetName>120</StreetName>
               <StreetTypeCode>LN</StreetTypeCode>
               <City>Newberry</City>
               <StateCode>FL</StateCode>
               <Zip5>32669</Zip5>
               <CountryCode>US</CountryCode>
               <Longitude>-82.636461</Longitude>
               <Latitude>29.539942</Latitude>
            </PersonAddress>
         </Person>
         <IncidentPersonRole>
            <RoleType>V</RoleType>
            <CreatorId>STATE_OFFICER11</CreatorId>
            <CreatorDate>11/16/2018 12:45:25</CreatorDate>
            <UpdatorId>TSTC</UpdatorId>
            <UpdatorDate>08/15/2023 20:32:25</UpdatorDate>
         </IncidentPersonRole>
      </IncidentPerson>
      <IncidentPerson>
         <ApproxAge>00</ApproxAge>
         <CreatorId>STATE_OFFICER11</CreatorId>
         <CreatorDate>10/22/2018 14:59:46</CreatorDate>
         <UpdatorId>TSTC</UpdatorId>
         <UpdatorDate>05/24/2023 12:41:21</UpdatorDate>
         <Person>
            <PersonId>901</PersonId>
            <RaceCode>W</RaceCode>
            <SexCode>M</SexCode>
            <EthnicityCode>U</EthnicityCode>
            <PersonVerified>Y</PersonVerified>
            <PersonPrimaryName>
               <LastName>ALLEN</LastName>
               <FirstName>BOB</FirstName>
               <DateOfInfo>06/16/2017 09:07:52</DateOfInfo>
               <SLastName>A450</SLastName>
               <SFirstName>B100</SFirstName>
            </PersonPrimaryName>
            <PersonPrimaryName>
               <LastName>Allen</LastName>
               <FirstName>bobby</FirstName>
               <DateOfInfo>12/10/2018 00:00:00</DateOfInfo>
               <SLastName>A450</SLastName>
               <SFirstName>B100</SFirstName>
            </PersonPrimaryName>
            <Alias>
               <NameTypeCode>A</NameTypeCode>
               <LastName>ALLEN</LastName>
               <FirstName>BOB</FirstName>
               <SLastName>A450</SLastName>
               <SFirstName>B100</SFirstName>
               <DateOfInfo>06/16/2017 09:07:52</DateOfInfo>
            </Alias>
            <Alias>
               <NameTypeCode>P</NameTypeCode>
               <LastName>Allen</LastName>
               <FirstName>bobby</FirstName>
               <SLastName>A450</SLastName>
               <SFirstName>B100</SFirstName>
               <DateOfInfo>12/10/2018 00:00:00</DateOfInfo>
            </Alias>
            <PersonAddress>
               <StreetNumber>2924</StreetNumber>
               <StreetDirCode>E</StreetDirCode>
               <StreetName>1250</StreetName>
               <StreetSuffixCode>S</StreetSuffixCode>
               <SubTypeCode>BLDG</SubTypeCode>
               <SubNumber>99</SubNumber>
               <City>Battle Ground</City>
               <StateCode>IN</StateCode>
               <Zip5>47920</Zip5>
               <CountryCode>US</CountryCode>
               <CountyCode>NaN</CountyCode>
               <Longitude>-86.813061</Longitude>
               <Latitude>40.569043</Latitude>
            </PersonAddress>
         </Person>
         <IncidentPersonRole>
            <RoleType>S</RoleType>
            <CreatorId>STATE_OFFICER11</CreatorId>
            <CreatorDate>10/22/2018 14:59:46</CreatorDate>
            <UpdatorId>TSTC</UpdatorId>
            <UpdatorDate>08/15/2023 20:32:25</UpdatorDate>
         </IncidentPersonRole>
      </IncidentPerson>
      <IncidentPerson>
         <ApproxAge>00</ApproxAge>
         <CreatorId>STATE_OFFICER11</CreatorId>
         <CreatorDate>11/16/2018 11:00:20</CreatorDate>
         <UpdatorId>TSTC</UpdatorId>
         <UpdatorDate>05/24/2023 12:41:23</UpdatorDate>
         <Person>
            <PersonId>986</PersonId>
            <RaceCode>I</RaceCode>
            <SexCode>F</SexCode>
            <EthnicityCode>U</EthnicityCode>
            <PersonVerified>Y</PersonVerified>
            <PersonPrimaryName>
               <DateOfInfo>11/16/2018 11:00:20</DateOfInfo>
            </PersonPrimaryName>
            <Alias>
               <NameTypeCode>P</NameTypeCode>
               <DateOfInfo>11/16/2018 11:00:20</DateOfInfo>
            </Alias>
         </Person>
         <IncidentPersonRole>
            <RoleType>S</RoleType>
            <CreatorId>STATE_OFFICER11</CreatorId>
            <CreatorDate>11/16/2018 11:00:20</CreatorDate>
            <UpdatorId>TSTC</UpdatorId>
            <UpdatorDate>08/15/2023 20:32:24</UpdatorDate>
         </IncidentPersonRole>
      </IncidentPerson>
      <IncidentProperty>
         <RoleCode>7</RoleCode>
         <CreatorId>STATE_OFFICER11</CreatorId>
         <CreatorDate>11/16/2018 12:46:51</CreatorDate>
         <UpdatorId>STATE_OFFICER11</UpdatorId>
         <UpdatorDate>11/16/2018 12:46:51</UpdatorDate>
         <DateOfInfo>11/16/2018 00:00:00</DateOfInfo>
         <StatusCode>7</StatusCode>
         <DocumentTypeCode>P</DocumentTypeCode>
         <PropertyTypeCode>680</PropertyTypeCode>
         <PropertyValue>0</PropertyValue>
         <Value>0</Value>
         <Evidence>N</Evidence>
         <EvidenceFlag>N</EvidenceFlag>
         <Property_ID>1808</Property_ID>
         <Quantity>1</Quantity>
      </IncidentProperty>
   </IncidentSupplement>
</Incident>