<?xml version="1.0" encoding="UTF-8"?>
<Incident xmlns:xsi="http://www.w3.org/2001/XMLSchema-instance"
          xsi:noNamespaceSchemaLocation="file:///C:/DATA/EJS/SVN_Root/Ejustice/trunk/XMLTransformations/OnlineRMSInternalToIncident/IAOnlineRMSIncidentImport.xsd">
   <IncidentReportNum>2020D4210302</IncidentReportNum>
   <AgencyCode>D42</AgencyCode>
   <ORINum>SC0280000</ORINum>
   <ReportDate>09/18/2020 11:30:00</ReportDate>
   <ReportTime>09/18/2020 11:30:00</ReportTime>
   <StartDate>09/18/2020 11:30:00</StartDate>
   <StartTime>09/18/2020 11:30:00</StartTime>
   <Summary>asdf - expunged</Summary>
   <CreatorId>STATE_OFFICER14</CreatorId>
   <CreatorDate>09/18/2020 11:30:09</CreatorDate>
   <UpdatorId>TSTC</UpdatorId>
   <UpdatorDate>09/09/2021 18:46:43</UpdatorDate>
   <IncidentType>
      <IncidentTypeCode>AIR</IncidentTypeCode>
   </IncidentType>
   <IncidentAddress>
      <AddressId>1712</AddressId>
      <City>3</City>
      <CreatorId>STATE_OFFICER14</CreatorId>
      <CreatorDate>09/18/2020 11:30:47</CreatorDate>
      <UpdatorId>TSTC</UpdatorId>
      <UpdatorDate>09/18/2020 11:31:05</UpdatorDate>
      <Address>
         <AddressId>1712</AddressId>
         <StreetNumber>1222</StreetNumber>
         <StreetDirCode>E</StreetDirCode>
         <StreetName>Elm</StreetName>
         <City>Denver</City>
         <CountryCode>US</CountryCode>
         <Distance>0</Distance>
      </Address>
   </IncidentAddress>
   <IncidentSupplement>
      <SupplementSequence>0</SupplementSequence>
      <IncSupplementStatusCode>A</IncSupplementStatusCode>
      <SuppReportDate>09/18/2020 11:30:09</SuppReportDate>
      <SuppReportTime>09/18/2020 11:30:09</SuppReportTime>
      <AgencyOnly>N</AgencyOnly>
      <SecurityLevel>990</SecurityLevel>
      <SuppAgencyCode>D42</SuppAgencyCode>
      <UnknownNoOffenders>N</UnknownNoOffenders>
      <DsIcrDate>09/21/2020 12:08:44</DsIcrDate>
      <DsIcrSubmissionStatus>READY TO BE PROCESSED-ORIGINAL</DsIcrSubmissionStatus>
      <CreatorId>STATE_OFFICER14</CreatorId>
      <CreatorDate>09/18/2020 11:30:09</CreatorDate>
      <UpdatorId>TSTC</UpdatorId>
      <UpdatorDate>08/05/2021 17:38:29</UpdatorDate>
      <IncidentSuppNarrative>
         <NarrativeNumber>1</NarrativeNumber>
         <NarrativeTitle>Original Narrative</NarrativeTitle>
         <NarrativeText>sdfsdf</NarrativeText>
         <CreatorId>STATE_OFFICER14</CreatorId>
         <CreatorDate>09/21/2020 12:07:48</CreatorDate>
         <UpdatorId>STATE_OFFICER14</UpdatorId>
         <UpdatorDate>09/21/2020 12:07:48</UpdatorDate>
      </IncidentSuppNarrative>
      <IncidentOfficer>
         <OfficerRoleCode>H</OfficerRoleCode>
         <Officer>
            <AgencyCode>D42</AgencyCode>
            <ORINumber>SC0280000</ORINumber>
            <LastName>Smith</LastName>
            <FirstName>Charles</FirstName>
            <InternalID>2014</InternalID>
         </Officer>
      </IncidentOfficer>
      <IncidentOfficer>
         <OfficerRoleCode>P</OfficerRoleCode>
         <Officer>
            <AgencyCode>D42</AgencyCode>
            <ORINumber>SC0280000</ORINumber>
            <LastName>Smith</LastName>
            <FirstName>Charles</FirstName>
            <InternalID>2014</InternalID>
         </Officer>
      </IncidentOfficer>
      <IncidentOfficer>
         <OfficerRoleCode>R</OfficerRoleCode>
         <Officer>
            <AgencyCode>D42</AgencyCode>
            <ORINumber>SC0280000</ORINumber>
            <LastName>Smith</LastName>
            <FirstName>Charles</FirstName>
            <InternalID>2014</InternalID>
         </Officer>
      </IncidentOfficer>
      <IncidentOfficer>
         <OfficerRoleCode>X</OfficerRoleCode>
         <Officer>
            <AgencyCode>D42</AgencyCode>
            <ORINumber>SC0280000</ORINumber>
            <LastName>Smith</LastName>
            <FirstName>Charles</FirstName>
            <InternalID>2014</InternalID>
         </Officer>
      </IncidentOfficer>
      <IncidentOffense>
         <IncidentId>3295</IncidentId>
         <OffenseNumber>1</OffenseNumber>
         <OffenseStatusCode>00</OffenseStatusCode>
         <OffenseCode>35-43-2-2  C02</OffenseCode>
         <PlaceCode>25</PlaceCode>
         <BiasCode>88</BiasCode>
         <SupplementSeq>0</SupplementSeq>
         <UCRNumber>1</UCRNumber>
         <OffenseStatusDate>09/18/2020 11:30:00</OffenseStatusDate>
         <CreatorId>STATE_OFFICER14</CreatorId>
         <CreatorDate>09/18/2020 11:32:34</CreatorDate>
         <UpdatorId>STATE_OFFICER14</UpdatorId>
         <UpdatorDate>09/18/2020 11:32:34</UpdatorDate>
      </IncidentOffense>
      <IncidentPerson>
         <ApproxAge>32</ApproxAge>
         <ClearMultiArrestCode>N</ClearMultiArrestCode>
         <CreatorId>STATE_OFFICER14</CreatorId>
         <CreatorDate>09/18/2020 11:32:02</CreatorDate>
         <UpdatorId>TSTC</UpdatorId>
         <UpdatorDate>05/24/2023 12:41:24</UpdatorDate>
         <Person>
            <PersonId>1075</PersonId>
            <RaceCode>W</RaceCode>
            <SexCode>M</SexCode>
            <PersonVerified>Y</PersonVerified>
            <PersonPrimaryName>
               <LastName>Lawrence</LastName>
               <FirstName>Johnny</FirstName>
               <DOB>05/04/1988 00:00:00</DOB>
               <DateOfInfo>09/18/2020 11:27:38</DateOfInfo>
               <SLastName>L652</SLastName>
               <SFirstName>J500</SFirstName>
            </PersonPrimaryName>
            <Alias>
               <NameTypeCode>P</NameTypeCode>
               <LastName>Lawrence</LastName>
               <FirstName>Johnny</FirstName>
               <DOB>05/04/1988 00:00:00</DOB>
               <SLastName>L652</SLastName>
               <SFirstName>J500</SFirstName>
               <DateOfInfo>09/18/2020 11:27:38</DateOfInfo>
            </Alias>
         </Person>
         <IncidentPersonRole>
            <RoleType>A</RoleType>
            <CreatorId>STATE_OFFICER14</CreatorId>
            <CreatorDate>09/18/2020 11:33:09</CreatorDate>
            <UpdatorId>TSTC</UpdatorId>
            <UpdatorDate>08/15/2023 20:32:24</UpdatorDate>
         </IncidentPersonRole>
         <IncidentPersonRole>
            <RoleType>S</RoleType>
            <CreatorId>STATE_OFFICER14</CreatorId>
            <CreatorDate>09/18/2020 11:33:09</CreatorDate>
            <UpdatorId>TSTC</UpdatorId>
            <UpdatorDate>08/15/2023 20:32:24</UpdatorDate>
         </IncidentPersonRole>
      </IncidentPerson>
      <IncidentBusiness>
         <BusinessNumber>240000001</BusinessNumber>
         <BusinessName>SOCIETY</BusinessName>
         <IncBusinessRoleCode>V</IncBusinessRoleCode>
         <CreatorId>STATE_OFFICER14</CreatorId>
         <CreatorDate>09/18/2020 11:32:34</CreatorDate>
         <UpdatorId>STATE_OFFICER14</UpdatorId>
         <UpdatorDate>09/18/2020 11:32:34</UpdatorDate>
      </IncidentBusiness>
   </IncidentSupplement>
</Incident>