<?xml version="1.0" encoding="UTF-8"?>
<Incident xmlns:xsi="http://www.w3.org/2001/XMLSchema-instance"
          xsi:noNamespaceSchemaLocation="file:///C:/DATA/EJS/SVN_Root/Ejustice/trunk/XMLTransformations/OnlineRMSInternalToIncident/IAOnlineRMSIncidentImport.xsd">
   <IncidentReportNum>2022D4210415</IncidentReportNum>
   <AgencyCode>D42</AgencyCode>
   <ORINum>SC0280000</ORINum>
   <ReportDate>09/19/2022 11:27:00</ReportDate>
   <ReportTime>09/19/2022 11:27:00</ReportTime>
   <StartDate>09/19/2022 11:27:00</StartDate>
   <StartTime>09/19/2022 11:27:00</StartTime>
   <Summary>Complaint without Attach or image</Summary>
   <CreatorId>STATE_OFFICER11</CreatorId>
   <CreatorDate>09/19/2022 11:27:30</CreatorDate>
   <UpdatorId>STATE_OFFICER11</UpdatorId>
   <UpdatorDate>09/19/2022 12:17:17</UpdatorDate>
   <IncidentType>
      <IncidentTypeCode>FRG</IncidentTypeCode>
   </IncidentType>
   <IncidentAddress>
      <AddressId>1776</AddressId>
      <City>1</City>
      <CreatorId>STATE_OFFICER11</CreatorId>
      <CreatorDate>09/19/2022 11:29:02</CreatorDate>
      <UpdatorId>TSTC</UpdatorId>
      <UpdatorDate>09/19/2022 11:29:10</UpdatorDate>
      <Address>
         <AddressId>1776</AddressId>
         <StreetNumber>6565</StreetNumber>
         <StreetDirCode>S</StreetDirCode>
         <StreetName>Syracuse</StreetName>
         <StreetTypeCode>WAY</StreetTypeCode>
         <City>Centennial</City>
         <StateCode>CO</StateCode>
         <Zip5>80111</Zip5>
         <Zip4>6771</Zip4>
         <CountryCode>US</CountryCode>
         <Longitude>-104.901457</Longitude>
         <Latitude>39.597922</Latitude>
      </Address>
   </IncidentAddress>
   <IncidentSupplement>
      <SupplementSequence>0</SupplementSequence>
      <IncSupplementStatusCode>A</IncSupplementStatusCode>
      <SuppReportDate>09/19/2022 11:27:30</SuppReportDate>
      <SuppReportTime>09/19/2022 11:27:30</SuppReportTime>
      <AgencyOnly>N</AgencyOnly>
      <SecurityLevel>1100</SecurityLevel>
      <SuppAgencyCode>D42</SuppAgencyCode>
      <UnknownNoOffenders>N</UnknownNoOffenders>
      <DsIcrDate>09/19/2022 12:17:24</DsIcrDate>
      <DsIcrSubmissionStatus>READY TO BE PROCESSED-ORIGINAL</DsIcrSubmissionStatus>
      <CreatorId>STATE_OFFICER11</CreatorId>
      <CreatorDate>09/19/2022 11:27:30</CreatorDate>
      <UpdatorId>STATE_OFFICER11</UpdatorId>
      <UpdatorDate>09/19/2022 12:17:24</UpdatorDate>
      <IncidentSuppNarrative>
         <NarrativeNumber>1</NarrativeNumber>
         <NarrativeTitle>Original Narrative</NarrativeTitle>
         <NarrativeText>abc</NarrativeText>
         <CreatorId>STATE_OFFICER11</CreatorId>
         <CreatorDate>09/19/2022 12:16:10</CreatorDate>
         <UpdatorId>STATE_OFFICER11</UpdatorId>
         <UpdatorDate>09/19/2022 12:16:10</UpdatorDate>
      </IncidentSuppNarrative>
      <IncidentOfficer>
         <OfficerRoleCode>P</OfficerRoleCode>
         <Officer>
            <AgencyCode>D42</AgencyCode>
            <ORINumber>SC0280000</ORINumber>
            <LastName>Simpson</LastName>
            <FirstName>Homer</FirstName>
            <InternalID>9696</InternalID>
         </Officer>
      </IncidentOfficer>
      <IncidentOfficer>
         <OfficerRoleCode>R</OfficerRoleCode>
         <Officer>
            <AgencyCode>D42</AgencyCode>
            <ORINumber>SC0280000</ORINumber>
            <LastName>Simpson</LastName>
            <FirstName>Homer</FirstName>
            <InternalID>9696</InternalID>
         </Officer>
      </IncidentOfficer>
      <IncidentOffense>
         <IncidentId>3420</IncidentId>
         <OffenseNumber>1</OffenseNumber>
         <OffenseStatusCode>00</OffenseStatusCode>
         <OffenseCode>35-43-5-2  </OffenseCode>
         <PlaceCode>25</PlaceCode>
         <BiasCode>88</BiasCode>
         <CSAUCode>C</CSAUCode>
         <SupplementSeq>0</SupplementSeq>
         <UCRNumber>1</UCRNumber>
         <OffenseStatusDate>09/19/2022 11:27:00</OffenseStatusDate>
         <AttemptedCompletedCode>C</AttemptedCompletedCode>
         <CreatorId>STATE_OFFICER11</CreatorId>
         <CreatorDate>09/19/2022 11:29:48</CreatorDate>
         <UpdatorId>STATE_OFFICER11</UpdatorId>
         <UpdatorDate>09/19/2022 11:29:48</UpdatorDate>
      </IncidentOffense>
      <IncidentPerson>
         <ApproxAge>58</ApproxAge>
         <ResidentStatusCode>C</ResidentStatusCode>
         <CreatorId>STATE_OFFICER11</CreatorId>
         <CreatorDate>09/19/2022 11:30:09</CreatorDate>
         <UpdatorId>TSTC</UpdatorId>
         <UpdatorDate>05/24/2023 12:41:26</UpdatorDate>
         <Person>
            <PersonId>610</PersonId>
            <RaceCode>W</RaceCode>
            <SexCode>M</SexCode>
            <PersonVerified>Y</PersonVerified>
            <PersonPrimaryName>
               <LastName>Pitt</LastName>
               <FirstName>William</FirstName>
               <MiddleName>Bradley</MiddleName>
               <DOB>12/18/1963 00:00:00</DOB>
               <DateOfInfo>10/24/2014 16:59:07</DateOfInfo>
               <SLastName>P300</SLastName>
               <SFirstName>W450</SFirstName>
            </PersonPrimaryName>
            <Alias>
               <NameTypeCode>P</NameTypeCode>
               <LastName>Pitt</LastName>
               <FirstName>William</FirstName>
               <MiddleName>Bradley</MiddleName>
               <DOB>12/18/1963 00:00:00</DOB>
               <SLastName>P300</SLastName>
               <SFirstName>W450</SFirstName>
               <DateOfInfo>10/24/2014 16:59:07</DateOfInfo>
            </Alias>
            <PersonAddress>
               <StreetNumber>15</StreetNumber>
               <StreetName>Worth</StreetName>
               <StreetTypeCode>ST</StreetTypeCode>
               <City>Manhattan</City>
               <StateCode>NY</StateCode>
               <Zip5>10013</Zip5>
               <CountryCode>US</CountryCode>
               <Longitude>-74.00787</Longitude>
               <Latitude>40.718032</Latitude>
            </PersonAddress>
         </Person>
         <IncidentPersonRole>
            <RoleType>S</RoleType>
            <CreatorId>STATE_OFFICER11</CreatorId>
            <CreatorDate>09/19/2022 11:30:10</CreatorDate>
            <UpdatorId>TSTC</UpdatorId>
            <UpdatorDate>08/15/2023 20:32:24</UpdatorDate>
         </IncidentPersonRole>
      </IncidentPerson>
      <IncidentPerson>
         <ApproxAge>49</ApproxAge>
         <ResidentStatusCode>C</ResidentStatusCode>
         <CreatorId>STATE_OFFICER11</CreatorId>
         <CreatorDate>09/19/2022 11:30:56</CreatorDate>
         <UpdatorId>TSTC</UpdatorId>
         <UpdatorDate>05/24/2023 12:41:26</UpdatorDate>
         <Person>
            <PersonId>725</PersonId>
            <RaceCode>W</RaceCode>
            <SexCode>M</SexCode>
            <PersonVerified>Y</PersonVerified>
            <PersonPrimaryName>
               <LastName>Branson</LastName>
               <FirstName>Robert</FirstName>
               <DOB>10/24/1972 00:00:00</DOB>
               <SSN>1.23456789E8</SSN>
               <DateOfInfo>07/31/2015 09:31:17</DateOfInfo>
               <SLastName>B652</SLastName>
               <SFirstName>R163</SFirstName>
            </PersonPrimaryName>
            <Alias>
               <NameTypeCode>P</NameTypeCode>
               <LastName>Branson</LastName>
               <FirstName>Robert</FirstName>
               <DOB>10/24/1972 00:00:00</DOB>
               <SSN>1.23456789E8</SSN>
               <SLastName>B652</SLastName>
               <SFirstName>R163</SFirstName>
               <DateOfInfo>07/31/2015 09:31:17</DateOfInfo>
            </Alias>
         </Person>
         <IncidentPersonRole>
            <RoleType>V</RoleType>
            <CreatorId>STATE_OFFICER11</CreatorId>
            <CreatorDate>09/19/2022 11:30:57</CreatorDate>
            <UpdatorId>TSTC</UpdatorId>
            <UpdatorDate>08/15/2023 20:32:24</UpdatorDate>
         </IncidentPersonRole>
      </IncidentPerson>
      <IncidentProperty>
         <RoleCode>3</RoleCode>
         <CreatorId>STATE_OFFICER11</CreatorId>
         <CreatorDate>09/19/2022 11:31:39</CreatorDate>
         <UpdatorId>STATE_OFFICER11</UpdatorId>
         <UpdatorDate>09/19/2022 11:31:39</UpdatorDate>
         <DateOfInfo>09/19/2022 00:00:00</DateOfInfo>
         <StatusCode>3</StatusCode>
         <DocumentTypeCode>O</DocumentTypeCode>
         <PropertyTypeCode>541</PropertyTypeCode>
         <PropertyValue>0</PropertyValue>
         <Value>0</Value>
         <Evidence>N</Evidence>
         <EvidenceFlag>N</EvidenceFlag>
         <Property_ID>2112</Property_ID>
         <AccountName>11</AccountName>
         <AccountNumber>11</AccountNumber>
         <Amount>0</Amount>
         <Bank>chase</Bank>
      </IncidentProperty>
   </IncidentSupplement>
</Incident>