<?xml version="1.0" encoding="UTF-8"?>
<Incident xmlns:xsi="http://www.w3.org/2001/XMLSchema-instance"
          xsi:noNamespaceSchemaLocation="file:///C:/DATA/EJS/SVN_Root/Ejustice/trunk/XMLTransformations/OnlineRMSInternalToIncident/IAOnlineRMSIncidentImport.xsd">
   <IncidentReportNum>2020D4210236</IncidentReportNum>
   <AgencyCode>D42</AgencyCode>
   <ORINum>SC0280000</ORINum>
   <ReportDate>03/12/2020 13:08:00</ReportDate>
   <ReportTime>03/12/2020 13:08:00</ReportTime>
   <StartDate>03/12/2020 13:08:00</StartDate>
   <StartTime>03/12/2020 13:08:00</StartTime>
   <Summary>sdfsdf</Summary>
   <CreatorId>STATE_OFFICER14</CreatorId>
   <CreatorDate>03/12/2020 13:08:49</CreatorDate>
   <UpdatorId>TSTC</UpdatorId>
   <UpdatorDate>06/28/2023 13:10:50</UpdatorDate>
   <IncidentType>
      <IncidentTypeCode>B/V</IncidentTypeCode>
   </IncidentType>
   <IncidentAddress>
      <AddressId>1695</AddressId>
      <City>5</City>
      <CreatorId>STATE_OFFICER14</CreatorId>
      <CreatorDate>03/12/2020 13:09:42</CreatorDate>
      <UpdatorId>TSTC</UpdatorId>
      <UpdatorDate>03/12/2020 13:09:57</UpdatorDate>
      <Address>
         <AddressId>1695</AddressId>
         <StreetNumber>123</StreetNumber>
         <StreetDirCode>E</StreetDirCode>
         <StreetName>Main</StreetName>
         <StreetTypeCode>AVE</StreetTypeCode>
         <StreetSuffixCode>N</StreetSuffixCode>
         <City>denver</City>
         <StateCode>CO</StateCode>
         <Zip5>80401</Zip5>
         <Distance>0</Distance>
         <Beat>D2</Beat>
         <SubBeat>Sub D2</SubBeat>
      </Address>
   </IncidentAddress>
   <IncidentSupplement>
      <SupplementSequence>0</SupplementSequence>
      <IncSupplementStatusCode>A</IncSupplementStatusCode>
      <SuppReportDate>03/12/2020 13:08:50</SuppReportDate>
      <SuppReportTime>03/12/2020 13:08:50</SuppReportTime>
      <AgencyOnly>N</AgencyOnly>
      <SecurityLevel>990</SecurityLevel>
      <SuppAgencyCode>D42</SuppAgencyCode>
      <UnknownNoOffenders>N</UnknownNoOffenders>
      <DsIcrDate>03/12/2020 13:13:56</DsIcrDate>
      <DsIcrSubmissionStatus>SENT WAITING FOR RESPONSE</DsIcrSubmissionStatus>
      <CreatorId>STATE_OFFICER14</CreatorId>
      <CreatorDate>03/12/2020 13:08:50</CreatorDate>
      <UpdatorId>TSTC</UpdatorId>
      <UpdatorDate>08/05/2021 17:38:28</UpdatorDate>
      <IncidentSuppNarrative>
         <NarrativeNumber>1</NarrativeNumber>
         <NarrativeTitle>Original Narrative</NarrativeTitle>
         <NarrativeText>asdfasdfa</NarrativeText>
         <CreatorId>STATE_OFFICER14</CreatorId>
         <CreatorDate>03/12/2020 13:13:11</CreatorDate>
         <UpdatorId>STATE_OFFICER14</UpdatorId>
         <UpdatorDate>03/12/2020 13:13:11</UpdatorDate>
      </IncidentSuppNarrative>
      <IncidentOfficer>
         <OfficerRoleCode>P</OfficerRoleCode>
         <Officer>
            <AgencyCode>D42</AgencyCode>
            <ORINumber>SC0280000</ORINumber>
            <LastName>Smith</LastName>
            <FirstName>Charles</FirstName>
            <InternalID>2014</InternalID>
         </Officer>
      </IncidentOfficer>
      <IncidentOfficer>
         <OfficerRoleCode>R</OfficerRoleCode>
         <Officer>
            <AgencyCode>D42</AgencyCode>
            <ORINumber>SC0280000</ORINumber>
            <LastName>Smith</LastName>
            <FirstName>Charles</FirstName>
            <InternalID>2014</InternalID>
         </Officer>
      </IncidentOfficer>
      <IncidentOffense>
         <IncidentId>3226</IncidentId>
         <OffenseNumber>1</OffenseNumber>
         <OffenseStatusCode>00</OffenseStatusCode>
         <OffenseCode>35-43-2-2  C02</OffenseCode>
         <PlaceCode>07</PlaceCode>
         <BiasCode>88</BiasCode>
         <CSAUCode>C</CSAUCode>
         <SupplementSeq>0</SupplementSeq>
         <UCRNumber>1</UCRNumber>
         <OffenseStatusDate>03/12/2020 13:08:00</OffenseStatusDate>
         <AttemptedCompletedCode>C</AttemptedCompletedCode>
         <CreatorId>STATE_OFFICER14</CreatorId>
         <CreatorDate>03/12/2020 13:10:33</CreatorDate>
         <UpdatorId>STATE_OFFICER14</UpdatorId>
         <UpdatorDate>03/12/2020 13:10:33</UpdatorDate>
      </IncidentOffense>
      <IncidentOffense>
         <IncidentId>3226</IncidentId>
         <OffenseNumber>2</OffenseNumber>
         <OffenseStatusCode>00</OffenseStatusCode>
         <OffenseCode>23-19-5-8</OffenseCode>
         <PlaceCode>25</PlaceCode>
         <BiasCode>88</BiasCode>
         <CSAUCode>C</CSAUCode>
         <SupplementSeq>0</SupplementSeq>
         <UCRNumber>2</UCRNumber>
         <OffenseStatusDate>03/12/2020 13:08:00</OffenseStatusDate>
         <AttemptedCompletedCode>C</AttemptedCompletedCode>
         <CreatorId>STATE_OFFICER14</CreatorId>
         <CreatorDate>03/12/2020 13:11:11</CreatorDate>
         <UpdatorId>STATE_OFFICER14</UpdatorId>
         <UpdatorDate>03/12/2020 13:11:11</UpdatorDate>
      </IncidentOffense>
      <IncidentPerson>
         <ApproxAge>32</ApproxAge>
         <CreatorId>STATE_OFFICER14</CreatorId>
         <CreatorDate>03/12/2020 13:11:57</CreatorDate>
         <UpdatorId>TSTC</UpdatorId>
         <UpdatorDate>05/24/2023 12:41:25</UpdatorDate>
         <Person>
            <PersonId>1030</PersonId>
            <RaceCode>W</RaceCode>
            <SexCode>F</SexCode>
            <PersonVerified>Y</PersonVerified>
            <PersonPrimaryName>
               <LastName>Smithson</LastName>
               <FirstName>Susan</FirstName>
               <MiddleName>Marie</MiddleName>
               <DateOfInfo>03/10/2020 14:01:38</DateOfInfo>
               <SLastName>S532</SLastName>
               <SFirstName>S250</SFirstName>
            </PersonPrimaryName>
            <Alias>
               <NameTypeCode>P</NameTypeCode>
               <LastName>Smithson</LastName>
               <FirstName>Susan</FirstName>
               <MiddleName>Marie</MiddleName>
               <SLastName>S532</SLastName>
               <SFirstName>S250</SFirstName>
               <DateOfInfo>03/10/2020 14:01:38</DateOfInfo>
            </Alias>
         </Person>
         <IncidentPersonRole>
            <RoleType>S</RoleType>
            <CreatorId>STATE_OFFICER14</CreatorId>
            <CreatorDate>03/12/2020 13:11:58</CreatorDate>
            <UpdatorId>TSTC</UpdatorId>
            <UpdatorDate>08/15/2023 20:32:24</UpdatorDate>
         </IncidentPersonRole>
      </IncidentPerson>
      <IncidentPerson>
         <ApproxAge>40</ApproxAge>
         <ResidentStatusCode>R</ResidentStatusCode>
         <CreatorId>STATE_OFFICER14</CreatorId>
         <CreatorDate>03/12/2020 13:12:28</CreatorDate>
         <UpdatorId>TSTC</UpdatorId>
         <UpdatorDate>05/24/2023 12:41:25</UpdatorDate>
         <Person>
            <PersonId>819</PersonId>
            <RaceCode>W</RaceCode>
            <SexCode>M</SexCode>
            <EthnicityCode>U</EthnicityCode>
            <PersonVerified>Y</PersonVerified>
            <PersonPrimaryName>
               <LastName>Smith2</LastName>
               <FirstName>Thomas2</FirstName>
               <MiddleName>Middle2</MiddleName>
               <DOB>04/01/1996 00:00:00</DOB>
               <TitleCode>SR</TitleCode>
               <DateOfInfo>04/18/2016 00:00:00</DateOfInfo>
               <SLastName>S530</SLastName>
               <SFirstName>T520</SFirstName>
            </PersonPrimaryName>
            <PersonPrimaryName>
               <LastName>Smith</LastName>
               <FirstName>Tomaaaa</FirstName>
               <DOB>11/07/1979 00:00:00</DOB>
               <DateOfInfo>04/18/2016 00:00:00</DateOfInfo>
               <SLastName>S530</SLastName>
               <SFirstName>T500</SFirstName>
            </PersonPrimaryName>
            <Alias>
               <NameTypeCode>A</NameTypeCode>
               <LastName>Smith2</LastName>
               <FirstName>Thomas2</FirstName>
               <MiddleName>Middle2</MiddleName>
               <DOB>04/01/1996 00:00:00</DOB>
               <TitleCode>SR</TitleCode>
               <SLastName>S530</SLastName>
               <SFirstName>T520</SFirstName>
               <DateOfInfo>04/18/2016 00:00:00</DateOfInfo>
            </Alias>
            <Alias>
               <NameTypeCode>P</NameTypeCode>
               <LastName>Smith</LastName>
               <FirstName>Tomaaaa</FirstName>
               <DOB>11/07/1979 00:00:00</DOB>
               <SLastName>S530</SLastName>
               <SFirstName>T500</SFirstName>
               <DateOfInfo>04/18/2016 00:00:00</DateOfInfo>
            </Alias>
            <PersonAddress>
               <StreetNumber>777</StreetNumber>
               <StreetName>Jefferson</StreetName>
               <City>INDIAN CREEK</City>
               <StateCode>IN</StateCode>
               <CountryCode>US</CountryCode>
               <Longitude>-85.359624</Longitude>
               <Latitude>38.745944</Latitude>
            </PersonAddress>
            <PersonAddress>
               <StreetNumber>999</StreetNumber>
               <StreetDirCode>E</StreetDirCode>
               <StreetName>PERRY</StreetName>
               <StreetTypeCode>ST</StreetTypeCode>
               <StreetSuffixCode>W</StreetSuffixCode>
               <City>VERSAILLES</City>
               <StateCode>IN</StateCode>
               <Longitude>-85.238466</Longitude>
               <Latitude>39.0678402</Latitude>
               <SubBeat>P69</SubBeat>
            </PersonAddress>
            <PersonAddress>
               <StreetNumber>666</StreetNumber>
               <StreetDirCode>S</StreetDirCode>
               <StreetName>Tin Can</StreetName>
               <StreetTypeCode>ALY</StreetTypeCode>
               <City>ACE</City>
               <StateCode>IN</StateCode>
               <CountryCode>US</CountryCode>
            </PersonAddress>
            <PersonPhone>
               <PhoneTypeCode>CEL</PhoneTypeCode>
               <PhoneArea>222</PhoneArea>
               <PhonePrefix>111</PhonePrefix>
               <PhoneSuffix>1111</PhoneSuffix>
               <PhoneExt>333</PhoneExt>
               <DateOfInfo>04/18/2016 00:00:00</DateOfInfo>
            </PersonPhone>
            <PersonPhone>
               <PhoneTypeCode>RES</PhoneTypeCode>
               <PhoneArea>123</PhoneArea>
               <PhonePrefix>123</PhonePrefix>
               <PhoneSuffix>1234</PhoneSuffix>
               <DateOfInfo>04/18/2016 00:00:00</DateOfInfo>
            </PersonPhone>
            <PersonPhone>
               <PhoneTypeCode>RES</PhoneTypeCode>
               <PhoneArea>668</PhoneArea>
               <PhonePrefix>888</PhonePrefix>
               <PhoneSuffix>8888</PhoneSuffix>
               <DateOfInfo>04/19/2016 00:00:00</DateOfInfo>
            </PersonPhone>
         </Person>
         <IncidentPersonRole>
            <RoleType>V</RoleType>
            <CreatorId>STATE_OFFICER14</CreatorId>
            <CreatorDate>03/12/2020 13:12:28</CreatorDate>
            <UpdatorId>TSTC</UpdatorId>
            <UpdatorDate>08/15/2023 20:32:25</UpdatorDate>
         </IncidentPersonRole>
      </IncidentPerson>
      <IncidentProperty>
         <RoleCode>7</RoleCode>
         <CreatorId>STATE_OFFICER14</CreatorId>
         <CreatorDate>03/12/2020 13:13:00</CreatorDate>
         <UpdatorId>STATE_OFFICER14</UpdatorId>
         <UpdatorDate>03/12/2020 13:13:00</UpdatorDate>
         <DateOfInfo>03/12/2020 00:00:00</DateOfInfo>
         <StatusCode>7</StatusCode>
         <DocumentTypeCode>P</DocumentTypeCode>
         <PropertyTypeCode>340</PropertyTypeCode>
         <PropertyValue>25</PropertyValue>
         <Value>25</Value>
         <Evidence>N</Evidence>
         <EvidenceFlag>N</EvidenceFlag>
         <Property_ID>1940</Property_ID>
         <Quantity>1</Quantity>
      </IncidentProperty>
   </IncidentSupplement>
   <IncidentSupplement>
      <SupplementSequence>1</SupplementSequence>
      <IncSupplementStatusCode>A</IncSupplementStatusCode>
      <SuppReportDate>06/24/2021 10:54:47</SuppReportDate>
      <SuppReportTime>06/24/2021 10:54:47</SuppReportTime>
      <AgencyOnly>N</AgencyOnly>
      <SecurityLevel>1100</SecurityLevel>
      <SuppAgencyCode>D42</SuppAgencyCode>
      <UnknownNoOffenders>N</UnknownNoOffenders>
      <DsIcrDate>06/24/2021 13:40:36</DsIcrDate>
      <DsIcrSubmissionStatus>DATASET_INSERT_PENDING</DsIcrSubmissionStatus>
      <CreatorId>STATE_OFFICER11</CreatorId>
      <CreatorDate>06/24/2021 10:54:47</CreatorDate>
      <UpdatorId>TSTC</UpdatorId>
      <UpdatorDate>08/05/2021 17:38:29</UpdatorDate>
      <IncidentSuppNarrative>
         <NarrativeNumber>1</NarrativeNumber>
         <NarrativeTitle>Supplement #1 Narrative</NarrativeTitle>
         <NarrativeText>sdfsddsf</NarrativeText>
         <CreatorId>STATE_OFFICER11</CreatorId>
         <CreatorDate>06/24/2021 13:40:13</CreatorDate>
         <UpdatorId>STATE_OFFICER11</UpdatorId>
         <UpdatorDate>06/24/2021 13:40:13</UpdatorDate>
      </IncidentSuppNarrative>
      <IncidentOfficer>
         <OfficerRoleCode>P</OfficerRoleCode>
         <Officer>
            <AgencyCode>D42</AgencyCode>
            <ORINumber>SC0280000</ORINumber>
            <LastName>Simpson</LastName>
            <FirstName>Homer</FirstName>
            <InternalID>9696</InternalID>
         </Officer>
      </IncidentOfficer>
      <IncidentOfficer>
         <OfficerRoleCode>R</OfficerRoleCode>
         <Officer>
            <AgencyCode>D42</AgencyCode>
            <ORINumber>SC0280000</ORINumber>
            <LastName>Simpson</LastName>
            <FirstName>Homer</FirstName>
            <InternalID>9696</InternalID>
         </Officer>
      </IncidentOfficer>
      <IncidentOffense>
         <IncidentId>3226</IncidentId>
         <OffenseNumber>3</OffenseNumber>
         <OffenseStatusCode>00</OffenseStatusCode>
         <OffenseCode>35-43-1-1A</OffenseCode>
         <PlaceCode>25</PlaceCode>
         <BiasCode>88</BiasCode>
         <CSAUCode>C</CSAUCode>
         <SupplementSeq>1</SupplementSeq>
         <UCRNumber>3</UCRNumber>
         <OffenseStatusDate>03/12/2020 13:08:00</OffenseStatusDate>
         <AttemptedCompletedCode>C</AttemptedCompletedCode>
         <CreatorId>STATE_OFFICER11</CreatorId>
         <CreatorDate>06/24/2021 11:18:41</CreatorDate>
         <UpdatorId>STATE_OFFICER11</UpdatorId>
         <UpdatorDate>06/24/2021 11:18:41</UpdatorDate>
      </IncidentOffense>
      <IncidentOffense>
         <IncidentId>3226</IncidentId>
         <OffenseNumber>4</OffenseNumber>
         <OffenseStatusCode>00</OffenseStatusCode>
         <OffenseCode>35-43-4-2  T93</OffenseCode>
         <PlaceCode>25</PlaceCode>
         <BiasCode>88</BiasCode>
         <CSAUCode>C</CSAUCode>
         <SupplementSeq>1</SupplementSeq>
         <UCRNumber>4</UCRNumber>
         <OffenseStatusDate>03/12/2020 13:08:00</OffenseStatusDate>
         <AttemptedCompletedCode>C</AttemptedCompletedCode>
         <CreatorId>STATE_OFFICER11</CreatorId>
         <CreatorDate>06/24/2021 11:20:56</CreatorDate>
         <UpdatorId>STATE_OFFICER11</UpdatorId>
         <UpdatorDate>06/24/2021 11:20:56</UpdatorDate>
      </IncidentOffense>
      <IncidentPerson>
         <ApproxAge>19</ApproxAge>
         <CreatorId>STATE_OFFICER11</CreatorId>
         <CreatorDate>06/24/2021 10:55:52</CreatorDate>
         <UpdatorId>TSTC</UpdatorId>
         <UpdatorDate>05/24/2023 12:41:25</UpdatorDate>
         <Person>
            <PersonId>1128</PersonId>
            <RaceCode>A</RaceCode>
            <SexCode>M</SexCode>
            <EthnicityCode>A</EthnicityCode>
            <PersonVerified>Y</PersonVerified>
            <PersonPrimaryName>
               <LastName>Sanders</LastName>
               <FirstName>John</FirstName>
               <DOB>05/01/2000 00:00:00</DOB>
               <DateOfInfo>06/24/2021 10:41:57</DateOfInfo>
               <SLastName>S536</SLastName>
               <SFirstName>J500</SFirstName>
            </PersonPrimaryName>
            <Alias>
               <NameTypeCode>A</NameTypeCode>
               <LastName>Sanders</LastName>
               <FirstName>John</FirstName>
               <DOB>05/01/2000 00:00:00</DOB>
               <SLastName>S536</SLastName>
               <SFirstName>J500</SFirstName>
               <DateOfInfo>06/24/2021 10:41:57</DateOfInfo>
            </Alias>
         </Person>
         <IncidentPersonRole>
            <RoleType>S</RoleType>
            <CreatorId>STATE_OFFICER11</CreatorId>
            <CreatorDate>06/24/2021 10:55:52</CreatorDate>
            <UpdatorId>TSTC</UpdatorId>
            <UpdatorDate>08/15/2023 20:32:24</UpdatorDate>
         </IncidentPersonRole>
         <IncidentPersonRole>
            <RoleType>A</RoleType>
            <CreatorId>STATE_OFFICER11</CreatorId>
            <CreatorDate>07/13/2021 11:54:50</CreatorDate>
            <UpdatorId>TSTC</UpdatorId>
            <UpdatorDate>08/15/2023 20:32:24</UpdatorDate>
         </IncidentPersonRole>
      </IncidentPerson>
      <IncidentPerson>
         <ApproxAge>31</ApproxAge>
         <CreatorId>STATE_OFFICER11</CreatorId>
         <CreatorDate>06/24/2021 12:02:52</CreatorDate>
         <UpdatorId>TSTC</UpdatorId>
         <UpdatorDate>05/24/2023 12:41:25</UpdatorDate>
         <Person>
            <PersonId>1023</PersonId>
            <RaceCode>W</RaceCode>
            <SexCode>M</SexCode>
            <PersonVerified>Y</PersonVerified>
            <PersonPrimaryName>
               <LastName>Blah</LastName>
               <FirstName>Matt</FirstName>
               <DateOfInfo>12/04/2019 14:26:48</DateOfInfo>
               <SLastName>B400</SLastName>
               <SFirstName>M300</SFirstName>
            </PersonPrimaryName>
            <Alias>
               <NameTypeCode>P</NameTypeCode>
               <LastName>Blah</LastName>
               <FirstName>Matt</FirstName>
               <SLastName>B400</SLastName>
               <SFirstName>M300</SFirstName>
               <DateOfInfo>12/04/2019 14:26:48</DateOfInfo>
            </Alias>
         </Person>
         <IncidentPersonRole>
            <RoleType>S</RoleType>
            <CreatorId>STATE_OFFICER11</CreatorId>
            <CreatorDate>06/24/2021 12:02:53</CreatorDate>
            <UpdatorId>TSTC</UpdatorId>
            <UpdatorDate>08/15/2023 20:32:24</UpdatorDate>
         </IncidentPersonRole>
      </IncidentPerson>
      <IncidentVehicle>
         <VEHICLE_ID>223</VEHICLE_ID>
         <RoleCode>VI</RoleCode>
         <CreatorId>STATE_OFFICER11</CreatorId>
         <CreatorDate>06/24/2021 11:22:26</CreatorDate>
         <UpdatorId>STATE_OFFICER11</UpdatorId>
         <UpdatorDate>06/24/2021 11:22:26</UpdatorDate>
         <DateOfInfo>01/20/2015 00:00:00</DateOfInfo>
         <StatusCode>2</StatusCode>
         <VIN>888777666</VIN>
         <VehicleYear>2010</VehicleYear>
         <VehicleMakeCode>ASTO</VehicleMakeCode>
         <VehicleModelCode>VAN</VehicleModelCode>
         <VehicleStyleCode>2D</VehicleStyleCode>
         <VehicleTypeCode>AT</VehicleTypeCode>
         <VehPriColorCode>SIL</VehPriColorCode>
         <VehSecColorCode>BLK</VehSecColorCode>
         <VehicleLicStateCode>CO</VehicleLicStateCode>
         <VehicleLicNumber>DMT-DMT</VehicleLicNumber>
         <VehicleLicYear>2010</VehicleLicYear>
         <VehicleLicMonth>2</VehicleLicMonth>
         <VehicleLicTypeCode>CO</VehicleLicTypeCode>
         <VehicleValue>8000</VehicleValue>
      </IncidentVehicle>
      <IncidentVehicle>
         <VEHICLE_ID>223</VEHICLE_ID>
         <RoleCode>ST</RoleCode>
         <CreatorId>STATE_OFFICER11</CreatorId>
         <CreatorDate>06/24/2021 11:22:27</CreatorDate>
         <UpdatorId>STATE_OFFICER11</UpdatorId>
         <UpdatorDate>06/24/2021 11:22:27</UpdatorDate>
         <DateOfInfo>01/20/2015 00:00:00</DateOfInfo>
         <StatusCode>7</StatusCode>
         <VIN>888777666</VIN>
         <VehicleYear>2010</VehicleYear>
         <VehicleMakeCode>ASTO</VehicleMakeCode>
         <VehicleModelCode>VAN</VehicleModelCode>
         <VehicleStyleCode>2D</VehicleStyleCode>
         <VehicleTypeCode>AT</VehicleTypeCode>
         <VehPriColorCode>SIL</VehPriColorCode>
         <VehSecColorCode>BLK</VehSecColorCode>
         <VehicleLicStateCode>CO</VehicleLicStateCode>
         <VehicleLicNumber>DMT-DMT</VehicleLicNumber>
         <VehicleLicYear>2010</VehicleLicYear>
         <VehicleLicMonth>2</VehicleLicMonth>
         <VehicleLicTypeCode>CO</VehicleLicTypeCode>
         <VehicleValue>8000</VehicleValue>
      </IncidentVehicle>
   </IncidentSupplement>
</Incident>