<?xml version="1.0" encoding="UTF-8"?>
<Incident xmlns:xsi="http://www.w3.org/2001/XMLSchema-instance"
          xsi:noNamespaceSchemaLocation="file:///C:/DATA/EJS/SVN_Root/Ejustice/trunk/XMLTransformations/OnlineRMSInternalToIncident/IAOnlineRMSIncidentImport.xsd">
   <IncidentReportNum>2020D4210237</IncidentReportNum>
   <AgencyCode>D42</AgencyCode>
   <ORINum>SC0280000</ORINum>
   <ReportDate>03/13/2020 13:18:00</ReportDate>
   <ReportTime>03/13/2020 13:18:00</ReportTime>
   <StartDate>03/13/2020 13:18:00</StartDate>
   <StartTime>03/13/2020 13:18:00</StartTime>
   <Summary>test here for creation of an incident</Summary>
   <CreatorId>STATE_OFFICER14</CreatorId>
   <CreatorDate>03/13/2020 13:18:51</CreatorDate>
   <UpdatorId>TSTC</UpdatorId>
   <UpdatorDate>09/09/2021 18:46:43</UpdatorDate>
   <IncidentType>
      <IncidentTypeCode>AIR</IncidentTypeCode>
   </IncidentType>
   <IncidentAddress>
      <AddressId>1649</AddressId>
      <City>5</City>
      <CreatorId>STATE_OFFICER14</CreatorId>
      <CreatorDate>06/22/2020 09:36:00</CreatorDate>
      <UpdatorId>TSTC</UpdatorId>
      <UpdatorDate>06/22/2020 09:36:10</UpdatorDate>
      <Address>
         <AddressId>1649</AddressId>
         <StreetNumber>8</StreetNumber>
         <StreetName>Tall</StreetName>
         <StreetTypeCode>STCT</StreetTypeCode>
         <City>Denver</City>
         <StateCode>CA</StateCode>
         <Zip5>12345</Zip5>
         <CountryCode>US</CountryCode>
      </Address>
   </IncidentAddress>
   <IncidentSupplement>
      <SupplementSequence>0</SupplementSequence>
      <IncSupplementStatusCode>A</IncSupplementStatusCode>
      <SuppReportDate>03/13/2020 13:18:52</SuppReportDate>
      <SuppReportTime>03/13/2020 13:18:52</SuppReportTime>
      <AgencyOnly>N</AgencyOnly>
      <SecurityLevel>990</SecurityLevel>
      <SuppAgencyCode>D42</SuppAgencyCode>
      <UnknownNoOffenders>N</UnknownNoOffenders>
      <DsIcrDate>06/22/2020 09:40:32</DsIcrDate>
      <DsIcrSubmissionStatus>NOT REPORTABLE</DsIcrSubmissionStatus>
      <CreatorId>STATE_OFFICER14</CreatorId>
      <CreatorDate>03/13/2020 13:18:52</CreatorDate>
      <UpdatorId>TSTC</UpdatorId>
      <UpdatorDate>08/05/2021 17:38:29</UpdatorDate>
      <IncidentSuppNarrative>
         <NarrativeNumber>1</NarrativeNumber>
         <NarrativeTitle>Original Narrative</NarrativeTitle>
         <NarrativeText>sdfsdfsd</NarrativeText>
         <CreatorId>STATE_OFFICER14</CreatorId>
         <CreatorDate>06/22/2020 09:39:59</CreatorDate>
         <UpdatorId>STATE_OFFICER14</UpdatorId>
         <UpdatorDate>06/22/2020 09:39:59</UpdatorDate>
      </IncidentSuppNarrative>
      <IncidentOfficer>
         <OfficerRoleCode>P</OfficerRoleCode>
         <Officer>
            <AgencyCode>D42</AgencyCode>
            <ORINumber>SC0280000</ORINumber>
            <LastName>Smith</LastName>
            <FirstName>Charles</FirstName>
            <InternalID>2014</InternalID>
         </Officer>
      </IncidentOfficer>
      <IncidentOfficer>
         <OfficerRoleCode>R</OfficerRoleCode>
         <Officer>
            <AgencyCode>D42</AgencyCode>
            <ORINumber>SC0280000</ORINumber>
            <LastName>Smith</LastName>
            <FirstName>Charles</FirstName>
            <InternalID>2014</InternalID>
         </Officer>
      </IncidentOfficer>
      <IncidentOffense>
         <IncidentId>3227</IncidentId>
         <OffenseNumber>1</OffenseNumber>
         <OffenseStatusCode>00</OffenseStatusCode>
         <OffenseCode>35-43-2-2  C02</OffenseCode>
         <PlaceCode>08</PlaceCode>
         <BiasCode>84</BiasCode>
         <CSAUCode>C</CSAUCode>
         <SupplementSeq>0</SupplementSeq>
         <UCRNumber>1</UCRNumber>
         <OffenseStatusDate>03/13/2020 13:18:00</OffenseStatusDate>
         <AttemptedCompletedCode>C</AttemptedCompletedCode>
         <CreatorId>STATE_OFFICER14</CreatorId>
         <CreatorDate>06/22/2020 09:36:57</CreatorDate>
         <UpdatorId>STATE_OFFICER14</UpdatorId>
         <UpdatorDate>06/22/2020 09:36:57</UpdatorDate>
      </IncidentOffense>
      <IncidentPerson>
         <ApproxAge>47</ApproxAge>
         <CreatorId>STATE_OFFICER14</CreatorId>
         <CreatorDate>06/22/2020 09:37:53</CreatorDate>
         <UpdatorId>TSTC</UpdatorId>
         <UpdatorDate>05/24/2023 12:41:25</UpdatorDate>
         <Person>
            <PersonId>197</PersonId>
            <RaceCode>W</RaceCode>
            <SexCode>M</SexCode>
            <PersonVerified>Y</PersonVerified>
            <PersonPrimaryName>
               <LastName>BECKER</LastName>
               <FirstName>CHRISTOPHER</FirstName>
               <MiddleName>M</MiddleName>
               <DOB>03/28/1972 00:00:00</DOB>
               <DateOfInfo>06/06/2012 14:18:57</DateOfInfo>
               <SLastName>B260</SLastName>
               <SFirstName>C623</SFirstName>
            </PersonPrimaryName>
            <Alias>
               <NameTypeCode>A</NameTypeCode>
               <LastName>BECKER</LastName>
               <FirstName>CHRISTOPHER</FirstName>
               <MiddleName>M</MiddleName>
               <DOB>03/28/1972 00:00:00</DOB>
               <SLastName>B260</SLastName>
               <SFirstName>C623</SFirstName>
               <DateOfInfo>06/06/2012 14:18:57</DateOfInfo>
            </Alias>
            <PersonAddress>
               <StreetNumber>9650</StreetNumber>
               <StreetDirCode>E</StreetDirCode>
               <StreetName>Washington</StreetName>
               <StreetTypeCode>ST</StreetTypeCode>
               <SubNumber>Suite 100</SubNumber>
               <City>Indianapolis</City>
               <StateCode>IN</StateCode>
               <Zip5>46229</Zip5>
               <CountryCode>US</CountryCode>
               <CountyCode>NaN</CountyCode>
               <Longitude>-85.994568</Longitude>
               <Latitude>39.776458</Latitude>
            </PersonAddress>
            <PersonAddress>
               <StreetNumber>6677</StreetNumber>
               <StreetDirCode>BLK</StreetDirCode>
               <StreetName>Harrison</StreetName>
               <StreetTypeCode>WALK</StreetTypeCode>
               <StreetSuffixCode>BLK</StreetSuffixCode>
               <SubTypeCode>APT</SubTypeCode>
               <SubNumber>123</SubNumber>
               <City>Los Angeles</City>
               <StateCode>CA</StateCode>
               <Zip5>12345</Zip5>
               <CountryCode>US</CountryCode>
               <CountyCode>1</CountyCode>
            </PersonAddress>
            <PersonAddress>
               <StreetNumber>6677</StreetNumber>
               <StreetDirCode>BLK</StreetDirCode>
               <StreetName>Harrison</StreetName>
               <StreetTypeCode>WALK</StreetTypeCode>
               <StreetSuffixCode>BLK</StreetSuffixCode>
               <SubTypeCode>APT</SubTypeCode>
               <SubNumber>123</SubNumber>
               <City>Los Angeles</City>
               <StateCode>CA</StateCode>
               <Zip5>12345</Zip5>
               <CountryCode>US</CountryCode>
               <CountyCode>1</CountyCode>
            </PersonAddress>
            <PersonAddress>
               <StreetNumber>700</StreetNumber>
               <StreetDirCode>N</StreetDirCode>
               <StreetName>Johnson Branch</StreetName>
               <StreetTypeCode>RTE</StreetTypeCode>
               <SubTypeCode>APT</SubTypeCode>
               <SubNumber>12B</SubNumber>
               <City>Greenfield</City>
               <StateCode>IN</StateCode>
               <Zip5>46140</Zip5>
               <CountryCode>US</CountryCode>
               <CountyCode>30</CountyCode>
               <Longitude>-85.93763943519708</Longitude>
               <Latitude>39.79212746134808</Latitude>
            </PersonAddress>
            <PersonPhone>
               <PhoneTypeCode>RES</PhoneTypeCode>
               <PhoneArea>333</PhoneArea>
               <PhonePrefix>333</PhonePrefix>
               <PhoneSuffix>3333</PhoneSuffix>
               <DateOfInfo>07/02/2020 00:00:00</DateOfInfo>
            </PersonPhone>
         </Person>
         <IncidentPersonRole>
            <RoleType>S</RoleType>
            <CreatorId>STATE_OFFICER14</CreatorId>
            <CreatorDate>06/22/2020 09:37:54</CreatorDate>
            <UpdatorId>TSTC</UpdatorId>
            <UpdatorDate>08/15/2023 20:32:25</UpdatorDate>
         </IncidentPersonRole>
      </IncidentPerson>
      <IncidentPerson>
         <ApproxAge>42</ApproxAge>
         <ResidentStatusCode>R</ResidentStatusCode>
         <CreatorId>STATE_OFFICER14</CreatorId>
         <CreatorDate>06/22/2020 09:38:48</CreatorDate>
         <UpdatorId>TSTC</UpdatorId>
         <UpdatorDate>05/24/2023 12:41:22</UpdatorDate>
         <Person>
            <PersonId>556</PersonId>
            <RaceCode>W</RaceCode>
            <SexCode>M</SexCode>
            <PersonVerified>Y</PersonVerified>
            <PersonPrimaryName>
               <LastName>Blue</LastName>
               <FirstName>Big</FirstName>
               <DOB>05/04/1977 00:00:00</DOB>
               <DateOfInfo>06/03/2014 16:53:42</DateOfInfo>
               <SLastName>B400</SLastName>
               <SFirstName>B200</SFirstName>
            </PersonPrimaryName>
            <Alias>
               <NameTypeCode>P</NameTypeCode>
               <LastName>Blue</LastName>
               <FirstName>Big</FirstName>
               <DOB>05/04/1977 00:00:00</DOB>
               <SLastName>B400</SLastName>
               <SFirstName>B200</SFirstName>
               <DateOfInfo>06/03/2014 16:53:42</DateOfInfo>
            </Alias>
         </Person>
         <IncidentPersonRole>
            <RoleType>V</RoleType>
            <CreatorId>STATE_OFFICER14</CreatorId>
            <CreatorDate>06/22/2020 09:39:50</CreatorDate>
            <UpdatorId>TSTC</UpdatorId>
            <UpdatorDate>08/15/2023 20:32:24</UpdatorDate>
         </IncidentPersonRole>
      </IncidentPerson>
      <IncidentPerson>
         <ApproxAge>37</ApproxAge>
         <CreatorId>STATE_OFFICER14</CreatorId>
         <CreatorDate>06/22/2020 09:39:27</CreatorDate>
         <UpdatorId>TSTC</UpdatorId>
         <UpdatorDate>05/24/2023 12:41:22</UpdatorDate>
         <Person>
            <PersonId>729</PersonId>
            <RaceCode>W</RaceCode>
            <SexCode>F</SexCode>
            <PersonVerified>Y</PersonVerified>
            <PersonPrimaryName>
               <LastName>Bug</LastName>
               <FirstName>Sally</FirstName>
               <DateOfInfo>08/06/2015 16:05:24</DateOfInfo>
               <SLastName>B200</SLastName>
               <SFirstName>S400</SFirstName>
            </PersonPrimaryName>
            <Alias>
               <NameTypeCode>P</NameTypeCode>
               <LastName>Bug</LastName>
               <FirstName>Sally</FirstName>
               <SLastName>B200</SLastName>
               <SFirstName>S400</SFirstName>
               <DateOfInfo>08/06/2015 16:05:24</DateOfInfo>
            </Alias>
         </Person>
         <IncidentPersonRole>
            <RoleType>DR</RoleType>
            <CreatorId>STATE_OFFICER14</CreatorId>
            <CreatorDate>06/22/2020 09:39:27</CreatorDate>
            <UpdatorId>TSTC</UpdatorId>
            <UpdatorDate>08/15/2023 20:32:24</UpdatorDate>
         </IncidentPersonRole>
      </IncidentPerson>
   </IncidentSupplement>
</Incident>