<?xml version="1.0" encoding="UTF-8"?>
<Incident xmlns:xsi="http://www.w3.org/2001/XMLSchema-instance"
          xsi:noNamespaceSchemaLocation="file:///C:/DATA/EJS/SVN_Root/Ejustice/trunk/XMLTransformations/OnlineRMSInternalToIncident/IAOnlineRMSIncidentImport.xsd">
   <IncidentReportNum>2023D4210432</IncidentReportNum>
   <AgencyCode>D42</AgencyCode>
   <ORINum>SC0280000</ORINum>
   <ReportDate>09/13/2023 13:29:00</ReportDate>
   <ReportTime>09/13/2023 13:29:00</ReportTime>
   <StartDate>09/13/2023 13:29:00</StartDate>
   <StartTime>09/13/2023 13:29:00</StartTime>
   <Summary>not known offender</Summary>
   <CreatorId>STATE_OFFICER11</CreatorId>
   <CreatorDate>09/13/2023 13:29:11</CreatorDate>
   <UpdatorId>C_ADMIN</UpdatorId>
   <UpdatorDate>09/14/2023 17:24:49</UpdatorDate>
   <IncidentType>
      <IncidentTypeCode>CCD</IncidentTypeCode>
   </IncidentType>
   <IncidentAddress>
      <AddressId>159</AddressId>
      <CreatorId>STATE_OFFICER11</CreatorId>
      <CreatorDate>09/13/2023 13:32:37</CreatorDate>
      <UpdatorId>TSTC</UpdatorId>
      <UpdatorDate>09/13/2023 13:32:44</UpdatorDate>
      <Address>
         <AddressId>159</AddressId>
         <StreetName>RR1BOX54A</StreetName>
         <City>NEWBERRY</City>
         <StateCode>IN</StateCode>
         <Zip5>47449</Zip5>
      </Address>
   </IncidentAddress>
   <IncidentSupplement>
      <SupplementSequence>0</SupplementSequence>
      <IncSupplementStatusCode>A</IncSupplementStatusCode>
      <SuppReportDate>09/13/2023 13:29:11</SuppReportDate>
      <SuppReportTime>09/13/2023 13:29:11</SuppReportTime>
      <AgencyOnly>N</AgencyOnly>
      <SecurityLevel>1100</SecurityLevel>
      <SuppAgencyCode>D42</SuppAgencyCode>
      <UnknownNoOffenders>Y</UnknownNoOffenders>
      <DsIcrDate>09/13/2023 13:34:06</DsIcrDate>
      <DsIcrSubmissionStatus>NOT REPORTABLE</DsIcrSubmissionStatus>
      <CreatorId>STATE_OFFICER11</CreatorId>
      <CreatorDate>09/13/2023 13:29:11</CreatorDate>
      <UpdatorId>C_ADMIN</UpdatorId>
      <UpdatorDate>09/14/2023 17:24:49</UpdatorDate>
      <IncidentSuppNarrative>
         <NarrativeNumber>1</NarrativeNumber>
         <NarrativeTitle>Original Narrative</NarrativeTitle>
         <NarrativeText>sdfsdfs</NarrativeText>
         <CreatorId>STATE_OFFICER11</CreatorId>
         <CreatorDate>09/13/2023 13:33:21</CreatorDate>
         <UpdatorId>STATE_OFFICER11</UpdatorId>
         <UpdatorDate>09/13/2023 13:33:21</UpdatorDate>
      </IncidentSuppNarrative>
      <IncidentOfficer>
         <OfficerRoleCode>P</OfficerRoleCode>
         <Officer>
            <AgencyCode>D42</AgencyCode>
            <ORINumber>SC0280000</ORINumber>
            <LastName>Simpson</LastName>
            <FirstName>Homer</FirstName>
            <InternalID>9696</InternalID>
         </Officer>
      </IncidentOfficer>
      <IncidentOfficer>
         <OfficerRoleCode>R</OfficerRoleCode>
         <Officer>
            <AgencyCode>D42</AgencyCode>
            <ORINumber>SC0280000</ORINumber>
            <LastName>Simpson</LastName>
            <FirstName>Homer</FirstName>
            <InternalID>9696</InternalID>
         </Officer>
      </IncidentOfficer>
      <IncidentOffense>
         <IncidentId>3439</IncidentId>
         <OffenseNumber>1</OffenseNumber>
         <OffenseStatusCode>00</OffenseStatusCode>
         <OffenseCode>31-27-3-35</OffenseCode>
         <PlaceCode>25</PlaceCode>
         <BiasCode>88</BiasCode>
         <CSAUCode>C</CSAUCode>
         <SupplementSeq>0</SupplementSeq>
         <UCRNumber>1</UCRNumber>
         <OffenseStatusDate>09/13/2023 13:29:00</OffenseStatusDate>
         <AttemptedCompletedCode>C</AttemptedCompletedCode>
         <ArrestChargeCode>31-27-3-35</ArrestChargeCode>
         <CreatorId>STATE_OFFICER11</CreatorId>
         <CreatorDate>09/13/2023 13:33:10</CreatorDate>
         <UpdatorId>STATE_OFFICER11</UpdatorId>
         <UpdatorDate>09/13/2023 13:33:10</UpdatorDate>
      </IncidentOffense>
   </IncidentSupplement>
</Incident>