<?xml version="1.0" encoding="UTF-8"?>
<Incident xmlns:xsi="http://www.w3.org/2001/XMLSchema-instance"
          xsi:noNamespaceSchemaLocation="file:///C:/DATA/EJS/SVN_Root/Ejustice/trunk/XMLTransformations/OnlineRMSInternalToIncident/IAOnlineRMSIncidentImport.xsd">
   <IncidentReportNum>2022D4210413</IncidentReportNum>
   <AgencyCode>D42</AgencyCode>
   <ORINum>SC0280000</ORINum>
   <ReportDate>09/18/2022 10:20:00</ReportDate>
   <ReportTime>09/18/2022 10:20:00</ReportTime>
   <StartDate>09/18/2022 10:20:00</StartDate>
   <StartTime>09/18/2022 10:20:00</StartTime>
   <Summary>Andy's SOLR External Attachment Testing Incident</Summary>
   <CreatorId>STATE_OFFICER11</CreatorId>
   <CreatorDate>09/19/2022 10:20:02</CreatorDate>
   <UpdatorId>STATE_OFFICER11</UpdatorId>
   <UpdatorDate>09/19/2022 10:26:04</UpdatorDate>
   <IncidentType>
      <IncidentTypeCode>LIT</IncidentTypeCode>
   </IncidentType>
   <IncidentAddress>
      <AddressId>1719</AddressId>
      <City>1</City>
      <CreatorId>STATE_OFFICER11</CreatorId>
      <CreatorDate>09/19/2022 10:20:59</CreatorDate>
      <UpdatorId>TSTC</UpdatorId>
      <UpdatorDate>09/19/2022 10:21:08</UpdatorDate>
      <Address>
         <AddressId>1719</AddressId>
         <StreetNumber>77</StreetNumber>
         <StreetName>Hancock</StreetName>
         <StreetTypeCode>AVE</StreetTypeCode>
         <City>INDIANAPOLIS</City>
         <StateCode>IN</StateCode>
         <Zip5>46222</Zip5>
         <CountryCode>US</CountryCode>
         <Longitude>-86.2093442</Longitude>
         <Latitude>39.7641051</Latitude>
      </Address>
   </IncidentAddress>
   <IncidentSupplement>
      <SupplementSequence>0</SupplementSequence>
      <IncSupplementStatusCode>A</IncSupplementStatusCode>
      <SuppReportDate>09/19/2022 10:20:05</SuppReportDate>
      <SuppReportTime>09/19/2022 10:20:05</SuppReportTime>
      <AgencyOnly>N</AgencyOnly>
      <SecurityLevel>1100</SecurityLevel>
      <SuppAgencyCode>D42</SuppAgencyCode>
      <UnknownNoOffenders>N</UnknownNoOffenders>
      <DsIcrDate>09/19/2022 10:26:18</DsIcrDate>
      <DsIcrSubmissionStatus>NOT REPORTABLE</DsIcrSubmissionStatus>
      <CreatorId>STATE_OFFICER11</CreatorId>
      <CreatorDate>09/19/2022 10:20:05</CreatorDate>
      <UpdatorId>TSTC</UpdatorId>
      <UpdatorDate>09/19/2022 10:26:18</UpdatorDate>
      <IncidentSuppNarrative>
         <NarrativeNumber>1</NarrativeNumber>
         <NarrativeTitle>Original Narrative</NarrativeTitle>
         <NarrativeText>SOLR Testing</NarrativeText>
         <CreatorId>STATE_OFFICER11</CreatorId>
         <CreatorDate>09/19/2022 10:22:37</CreatorDate>
         <UpdatorId>STATE_OFFICER11</UpdatorId>
         <UpdatorDate>09/19/2022 10:22:37</UpdatorDate>
      </IncidentSuppNarrative>
      <IncidentOfficer>
         <OfficerRoleCode>P</OfficerRoleCode>
         <Officer>
            <AgencyCode>D42</AgencyCode>
            <ORINumber>SC0280000</ORINumber>
            <LastName>Simpson</LastName>
            <FirstName>Homer</FirstName>
            <InternalID>9696</InternalID>
         </Officer>
      </IncidentOfficer>
      <IncidentOfficer>
         <OfficerRoleCode>R</OfficerRoleCode>
         <Officer>
            <AgencyCode>D42</AgencyCode>
            <ORINumber>SC0280000</ORINumber>
            <LastName>Simpson</LastName>
            <FirstName>Homer</FirstName>
            <InternalID>9696</InternalID>
         </Officer>
      </IncidentOfficer>
      <IncidentOffense>
         <IncidentId>3418</IncidentId>
         <OffenseNumber>1</OffenseNumber>
         <OffenseStatusCode>00</OffenseStatusCode>
         <OffenseCode>14-29-8-5(1)</OffenseCode>
         <PlaceCode>25</PlaceCode>
         <BiasCode>88</BiasCode>
         <CSAUCode>C</CSAUCode>
         <SupplementSeq>0</SupplementSeq>
         <UCRNumber>1</UCRNumber>
         <OffenseStatusDate>09/18/2022 10:20:00</OffenseStatusDate>
         <AttemptedCompletedCode>C</AttemptedCompletedCode>
         <CreatorId>STATE_OFFICER11</CreatorId>
         <CreatorDate>09/19/2022 10:21:45</CreatorDate>
         <UpdatorId>STATE_OFFICER11</UpdatorId>
         <UpdatorDate>09/19/2022 10:21:45</UpdatorDate>
      </IncidentOffense>
      <IncidentPerson>
         <ApproxAge>23</ApproxAge>
         <CreatorId>STATE_OFFICER11</CreatorId>
         <CreatorDate>09/19/2022 10:22:24</CreatorDate>
         <UpdatorId>TSTC</UpdatorId>
         <UpdatorDate>05/24/2023 12:41:24</UpdatorDate>
         <Person>
            <PersonId>1193</PersonId>
            <RaceCode>W</RaceCode>
            <SexCode>M</SexCode>
            <EthnicityCode>U</EthnicityCode>
            <PersonVerified>Y</PersonVerified>
            <PersonPrimaryName>
               <LastName>Manlow</LastName>
               <FirstName>Tom</FirstName>
               <DOB>06/05/1999 00:00:00</DOB>
               <DateOfInfo>07/14/2022 13:13:29</DateOfInfo>
               <SLastName>M540</SLastName>
               <SFirstName>T500</SFirstName>
            </PersonPrimaryName>
            <Alias>
               <NameTypeCode>P</NameTypeCode>
               <LastName>Manlow</LastName>
               <FirstName>Tom</FirstName>
               <DOB>06/05/1999 00:00:00</DOB>
               <SLastName>M540</SLastName>
               <SFirstName>T500</SFirstName>
               <DateOfInfo>07/14/2022 13:13:29</DateOfInfo>
            </Alias>
         </Person>
         <IncidentPersonRole>
            <RoleType>S</RoleType>
            <CreatorId>STATE_OFFICER11</CreatorId>
            <CreatorDate>09/19/2022 10:22:25</CreatorDate>
            <UpdatorId>TSTC</UpdatorId>
            <UpdatorDate>08/15/2023 20:32:25</UpdatorDate>
         </IncidentPersonRole>
      </IncidentPerson>
   </IncidentSupplement>
</Incident>