<?xml version="1.0" encoding="UTF-8"?>
<Incident xmlns:xsi="http://www.w3.org/2001/XMLSchema-instance"
          xsi:noNamespaceSchemaLocation="file:///C:/DATA/EJS/SVN_Root/Ejustice/trunk/XMLTransformations/OnlineRMSInternalToIncident/IAOnlineRMSIncidentImport.xsd">
   <IncidentReportNum>2023D4210431</IncidentReportNum>
   <AgencyCode>D42</AgencyCode>
   <ORINum>SC0280000</ORINum>
   <ReportDate>08/28/2023 09:58:00</ReportDate>
   <ReportTime>08/28/2023 09:58:00</ReportTime>
   <StartDate>06/19/2023 11:20:00</StartDate>
   <StartTime>06/19/2023 11:20:00</StartTime>
   <Summary>custom forms</Summary>
   <CreatorId>STATE_OFFICER11</CreatorId>
   <CreatorDate>08/28/2023 09:58:20</CreatorDate>
   <UpdatorId>STATE_OFFICER11</UpdatorId>
   <UpdatorDate>08/28/2023 10:13:06</UpdatorDate>
   <IncidentType>
      <IncidentTypeCode>DI</IncidentTypeCode>
   </IncidentType>
   <IncidentAddress>
      <AddressId>1735</AddressId>
      <CreatorId>STATE_OFFICER11</CreatorId>
      <CreatorDate>08/28/2023 09:58:34</CreatorDate>
      <UpdatorId>TSTC</UpdatorId>
      <UpdatorDate>08/28/2023 10:03:44</UpdatorDate>
      <Address>
         <AddressId>1735</AddressId>
         <StreetNumber>54</StreetNumber>
         <StreetDirCode>S</StreetDirCode>
         <StreetName>Hancock</StreetName>
         <StreetTypeCode>ST</StreetTypeCode>
         <City>Denver</City>
         <StateCode>CO</StateCode>
         <Zip5>12345</Zip5>
         <CountryCode>US</CountryCode>
      </Address>
   </IncidentAddress>
   <IncidentSupplement>
      <SupplementSequence>0</SupplementSequence>
      <IncSupplementStatusCode>A</IncSupplementStatusCode>
      <SuppReportDate>08/28/2023 09:58:21</SuppReportDate>
      <SuppReportTime>08/28/2023 09:58:21</SuppReportTime>
      <AgencyOnly>N</AgencyOnly>
      <SecurityLevel>1100</SecurityLevel>
      <SuppAgencyCode>D42</SuppAgencyCode>
      <UnknownNoOffenders>N</UnknownNoOffenders>
      <DsIcrDate>08/28/2023 10:13:12</DsIcrDate>
      <DsIcrSubmissionStatus>READY TO BE PROCESSED-ORIGINAL</DsIcrSubmissionStatus>
      <CreatorId>STATE_OFFICER11</CreatorId>
      <CreatorDate>08/28/2023 09:58:21</CreatorDate>
      <UpdatorId>STATE_OFFICER11</UpdatorId>
      <UpdatorDate>08/28/2023 10:13:12</UpdatorDate>
      <IncidentSuppNarrative>
         <NarrativeNumber>1</NarrativeNumber>
         <NarrativeTitle>Original Narrative</NarrativeTitle>
         <NarrativeText>Name: Sue Glass Sex: Female Race: White DOB: 05/04/1999&amp;nbsp; lkasjd;flajsdf;ljd;lajdf;</NarrativeText>
         <CreatorId>STATE_OFFICER11</CreatorId>
         <CreatorDate>08/28/2023 10:11:00</CreatorDate>
         <UpdatorId>STATE_OFFICER11</UpdatorId>
         <UpdatorDate>08/28/2023 10:11:00</UpdatorDate>
      </IncidentSuppNarrative>
      <IncidentOfficer>
         <OfficerRoleCode>P</OfficerRoleCode>
         <Officer>
            <AgencyCode>D42</AgencyCode>
            <ORINumber>SC0280000</ORINumber>
            <LastName>Simpson</LastName>
            <FirstName>Homer</FirstName>
            <InternalID>9696</InternalID>
         </Officer>
      </IncidentOfficer>
      <IncidentOfficer>
         <OfficerRoleCode>R</OfficerRoleCode>
         <Officer>
            <AgencyCode>D42</AgencyCode>
            <ORINumber>SC0280000</ORINumber>
            <LastName>Simpson</LastName>
            <FirstName>Homer</FirstName>
            <InternalID>9696</InternalID>
         </Officer>
      </IncidentOfficer>
      <IncidentOffense>
         <IncidentId>3438</IncidentId>
         <OffenseNumber>1</OffenseNumber>
         <OffenseStatusCode>00</OffenseStatusCode>
         <OffenseCode>35-43-2-2  C03</OffenseCode>
         <PlaceCode>25</PlaceCode>
         <BiasCode>29</BiasCode>
         <CSAUCode>C</CSAUCode>
         <SupplementSeq>0</SupplementSeq>
         <UCRNumber>1</UCRNumber>
         <OffenseStatusDate>08/28/2023 10:04:00</OffenseStatusDate>
         <AttemptedCompletedCode>C</AttemptedCompletedCode>
         <CreatorId>STATE_OFFICER11</CreatorId>
         <CreatorDate>08/28/2023 09:58:35</CreatorDate>
         <UpdatorId>STATE_OFFICER11</UpdatorId>
         <UpdatorDate>08/28/2023 10:04:21</UpdatorDate>
      </IncidentOffense>
      <IncidentPerson>
         <ApproxAge>24</ApproxAge>
         <ClearMultiArrestCode>N</ClearMultiArrestCode>
         <CreatorId>STATE_OFFICER11</CreatorId>
         <CreatorDate>08/28/2023 09:58:35</CreatorDate>
         <UpdatorId>STATE_OFFICER11</UpdatorId>
         <UpdatorDate>08/28/2023 10:10:37</UpdatorDate>
         <Person>
            <PersonId>1202</PersonId>
            <RaceCode>W</RaceCode>
            <SexCode>F</SexCode>
            <EthnicityCode>U</EthnicityCode>
            <PersonVerified>Y</PersonVerified>
            <PersonPrimaryName>
               <LastName>Glass</LastName>
               <FirstName>Sue</FirstName>
               <DOB>05/04/1999 00:00:00</DOB>
               <DateOfInfo>09/12/2022 17:06:56</DateOfInfo>
               <SLastName>G420</SLastName>
               <SFirstName>S000</SFirstName>
            </PersonPrimaryName>
            <Alias>
               <NameTypeCode>P</NameTypeCode>
               <LastName>Glass</LastName>
               <FirstName>Sue</FirstName>
               <DOB>05/04/1999 00:00:00</DOB>
               <SLastName>G420</SLastName>
               <SFirstName>S000</SFirstName>
               <DateOfInfo>09/12/2022 17:06:56</DateOfInfo>
            </Alias>
         </Person>
         <IncidentPersonRole>
            <RoleType>A</RoleType>
            <CreatorId>STATE_OFFICER11</CreatorId>
            <CreatorDate>08/28/2023 10:10:37</CreatorDate>
            <UpdatorId>STATE_OFFICER11</UpdatorId>
            <UpdatorDate>08/28/2023 10:15:21</UpdatorDate>
         </IncidentPersonRole>
         <IncidentPersonRole>
            <RoleType>S</RoleType>
            <CreatorId>STATE_OFFICER11</CreatorId>
            <CreatorDate>08/28/2023 10:10:37</CreatorDate>
            <UpdatorId>STATE_OFFICER11</UpdatorId>
            <UpdatorDate>08/28/2023 10:10:37</UpdatorDate>
         </IncidentPersonRole>
      </IncidentPerson>
      <IncidentBusiness>
         <BusinessNumber>240000001</BusinessNumber>
         <BusinessName>SOCIETY</BusinessName>
         <IncBusinessRoleCode>V</IncBusinessRoleCode>
         <CreatorId>STATE_OFFICER11</CreatorId>
         <CreatorDate>08/28/2023 10:03:49</CreatorDate>
         <UpdatorId>STATE_OFFICER11</UpdatorId>
         <UpdatorDate>08/28/2023 10:03:49</UpdatorDate>
      </IncidentBusiness>
   </IncidentSupplement>
</Incident>